domain,fund_id,fund_name,classification,track,category,year,annual_return,n_months,assets_end
gemel,1002,הדס ארזים אפסילון השתלמות מסלול כללי,קרנות השתלמות,כללי/מעורב/גמיש/תלוי גיל,קרנות השתלמות | כללי/מעורב/גמיש/תלוי גיל,2010,9.7831,12,96.6
gemel,1010,אי.בי.אי לתגמולים ופיצויים שקלי לטווח קצר,תגמולים ואישית לפיצויים,כספי,תגמולים ואישית לפיצויים | כספי,2010,1.6924,12,5.5
gemel,1011,"תמיר פישמן גמל מניות בישראל ובחו""ל",תגמולים ואישית לפיצויים,מניות אקטיבי,תגמולים ואישית לפיצויים | מניות אקטיבי,2010,12.1558,12,32.1
gemel,1012,"תמיר פישמן גמל אג""ח",תגמולים ואישית לפיצויים,"אג""ח ללא מניות","תגמולים ואישית לפיצויים | אג""ח ללא מניות",2010,6.8416,12,212.6
gemel,1013,תמיר פישמן גמל כללי,תגמולים ואישית לפיצויים,כללי/מעורב/גמיש/תלוי גיל,תגמולים ואישית לפיצויים | כללי/מעורב/גמיש/תלוי גיל,2010,8.805,12,117.6
gemel,1014,אי.בי.אי קרן השתלמות מסלול שקלי לטווח קצר,קרנות השתלמות,כספי,קרנות השתלמות | כספי,2010,1.6721,12,3.4
gemel,1015,"תמיר פישמן השתלמות מניות בישראל ובחו""ל",קרנות השתלמות,מניות אקטיבי,קרנות השתלמות | מניות אקטיבי,2010,11.7084,12,27.7
gemel,1016,"תמיר פישמן השתלמות אג""ח",קרנות השתלמות,"אג""ח ללא מניות","קרנות השתלמות | אג""ח ללא מניות",2010,6.5772,12,168.6
gemel,1017,תמיר פישמן השתלמות כללי,קרנות השתלמות,כללי/מעורב/גמיש/תלוי גיל,קרנות השתלמות | כללי/מעורב/גמיש/תלוי גיל,2010,8.7457,12,134.8
gemel,102,אקסלנס גמל פלטינום,תגמולים ואישית לפיצויים,כללי/מעורב/גמיש/תלוי גיל,תגמולים ואישית לפיצויים | כללי/מעורב/גמיש/תלוי גיל,2010,1.59,1,1552.7
gemel,1035,"ילין לפידות קופת גמל מסלול אג""ח עד 25% מניות",תגמולים ואישית לפיצויים,עד 25% מניות,תגמולים ואישית לפיצויים | עד 25% מניות,2010,3.6831,3,1353.3
gemel,1036,ילין לפידות קופת גמל מסלול מניות,תגמולים ואישית לפיצויים,מניות אקטיבי,תגמולים ואישית לפיצויים | מניות אקטיבי,2010,9.4914,3,219.8
gemel,1037,"ילין לפידות קופת גמל מסלול אשראי ואג""ח",תגמולים ואישית לפיצויים,"אג""ח ללא מניות","תגמולים ואישית לפיצויים | אג""ח ללא מניות",2010,1.0945,3,368.1
gemel,1038,"ילין לפידות קרן השתלמות מסלול אג""ח עם מניות (עד 25% מניות)",קרנות השתלמות,עד 25% מניות,קרנות השתלמות | עד 25% מניות,2010,3.6034,3,1148.6
gemel,1040,"אקסלנס גמל אג""ח קונצרני עד 20% מניות",תגמולים ואישית לפיצויים,עד 25% מניות,תגמולים ואישית לפיצויים | עד 25% מניות,2010,0.25,1,53.1
gemel,1042,אקסלנס גמל שקלי,תגמולים ואישית לפיצויים,"אג""ח ללא מניות","תגמולים ואישית לפיצויים | אג""ח ללא מניות",2010,-0.61,1,34.9
gemel,1044,אקסלנס שחקים מסלול שקלי ב',תגמולים ואישית לפיצויים,"אג""ח ללא מניות","תגמולים ואישית לפיצויים | אג""ח ללא מניות",2010,-0.11,1,0.1
gemel,1049,"אדמונד דה רוטשילד דיסקונט חו""ל",תגמולים ואישית לפיצויים,כללי/מעורב/גמיש/תלוי גיל,תגמולים ואישית לפיצויים | כללי/מעורב/גמיש/תלוי גיל,2010,-0.7727,12,4.3
gemel,105,ישיר המלאכה קופת תגמולים ופיצויים מקבוצת ביטוח ישיר,תגמולים ואישית לפיצויים,כללי/מעורב/גמיש/תלוי גיל,תגמולים ואישית לפיצויים | כללי/מעורב/גמיש/תלוי גיל,2010,9.7601,12,73.3
gemel,1059,פסגות שיא השתלמות פאסיבי- כללי,קרנות השתלמות,כללי/מעורב/גמיש/תלוי גיל,קרנות השתלמות | כללי/מעורב/גמיש/תלוי גיל,2010,9.7907,12,18.5
gemel,106,פסגות גדיש כללי,תגמולים ואישית לפיצויים,כללי/מעורב/גמיש/תלוי גיל,תגמולים ואישית לפיצויים | כללי/מעורב/גמיש/תלוי גיל,2010,10.5329,12,20436.8
gemel,1074,"אינפיניטי תגמולים ופיצויים (ב)מסלול סל אג""ח",תגמולים ואישית לפיצויים,"אג""ח ללא מניות","תגמולים ואישית לפיצויים | אג""ח ללא מניות",2010,5.0796,9,69.4
gemel,1075,אינפיניטי תגמולים ופיצויים (ב) מסלול סל מנייתי,תגמולים ואישית לפיצויים,מניות אקטיבי,תגמולים ואישית לפיצויים | מניות אקטיבי,2010,6.4304,9,28.5
gemel,1076,"אינפיניטי תגמולים ופיצויים (ל) מסלול סל אג""ח",תגמולים ואישית לפיצויים,"אג""ח ללא מניות","תגמולים ואישית לפיצויים | אג""ח ללא מניות",2010,5.2427,9,38.7
gemel,1077,אינפיניטי תגמולים ופיצויים (ל) מסלול כללי,תגמולים ואישית לפיצויים,כללי/מעורב/גמיש/תלוי גיל,תגמולים ואישית לפיצויים | כללי/מעורב/גמיש/תלוי גיל,2010,5.6346,9,44.4
gemel,1078,"אינפיניטי גמל אשראי ואג""ח",תגמולים ואישית לפיצויים,"אג""ח ללא מניות","תגמולים ואישית לפיצויים | אג""ח ללא מניות",2010,4.9964,9,184.2
gemel,1079,אינפיניטי גמל מניות בישראל,תגמולים ואישית לפיצויים,מניות אקטיבי,תגמולים ואישית לפיצויים | מניות אקטיבי,2010,6.4438,9,58.2
gemel,1080,"אינפיניטי השתלמות (ב) מסלול סל אג""ח",קרנות השתלמות,"אג""ח ללא מניות","קרנות השתלמות | אג""ח ללא מניות",2010,5.0794,9,75.5
gemel,1081,אינפיניטי השתלמות (ב) מסלול סל מנייתי,קרנות השתלמות,מניות אקטיבי,קרנות השתלמות | מניות אקטיבי,2010,6.0425,9,32.2
gemel,1082,"אינפיניטי השתלמות (ל) מסלול סל אג""ח",קרנות השתלמות,"אג""ח ללא מניות","קרנות השתלמות | אג""ח ללא מניות",2010,5.1476,9,20.4
gemel,1083,אינפיניטי השתלמות כללי,קרנות השתלמות,כללי/מעורב/גמיש/תלוי גיל,קרנות השתלמות | כללי/מעורב/גמיש/תלוי גיל,2010,5.5929,9,25.9
gemel,1084,"אינפיניטי השתלמות אשראי ואג""ח",קרנות השתלמות,"אג""ח ללא מניות","קרנות השתלמות | אג""ח ללא מניות",2010,4.9754,9,160.0
gemel,1085,אינפיניטי השתלמות מניות בישראל,קרנות השתלמות,מניות אקטיבי,קרנות השתלמות | מניות אקטיבי,2010,6.3114,9,58.8
gemel,1098,"מיטב השתלמות מסלול אג""ח",קרנות השתלמות,"אג""ח ללא מניות","קרנות השתלמות | אג""ח ללא מניות",2010,8.1002,12,14.1
gemel,1100,"הפניקס השתלמות אשראי ואג""ח עם מניות (עד 25% מניות)",קרנות השתלמות,עד 25% מניות,קרנות השתלמות | עד 25% מניות,2010,0.23,1,739.8
gemel,1103,אקסלנס גמל מניות,תגמולים ואישית לפיצויים,מניות אקטיבי,תגמולים ואישית לפיצויים | מניות אקטיבי,2010,5.37,1,71.9
gemel,111,מיטב מירון,תגמולים ואישית לפיצויים,כללי/מעורב/גמיש/תלוי גיל,תגמולים ואישית לפיצויים | כללי/מעורב/גמיש/תלוי גיל,2010,10.3869,12,717.5
gemel,1110,"מנורה מבטחים השתלמות מסלול אג""ח קונצרני",קרנות השתלמות,"אג""ח ללא מניות","קרנות השתלמות | אג""ח ללא מניות",2010,8.6492,12,25.0
gemel,1114,מנורה מבטחים השתלמות כספי (שקלי),קרנות השתלמות,כספי,קרנות השתלמות | כספי,2010,2.1806,12,56.3
gemel,1116,מיטב גמל פלוס,תגמולים ואישית לפיצויים,כללי/מעורב/גמיש/תלוי גיל,תגמולים ואישית לפיצויים | כללי/מעורב/גמיש/תלוי גיל,2010,10.6755,12,125.5
gemel,1117,מיטב השתלמות פלוס,קרנות השתלמות,כללי/מעורב/גמיש/תלוי גיל,קרנות השתלמות | כללי/מעורב/גמיש/תלוי גיל,2010,10.7888,12,31.8
gemel,1119,"מיטב תגמולים מסלול אג""ח",תגמולים ואישית לפיצויים,"אג""ח ללא מניות","תגמולים ואישית לפיצויים | אג""ח ללא מניות",2010,8.4438,12,20.8
gemel,1120,מיטב דינאמית גמל מסלול כללי,תגמולים ואישית לפיצויים,כללי/מעורב/גמיש/תלוי גיל,תגמולים ואישית לפיצויים | כללי/מעורב/גמיש/תלוי גיל,2010,11.0372,12,319.3
gemel,1122,כלל גמל מניות,תגמולים ואישית לפיצויים,מניות אקטיבי,תגמולים ואישית לפיצויים | מניות אקטיבי,2010,16.1917,12,23.3
gemel,1124,כלל גמל מדד,תגמולים ואישית לפיצויים,"אג""ח ללא מניות","תגמולים ואישית לפיצויים | אג""ח ללא מניות",2010,8.6392,12,100.6
gemel,1127,כלל גמל שקלי טווח קצר,תגמולים ואישית לפיצויים,כספי,תגמולים ואישית לפיצויים | כספי,2010,1.5811,12,32.0
gemel,1128,כלל גמל כללי,תגמולים ואישית לפיצויים,כללי/מעורב/גמיש/תלוי גיל,תגמולים ואישית לפיצויים | כללי/מעורב/גמיש/תלוי גיל,2010,10.9597,12,337.0
gemel,113,פסגות קרן אור,תגמולים ואישית לפיצויים,כללי/מעורב/גמיש/תלוי גיל,תגמולים ואישית לפיצויים | כללי/מעורב/גמיש/תלוי גיל,2010,10.3945,12,2171.6
gemel,1139,מיטב דינאמית להשתלמות מסלול כללי,קרנות השתלמות,כללי/מעורב/גמיש/תלוי גיל,קרנות השתלמות | כללי/מעורב/גמיש/תלוי גיל,2010,11.0522,12,399.5
gemel,114,אי.בי.אי שחר תגמולים ופיצויים,תגמולים ואישית לפיצויים,כללי/מעורב/גמיש/תלוי גיל,תגמולים ואישית לפיצויים | כללי/מעורב/גמיש/תלוי גיל,2010,7.4614,12,18.8
gemel,1146,מנורה גמל כללי,תגמולים ואישית לפיצויים,כללי/מעורב/גמיש/תלוי גיל,תגמולים ואישית לפיצויים | כללי/מעורב/גמיש/תלוי גיל,2010,11.0528,12,178.0
gemel,1147,"מנורה מבטחים תגמולים ופיצויים אג""ח עד 10% מניות",תגמולים ואישית לפיצויים,עד 25% מניות,תגמולים ואישית לפיצויים | עד 25% מניות,2010,8.109,12,370.1
gemel,1148,מנורה השתלמות כללי,קרנות השתלמות,כללי/מעורב/גמיש/תלוי גיל,קרנות השתלמות | כללי/מעורב/גמיש/תלוי גיל,2010,10.0713,12,299.5
gemel,1149,"מנורה מבטחים השתלמות אג""ח עד 10% מניות",קרנות השתלמות,עד 25% מניות,קרנות השתלמות | עד 25% מניות,2010,8.3433,12,291.2
gemel,1156,מגדל לתגמולים ולפיצויים מסלול ביג כללי לפחות 30% מניות,תגמולים ואישית לפיצויים,כללי/מעורב/גמיש/תלוי גיל,תגמולים ואישית לפיצויים | כללי/מעורב/גמיש/תלוי גיל,2010,10.9781,12,206.2
gemel,1157,מגדל השתלמות מסלול ביג כללי לפחות 30% מניות,קרנות השתלמות,כללי/מעורב/גמיש/תלוי גיל,קרנות השתלמות | כללי/מעורב/גמיש/תלוי גיל,2010,10.7099,12,701.0
gemel,1162,ילין לפידות קרן השתלמות מסלול כללי,קרנות השתלמות,כללי/מעורב/גמיש/תלוי גיל,קרנות השתלמות | כללי/מעורב/גמיש/תלוי גיל,2010,4.2547,3,283.2
gemel,1163,ילין לפידות קופת גמל מסלול כללי ב',תגמולים ואישית לפיצויים,כללי/מעורב/גמיש/תלוי גיל,תגמולים ואישית לפיצויים | כללי/מעורב/גמיש/תלוי גיל,2010,4.2615,3,254.9
gemel,117,"כלל תמר אשראי ואג""ח",תגמולים ואישית לפיצויים,"אג""ח ללא מניות","תגמולים ואישית לפיצויים | אג""ח ללא מניות",2010,7.9711,12,816.4
gemel,1172,"תמיר פישמן גמל אג""ח מדינה",תגמולים ואישית לפיצויים,"אג""ח ללא מניות","תגמולים ואישית לפיצויים | אג""ח ללא מניות",2010,4.6516,12,12.9
gemel,1175,"תמיר פישמן השתלמות אג""ח מדינה",קרנות השתלמות,"אג""ח ללא מניות","קרנות השתלמות | אג""ח ללא מניות",2010,4.7238,12,6.5
gemel,1183,פסגות שיא השתלמות ישראל,קרנות השתלמות,כללי/מעורב/גמיש/תלוי גיל,קרנות השתלמות | כללי/מעורב/גמיש/תלוי גיל,2010,10.4588,12,885.2
gemel,1184,"פסגות השתלמות אג""ח",קרנות השתלמות,"אג""ח ללא מניות","קרנות השתלמות | אג""ח ללא מניות",2010,6.3812,12,450.4
gemel,1185,פסגות השתלמות מניות,קרנות השתלמות,מניות אקטיבי,קרנות השתלמות | מניות אקטיבי,2010,15.3345,12,84.3
gemel,1186,מילניום קרן השתלמות מסלולית - מסלול כללי,קרנות השתלמות,כללי/מעורב/גמיש/תלוי גיל,קרנות השתלמות | כללי/מעורב/גמיש/תלוי גיל,2010,9.3311,12,82.5
gemel,1187,מילניום קופה לתגמולים ופיצויים מסלולית - מסלול כללי,תגמולים ואישית לפיצויים,כללי/מעורב/גמיש/תלוי גיל,תגמולים ואישית לפיצויים | כללי/מעורב/גמיש/תלוי גיל,2010,8.8915,12,100.4
gemel,1189,אקסלנס גמל עד 50% מניות,תגמולים ואישית לפיצויים,כללי/מעורב/גמיש/תלוי גיל,תגמולים ואישית לפיצויים | כללי/מעורב/גמיש/תלוי גיל,2010,2.49,1,205.3
gemel,119,מנורה מבטחים יותר מסלול ד',תגמולים ואישית לפיצויים,כללי/מעורב/גמיש/תלוי גיל,תגמולים ואישית לפיצויים | כללי/מעורב/גמיש/תלוי גיל,2010,9.4884,12,755.9
gemel,1190,"הפניקס השתלמות אג""ח עד 25% מניות",קרנות השתלמות,עד 25% מניות,קרנות השתלמות | עד 25% מניות,2010,2.37,1,431.1
gemel,1195,מיטב וויזר גמל כללית,תגמולים ואישית לפיצויים,כללי/מעורב/גמיש/תלוי גיל,תגמולים ואישית לפיצויים | כללי/מעורב/גמיש/תלוי גיל,2010,8.5161,12,80.1
gemel,1196,מיטב וויזר השתלמות כללית,קרנות השתלמות,כללי/מעורב/גמיש/תלוי גיל,קרנות השתלמות | כללי/מעורב/גמיש/תלוי גיל,2010,8.6011,12,94.5
gemel,1198,"הלמן-אלדובי גמל מסלול אג""ח ללא מניות",תגמולים ואישית לפיצויים,"אג""ח ללא מניות","תגמולים ואישית לפיצויים | אג""ח ללא מניות",2010,7.4676,12,140.5
gemel,1199,"אי.בי.אי לתגמולים ופיצויים מסלול אג""ח ועוד",תגמולים ואישית לפיצויים,"אג""ח ללא מניות","תגמולים ואישית לפיצויים | אג""ח ללא מניות",2010,7.1292,12,331.4
gemel,1200,אי.בי.אי לתגמולים ופיצויים מסלול כללי,תגמולים ואישית לפיצויים,כללי/מעורב/גמיש/תלוי גיל,תגמולים ואישית לפיצויים | כללי/מעורב/גמיש/תלוי גיל,2010,10.0905,12,229.5
gemel,1201,אי.בי.אי לתגמולים ופיצויים מסלול מניות,תגמולים ואישית לפיצויים,מניות אקטיבי,תגמולים ואישית לפיצויים | מניות אקטיבי,2010,11.7011,12,40.1
gemel,1202,"הלמן-אלדובי קרן השתלמות מסלול אג""ח ללא מניות",קרנות השתלמות,"אג""ח ללא מניות","קרנות השתלמות | אג""ח ללא מניות",2010,7.0773,12,105.2
gemel,1203,"הלמן-אלדובי קרן השתלמות מסלול אג""ח עד 10% מניות",קרנות השתלמות,עד 25% מניות,קרנות השתלמות | עד 25% מניות,2010,6.7496,12,206.4
gemel,1204,אי.בי.אי קרן השתלמות מסלול כללי,קרנות השתלמות,כללי/מעורב/גמיש/תלוי גיל,קרנות השתלמות | כללי/מעורב/גמיש/תלוי גיל,2010,9.6174,12,182.8
gemel,1205,אי.בי.אי קרן השתלמות מסלול מניות,קרנות השתלמות,מניות אקטיבי,קרנות השתלמות | מניות אקטיבי,2010,11.8265,12,39.4
gemel,1207,מיטב וויזר גמל מניות,תגמולים ואישית לפיצויים,מניות אקטיבי,תגמולים ואישית לפיצויים | מניות אקטיבי,2010,10.886,12,3.9
gemel,1208,מיטב וויזר השתלמות מניות,קרנות השתלמות,מניות אקטיבי,קרנות השתלמות | מניות אקטיבי,2010,10.9544,12,3.8
gemel,1209,"אינפיניטי גמל אג""ח ממשלות",תגמולים ואישית לפיצויים,"אג""ח ללא מניות","תגמולים ואישית לפיצויים | אג""ח ללא מניות",2010,3.4672,9,8.6
gemel,121,ישיר תוחלת קופה לתגמולים ופיצויים מקבוצת ביטוח ישיר,תגמולים ואישית לפיצויים,כללי/מעורב/גמיש/תלוי גיל,תגמולים ואישית לפיצויים | כללי/מעורב/גמיש/תלוי גיל,2010,11.7163,12,21.0
gemel,1210,"אינפיניטי השתלמות אג""ח ממשלות",קרנות השתלמות,"אג""ח ללא מניות","קרנות השתלמות | אג""ח ללא מניות",2010,3.4259,9,6.2
gemel,1215,פסגות שיא גמל מניות,תגמולים ואישית לפיצויים,מניות אקטיבי,תגמולים ואישית לפיצויים | מניות אקטיבי,2010,16.874,12,158.9
gemel,1216,פסגות שיא גמל כללי,תגמולים ואישית לפיצויים,כללי/מעורב/גמיש/תלוי גיל,תגמולים ואישית לפיצויים | כללי/מעורב/גמיש/תלוי גיל,2010,10.8492,12,1544.5
gemel,1217,פסגות שיא השתלמות מנייתי,קרנות השתלמות,מניות אקטיבי,קרנות השתלמות | מניות אקטיבי,2010,15.6112,12,56.6
gemel,1218,פסגות שיא השתלמות כללי,קרנות השתלמות,כללי/מעורב/גמיש/תלוי גיל,קרנות השתלמות | כללי/מעורב/גמיש/תלוי גיל,2010,10.6548,12,1294.9
gemel,1219,אלטשולר שחם קמה,תגמולים ואישית לפיצויים,כללי/מעורב/גמיש/תלוי גיל,תגמולים ואישית לפיצויים | כללי/מעורב/גמיש/תלוי גיל,2010,8.2685,12,144.4
gemel,1220,מילניום קרן השתלמות מסלולית - מסלול מניות,קרנות השתלמות,מניות אקטיבי,קרנות השתלמות | מניות אקטיבי,2010,14.1201,12,17.0
gemel,1221,מילניום קופה לתגמולים ופיצויים מסלולית - מסלול מניות,תגמולים ואישית לפיצויים,מניות אקטיבי,תגמולים ואישית לפיצויים | מניות אקטיבי,2010,14.5306,12,16.6
gemel,1229,"הדס ארזים אפסילון תגמולים מסלול אג""ח",תגמולים ואישית לפיצויים,"אג""ח ללא מניות","תגמולים ואישית לפיצויים | אג""ח ללא מניות",2010,6.0849,12,35.6
gemel,123,אקסלנס גמולה,תגמולים ואישית לפיצויים,כללי/מעורב/גמיש/תלוי גיל,תגמולים ואישית לפיצויים | כללי/מעורב/גמיש/תלוי גיל,2010,0.87,1,201.6
gemel,1230,הדס ארזים אפסילון תגמולים מסלול מנייתי,תגמולים ואישית לפיצויים,מניות אקטיבי,תגמולים ואישית לפיצויים | מניות אקטיבי,2010,11.2139,12,10.5
gemel,1231,"הדס ארזים אפסילון השתלמות מסלול אג""ח",קרנות השתלמות,"אג""ח ללא מניות","קרנות השתלמות | אג""ח ללא מניות",2010,6.0843,12,14.5
gemel,1232,הדס ארזים אפסילון השתלמות מסלול מנייתי,קרנות השתלמות,מניות אקטיבי,קרנות השתלמות | מניות אקטיבי,2010,10.5297,12,3.8
gemel,1235,"מיטב דש גמל אג""ח (ללא מניות)",תגמולים ואישית לפיצויים,"אג""ח ללא מניות","תגמולים ואישית לפיצויים | אג""ח ללא מניות",2010,7.3447,12,241.2
gemel,1236,"מיטב גמל אג""ח 85",תגמולים ואישית לפיצויים,עד 25% מניות,תגמולים ואישית לפיצויים | עד 25% מניות,2010,8.3616,12,223.3
gemel,1239,מיטב גמל מניות,תגמולים ואישית לפיצויים,מניות אקטיבי,תגמולים ואישית לפיצויים | מניות אקטיבי,2010,16.1913,12,51.5
gemel,124,כלל תמר מדד,תגמולים ואישית לפיצויים,"אג""ח ללא מניות","תגמולים ואישית לפיצויים | אג""ח ללא מניות",2010,9.2621,12,1333.9
gemel,1240,"מיטב השתלמות אשראי ואג""ח",קרנות השתלמות,"אג""ח ללא מניות","קרנות השתלמות | אג""ח ללא מניות",2010,7.0379,12,175.5
gemel,1241,"מיטב השתלמות אג""ח 85",קרנות השתלמות,עד 25% מניות,קרנות השתלמות | עד 25% מניות,2010,8.3611,12,153.8
gemel,1244,מיטב השתלמות מניות,קרנות השתלמות,מניות אקטיבי,קרנות השתלמות | מניות אקטיבי,2010,15.8772,12,45.5
gemel,1245,מיטב דש גמל חכם עד 40,תגמולים ואישית לפיצויים,מניות אקטיבי,תגמולים ואישית לפיצויים | מניות אקטיבי,2010,15.0937,12,17.6
gemel,1246,מיטב גמל חכם מסלול בין 40 ל-50,תגמולים ואישית לפיצויים,כללי/מעורב/גמיש/תלוי גיל,תגמולים ואישית לפיצויים | כללי/מעורב/גמיש/תלוי גיל,2010,10.694,12,94.0
gemel,1247,מיטב גמל חכם מסלול בין 50 ל-60,תגמולים ואישית לפיצויים,כללי/מעורב/גמיש/תלוי גיל,תגמולים ואישית לפיצויים | כללי/מעורב/גמיש/תלוי גיל,2010,9.8102,12,62.8
gemel,1248,מיטב גמל חכם מסלול 60 פלוס,תגמולים ואישית לפיצויים,כללי/מעורב/גמיש/תלוי גיל,תגמולים ואישית לפיצויים | כללי/מעורב/גמיש/תלוי גיל,2010,8.1065,12,120.8
gemel,1249,"מיטב גמל חכם מסלול אג""ח ב",תגמולים ואישית לפיצויים,"אג""ח ללא מניות","תגמולים ואישית לפיצויים | אג""ח ללא מניות",2010,3.8195,12,79.9
gemel,125,אשכולות קופת תגמולים כללי,תגמולים ואישית לפיצויים,כללי/מעורב/גמיש/תלוי גיל,תגמולים ואישית לפיצויים | כללי/מעורב/גמיש/תלוי גיל,2010,11.1438,12,752.5
gemel,1250,מיטב השתלמות חכם מסלול מנייתי,קרנות השתלמות,מניות אקטיבי,קרנות השתלמות | מניות אקטיבי,2010,15.5519,12,15.7
gemel,1251,מיטב השתלמות חכם מסלול כללי,קרנות השתלמות,כללי/מעורב/גמיש/תלוי גיל,קרנות השתלמות | כללי/מעורב/גמיש/תלוי גיל,2010,10.6622,12,55.8
gemel,1252,"מיטב השתלמות חכם מסלול אג""ח ש",קרנות השתלמות,"אג""ח ללא מניות","קרנות השתלמות | אג""ח ללא מניות",2010,9.3713,12,27.8
gemel,1253,"מיטב השתלמות חכם מסלול אג""ח ח",קרנות השתלמות,"אג""ח ללא מניות","קרנות השתלמות | אג""ח ללא מניות",2010,7.8055,12,62.2
gemel,1254,"מיטב השתלמות חכם מסלול אג""ח ב",קרנות השתלמות,"אג""ח ללא מניות","קרנות השתלמות | אג""ח ללא מניות",2010,3.8081,12,80.0
gemel,1255,מנורה גמל מנייתי,תגמולים ואישית לפיצויים,מניות אקטיבי,תגמולים ואישית לפיצויים | מניות אקטיבי,2010,8.2935,12,8.6
gemel,1256,מנורה מבטחים השתלמות מסלול מניות,קרנות השתלמות,מניות אקטיבי,קרנות השתלמות | מניות אקטיבי,2010,7.5033,12,12.3
gemel,1260,פסגות שיא השתלמות בטא,קרנות השתלמות,כללי/מעורב/גמיש/תלוי גיל,קרנות השתלמות | כללי/מעורב/גמיש/תלוי גיל,2010,11.9549,12,88.0
gemel,1263,אלומות תגמולים ופיצויים מסלול כללי,תגמולים ואישית לפיצויים,כללי/מעורב/גמיש/תלוי גיל,תגמולים ואישית לפיצויים | כללי/מעורב/גמיש/תלוי גיל,2010,3.3423,3,12.4
gemel,1264,"אלומות תגמולים ופיצויים מסלול אג""ח א",תגמולים ואישית לפיצויים,"אג""ח ללא מניות","תגמולים ואישית לפיצויים | אג""ח ללא מניות",2010,1.7561,3,18.0
gemel,1265,"אלומות תגמולים ופיצויים מסלול אג""ח ב",תגמולים ואישית לפיצויים,"אג""ח ללא מניות","תגמולים ואישית לפיצויים | אג""ח ללא מניות",2010,1.7687,3,9.1
gemel,1266,אלומות תגמולים ופיצויים מסלול מנייתי,תגמולים ואישית לפיצויים,מניות אקטיבי,תגמולים ואישית לפיצויים | מניות אקטיבי,2010,10.4167,3,0.6
gemel,1267,אלומות קרן השתלמות מסלול כללי,קרנות השתלמות,כללי/מעורב/גמיש/תלוי גיל,קרנות השתלמות | כללי/מעורב/גמיש/תלוי גיל,2010,3.5868,3,21.2
gemel,1269,קואטרו מנורה תגמולים א',תגמולים ואישית לפיצויים,כללי/מעורב/גמיש/תלוי גיל,תגמולים ואישית לפיצויים | כללי/מעורב/גמיש/תלוי גיל,2010,5.4075,7,0.0
gemel,127,כלל תמר מניות,תגמולים ואישית לפיצויים,מניות אקטיבי,תגמולים ואישית לפיצויים | מניות אקטיבי,2010,17.0062,12,156.7
gemel,1270,קואטרו מנורה השתלמות א',קרנות השתלמות,כללי/מעורב/גמיש/תלוי גיל,קרנות השתלמות | כללי/מעורב/גמיש/תלוי גיל,2010,5.7102,7,4.4
gemel,1272,איפקס סלע תגמולים,תגמולים ואישית לפיצויים,עד 25% מניות,תגמולים ואישית לפיצויים | עד 25% מניות,2010,7.2521,12,463.2
gemel,1273,איפקס עוז תגמולים,תגמולים ואישית לפיצויים,כללי/מעורב/גמיש/תלוי גיל,תגמולים ואישית לפיצויים | כללי/מעורב/גמיש/תלוי גיל,2010,10.5713,12,94.1
gemel,1274,איפקס סלע השתלמות,קרנות השתלמות,עד 25% מניות,קרנות השתלמות | עד 25% מניות,2010,6.8487,12,451.2
gemel,1275,איפקס עוז השתלמות,קרנות השתלמות,כללי/מעורב/גמיש/תלוי גיל,קרנות השתלמות | כללי/מעורב/גמיש/תלוי גיל,2010,10.5413,12,150.7
gemel,1277,ספרינט גמל לתגמולים ופיצויים,תגמולים ואישית לפיצויים,כללי/מעורב/גמיש/תלוי גיל,תגמולים ואישית לפיצויים | כללי/מעורב/גמיש/תלוי גיל,2010,3.0569,4,0.0
gemel,1278,ספרינט קרן השתלמות,קרנות השתלמות,כללי/מעורב/גמיש/תלוי גיל,קרנות השתלמות | כללי/מעורב/גמיש/תלוי גיל,2010,3.1175,4,0.0
gemel,128,כלל תמר כספי(שקלי),תגמולים ואישית לפיצויים,כספי,תגמולים ואישית לפיצויים | כספי,2010,1.7639,12,437.3
gemel,1297,קואטרו מנורה תגמולים ב',תגמולים ואישית לפיצויים,כללי/מעורב/גמיש/תלוי גיל,תגמולים ואישית לפיצויים | כללי/מעורב/גמיש/תלוי גיל,2010,4.7856,7,5.8
gemel,1300,קואטרו מנורה השתלמות ב',קרנות השתלמות,כללי/מעורב/גמיש/תלוי גיל,קרנות השתלמות | כללי/מעורב/גמיש/תלוי גיל,2010,4.8904,7,14.7
gemel,1311,"מילניום קרן השתלמות מסלולית - מסלול אג""ח ללא מניות",קרנות השתלמות,"אג""ח ללא מניות","קרנות השתלמות | אג""ח ללא מניות",2010,4.4981,12,54.9
gemel,1312,"מילניום קופה לתגמולים ופיצויים - מסלול אג""ח ללא מניות",תגמולים ואישית לפיצויים,"אג""ח ללא מניות","תגמולים ואישית לפיצויים | אג""ח ללא מניות",2010,4.6434,12,74.2
gemel,1319,"ילין לפידות קרן השתלמות מסלול אשראי ואג""ח",קרנות השתלמות,"אג""ח ללא מניות","קרנות השתלמות | אג""ח ללא מניות",2010,1.0964,3,94.5
gemel,132,הלמן-אלדובי השתלמות כללי,קרנות השתלמות,כללי/מעורב/גמיש/תלוי גיל,קרנות השתלמות | כללי/מעורב/גמיש/תלוי גיל,2010,9.9875,12,591.3
gemel,1320,"מיטב וויזר גמל אג""ח",תגמולים ואישית לפיצויים,"אג""ח ללא מניות","תגמולים ואישית לפיצויים | אג""ח ללא מניות",2010,7.8426,12,59.6
gemel,1321,"מיטב וויזר השתלמות אג""ח",קרנות השתלמות,"אג""ח ללא מניות","קרנות השתלמות | אג""ח ללא מניות",2010,7.5874,12,46.6
gemel,1323,הדס ארזים לפרישה 2020,תגמולים ואישית לפיצויים,כללי/מעורב/גמיש/תלוי גיל,תגמולים ואישית לפיצויים | כללי/מעורב/גמיש/תלוי גיל,2010,7.4675,12,6.3
gemel,1324,הדס ארזים לפרישה 2025,תגמולים ואישית לפיצויים,כללי/מעורב/גמיש/תלוי גיל,תגמולים ואישית לפיצויים | כללי/מעורב/גמיש/תלוי גיל,2010,7.8464,12,4.2
gemel,1325,הדס ארזים לפרישה 2030,תגמולים ואישית לפיצויים,כללי/מעורב/גמיש/תלוי גיל,תגמולים ואישית לפיצויים | כללי/מעורב/גמיש/תלוי גיל,2010,7.9183,12,3.6
gemel,1326,הדס ארזים לפרישה 2035,תגמולים ואישית לפיצויים,כללי/מעורב/גמיש/תלוי גיל,תגמולים ואישית לפיצויים | כללי/מעורב/גמיש/תלוי גיל,2010,9.7138,12,1.1
gemel,1327,הדס ארזים לפרישה 2040,תגמולים ואישית לפיצויים,כללי/מעורב/גמיש/תלוי גיל,תגמולים ואישית לפיצויים | כללי/מעורב/גמיש/תלוי גיל,2010,7.1717,9,0.1
gemel,1330,פסגות גדיש מניות,תגמולים ואישית לפיצויים,מניות אקטיבי,תגמולים ואישית לפיצויים | מניות אקטיבי,2010,14.5854,12,46.0
gemel,1331,פסגות גדיש אגח עד 10% מניות,תגמולים ואישית לפיצויים,עד 25% מניות,תגמולים ואישית לפיצויים | עד 25% מניות,2010,8.3973,12,837.5
gemel,1332,"פסגות גדיש אג""ח",תגמולים ואישית לפיצויים,"אג""ח ללא מניות","תגמולים ואישית לפיצויים | אג""ח ללא מניות",2010,6.1687,12,358.1
gemel,1333,פסגות גדיש כספי,תגמולים ואישית לפיצויים,כספי,תגמולים ואישית לפיצויים | כספי,2010,1.5407,12,283.9
gemel,1339,אלומות קרן השתלמות מסלול מנייתי,קרנות השתלמות,מניות אקטיבי,קרנות השתלמות | מניות אקטיבי,2010,9.1086,3,0.1
gemel,1340,"אלומות קרן השתלמות מסלול אג""ח ללא מניות",קרנות השתלמות,"אג""ח ללא מניות","קרנות השתלמות | אג""ח ללא מניות",2010,1.7057,3,11.7
gemel,1343,מנורה מבטחים תגמולים ופיצויים מסלול כספי (שקלי),תגמולים ואישית לפיצויים,כספי,תגמולים ואישית לפיצויים | כספי,2010,1.6274,12,118.6
gemel,1344,"מנורה מבטחים תגמולים ופיצויים אג""ח ממשלת ישראל",תגמולים ואישית לפיצויים,"אג""ח ללא מניות","תגמולים ואישית לפיצויים | אג""ח ללא מניות",2010,5.3151,12,39.4
gemel,1345,מנורה גמל לפרישה 2020,תגמולים ואישית לפיצויים,כללי/מעורב/גמיש/תלוי גיל,תגמולים ואישית לפיצויים | כללי/מעורב/גמיש/תלוי גיל,2010,7.7581,12,20.0
gemel,1346,מנורה גמל לפרישה 2030,תגמולים ואישית לפיצויים,כללי/מעורב/גמיש/תלוי גיל,תגמולים ואישית לפיצויים | כללי/מעורב/גמיש/תלוי גיל,2010,8.4156,12,11.8
gemel,1348,"כלל השתלמות אשראי ואג""ח",קרנות השתלמות,"אג""ח ללא מניות","קרנות השתלמות | אג""ח ללא מניות",2010,7.6734,12,153.6
gemel,1350,כלל השתלמות מניות,קרנות השתלמות,מניות אקטיבי,קרנות השתלמות | מניות אקטיבי,2010,15.0953,12,41.8
gemel,1351,כלל השתלמות כספי(שקלי),קרנות השתלמות,כספי,קרנות השתלמות | כספי,2010,1.6319,12,151.5
gemel,1354,"הפניקס השתלמות - מסלול אג""ח",קרנות השתלמות,"אג""ח ללא מניות","קרנות השתלמות | אג""ח ללא מניות",2010,-0.3,1,36.3
gemel,1355,"הפניקס תגמולים ופיצויים - מסלול אג""ח",תגמולים ואישית לפיצויים,"אג""ח ללא מניות","תגמולים ואישית לפיצויים | אג""ח ללא מניות",2010,-0.3,1,27.9
gemel,1356,הדס ארזים אפסילון השתלמות מסלול שקלי טווח קצר,קרנות השתלמות,כספי,קרנות השתלמות | כספי,2010,2.1496,12,1.6
gemel,1358,הדס ארזים אפסילון תגמולים מסלול שקלי טווח קצר,תגמולים ואישית לפיצויים,כספי,תגמולים ואישית לפיצויים | כספי,2010,2.1497,12,3.1
gemel,1360,"ילין לפידות קופת גמל מסלול אג""ח ממשלות",תגמולים ואישית לפיצויים,"אג""ח ללא מניות","תגמולים ואישית לפיצויים | אג""ח ללא מניות",2010,0.4263,3,50.4
gemel,1361,"ילין לפידות קרן השתלמות מסלול אג""ח ממשלות",קרנות השתלמות,"אג""ח ללא מניות","קרנות השתלמות | אג""ח ללא מניות",2010,0.3331,3,25.2
gemel,1363,"קואטרו מנורה תגמולים אג""ח ללא מניות",תגמולים ואישית לפיצויים,"אג""ח ללא מניות","תגמולים ואישית לפיצויים | אג""ח ללא מניות",2010,4.4799,7,0.0
gemel,1364,מנורה מבטחים תגמולים ופיצויים מסלול מניות,תגמולים ואישית לפיצויים,מניות אקטיבי,תגמולים ואישית לפיצויים | מניות אקטיבי,2010,11.1667,12,1.0
gemel,1365,"קואטרו מנורה השתלמות אג""ח ללא מניות",קרנות השתלמות,"אג""ח ללא מניות","קרנות השתלמות | אג""ח ללא מניות",2010,6.9028,7,3.0
gemel,1366,מנורה מבטחים השתלמות מסלול מניות,קרנות השתלמות,מניות אקטיבי,קרנות השתלמות | מניות אקטיבי,2010,11.6587,12,1.8
gemel,1370,מיטב השתלמות כספי (שקלי),קרנות השתלמות,כספי,קרנות השתלמות | כספי,2010,1.3887,12,8.3
gemel,1371,מיטב דינאמית גמל כספית ללא מניות,תגמולים ואישית לפיצויים,כספי,תגמולים ואישית לפיצויים | כספי,2010,1.4393,12,7.3
gemel,1380,להבה מסלול שקלי,קרנות השתלמות,"אג""ח ללא מניות","קרנות השתלמות | אג""ח ללא מניות",2010,2.5773,12,8.3
gemel,1406,"מנורה מבטחים השתלמות מסלול אג""ח קונצרניות",קרנות השתלמות,"אג""ח ללא מניות","קרנות השתלמות | אג""ח ללא מניות",2010,10.9844,12,15.3
gemel,1407,"מנורה מבטחים השתלמות מסלול אג""ח ממשלתי צמוד",קרנות השתלמות,"אג""ח ללא מניות","קרנות השתלמות | אג""ח ללא מניות",2010,6.4735,12,22.2
gemel,1408,"מנורה מבטחים השתלמות מסלול אג""ח ממשלת ישראל",קרנות השתלמות,"אג""ח ללא מניות","קרנות השתלמות | אג""ח ללא מניות",2010,5.4937,12,25.9
gemel,1409,מנורה מבטחים השתלמות מסלול מניות סחיר,קרנות השתלמות,מניות אקטיבי,קרנות השתלמות | מניות אקטיבי,2010,5.5807,12,0.9
gemel,1412,"אנליסט גמל אג""ח ממשלות",תגמולים ואישית לפיצויים,"אג""ח ללא מניות","תגמולים ואישית לפיצויים | אג""ח ללא מניות",2010,2.1494,12,16.5
gemel,1415,הדס ארזים לפרישה כספית,תגמולים ואישית לפיצויים,כספי,תגמולים ואישית לפיצויים | כספי,2010,1.8343,12,6.8
gemel,1422,פסגות גמל כספית,תגמולים ואישית לפיצויים,כספי,תגמולים ואישית לפיצויים | כספי,2010,1.5103,12,19.9
gemel,1423,"פסגות גמל אג""ח מדינה",תגמולים ואישית לפיצויים,"אג""ח ללא מניות","תגמולים ואישית לפיצויים | אג""ח ללא מניות",2010,5.7082,12,52.7
gemel,1424,פסגות שיא השתלמות אגח עד 10% מניות,קרנות השתלמות,עד 25% מניות,קרנות השתלמות | עד 25% מניות,2010,6.0876,12,29.4
gemel,1425,פסגות השתלמות כספית,קרנות השתלמות,כספי,קרנות השתלמות | כספי,2010,1.5103,12,13.8
gemel,1426,"פסגות השתלמות אג""ח מדינה",קרנות השתלמות,"אג""ח ללא מניות","קרנות השתלמות | אג""ח ללא מניות",2010,5.5532,12,26.1
gemel,1427,"פסגות שיא השתלמות מסלולית אג""ח ללא מניות",קרנות השתלמות,"אג""ח ללא מניות","קרנות השתלמות | אג""ח ללא מניות",2010,6.5312,12,129.5
gemel,1428,פסגות שיא השתלמות מסלולית כספית,קרנות השתלמות,כספי,קרנות השתלמות | כספי,2010,1.5813,12,14.4
gemel,1429,"פסגות שיא השתלמות אג""ח ממשלת ישראל",קרנות השתלמות,"אג""ח ללא מניות","קרנות השתלמות | אג""ח ללא מניות",2010,6.2105,12,49.7
gemel,1431,"פסגות גדיש אג""ח ממשלת ישראל",תגמולים ואישית לפיצויים,"אג""ח ללא מניות","תגמולים ואישית לפיצויים | אג""ח ללא מניות",2010,6.597,12,147.7
gemel,1432,הדס ארזים משתלמת מסלול כספית,קרנות השתלמות,כספי,קרנות השתלמות | כספי,2010,1.247,12,2.9
gemel,1435,הדס ארזים משתלמת מסלול זהב,קרנות השתלמות,כללי/מעורב/גמיש/תלוי גיל,קרנות השתלמות | כללי/מעורב/גמיש/תלוי גיל,2010,6.5144,12,2.5
gemel,1442,"הלמן-אלדובי גמל מסלול פאסיבי - מדדי אג""ח ממשלת ישראל",תגמולים ואישית לפיצויים,"אג""ח ללא מניות","תגמולים ואישית לפיצויים | אג""ח ללא מניות",2010,3.8544,12,6.8
gemel,1443,"הלמן-אלדובי קרן השתלמות מסלול פאסיבי - מדדי אג""ח ממשלת ישראל",קרנות השתלמות,"אג""ח ללא מניות","קרנות השתלמות | אג""ח ללא מניות",2010,3.8443,12,3.5
gemel,1448,"מיטב וויזר גמל אג""ח ממשלתי",תגמולים ואישית לפיצויים,"אג""ח ללא מניות","תגמולים ואישית לפיצויים | אג""ח ללא מניות",2010,4.8351,12,3.4
gemel,1468,"מיטב וויזר השתלמות אג""ח ממשלתי",קרנות השתלמות,"אג""ח ללא מניות","קרנות השתלמות | אג""ח ללא מניות",2010,4.2652,12,1.9
gemel,1490,"אינפיניטי גמל אג""ח קונצרני",תגמולים ואישית לפיצויים,"אג""ח ללא מניות","תגמולים ואישית לפיצויים | אג""ח ללא מניות",2010,1.5451,5,1.7
gemel,1491,"אינפיניטי השתלמות אג""ח קונצרני",קרנות השתלמות,"אג""ח ללא מניות","קרנות השתלמות | אג""ח ללא מניות",2010,1.7143,5,2.2
gemel,1516,אי.בי.אי לתגמולים ופיצויים מניות בארץ,תגמולים ואישית לפיצויים,מניות אקטיבי,תגמולים ואישית לפיצויים | מניות אקטיבי,2010,8.01,1,0.9
gemel,1517,"תמיר פישמן גמל מניות חו""ל",תגמולים ואישית לפיצויים,מניות אקטיבי,תגמולים ואישית לפיצויים | מניות אקטיבי,2010,1.31,1,0.4
gemel,1518,אי.בי.אי קרן השתלמות מסלול מניות בארץ,קרנות השתלמות,מניות אקטיבי,קרנות השתלמות | מניות אקטיבי,2010,8.35,1,0.6
gemel,1519,"תמיר פישמן השתלמות מניות חו""ל",קרנות השתלמות,מניות אקטיבי,קרנות השתלמות | מניות אקטיבי,2010,1.67,1,0.5
gemel,182,מיטב גאון השתלמות מסלולית-מסלול כללי,קרנות השתלמות,כללי/מעורב/גמיש/תלוי גיל,קרנות השתלמות | כללי/מעורב/גמיש/תלוי גיל,2010,2.7167,6,275.2
gemel,199,"מגדל השתלמות מסלול אשראי ואג""ח",קרנות השתלמות,"אג""ח ללא מניות","קרנות השתלמות | אג""ח ללא מניות",2010,7.937,12,310.8
gemel,205,"פסגות גדיש חו""ל",תגמולים ואישית לפיצויים,כללי/מעורב/גמיש/תלוי גיל,תגמולים ואישית לפיצויים | כללי/מעורב/גמיש/תלוי גיל,2010,0.4877,12,55.8
gemel,208,"פסגות גדיש אג""ח קונצרני",תגמולים ואישית לפיצויים,"אג""ח ללא מניות","תגמולים ואישית לפיצויים | אג""ח ללא מניות",2010,9.7773,12,37.0
gemel,211,"הפניקס גמל אג""ח עד 15% מניות",תגמולים ואישית לפיצויים,עד 25% מניות,תגמולים ואישית לפיצויים | עד 25% מניות,2010,0.01,1,460.7
gemel,216,פסגות שיא גמל כספית,תגמולים ואישית לפיצויים,כספי,תגמולים ואישית לפיצויים | כספי,2010,1.5407,12,223.9
gemel,223,"מיטב גמל אשראי ואג""ח",תגמולים ואישית לפיצויים,"אג""ח ללא מניות","תגמולים ואישית לפיצויים | אג""ח ללא מניות",2010,6.7014,12,568.3
gemel,251,מיטב מרתון גמל,תגמולים ואישית לפיצויים,כללי/מעורב/גמיש/תלוי גיל,תגמולים ואישית לפיצויים | כללי/מעורב/גמיש/תלוי גיל,2010,10.1757,12,696.5
gemel,253,"כלל תמר אג""ח עד 25% מניות",תגמולים ואישית לפיצויים,עד 25% מניות,תגמולים ואישית לפיצויים | עד 25% מניות,2010,12.063,12,12491.4
gemel,254,ישיר לתגמולים מקבוצת ביטוח ישיר,תגמולים ואישית לפיצויים,כללי/מעורב/גמיש/תלוי גיל,תגמולים ואישית לפיצויים | כללי/מעורב/גמיש/תלוי גיל,2010,9.2238,12,22.2
gemel,256,מיטב קרן השפע,תגמולים ואישית לפיצויים,כללי/מעורב/גמיש/תלוי גיל,תגמולים ואישית לפיצויים | כללי/מעורב/גמיש/תלוי גיל,2010,9.9637,12,908.6
gemel,257,הלמן-אלדובי גמל ישראל,תגמולים ואישית לפיצויים,כללי/מעורב/גמיש/תלוי גיל,תגמולים ואישית לפיצויים | כללי/מעורב/גמיש/תלוי גיל,2010,10.5913,12,1160.5
gemel,259,הלמן-אלדובי גמל כללי (לשעבר קופת פקידי מרכנתיל דיסקונט),תגמולים ואישית לפיצויים,כללי/מעורב/גמיש/תלוי גיל,תגמולים ואישית לפיצויים | כללי/מעורב/גמיש/תלוי גיל,2010,8.9426,12,197.8
gemel,260,מנורה מבטחים אמיר כללי,תגמולים ואישית לפיצויים,כללי/מעורב/גמיש/תלוי גיל,תגמולים ואישית לפיצויים | כללי/מעורב/גמיש/תלוי גיל,2010,10.6692,12,303.1
gemel,263,"בר קרן גמולים קופת גמל לתגמולים ופיצויים בניהול כלל גמל בע""מ",תגמולים ואישית לפיצויים,כללי/מעורב/גמיש/תלוי גיל,תגמולים ואישית לפיצויים | כללי/מעורב/גמיש/תלוי גיל,2010,11.2441,12,3639.9
gemel,264,גפן,תגמולים ואישית לפיצויים,כללי/מעורב/גמיש/תלוי גיל,תגמולים ואישית לפיצויים | כללי/מעורב/גמיש/תלוי גיל,2010,12.3295,12,1691.8
gemel,265,אקסלנס גמל פלטינום עד 15% מניות,תגמולים ואישית לפיצויים,עד 25% מניות,תגמולים ואישית לפיצויים | עד 25% מניות,2010,1.01,1,707.2
gemel,266,אקסלנס טפחות גמל,תגמולים ואישית לפיצויים,כללי/מעורב/גמיש/תלוי גיל,תגמולים ואישית לפיצויים | כללי/מעורב/גמיש/תלוי גיל,2010,1.1,1,884.3
gemel,270,פסגות גדיש אגח עד 20% מניות,תגמולים ואישית לפיצויים,עד 25% מניות,תגמולים ואישית לפיצויים | עד 25% מניות,2010,8.7667,12,282.2
gemel,275,איניפיניטי גמל דינמי,תגמולים ואישית לפיצויים,כללי/מעורב/גמיש/תלוי גיל,תגמולים ואישית לפיצויים | כללי/מעורב/גמיש/תלוי גיל,2010,5.8387,9,32.0
gemel,309,מנורה מבטחים תגמולים ופיצויים - קופת עובדים חקלאיים,תגמולים ואישית לפיצויים,כללי/מעורב/גמיש/תלוי גיל,תגמולים ואישית לפיצויים | כללי/מעורב/גמיש/תלוי גיל,2010,8.6921,12,13.2
gemel,348,אי.בי.אי עתודה תגמולים ופיצויים,תגמולים ואישית לפיצויים,כללי/מעורב/גמיש/תלוי גיל,תגמולים ואישית לפיצויים | כללי/מעורב/גמיש/תלוי גיל,2010,7.5487,12,6.2
gemel,356,מיטב השתלמות חכם מסלול משתלם,קרנות השתלמות,כללי/מעורב/גמיש/תלוי גיל,קרנות השתלמות | כללי/מעורב/גמיש/תלוי גיל,2010,9.8588,12,742.4
gemel,374,"אפסילון תגמולים מעיין (לשעבר קופת תה""ל)",תגמולים ואישית לפיצויים,כללי/מעורב/גמיש/תלוי גיל,תגמולים ואישית לפיצויים | כללי/מעורב/גמיש/תלוי גיל,2010,8.2307,12,168.5
gemel,377,ענבר - קופת תגמולים ליד כלל (ישראל),תגמולים ואישית לפיצויים,כללי/מעורב/גמיש/תלוי גיל,תגמולים ואישית לפיצויים | כללי/מעורב/גמיש/תלוי גיל,2010,12.3953,12,416.2
gemel,385,"הפניקס גמל אשראי ואג""ח",תגמולים ואישית לפיצויים,"אג""ח ללא מניות","תגמולים ואישית לפיצויים | אג""ח ללא מניות",2010,-0.56,1,1149.5
gemel,386,מגדל קהל השתלמות מסלול כללי,קרנות השתלמות,כללי/מעורב/גמיש/תלוי גיל,קרנות השתלמות | כללי/מעורב/גמיש/תלוי גיל,2010,10.3964,12,8500.3
gemel,387,מיטב משתלם א',קרנות השתלמות,כללי/מעורב/גמיש/תלוי גיל,קרנות השתלמות | כללי/מעורב/גמיש/תלוי גיל,2010,10.0945,12,1127.5
gemel,391,ישיר מרתון השתלמות,קרנות השתלמות,כללי/מעורב/גמיש/תלוי גיל,קרנות השתלמות | כללי/מעורב/גמיש/תלוי גיל,2010,9.5727,12,30.4
gemel,396,פסגות שיא השתלמות כללי,קרנות השתלמות,כללי/מעורב/גמיש/תלוי גיל,קרנות השתלמות | כללי/מעורב/גמיש/תלוי גיל,2010,10.1254,12,5292.2
gemel,399,אקסלנס השתלמות פלטינום,קרנות השתלמות,כללי/מעורב/גמיש/תלוי גיל,קרנות השתלמות | כללי/מעורב/גמיש/תלוי גיל,2010,1.51,1,1692.5
gemel,401,הפניקס גמל לבני 60 ומעלה,תגמולים ואישית לפיצויים,כללי/מעורב/גמיש/תלוי גיל,תגמולים ואישית לפיצויים | כללי/מעורב/גמיש/תלוי גיל,2010,1.8,1,748.2
gemel,406,אקסלנס טפחות השתלמות,קרנות השתלמות,כללי/מעורב/גמיש/תלוי גיל,קרנות השתלמות | כללי/מעורב/גמיש/תלוי גיל,2010,0.77,1,149.8
gemel,415,גמל זהב (1981) קופת תגמולים לשעבר מקבוצת מזרחי טפחות,תגמולים ואישית לפיצויים,כללי/מעורב/גמיש/תלוי גיל,תגמולים ואישית לפיצויים | כללי/מעורב/גמיש/תלוי גיל,2010,0.72,1,28.1
gemel,417,מנורה מבטחים תעוש - מסלול כללי,תגמולים ואישית לפיצויים,כללי/מעורב/גמיש/תלוי גיל,תגמולים ואישית לפיצויים | כללי/מעורב/גמיש/תלוי גיל,2010,9.4263,12,154.8
gemel,421,אקסלנס אמנה,תגמולים ואישית לפיצויים,כללי/מעורב/גמיש/תלוי גיל,תגמולים ואישית לפיצויים | כללי/מעורב/גמיש/תלוי גיל,2010,0.2,1,243.6
gemel,422,אקסלנס שומרון,תגמולים ואישית לפיצויים,כללי/מעורב/גמיש/תלוי גיל,תגמולים ואישית לפיצויים | כללי/מעורב/גמיש/תלוי גיל,2010,2.23,1,296.1
gemel,435,שקמה,תגמולים ואישית לפיצויים,כללי/מעורב/גמיש/תלוי גיל,תגמולים ואישית לפיצויים | כללי/מעורב/גמיש/תלוי גיל,2010,12.7075,12,251.3
gemel,436,אקסלנס אורית,תגמולים ואישית לפיצויים,כללי/מעורב/גמיש/תלוי גיל,תגמולים ואישית לפיצויים | כללי/מעורב/גמיש/תלוי גיל,2010,2.77,1,186.4
gemel,444,כלל איתן כללי,תגמולים ואישית לפיצויים,כללי/מעורב/גמיש/תלוי גיל,תגמולים ואישית לפיצויים | כללי/מעורב/גמיש/תלוי גיל,2010,11.8474,12,612.5
gemel,450,פסגות גדיש בטא,תגמולים ואישית לפיצויים,כללי/מעורב/גמיש/תלוי גיל,תגמולים ואישית לפיצויים | כללי/מעורב/גמיש/תלוי גיל,2010,13.1456,12,330.2
gemel,456,כלל השתלמות כללי,קרנות השתלמות,כללי/מעורב/גמיש/תלוי גיל,קרנות השתלמות | כללי/מעורב/גמיש/תלוי גיל,2010,12.4774,12,2024.3
gemel,460,כלל איתן כללי דגש חזק,תגמולים ואישית לפיצויים,כללי/מעורב/גמיש/תלוי גיל,תגמולים ואישית לפיצויים | כללי/מעורב/גמיש/תלוי גיל,2010,15.4273,12,73.1
gemel,486,מיטב גאון גמל-מסלול כללי,תגמולים ואישית לפיצויים,כללי/מעורב/גמיש/תלוי גיל,תגמולים ואישית לפיצויים | כללי/מעורב/גמיש/תלוי גיל,2010,2.7465,6,208.6
gemel,503,מנורה מבטחים תגמולים ופיצויים - קרן פועלים חקלאים,תגמולים ואישית לפיצויים,כללי/מעורב/גמיש/תלוי גיל,תגמולים ואישית לפיצויים | כללי/מעורב/גמיש/תלוי גיל,2010,7.8287,12,75.3
gemel,515,"מגן קרן פנסיה מרכזית בע""מ - קופת תגמולים",תגמולים ואישית לפיצויים,כללי/מעורב/גמיש/תלוי גיל,תגמולים ואישית לפיצויים | כללי/מעורב/גמיש/תלוי גיל,2010,8.0961,12,48.5
gemel,521,"הפניקס תגמולים ופיצויים - מסלול אג""ח עד 25% מניות",תגמולים ואישית לפיצויים,עד 25% מניות,תגמולים ואישית לפיצויים | עד 25% מניות,2010,0.04,1,52.1
gemel,527,ישיר תעוזה קופת גמל לתגמולים ולפיצויים מקבוצת ביטוח ישיר,תגמולים ואישית לפיצויים,כללי/מעורב/גמיש/תלוי גיל,תגמולים ואישית לפיצויים | כללי/מעורב/גמיש/תלוי גיל,2010,11.2337,12,146.7
gemel,541,חיננית קופת תגמולים - טווח בינוני - לשעבר מקבוצת מזרחי טפחות,תגמולים ואישית לפיצויים,"אג""ח ללא מניות","תגמולים ואישית לפיצויים | אג""ח ללא מניות",2010,-0.72,1,24.9
gemel,542,חיננית - מסלול טווח ארוך,תגמולים ואישית לפיצויים,"אג""ח ללא מניות","תגמולים ואישית לפיצויים | אג""ח ללא מניות",2010,-1.08,1,29.7
gemel,544,חיננית - מסלול מניות,תגמולים ואישית לפיצויים,מניות אקטיבי,תגמולים ואישית לפיצויים | מניות אקטיבי,2010,6.32,1,24.3
gemel,545,חיננית - מסלול שקלי,תגמולים ואישית לפיצויים,"אג""ח ללא מניות","תגמולים ואישית לפיצויים | אג""ח ללא מניות",2010,-0.49,1,40.4
gemel,547,פסגות סגנון גמל מניות,תגמולים ואישית לפיצויים,מניות אקטיבי,תגמולים ואישית לפיצויים | מניות אקטיבי,2010,11.4279,12,119.2
gemel,548,"פסגות גדיש אג""ח חו""ל",תגמולים ואישית לפיצויים,"אג""ח ללא מניות","תגמולים ואישית לפיצויים | אג""ח ללא מניות",2010,0.5877,12,21.8
gemel,549,פסגות גמל מדדית,תגמולים ואישית לפיצויים,"אג""ח ללא מניות","תגמולים ואישית לפיצויים | אג""ח ללא מניות",2010,10.177,12,173.2
gemel,550,פסגות גדיש שקלית,תגמולים ואישית לפיצויים,"אג""ח ללא מניות","תגמולים ואישית לפיצויים | אג""ח ללא מניות",2010,6.5596,12,288.6
gemel,560,אנליסט קרן השתלמות כללי,קרנות השתלמות,כללי/מעורב/גמיש/תלוי גיל,קרנות השתלמות | כללי/מעורב/גמיש/תלוי גיל,2010,13.0949,12,2248.6
gemel,561,להבה מסלול כללי,קרנות השתלמות,כללי/מעורב/גמיש/תלוי גיל,קרנות השתלמות | כללי/מעורב/גמיש/תלוי גיל,2010,9.1827,12,427.8
gemel,563,ישיר מתן 2001 קופת גמל לתגמולים ולפיצויים מקבוצת ביטוח ישיר,תגמולים ואישית לפיצויים,"אג""ח ללא מניות","תגמולים ואישית לפיצויים | אג""ח ללא מניות",2010,6.4708,12,6.8
gemel,579,מגדל השתלמות מסלול כללי,קרנות השתלמות,כללי/מעורב/גמיש/תלוי גיל,קרנות השתלמות | כללי/מעורב/גמיש/תלוי גיל,2010,11.4785,12,1544.0
gemel,592,כלל תמר שקלים,תגמולים ואישית לפיצויים,"אג""ח ללא מניות","תגמולים ואישית לפיצויים | אג""ח ללא מניות",2010,5.2521,12,433.7
gemel,599,"מגדל השתלמות מסלול אג""ח עד 10% מניות",קרנות השתלמות,עד 25% מניות,קרנות השתלמות | עד 25% מניות,2010,11.9408,12,110.4
gemel,609,פסגות השתלמות פלטינום,קרנות השתלמות,כללי/מעורב/גמיש/תלוי גיל,קרנות השתלמות | כללי/מעורב/גמיש/תלוי גיל,2010,10.9656,12,985.6
gemel,610,"פסגות שיא השתלמות אג""ח",קרנות השתלמות,"אג""ח ללא מניות","קרנות השתלמות | אג""ח ללא מניות",2010,7.4468,12,261.2
gemel,611,פסגות שיא השתלמות כספי,קרנות השתלמות,כספי,קרנות השתלמות | כספי,2010,1.561,12,252.6
gemel,612,פסגות שיא השתלמות מניות,קרנות השתלמות,מניות אקטיבי,קרנות השתלמות | מניות אקטיבי,2010,13.8293,12,41.4
gemel,642,תואר,תגמולים ואישית לפיצויים,כללי/מעורב/גמיש/תלוי גיל,תגמולים ואישית לפיצויים | כללי/מעורב/גמיש/תלוי גיל,2010,11.9552,12,220.3
gemel,685,אקסלנס גמל,תגמולים ואישית לפיצויים,כללי/מעורב/גמיש/תלוי גיל,תגמולים ואישית לפיצויים | כללי/מעורב/גמיש/תלוי גיל,2010,1.36,1,1515.8
gemel,686,הפניקס השתלמות לטווח קצר,קרנות השתלמות,כללי/מעורב/גמיש/תלוי גיל,קרנות השתלמות | כללי/מעורב/גמיש/תלוי גיל,2010,1.42,1,3021.6
gemel,689,כלל מושלם תגמולים,תגמולים ואישית לפיצויים,כללי/מעורב/גמיש/תלוי גיל,תגמולים ואישית לפיצויים | כללי/מעורב/גמיש/תלוי גיל,2010,11.0021,12,175.0
gemel,707,פסגות גמל עד 10% מניות,תגמולים ואישית לפיצויים,עד 25% מניות,תגמולים ואישית לפיצויים | עד 25% מניות,2010,7.5666,12,768.0
gemel,708,פסגות גמל כללי,תגמולים ואישית לפיצויים,כללי/מעורב/גמיש/תלוי גיל,תגמולים ואישית לפיצויים | כללי/מעורב/גמיש/תלוי גיל,2010,10.1161,12,6044.8
gemel,709,פסגות גמל מניות,תגמולים ואישית לפיצויים,מניות אקטיבי,תגמולים ואישית לפיצויים | מניות אקטיבי,2010,15.9581,12,94.0
gemel,714,אקסלנס השתלמות זהב עד 15% מניות,קרנות השתלמות,עד 25% מניות,קרנות השתלמות | עד 25% מניות,2010,0.1,1,297.4
gemel,715,הפניקס השתלמות כספי (שקלי),קרנות השתלמות,כספי,קרנות השתלמות | כספי,2010,0.15,1,36.0
gemel,716,"הפניקס השתלמות אשראי ואג""ח",קרנות השתלמות,"אג""ח ללא מניות","קרנות השתלמות | אג""ח ללא מניות",2010,-0.58,1,260.3
gemel,718,אקסלנס השתלמות זהב - מסלול מניות,קרנות השתלמות,מניות אקטיבי,קרנות השתלמות | מניות אקטיבי,2010,6.43,1,25.7
gemel,721,כלל מושלם השתלמות,קרנות השתלמות,כללי/מעורב/גמיש/תלוי גיל,קרנות השתלמות | כללי/מעורב/גמיש/תלוי גיל,2010,10.7318,12,218.2
gemel,722,"הלמן-אלדובי בר-יציב אג""ח צמוד מדד",תגמולים ואישית לפיצויים,"אג""ח ללא מניות","תגמולים ואישית לפיצויים | אג""ח ללא מניות",2010,9.0115,12,142.6
gemel,723,הלמן-אלדובי בר-יציב שקלי,תגמולים ואישית לפיצויים,"אג""ח ללא מניות","תגמולים ואישית לפיצויים | אג""ח ללא מניות",2010,5.9715,12,167.1
gemel,724,הלמן-אלדובי גמל מניות,תגמולים ואישית לפיצויים,מניות אקטיבי,תגמולים ואישית לפיצויים | מניות אקטיבי,2010,15.6741,12,43.9
gemel,725,הדס ארזים גמל,תגמולים ואישית לפיצויים,כללי/מעורב/גמיש/תלוי גיל,תגמולים ואישית לפיצויים | כללי/מעורב/גמיש/תלוי גיל,2010,9.649,12,377.2
gemel,730,אנליסט קתדרה כללי,תגמולים ואישית לפיצויים,כללי/מעורב/גמיש/תלוי גיל,תגמולים ואישית לפיצויים | כללי/מעורב/גמיש/תלוי גיל,2010,11.8823,12,56.9
gemel,732,"אנליסט קתדרה קופת גמל - מסלול אג""ח",תגמולים ואישית לפיצויים,"אג""ח ללא מניות","תגמולים ואישית לפיצויים | אג""ח ללא מניות",2010,8.6842,12,14.9
gemel,733,"אנליסט קתדרה קופת גמל - מסלול אג""ח ממשלתי",תגמולים ואישית לפיצויים,"אג""ח ללא מניות","תגמולים ואישית לפיצויים | אג""ח ללא מניות",2010,2.0682,12,4.3
gemel,734,אנליסט קתדרה קופת גמל - מסלול מניות,תגמולים ואישית לפיצויים,מניות אקטיבי,תגמולים ואישית לפיצויים | מניות אקטיבי,2010,15.4419,12,6.9
gemel,736,"הלמן-אלדובי השתלמות אג""ח",קרנות השתלמות,"אג""ח ללא מניות","קרנות השתלמות | אג""ח ללא מניות",2010,8.2231,12,35.2
gemel,737,הלמן-אלדובי השתלמות שקלי,קרנות השתלמות,"אג""ח ללא מניות","קרנות השתלמות | אג""ח ללא מניות",2010,5.9727,12,54.3
gemel,738,הלמן-אלדובי השתלמות מניות,קרנות השתלמות,מניות אקטיבי,קרנות השתלמות | מניות אקטיבי,2010,15.4355,12,24.1
gemel,744,מגדל לתגמולים ולפיצויים מסלול כללי,תגמולים ואישית לפיצויים,כללי/מעורב/גמיש/תלוי גיל,תגמולים ואישית לפיצויים | כללי/מעורב/גמיש/תלוי גיל,2010,11.4444,12,486.0
gemel,746,קהילה קרן השתלמות,קרנות השתלמות,כללי/מעורב/גמיש/תלוי גיל,קרנות השתלמות | כללי/מעורב/גמיש/תלוי גיל,2010,12.3558,12,756.7
gemel,747,איפקס תגמולים כללי,תגמולים ואישית לפיצויים,כללי/מעורב/גמיש/תלוי גיל,תגמולים ואישית לפיצויים | כללי/מעורב/גמיש/תלוי גיל,2010,10.4922,12,220.3
gemel,749,איפקס השתלמות כללי,קרנות השתלמות,כללי/מעורב/גמיש/תלוי גיל,קרנות השתלמות | כללי/מעורב/גמיש/תלוי גיל,2010,10.4166,12,617.2
gemel,767,מיטב גמל הלכה,תגמולים ואישית לפיצויים,כללי/מעורב/גמיש/תלוי גיל,תגמולים ואישית לפיצויים | כללי/מעורב/גמיש/תלוי גיל,2010,12.5039,12,55.4
gemel,768,מיטב השתלמות הלכה,קרנות השתלמות,כללי/מעורב/גמיש/תלוי גיל,קרנות השתלמות | כללי/מעורב/גמיש/תלוי גיל,2010,12.2616,12,54.5
gemel,770,אי.בי.אי תגמולים - כללי,תגמולים ואישית לפיצויים,כללי/מעורב/גמיש/תלוי גיל,תגמולים ואישית לפיצויים | כללי/מעורב/גמיש/תלוי גיל,2010,8.5785,12,28.7
gemel,772,כלל השתלמות מסלולית מסלול כללי,קרנות השתלמות,כללי/מעורב/גמיש/תלוי גיל,קרנות השתלמות | כללי/מעורב/גמיש/תלוי גיל,2010,10.5819,12,553.2
gemel,774,"פסגות סגנון גמל אג""ח",תגמולים ואישית לפיצויים,"אג""ח ללא מניות","תגמולים ואישית לפיצויים | אג""ח ללא מניות",2010,7.8748,12,140.1
gemel,775,פסגות גמל בטא סגנון,תגמולים ואישית לפיצויים,כללי/מעורב/גמיש/תלוי גיל,תגמולים ואישית לפיצויים | כללי/מעורב/גמיש/תלוי גיל,2010,9.8259,12,778.0
gemel,776,פסגות סגנון גמל כספית,תגמולים ואישית לפיצויים,כספי,תגמולים ואישית לפיצויים | כספי,2010,1.4799,12,164.1
gemel,778,מיטב דינאמית להשתלמות מסלול מניות,קרנות השתלמות,מניות אקטיבי,קרנות השתלמות | מניות אקטיבי,2010,17.7132,12,27.0
gemel,780,מיטב דינאמית להשתלמות מסלול צמוד מדד,קרנות השתלמות,"אג""ח ללא מניות","קרנות השתלמות | אג""ח ללא מניות",2010,7.9764,12,63.5
gemel,781,מיטב דינאמית להשתלמות מסלול שקלי,קרנות השתלמות,"אג""ח ללא מניות","קרנות השתלמות | אג""ח ללא מניות",2010,5.9166,12,29.9
gemel,782,מיטב דינאמית גמל מסלול מניות,תגמולים ואישית לפיצויים,מניות אקטיבי,תגמולים ואישית לפיצויים | מניות אקטיבי,2010,17.6464,12,27.9
gemel,784,מיטב דינאמית גמל מסלול צמוד מדד,תגמולים ואישית לפיצויים,"אג""ח ללא מניות","תגמולים ואישית לפיצויים | אג""ח ללא מניות",2010,8.1342,12,58.6
gemel,785,מיטב דינאמית גמל מסלול שקלי,תגמולים ואישית לפיצויים,"אג""ח ללא מניות","תגמולים ואישית לפיצויים | אג""ח ללא מניות",2010,6.3239,12,37.5
gemel,786,מיטב מאור,קרנות השתלמות,כללי/מעורב/גמיש/תלוי גיל,קרנות השתלמות | כללי/מעורב/גמיש/תלוי גיל,2010,6.4857,12,129.3
gemel,787,אקסלנס גמל פלטינום שקלי,תגמולים ואישית לפיצויים,"אג""ח ללא מניות","תגמולים ואישית לפיצויים | אג""ח ללא מניות",2010,-0.51,1,73.8
gemel,788,אקסלנס אופיר - מסלול כללי,תגמולים ואישית לפיצויים,כללי/מעורב/גמיש/תלוי גיל,תגמולים ואישית לפיצויים | כללי/מעורב/גמיש/תלוי גיל,2010,1.43,1,323.2
gemel,790,אקסלנס גמל פלטינום מניות,תגמולים ואישית לפיצויים,מניות אקטיבי,תגמולים ואישית לפיצויים | מניות אקטיבי,2010,6.4,1,58.8
gemel,791,אקסלנס אופיר - מסלול שקלי טווח קצר,תגמולים ואישית לפיצויים,כספי,תגמולים ואישית לפיצויים | כספי,2010,0.18,1,113.8
gemel,792,"אקסלנס גמל אג""ח צמוד מדד",תגמולים ואישית לפיצויים,"אג""ח ללא מניות","תגמולים ואישית לפיצויים | אג""ח ללא מניות",2010,-0.85,1,285.9
gemel,794,אקסלנס השתלמות פלטינום שקלי,קרנות השתלמות,"אג""ח ללא מניות","קרנות השתלמות | אג""ח ללא מניות",2010,-0.48,1,76.7
gemel,795,אקסלנס עדי - מסלול כללי,קרנות השתלמות,כללי/מעורב/גמיש/תלוי גיל,קרנות השתלמות | כללי/מעורב/גמיש/תלוי גיל,2010,1.53,1,218.3
gemel,797,אקסלנס השתלמות מניות,קרנות השתלמות,מניות אקטיבי,קרנות השתלמות | מניות אקטיבי,2010,6.24,1,47.2
gemel,798,אקסלנס עדי - מסלול שקלי טווח קצר,קרנות השתלמות,כספי,קרנות השתלמות | כספי,2010,0.18,1,112.8
gemel,799,אקסלנס השתלמות צמוד מדד,קרנות השתלמות,"אג""ח ללא מניות","קרנות השתלמות | אג""ח ללא מניות",2010,-0.8,1,196.0
gemel,808,אקסלנס גמל ללא מניות,תגמולים ואישית לפיצויים,"אג""ח ללא מניות","תגמולים ואישית לפיצויים | אג""ח ללא מניות",2010,-0.56,1,37.4
gemel,809,אקסלנס השתלמות ללא מניות,קרנות השתלמות,"אג""ח ללא מניות","קרנות השתלמות | אג""ח ללא מניות",2010,-0.55,1,41.1
gemel,811,אנליסט מסלולית קופת גמל ישראל,תגמולים ואישית לפיצויים,כללי/מעורב/גמיש/תלוי גיל,תגמולים ואישית לפיצויים | כללי/מעורב/גמיש/תלוי גיל,2010,17.6003,12,660.4
gemel,812,אנליסט גמל כללי,תגמולים ואישית לפיצויים,כללי/מעורב/גמיש/תלוי גיל,תגמולים ואישית לפיצויים | כללי/מעורב/גמיש/תלוי גיל,2010,13.2818,12,866.5
gemel,813,"אנליסט גמל אשראי ואג""ח",תגמולים ואישית לפיצויים,"אג""ח ללא מניות","תגמולים ואישית לפיצויים | אג""ח ללא מניות",2010,10.4988,12,62.4
gemel,814,אנליסט גמל מניות,תגמולים ואישית לפיצויים,מניות אקטיבי,תגמולים ואישית לפיצויים | מניות אקטיבי,2010,20.212,12,114.0
gemel,815,אנליסט גמל כספי (שקלי),תגמולים ואישית לפיצויים,כספי,תגמולים ואישית לפיצויים | כספי,2010,2.1093,12,30.8
gemel,817,אנליסט גמל מניות סחיר,תגמולים ואישית לפיצויים,מניות אקטיבי,תגמולים ואישית לפיצויים | מניות אקטיבי,2010,13.948,12,4.0
gemel,818,אנליסט גמל משולב סחיר,תגמולים ואישית לפיצויים,כללי/מעורב/גמיש/תלוי גיל,תגמולים ואישית לפיצויים | כללי/מעורב/גמיש/תלוי גיל,2010,4.0605,12,0.7
gemel,819,מעלות כלל השתלמות,קרנות השתלמות,כללי/מעורב/גמיש/תלוי גיל,קרנות השתלמות | כללי/מעורב/גמיש/תלוי גיל,2010,11.1468,12,73.8
gemel,826,מנורה מבטחים תגמולים ופיצויים מסלול כללי,תגמולים ואישית לפיצויים,כללי/מעורב/גמיש/תלוי גיל,תגמולים ואישית לפיצויים | כללי/מעורב/גמיש/תלוי גיל,2010,10.2201,12,1641.8
gemel,828,מנורה מבטחים השתלמות מסלול כללי,קרנות השתלמות,כללי/מעורב/גמיש/תלוי גיל,קרנות השתלמות | כללי/מעורב/גמיש/תלוי גיל,2010,10.0204,12,310.3
gemel,830,מיטבית קופת גמל לתגמולים ולפיצויים,תגמולים ואישית לפיצויים,כללי/מעורב/גמיש/תלוי גיל,תגמולים ואישית לפיצויים | כללי/מעורב/גמיש/תלוי גיל,2010,11.7125,12,70.6
gemel,831,"פסגות גמל אג""ח",תגמולים ואישית לפיצויים,"אג""ח ללא מניות","תגמולים ואישית לפיצויים | אג""ח ללא מניות",2010,6.5914,12,648.2
gemel,835,פסגות גדיש אגח צמוד מדד,תגמולים ואישית לפיצויים,"אג""ח ללא מניות","תגמולים ואישית לפיצויים | אג""ח ללא מניות",2010,8.4142,12,505.4
gemel,856,מנורה מבטחים תגמולים ופיצויים - קרן פועלי הבניין ועבודות ציבוריות,תגמולים ואישית לפיצויים,כללי/מעורב/גמיש/תלוי גיל,תגמולים ואישית לפיצויים | כללי/מעורב/גמיש/תלוי גיל,2010,8.3433,12,31.2
gemel,858,מגדל לתגמולים ולפיצויים מסלול כספי (שקלי),תגמולים ואישית לפיצויים,כספי,תגמולים ואישית לפיצויים | כספי,2010,1.8144,12,60.6
gemel,859,"מגדל לתגמולים ולפיצויים מסלול אג""ח ממשלות",תגמולים ואישית לפיצויים,"אג""ח ללא מניות","תגמולים ואישית לפיצויים | אג""ח ללא מניות",2010,7.6655,12,81.1
gemel,860,מגדל לתגמולים ולפיצויים מסלול צמוד מדד,תגמולים ואישית לפיצויים,"אג""ח ללא מניות","תגמולים ואישית לפיצויים | אג""ח ללא מניות",2010,7.1288,12,46.8
gemel,861,מגדל פלטינום לתגמולים ברומטר,תגמולים ואישית לפיצויים,כללי/מעורב/גמיש/תלוי גיל,תגמולים ואישית לפיצויים | כללי/מעורב/גמיש/תלוי גיל,2010,7.2538,12,69.4
gemel,862,"מגדל לתגמולים ולפיצויים מסלול חו""ל",תגמולים ואישית לפיצויים,כללי/מעורב/גמיש/תלוי גיל,תגמולים ואישית לפיצויים | כללי/מעורב/גמיש/תלוי גיל,2010,-5.1905,12,2.2
gemel,863,מגדל לתגמולים ולפיצויים מסלול מניות,תגמולים ואישית לפיצויים,מניות אקטיבי,תגמולים ואישית לפיצויים | מניות אקטיבי,2010,13.3137,12,23.8
gemel,864,מגדל השתלמות מסלול כספי (שקלי),קרנות השתלמות,כספי,קרנות השתלמות | כספי,2010,1.9568,12,290.9
gemel,865,"מגדל השתלמות מסלול אג""ח ממשלות",קרנות השתלמות,"אג""ח ללא מניות","קרנות השתלמות | אג""ח ללא מניות",2010,7.5612,12,180.2
gemel,866,מגדל השתלמות מסלול צמוד מדד,קרנות השתלמות,"אג""ח ללא מניות","קרנות השתלמות | אג""ח ללא מניות",2010,7.3421,12,52.0
gemel,867,מגדל פלטינום להשתלמות מסלול ברומטר,קרנות השתלמות,כללי/מעורב/גמיש/תלוי גיל,קרנות השתלמות | כללי/מעורב/גמיש/תלוי גיל,2010,7.0292,12,89.8
gemel,868,"מגדל השתלמות מסלול חו""ל",קרנות השתלמות,כללי/מעורב/גמיש/תלוי גיל,קרנות השתלמות | כללי/מעורב/גמיש/תלוי גיל,2010,-1.3633,12,4.6
gemel,869,מגדל השתלמות מסלול מניות,קרנות השתלמות,מניות אקטיבי,קרנות השתלמות | מניות אקטיבי,2010,14.5832,12,124.3
gemel,873,מיטב גמל כללי,תגמולים ואישית לפיצויים,כללי/מעורב/גמיש/תלוי גיל,תגמולים ואישית לפיצויים | כללי/מעורב/גמיש/תלוי גיל,2010,12.9591,12,213.7
gemel,874,"מיטב גמל אג""ח עד 25% מניות",תגמולים ואישית לפיצויים,עד 25% מניות,תגמולים ואישית לפיצויים | עד 25% מניות,2010,13.4161,12,735.5
gemel,875,"מיטב דש גמל אג""ח צמוד מדד",תגמולים ואישית לפיצויים,"אג""ח ללא מניות","תגמולים ואישית לפיצויים | אג""ח ללא מניות",2010,9.9267,12,249.2
gemel,876,מיטב גמל כספי (שקלי),תגמולים ואישית לפיצויים,כספי,תגמולים ואישית לפיצויים | כספי,2010,6.772,12,83.3
gemel,877,מיטב גמל מניות,תגמולים ואישית לפיצויים,מניות אקטיבי,תגמולים ואישית לפיצויים | מניות אקטיבי,2010,18.4185,12,58.3
gemel,879,מיטב השתלמות כללי,קרנות השתלמות,כללי/מעורב/גמיש/תלוי גיל,קרנות השתלמות | כללי/מעורב/גמיש/תלוי גיל,2010,12.7286,12,179.6
gemel,880,מיטב השתלמות כללי,קרנות השתלמות,כללי/מעורב/גמיש/תלוי גיל,קרנות השתלמות | כללי/מעורב/גמיש/תלוי גיל,2010,12.4264,12,714.6
gemel,881,"מיטב השתלמות אג""ח צמוד מדד",קרנות השתלמות,"אג""ח ללא מניות","קרנות השתלמות | אג""ח ללא מניות",2010,9.7105,12,177.6
gemel,882,מיטב דש השתלמות מסלול שקלי,קרנות השתלמות,"אג""ח ללא מניות","קרנות השתלמות | אג""ח ללא מניות",2010,6.8892,12,64.3
gemel,883,מיטב השתלמות מניות,קרנות השתלמות,מניות אקטיבי,קרנות השתלמות | מניות אקטיבי,2010,17.6685,12,50.0
gemel,923,מיטב בטחון,תגמולים ואישית לפיצויים,כללי/מעורב/גמיש/תלוי גיל,תגמולים ואישית לפיצויים | כללי/מעורב/גמיש/תלוי גיל,2010,9.8425,12,33.2
gemel,924,מקפת החדשה קופת גמל לתגמולים ולפיצויים,תגמולים ואישית לפיצויים,כללי/מעורב/גמיש/תלוי גיל,תגמולים ואישית לפיצויים | כללי/מעורב/גמיש/תלוי גיל,2010,12.0957,12,377.2
gemel,925,מקפת החדשה קרן השתלמות,קרנות השתלמות,כללי/מעורב/גמיש/תלוי גיל,קרנות השתלמות | כללי/מעורב/גמיש/תלוי גיל,2010,10.8788,12,52.7
gemel,944,אתגרים - מסלול צמוד מדד,תגמולים ואישית לפיצויים,"אג""ח ללא מניות","תגמולים ואישית לפיצויים | אג""ח ללא מניות",2010,4.8323,6,10.2
gemel,946,אתגרים - מסלול כללי,תגמולים ואישית לפיצויים,כללי/מעורב/גמיש/תלוי גיל,תגמולים ואישית לפיצויים | כללי/מעורב/גמיש/תלוי גיל,2010,1.0944,6,38.2
gemel,948,מיטב גמל שקלי טווח קצר,תגמולים ואישית לפיצויים,כספי,תגמולים ואישית לפיצויים | כספי,2010,1.7738,12,47.2
gemel,956,הדס ארזים אפסילון תגמולים מסלול כללי,תגמולים ואישית לפיצויים,כללי/מעורב/גמיש/תלוי גיל,תגמולים ואישית לפיצויים | כללי/מעורב/גמיש/תלוי גיל,2010,9.719,12,123.1
gemel,957,הפניקס תגמולים ופיצויים - מסלול כללי,תגמולים ואישית לפיצויים,כללי/מעורב/גמיש/תלוי גיל,תגמולים ואישית לפיצויים | כללי/מעורב/גמיש/תלוי גיל,2010,1.71,1,294.8
gemel,961,הפניקס גמל מסלול מניות,תגמולים ואישית לפיצויים,מניות אקטיבי,תגמולים ואישית לפיצויים | מניות אקטיבי,2010,7.16,1,19.4
gemel,962,אנליסט השתלמות כללי,קרנות השתלמות,כללי/מעורב/גמיש/תלוי גיל,קרנות השתלמות | כללי/מעורב/גמיש/תלוי גיל,2010,15.7961,12,521.0
gemel,963,אנליסט השתלמות מניות,קרנות השתלמות,מניות אקטיבי,קרנות השתלמות | מניות אקטיבי,2010,19.0944,12,106.5
gemel,964,הפניקס השתלמות כללי,קרנות השתלמות,כללי/מעורב/גמיש/תלוי גיל,קרנות השתלמות | כללי/מעורב/גמיש/תלוי גיל,2010,1.65,1,466.9
gemel,968,הפניקס השתלמות מניות,קרנות השתלמות,מניות אקטיבי,קרנות השתלמות | מניות אקטיבי,2010,6.96,1,56.4
gemel,972,"אנליסט השתלמות אשראי ואג""ח",קרנות השתלמות,"אג""ח ללא מניות","קרנות השתלמות | אג""ח ללא מניות",2010,8.8605,12,66.0
gemel,973,"אנליסט השתלמות אג""ח ממשלות",קרנות השתלמות,"אג""ח ללא מניות","קרנות השתלמות | אג""ח ללא מניות",2010,2.1394,12,60.6
gemel,974,מגדל פלטינום לתגמולים כללי,תגמולים ואישית לפיצויים,כללי/מעורב/גמיש/תלוי גיל,תגמולים ואישית לפיצויים | כללי/מעורב/גמיש/תלוי גיל,2010,10.4822,12,142.4
gemel,975,מגדל פלטינום להשתלמות כללי,קרנות השתלמות,כללי/מעורב/גמיש/תלוי גיל,קרנות השתלמות | כללי/מעורב/גמיש/תלוי גיל,2010,10.1932,12,575.6
gemel,981,מנורה גמל מיתר,תגמולים ואישית לפיצויים,כללי/מעורב/גמיש/תלוי גיל,תגמולים ואישית לפיצויים | כללי/מעורב/גמיש/תלוי גיל,2010,10.7543,12,330.1
gemel,989,אלטשולר שחם עוקב מדדי מניות,תגמולים ואישית לפיצויים,מניות פאסיבי,תגמולים ואישית לפיצויים | מניות פאסיבי,2010,10.1746,12,82.8
gemel,1002,הדס ארזים אפסילון השתלמות מסלול כללי,קרנות השתלמות,כללי/מעורב/גמיש/תלוי גיל,קרנות השתלמות | כללי/מעורב/גמיש/תלוי גיל,2011,-6.7497,12,75.1
gemel,1010,אי.בי.אי לתגמולים ופיצויים שקלי לטווח קצר,תגמולים ואישית לפיצויים,כספי,תגמולים ואישית לפיצויים | כספי,2011,3.1438,12,6.4
gemel,1011,"תמיר פישמן גמל מניות בישראל ובחו""ל",תגמולים ואישית לפיצויים,מניות אקטיבי,תגמולים ואישית לפיצויים | מניות אקטיבי,2011,-18.2048,12,17.6
gemel,1012,"תמיר פישמן גמל אג""ח",תגמולים ואישית לפיצויים,"אג""ח ללא מניות","תגמולים ואישית לפיצויים | אג""ח ללא מניות",2011,1.6978,12,174.2
gemel,1013,תמיר פישמן גמל כללי,תגמולים ואישית לפיצויים,כללי/מעורב/גמיש/תלוי גיל,תגמולים ואישית לפיצויים | כללי/מעורב/גמיש/תלוי גיל,2011,-5.9324,12,69.4
gemel,1014,אי.בי.אי קרן השתלמות מסלול שקלי לטווח קצר,קרנות השתלמות,כספי,קרנות השתלמות | כספי,2011,3.1747,12,5.1
gemel,1015,"תמיר פישמן השתלמות מניות בישראל ובחו""ל",קרנות השתלמות,מניות אקטיבי,קרנות השתלמות | מניות אקטיבי,2011,-18.2601,12,17.4
gemel,1016,"תמיר פישמן השתלמות אג""ח",קרנות השתלמות,"אג""ח ללא מניות","קרנות השתלמות | אג""ח ללא מניות",2011,1.7093,12,143.9
gemel,1017,תמיר פישמן השתלמות כללי,קרנות השתלמות,כללי/מעורב/גמיש/תלוי גיל,קרנות השתלמות | כללי/מעורב/גמיש/תלוי גיל,2011,-5.3368,12,97.5
gemel,102,אקסלנס גמל פלטינום,תגמולים ואישית לפיצויים,כללי/מעורב/גמיש/תלוי גיל,תגמולים ואישית לפיצויים | כללי/מעורב/גמיש/תלוי גיל,2011,-2.8325,12,1355.7
gemel,1035,"ילין לפידות קופת גמל מסלול אג""ח עד 25% מניות",תגמולים ואישית לפיצויים,עד 25% מניות,תגמולים ואישית לפיצויים | עד 25% מניות,2011,-1.1711,12,1849.9
gemel,1036,ילין לפידות קופת גמל מסלול מניות,תגמולים ואישית לפיצויים,מניות אקטיבי,תגמולים ואישית לפיצויים | מניות אקטיבי,2011,-11.424,12,221.3
gemel,1037,"ילין לפידות קופת גמל מסלול אשראי ואג""ח",תגמולים ואישית לפיצויים,"אג""ח ללא מניות","תגמולים ואישית לפיצויים | אג""ח ללא מניות",2011,2.7776,12,498.5
gemel,1038,"ילין לפידות קרן השתלמות מסלול אג""ח עם מניות (עד 25% מניות)",קרנות השתלמות,עד 25% מניות,קרנות השתלמות | עד 25% מניות,2011,-0.7948,12,1913.9
gemel,1040,"אקסלנס גמל אג""ח קונצרני עד 20% מניות",תגמולים ואישית לפיצויים,עד 25% מניות,תגמולים ואישית לפיצויים | עד 25% מניות,2011,-0.151,12,46.0
gemel,1042,אקסלנס גמל שקלי,תגמולים ואישית לפיצויים,"אג""ח ללא מניות","תגמולים ואישית לפיצויים | אג""ח ללא מניות",2011,7.4826,12,32.3
gemel,1044,אקסלנס שחקים מסלול שקלי ב',תגמולים ואישית לפיצויים,"אג""ח ללא מניות","תגמולים ואישית לפיצויים | אג""ח ללא מניות",2011,-1.505,2,0.0
gemel,1049,"אדמונד דה רוטשילד דיסקונט חו""ל",תגמולים ואישית לפיצויים,כללי/מעורב/גמיש/תלוי גיל,תגמולים ואישית לפיצויים | כללי/מעורב/גמיש/תלוי גיל,2011,1.5741,12,3.6
gemel,1059,פסגות שיא השתלמות פאסיבי- כללי,קרנות השתלמות,כללי/מעורב/גמיש/תלוי גיל,קרנות השתלמות | כללי/מעורב/גמיש/תלוי גיל,2011,-3.1773,12,59.3
gemel,106,פסגות גדיש כללי,תגמולים ואישית לפיצויים,כללי/מעורב/גמיש/תלוי גיל,תגמולים ואישית לפיצויים | כללי/מעורב/גמיש/תלוי גיל,2011,-3.4155,12,17946.7
gemel,1078,"אינפיניטי גמל אשראי ואג""ח",תגמולים ואישית לפיצויים,"אג""ח ללא מניות","תגמולים ואישית לפיצויים | אג""ח ללא מניות",2011,3.2811,12,277.8
gemel,1079,אינפיניטי גמל מניות בישראל,תגמולים ואישית לפיצויים,מניות אקטיבי,תגמולים ואישית לפיצויים | מניות אקטיבי,2011,-21.8447,12,65.4
gemel,1083,אינפיניטי השתלמות כללי,קרנות השתלמות,כללי/מעורב/גמיש/תלוי גיל,קרנות השתלמות | כללי/מעורב/גמיש/תלוי גיל,2011,-5.0704,12,24.7
gemel,1084,"אינפיניטי השתלמות אשראי ואג""ח",קרנות השתלמות,"אג""ח ללא מניות","קרנות השתלמות | אג""ח ללא מניות",2011,3.4254,12,268.8
gemel,1085,אינפיניטי השתלמות מניות בישראל,קרנות השתלמות,מניות אקטיבי,קרנות השתלמות | מניות אקטיבי,2011,-21.7889,12,73.5
gemel,1098,"מיטב השתלמות מסלול אג""ח",קרנות השתלמות,"אג""ח ללא מניות","קרנות השתלמות | אג""ח ללא מניות",2011,2.4109,12,107.2
gemel,1100,"הפניקס השתלמות אשראי ואג""ח עם מניות (עד 25% מניות)",קרנות השתלמות,עד 25% מניות,קרנות השתלמות | עד 25% מניות,2011,1.2427,12,1024.3
gemel,1103,אקסלנס גמל מניות,תגמולים ואישית לפיצויים,מניות אקטיבי,תגמולים ואישית לפיצויים | מניות אקטיבי,2011,-19.27,12,51.8
gemel,111,מיטב מירון,תגמולים ואישית לפיצויים,כללי/מעורב/גמיש/תלוי גיל,תגמולים ואישית לפיצויים | כללי/מעורב/גמיש/תלוי גיל,2011,-3.0493,12,756.2
gemel,1110,"מנורה מבטחים השתלמות מסלול אג""ח קונצרני",קרנות השתלמות,"אג""ח ללא מניות","קרנות השתלמות | אג""ח ללא מניות",2011,2.8804,12,31.8
gemel,1114,מנורה מבטחים השתלמות כספי (שקלי),קרנות השתלמות,כספי,קרנות השתלמות | כספי,2011,3.2977,12,63.5
gemel,1116,מיטב גמל פלוס,תגמולים ואישית לפיצויים,כללי/מעורב/גמיש/תלוי גיל,תגמולים ואישית לפיצויים | כללי/מעורב/גמיש/תלוי גיל,2011,-1.992,12,106.4
gemel,1117,מיטב השתלמות פלוס,קרנות השתלמות,כללי/מעורב/גמיש/תלוי גיל,קרנות השתלמות | כללי/מעורב/גמיש/תלוי גיל,2011,-2.082,12,26.1
gemel,1119,"מיטב תגמולים מסלול אג""ח",תגמולים ואישית לפיצויים,"אג""ח ללא מניות","תגמולים ואישית לפיצויים | אג""ח ללא מניות",2011,3.1219,12,137.1
gemel,1120,מיטב דינאמית גמל מסלול כללי,תגמולים ואישית לפיצויים,כללי/מעורב/גמיש/תלוי גיל,תגמולים ואישית לפיצויים | כללי/מעורב/גמיש/תלוי גיל,2011,-3.2181,12,397.0
gemel,1122,כלל גמל מניות,תגמולים ואישית לפיצויים,מניות אקטיבי,תגמולים ואישית לפיצויים | מניות אקטיבי,2011,-20.1215,12,24.1
gemel,1124,כלל גמל מדד,תגמולים ואישית לפיצויים,"אג""ח ללא מניות","תגמולים ואישית לפיצויים | אג""ח ללא מניות",2011,2.9599,12,168.0
gemel,1127,כלל גמל שקלי טווח קצר,תגמולים ואישית לפיצויים,כספי,תגמולים ואישית לפיצויים | כספי,2011,2.7333,12,60.1
gemel,1128,כלל גמל כללי,תגמולים ואישית לפיצויים,כללי/מעורב/גמיש/תלוי גיל,תגמולים ואישית לפיצויים | כללי/מעורב/גמיש/תלוי גיל,2011,-5.5069,12,379.1
gemel,113,פסגות קרן אור,תגמולים ואישית לפיצויים,כללי/מעורב/גמיש/תלוי גיל,תגמולים ואישית לפיצויים | כללי/מעורב/גמיש/תלוי גיל,2011,-4.8399,12,1875.2
gemel,1139,מיטב דינאמית להשתלמות מסלול כללי,קרנות השתלמות,כללי/מעורב/גמיש/תלוי גיל,קרנות השתלמות | כללי/מעורב/גמיש/תלוי גיל,2011,-4.1575,12,484.2
gemel,114,אי.בי.אי שחר תגמולים ופיצויים,תגמולים ואישית לפיצויים,כללי/מעורב/גמיש/תלוי גיל,תגמולים ואישית לפיצויים | כללי/מעורב/גמיש/תלוי גיל,2011,-2.3161,11,14.5
gemel,1146,מנורה גמל כללי,תגמולים ואישית לפיצויים,כללי/מעורב/גמיש/תלוי גיל,תגמולים ואישית לפיצויים | כללי/מעורב/גמיש/תלוי גיל,2011,-6.1294,12,182.8
gemel,1147,"מנורה מבטחים תגמולים ופיצויים אג""ח עד 10% מניות",תגמולים ואישית לפיצויים,עד 25% מניות,תגמולים ואישית לפיצויים | עד 25% מניות,2011,0.091,12,393.1
gemel,1148,מנורה השתלמות כללי,קרנות השתלמות,כללי/מעורב/גמיש/תלוי גיל,קרנות השתלמות | כללי/מעורב/גמיש/תלוי גיל,2011,-5.5611,12,334.2
gemel,1149,"מנורה מבטחים השתלמות אג""ח עד 10% מניות",קרנות השתלמות,עד 25% מניות,קרנות השתלמות | עד 25% מניות,2011,0.1914,12,400.0
gemel,1162,ילין לפידות קרן השתלמות מסלול כללי,קרנות השתלמות,כללי/מעורב/גמיש/תלוי גיל,קרנות השתלמות | כללי/מעורב/גמיש/תלוי גיל,2011,-0.2189,12,680.4
gemel,1163,ילין לפידות קופת גמל מסלול כללי ב',תגמולים ואישית לפיצויים,כללי/מעורב/גמיש/תלוי גיל,תגמולים ואישית לפיצויים | כללי/מעורב/גמיש/תלוי גיל,2011,-0.7619,12,480.4
gemel,117,"כלל תמר אשראי ואג""ח",תגמולים ואישית לפיצויים,"אג""ח ללא מניות","תגמולים ואישית לפיצויים | אג""ח ללא מניות",2011,3.406,12,978.1
gemel,1172,"תמיר פישמן גמל אג""ח מדינה",תגמולים ואישית לפיצויים,"אג""ח ללא מניות","תגמולים ואישית לפיצויים | אג""ח ללא מניות",2011,5.7402,12,10.9
gemel,1175,"תמיר פישמן השתלמות אג""ח מדינה",קרנות השתלמות,"אג""ח ללא מניות","קרנות השתלמות | אג""ח ללא מניות",2011,5.6054,12,9.5
gemel,1183,פסגות שיא השתלמות ישראל,קרנות השתלמות,כללי/מעורב/גמיש/תלוי גיל,קרנות השתלמות | כללי/מעורב/גמיש/תלוי גיל,2011,-3.5631,12,836.6
gemel,1184,"פסגות השתלמות אג""ח",קרנות השתלמות,"אג""ח ללא מניות","קרנות השתלמות | אג""ח ללא מניות",2011,3.3781,12,471.9
gemel,1185,פסגות השתלמות מניות,קרנות השתלמות,מניות אקטיבי,קרנות השתלמות | מניות אקטיבי,2011,-16.667,12,70.2
gemel,1186,מילניום קרן השתלמות מסלולית - מסלול כללי,קרנות השתלמות,כללי/מעורב/גמיש/תלוי גיל,קרנות השתלמות | כללי/מעורב/גמיש/תלוי גיל,2011,-0.18,3,76.6
gemel,1187,מילניום קופה לתגמולים ופיצויים מסלולית - מסלול כללי,תגמולים ואישית לפיצויים,כללי/מעורב/גמיש/תלוי גיל,תגמולים ואישית לפיצויים | כללי/מעורב/גמיש/תלוי גיל,2011,-0.1802,3,93.3
gemel,1189,אקסלנס גמל עד 50% מניות,תגמולים ואישית לפיצויים,כללי/מעורב/גמיש/תלוי גיל,תגמולים ואישית לפיצויים | כללי/מעורב/גמיש/תלוי גיל,2011,-6.8582,12,168.2
gemel,119,מנורה מבטחים יותר מסלול ד',תגמולים ואישית לפיצויים,כללי/מעורב/גמיש/תלוי גיל,תגמולים ואישית לפיצויים | כללי/מעורב/גמיש/תלוי גיל,2011,-4.2153,12,658.3
gemel,1190,"הפניקס השתלמות אג""ח עד 25% מניות",קרנות השתלמות,עד 25% מניות,קרנות השתלמות | עד 25% מניות,2011,-5.7065,12,384.8
gemel,1195,מיטב וויזר גמל כללית,תגמולים ואישית לפיצויים,כללי/מעורב/גמיש/תלוי גיל,תגמולים ואישית לפיצויים | כללי/מעורב/גמיש/תלוי גיל,2011,-0.0205,3,69.9
gemel,1196,מיטב וויזר השתלמות כללית,קרנות השתלמות,כללי/מעורב/גמיש/תלוי גיל,קרנות השתלמות | כללי/מעורב/גמיש/תלוי גיל,2011,-0.1603,3,90.0
gemel,1198,"הלמן-אלדובי גמל מסלול אג""ח ללא מניות",תגמולים ואישית לפיצויים,"אג""ח ללא מניות","תגמולים ואישית לפיצויים | אג""ח ללא מניות",2011,3.0829,12,143.0
gemel,1199,"אי.בי.אי לתגמולים ופיצויים מסלול אג""ח ועוד",תגמולים ואישית לפיצויים,"אג""ח ללא מניות","תגמולים ואישית לפיצויים | אג""ח ללא מניות",2011,0.2517,12,343.8
gemel,1200,אי.בי.אי לתגמולים ופיצויים מסלול כללי,תגמולים ואישית לפיצויים,כללי/מעורב/גמיש/תלוי גיל,תגמולים ואישית לפיצויים | כללי/מעורב/גמיש/תלוי גיל,2011,-4.5269,12,241.5
gemel,1201,אי.בי.אי לתגמולים ופיצויים מסלול מניות,תגמולים ואישית לפיצויים,מניות אקטיבי,תגמולים ואישית לפיצויים | מניות אקטיבי,2011,-18.0429,12,33.6
gemel,1202,"הלמן-אלדובי קרן השתלמות מסלול אג""ח ללא מניות",קרנות השתלמות,"אג""ח ללא מניות","קרנות השתלמות | אג""ח ללא מניות",2011,2.9735,12,128.0
gemel,1203,"הלמן-אלדובי קרן השתלמות מסלול אג""ח עד 10% מניות",קרנות השתלמות,עד 25% מניות,קרנות השתלמות | עד 25% מניות,2011,0.2436,12,229.1
gemel,1204,אי.בי.אי קרן השתלמות מסלול כללי,קרנות השתלמות,כללי/מעורב/גמיש/תלוי גיל,קרנות השתלמות | כללי/מעורב/גמיש/תלוי גיל,2011,-4.1446,12,210.7
gemel,1205,אי.בי.אי קרן השתלמות מסלול מניות,קרנות השתלמות,מניות אקטיבי,קרנות השתלמות | מניות אקטיבי,2011,-18.1435,12,34.6
gemel,1207,מיטב וויזר גמל מניות,תגמולים ואישית לפיצויים,מניות אקטיבי,תגמולים ואישית לפיצויים | מניות אקטיבי,2011,-0.0955,3,3.6
gemel,1208,מיטב וויזר השתלמות מניות,קרנות השתלמות,מניות אקטיבי,קרנות השתלמות | מניות אקטיבי,2011,-0.1482,3,3.4
gemel,1209,"אינפיניטי גמל אג""ח ממשלות",תגמולים ואישית לפיצויים,"אג""ח ללא מניות","תגמולים ואישית לפיצויים | אג""ח ללא מניות",2011,1.7475,12,16.7
gemel,1210,"אינפיניטי השתלמות אג""ח ממשלות",קרנות השתלמות,"אג""ח ללא מניות","קרנות השתלמות | אג""ח ללא מניות",2011,1.6648,12,16.7
gemel,1215,פסגות שיא גמל מניות,תגמולים ואישית לפיצויים,מניות אקטיבי,תגמולים ואישית לפיצויים | מניות אקטיבי,2011,-16.9259,12,131.6
gemel,1216,פסגות שיא גמל כללי,תגמולים ואישית לפיצויים,כללי/מעורב/גמיש/תלוי גיל,תגמולים ואישית לפיצויים | כללי/מעורב/גמיש/תלוי גיל,2011,-4.0114,12,1683.9
gemel,1217,פסגות שיא השתלמות מנייתי,קרנות השתלמות,מניות אקטיבי,קרנות השתלמות | מניות אקטיבי,2011,-16.2848,12,56.9
gemel,1218,פסגות שיא השתלמות כללי,קרנות השתלמות,כללי/מעורב/גמיש/תלוי גיל,קרנות השתלמות | כללי/מעורב/גמיש/תלוי גיל,2011,-3.4048,12,1617.2
gemel,1219,אלטשולר שחם קמה,תגמולים ואישית לפיצויים,כללי/מעורב/גמיש/תלוי גיל,תגמולים ואישית לפיצויים | כללי/מעורב/גמיש/תלוי גיל,2011,3.464,12,160.7
gemel,1220,מילניום קרן השתלמות מסלולית - מסלול מניות,קרנות השתלמות,מניות אקטיבי,קרנות השתלמות | מניות אקטיבי,2011,-1.775,3,15.5
gemel,1221,מילניום קופה לתגמולים ופיצויים מסלולית - מסלול מניות,תגמולים ואישית לפיצויים,מניות אקטיבי,תגמולים ואישית לפיצויים | מניות אקטיבי,2011,-1.6293,3,14.2
gemel,1229,"הדס ארזים אפסילון תגמולים מסלול אג""ח",תגמולים ואישית לפיצויים,"אג""ח ללא מניות","תגמולים ואישית לפיצויים | אג""ח ללא מניות",2011,1.3408,12,36.7
gemel,123,אקסלנס גמולה,תגמולים ואישית לפיצויים,כללי/מעורב/גמיש/תלוי גיל,תגמולים ואישית לפיצויים | כללי/מעורב/גמיש/תלוי גיל,2011,-1.466,12,185.0
gemel,1230,הדס ארזים אפסילון תגמולים מסלול מנייתי,תגמולים ואישית לפיצויים,מניות אקטיבי,תגמולים ואישית לפיצויים | מניות אקטיבי,2011,-16.7031,12,7.1
gemel,1231,"הדס ארזים אפסילון השתלמות מסלול אג""ח",קרנות השתלמות,"אג""ח ללא מניות","קרנות השתלמות | אג""ח ללא מניות",2011,1.3301,12,14.5
gemel,1232,הדס ארזים אפסילון השתלמות מסלול מנייתי,קרנות השתלמות,מניות אקטיבי,קרנות השתלמות | מניות אקטיבי,2011,-18.0773,12,3.6
gemel,1235,"מיטב דש גמל אג""ח (ללא מניות)",תגמולים ואישית לפיצויים,"אג""ח ללא מניות","תגמולים ואישית לפיצויים | אג""ח ללא מניות",2011,3.8952,12,256.9
gemel,1236,"מיטב גמל אג""ח 85",תגמולים ואישית לפיצויים,עד 25% מניות,תגמולים ואישית לפיצויים | עד 25% מניות,2011,1.1612,12,274.0
gemel,1239,מיטב גמל מניות,תגמולים ואישית לפיצויים,מניות אקטיבי,תגמולים ואישית לפיצויים | מניות אקטיבי,2011,-14.2414,12,54.4
gemel,124,כלל תמר מדד,תגמולים ואישית לפיצויים,"אג""ח ללא מניות","תגמולים ואישית לפיצויים | אג""ח ללא מניות",2011,3.0841,12,1405.5
gemel,1240,"מיטב השתלמות אשראי ואג""ח",קרנות השתלמות,"אג""ח ללא מניות","קרנות השתלמות | אג""ח ללא מניות",2011,3.7733,12,220.2
gemel,1241,"מיטב השתלמות אג""ח 85",קרנות השתלמות,עד 25% מניות,קרנות השתלמות | עד 25% מניות,2011,1.1119,12,219.5
gemel,1244,מיטב השתלמות מניות,קרנות השתלמות,מניות אקטיבי,קרנות השתלמות | מניות אקטיבי,2011,-14.7752,12,60.5
gemel,1245,מיטב דש גמל חכם עד 40,תגמולים ואישית לפיצויים,מניות אקטיבי,תגמולים ואישית לפיצויים | מניות אקטיבי,2011,-15.3673,12,14.5
gemel,1246,מיטב גמל חכם מסלול בין 40 ל-50,תגמולים ואישית לפיצויים,כללי/מעורב/גמיש/תלוי גיל,תגמולים ואישית לפיצויים | כללי/מעורב/גמיש/תלוי גיל,2011,-4.9312,12,104.7
gemel,1247,מיטב גמל חכם מסלול בין 50 ל-60,תגמולים ואישית לפיצויים,כללי/מעורב/גמיש/תלוי גיל,תגמולים ואישית לפיצויים | כללי/מעורב/גמיש/תלוי גיל,2011,-1.2071,12,63.2
gemel,1248,מיטב גמל חכם מסלול 60 פלוס,תגמולים ואישית לפיצויים,כללי/מעורב/גמיש/תלוי גיל,תגמולים ואישית לפיצויים | כללי/מעורב/גמיש/תלוי גיל,2011,0.3192,12,109.0
gemel,1249,"מיטב גמל חכם מסלול אג""ח ב",תגמולים ואישית לפיצויים,"אג""ח ללא מניות","תגמולים ואישית לפיצויים | אג""ח ללא מניות",2011,3.8653,12,62.9
gemel,125,אשכולות קופת תגמולים כללי,תגמולים ואישית לפיצויים,כללי/מעורב/גמיש/תלוי גיל,תגמולים ואישית לפיצויים | כללי/מעורב/גמיש/תלוי גיל,2011,-6.4576,12,589.7
gemel,1250,מיטב השתלמות חכם מסלול מנייתי,קרנות השתלמות,מניות אקטיבי,קרנות השתלמות | מניות אקטיבי,2011,-15.8989,12,12.3
gemel,1251,מיטב השתלמות חכם מסלול כללי,קרנות השתלמות,כללי/מעורב/גמיש/תלוי גיל,קרנות השתלמות | כללי/מעורב/גמיש/תלוי גיל,2011,-4.5605,12,60.9
gemel,1252,"מיטב השתלמות חכם מסלול אג""ח ש",קרנות השתלמות,"אג""ח ללא מניות","קרנות השתלמות | אג""ח ללא מניות",2011,-1.7145,12,28.3
gemel,1253,"מיטב השתלמות חכם מסלול אג""ח ח",קרנות השתלמות,"אג""ח ללא מניות","קרנות השתלמות | אג""ח ללא מניות",2011,0.3798,12,55.2
gemel,1254,"מיטב השתלמות חכם מסלול אג""ח ב",קרנות השתלמות,"אג""ח ללא מניות","קרנות השתלמות | אג""ח ללא מניות",2011,4.0193,12,66.7
gemel,1255,מנורה גמל מנייתי,תגמולים ואישית לפיצויים,מניות אקטיבי,תגמולים ואישית לפיצויים | מניות אקטיבי,2011,-14.199,12,8.2
gemel,1256,מנורה מבטחים השתלמות מסלול מניות,קרנות השתלמות,מניות אקטיבי,קרנות השתלמות | מניות אקטיבי,2011,-16.2898,12,12.0
gemel,1260,פסגות שיא השתלמות בטא,קרנות השתלמות,כללי/מעורב/גמיש/תלוי גיל,קרנות השתלמות | כללי/מעורב/גמיש/תלוי גיל,2011,-7.7035,12,106.4
gemel,127,כלל תמר מניות,תגמולים ואישית לפיצויים,מניות אקטיבי,תגמולים ואישית לפיצויים | מניות אקטיבי,2011,-22.4644,12,106.6
gemel,1272,איפקס סלע תגמולים,תגמולים ואישית לפיצויים,עד 25% מניות,תגמולים ואישית לפיצויים | עד 25% מניות,2011,0.651,12,463.8
gemel,1273,איפקס עוז תגמולים,תגמולים ואישית לפיצויים,כללי/מעורב/גמיש/תלוי גיל,תגמולים ואישית לפיצויים | כללי/מעורב/גמיש/תלוי גיל,2011,-8.4523,12,80.1
gemel,1274,איפקס סלע השתלמות,קרנות השתלמות,עד 25% מניות,קרנות השתלמות | עד 25% מניות,2011,0.6936,12,497.4
gemel,1275,איפקס עוז השתלמות,קרנות השתלמות,כללי/מעורב/גמיש/תלוי גיל,קרנות השתלמות | כללי/מעורב/גמיש/תלוי גיל,2011,-8.1081,12,178.8
gemel,128,כלל תמר כספי(שקלי),תגמולים ואישית לפיצויים,כספי,תגמולים ואישית לפיצויים | כספי,2011,2.8561,12,457.7
gemel,1311,"מילניום קרן השתלמות מסלולית - מסלול אג""ח ללא מניות",קרנות השתלמות,"אג""ח ללא מניות","קרנות השתלמות | אג""ח ללא מניות",2011,-1.0904,3,49.9
gemel,1312,"מילניום קופה לתגמולים ופיצויים - מסלול אג""ח ללא מניות",תגמולים ואישית לפיצויים,"אג""ח ללא מניות","תגמולים ואישית לפיצויים | אג""ח ללא מניות",2011,-1.1005,3,64.0
gemel,1319,"ילין לפידות קרן השתלמות מסלול אשראי ואג""ח",קרנות השתלמות,"אג""ח ללא מניות","קרנות השתלמות | אג""ח ללא מניות",2011,2.8714,12,174.7
gemel,132,הלמן-אלדובי השתלמות כללי,קרנות השתלמות,כללי/מעורב/גמיש/תלוי גיל,קרנות השתלמות | כללי/מעורב/גמיש/תלוי גיל,2011,-3.9588,12,529.3
gemel,1320,"מיטב וויזר גמל אג""ח",תגמולים ואישית לפיצויים,"אג""ח ללא מניות","תגמולים ואישית לפיצויים | אג""ח ללא מניות",2011,-0.1017,3,58.3
gemel,1321,"מיטב וויזר השתלמות אג""ח",קרנות השתלמות,"אג""ח ללא מניות","קרנות השתלמות | אג""ח ללא מניות",2011,-0.1713,3,45.9
gemel,1323,הדס ארזים לפרישה 2020,תגמולים ואישית לפיצויים,כללי/מעורב/גמיש/תלוי גיל,תגמולים ואישית לפיצויים | כללי/מעורב/גמיש/תלוי גיל,2011,0.6963,12,7.7
gemel,1324,הדס ארזים לפרישה 2025,תגמולים ואישית לפיצויים,כללי/מעורב/גמיש/תלוי גיל,תגמולים ואישית לפיצויים | כללי/מעורב/גמיש/תלוי גיל,2011,-0.2403,12,3.8
gemel,1325,הדס ארזים לפרישה 2030,תגמולים ואישית לפיצויים,כללי/מעורב/גמיש/תלוי גיל,תגמולים ואישית לפיצויים | כללי/מעורב/גמיש/תלוי גיל,2011,-1.2516,12,7.6
gemel,1326,הדס ארזים לפרישה 2035,תגמולים ואישית לפיצויים,כללי/מעורב/גמיש/תלוי גיל,תגמולים ואישית לפיצויים | כללי/מעורב/גמיש/תלוי גיל,2011,-3.376,12,1.3
gemel,1327,הדס ארזים לפרישה 2040,תגמולים ואישית לפיצויים,כללי/מעורב/גמיש/תלוי גיל,תגמולים ואישית לפיצויים | כללי/מעורב/גמיש/תלוי גיל,2011,-6.8396,12,0.0
gemel,1330,פסגות גדיש מניות,תגמולים ואישית לפיצויים,מניות אקטיבי,תגמולים ואישית לפיצויים | מניות אקטיבי,2011,-16.2835,12,40.1
gemel,1331,פסגות גדיש אגח עד 10% מניות,תגמולים ואישית לפיצויים,עד 25% מניות,תגמולים ואישית לפיצויים | עד 25% מניות,2011,1.4608,12,1000.8
gemel,1332,"פסגות גדיש אג""ח",תגמולים ואישית לפיצויים,"אג""ח ללא מניות","תגמולים ואישית לפיצויים | אג""ח ללא מניות",2011,3.2623,12,365.9
gemel,1333,פסגות גדיש כספי,תגמולים ואישית לפיצויים,כספי,תגמולים ואישית לפיצויים | כספי,2011,2.8053,12,357.1
gemel,1343,מנורה מבטחים תגמולים ופיצויים מסלול כספי (שקלי),תגמולים ואישית לפיצויים,כספי,תגמולים ואישית לפיצויים | כספי,2011,2.6606,12,107.5
gemel,1344,"מנורה מבטחים תגמולים ופיצויים אג""ח ממשלת ישראל",תגמולים ואישית לפיצויים,"אג""ח ללא מניות","תגמולים ואישית לפיצויים | אג""ח ללא מניות",2011,2.3312,12,39.2
gemel,1345,מנורה גמל לפרישה 2020,תגמולים ואישית לפיצויים,כללי/מעורב/גמיש/תלוי גיל,תגמולים ואישית לפיצויים | כללי/מעורב/גמיש/תלוי גיל,2011,-6.1255,12,16.5
gemel,1346,מנורה גמל לפרישה 2030,תגמולים ואישית לפיצויים,כללי/מעורב/גמיש/תלוי גיל,תגמולים ואישית לפיצויים | כללי/מעורב/גמיש/תלוי גיל,2011,-7.0537,12,11.1
gemel,1348,"כלל השתלמות אשראי ואג""ח",קרנות השתלמות,"אג""ח ללא מניות","קרנות השתלמות | אג""ח ללא מניות",2011,3.1983,12,229.9
gemel,1350,כלל השתלמות מניות,קרנות השתלמות,מניות אקטיבי,קרנות השתלמות | מניות אקטיבי,2011,-20.2601,12,49.0
gemel,1351,כלל השתלמות כספי(שקלי),קרנות השתלמות,כספי,קרנות השתלמות | כספי,2011,2.7641,12,204.5
gemel,1354,"הפניקס השתלמות - מסלול אג""ח",קרנות השתלמות,"אג""ח ללא מניות","קרנות השתלמות | אג""ח ללא מניות",2011,4.1409,12,49.9
gemel,1355,"הפניקס תגמולים ופיצויים - מסלול אג""ח",תגמולים ואישית לפיצויים,"אג""ח ללא מניות","תגמולים ואישית לפיצויים | אג""ח ללא מניות",2011,4.2028,12,27.3
gemel,1356,הדס ארזים אפסילון השתלמות מסלול שקלי טווח קצר,קרנות השתלמות,כספי,קרנות השתלמות | כספי,2011,2.7839,12,3.7
gemel,1358,הדס ארזים אפסילון תגמולים מסלול שקלי טווח קצר,תגמולים ואישית לפיצויים,כספי,תגמולים ואישית לפיצויים | כספי,2011,2.8866,12,6.0
gemel,1360,"ילין לפידות קופת גמל מסלול אג""ח ממשלות",תגמולים ואישית לפיצויים,"אג""ח ללא מניות","תגמולים ואישית לפיצויים | אג""ח ללא מניות",2011,3.4632,12,104.5
gemel,1361,"ילין לפידות קרן השתלמות מסלול אג""ח ממשלות",קרנות השתלמות,"אג""ח ללא מניות","קרנות השתלמות | אג""ח ללא מניות",2011,3.5846,12,61.2
gemel,1364,מנורה מבטחים תגמולים ופיצויים מסלול מניות,תגמולים ואישית לפיצויים,מניות אקטיבי,תגמולים ואישית לפיצויים | מניות אקטיבי,2011,-20.2418,12,1.5
gemel,1366,מנורה מבטחים השתלמות מסלול מניות,קרנות השתלמות,מניות אקטיבי,קרנות השתלמות | מניות אקטיבי,2011,-25.6005,12,2.7
gemel,1370,מיטב השתלמות כספי (שקלי),קרנות השתלמות,כספי,קרנות השתלמות | כספי,2011,2.713,12,17.3
gemel,1371,מיטב דינאמית גמל כספית ללא מניות,תגמולים ואישית לפיצויים,כספי,תגמולים ואישית לפיצויים | כספי,2011,2.7028,12,16.8
gemel,1380,להבה מסלול שקלי,קרנות השתלמות,"אג""ח ללא מניות","קרנות השתלמות | אג""ח ללא מניות",2011,7.0036,12,13.1
gemel,1406,"מנורה מבטחים השתלמות מסלול אג""ח קונצרניות",קרנות השתלמות,"אג""ח ללא מניות","קרנות השתלמות | אג""ח ללא מניות",2011,0.3011,12,21.8
gemel,1407,"מנורה מבטחים השתלמות מסלול אג""ח ממשלתי צמוד",קרנות השתלמות,"אג""ח ללא מניות","קרנות השתלמות | אג""ח ללא מניות",2011,3.5552,12,30.0
gemel,1408,"מנורה מבטחים השתלמות מסלול אג""ח ממשלת ישראל",קרנות השתלמות,"אג""ח ללא מניות","קרנות השתלמות | אג""ח ללא מניות",2011,5.331,12,37.1
gemel,1409,מנורה מבטחים השתלמות מסלול מניות סחיר,קרנות השתלמות,מניות אקטיבי,קרנות השתלמות | מניות אקטיבי,2011,-5.4329,12,2.7
gemel,1412,"אנליסט גמל אג""ח ממשלות",תגמולים ואישית לפיצויים,"אג""ח ללא מניות","תגמולים ואישית לפיצויים | אג""ח ללא מניות",2011,2.6389,12,33.3
gemel,1415,הדס ארזים לפרישה כספית,תגמולים ואישית לפיצויים,כספי,תגמולים ואישית לפיצויים | כספי,2011,3.0305,12,6.9
gemel,1422,פסגות גמל כספית,תגמולים ואישית לפיצויים,כספי,תגמולים ואישית לפיצויים | כספי,2011,2.7028,12,52.1
gemel,1423,"פסגות גמל אג""ח מדינה",תגמולים ואישית לפיצויים,"אג""ח ללא מניות","תגמולים ואישית לפיצויים | אג""ח ללא מניות",2011,4.8057,12,80.3
gemel,1424,פסגות שיא השתלמות אגח עד 10% מניות,קרנות השתלמות,עד 25% מניות,קרנות השתלמות | עד 25% מניות,2011,3.3095,12,32.9
gemel,1425,פסגות השתלמות כספית,קרנות השתלמות,כספי,קרנות השתלמות | כספי,2011,2.7335,12,30.7
gemel,1426,"פסגות השתלמות אג""ח מדינה",קרנות השתלמות,"אג""ח ללא מניות","קרנות השתלמות | אג""ח ללא מניות",2011,4.86,12,39.3
gemel,1427,"פסגות שיא השתלמות מסלולית אג""ח ללא מניות",קרנות השתלמות,"אג""ח ללא מניות","קרנות השתלמות | אג""ח ללא מניות",2011,3.4426,12,184.4
gemel,1428,פסגות שיא השתלמות מסלולית כספית,קרנות השתלמות,כספי,קרנות השתלמות | כספי,2011,2.7848,12,35.5
gemel,1429,"פסגות שיא השתלמות אג""ח ממשלת ישראל",קרנות השתלמות,"אג""ח ללא מניות","קרנות השתלמות | אג""ח ללא מניות",2011,4.9943,12,69.4
gemel,1431,"פסגות גדיש אג""ח ממשלת ישראל",תגמולים ואישית לפיצויים,"אג""ח ללא מניות","תגמולים ואישית לפיצויים | אג""ח ללא מניות",2011,4.7211,12,177.9
gemel,1432,הדס ארזים משתלמת מסלול כספית,קרנות השתלמות,כספי,קרנות השתלמות | כספי,2011,2.5695,12,3.5
gemel,1435,הדס ארזים משתלמת מסלול זהב,קרנות השתלמות,כללי/מעורב/גמיש/תלוי גיל,קרנות השתלמות | כללי/מעורב/גמיש/תלוי גיל,2011,-0.5164,12,5.8
gemel,1442,"הלמן-אלדובי גמל מסלול פאסיבי - מדדי אג""ח ממשלת ישראל",תגמולים ואישית לפיצויים,"אג""ח ללא מניות","תגמולים ואישית לפיצויים | אג""ח ללא מניות",2011,3.7454,12,13.8
gemel,1443,"הלמן-אלדובי קרן השתלמות מסלול פאסיבי - מדדי אג""ח ממשלת ישראל",קרנות השתלמות,"אג""ח ללא מניות","קרנות השתלמות | אג""ח ללא מניות",2011,3.6732,12,13.2
gemel,1448,"מיטב וויזר גמל אג""ח ממשלתי",תגמולים ואישית לפיצויים,"אג""ח ללא מניות","תגמולים ואישית לפיצויים | אג""ח ללא מניות",2011,-1.0196,3,3.0
gemel,1468,"מיטב וויזר השתלמות אג""ח ממשלתי",קרנות השתלמות,"אג""ח ללא מניות","קרנות השתלמות | אג""ח ללא מניות",2011,-1.2893,3,1.8
gemel,1490,"אינפיניטי גמל אג""ח קונצרני",תגמולים ואישית לפיצויים,"אג""ח ללא מניות","תגמולים ואישית לפיצויים | אג""ח ללא מניות",2011,-0.6168,12,4.7
gemel,1491,"אינפיניטי השתלמות אג""ח קונצרני",קרנות השתלמות,"אג""ח ללא מניות","קרנות השתלמות | אג""ח ללא מניות",2011,-1.1331,12,6.4
gemel,1516,אי.בי.אי לתגמולים ופיצויים מניות בארץ,תגמולים ואישית לפיצויים,מניות אקטיבי,תגמולים ואישית לפיצויים | מניות אקטיבי,2011,-22.0031,12,2.6
gemel,1517,"תמיר פישמן גמל מניות חו""ל",תגמולים ואישית לפיצויים,מניות אקטיבי,תגמולים ואישית לפיצויים | מניות אקטיבי,2011,0.4696,12,2.5
gemel,1518,אי.בי.אי קרן השתלמות מסלול מניות בארץ,קרנות השתלמות,מניות אקטיבי,קרנות השתלמות | מניות אקטיבי,2011,-22.4488,12,3.0
gemel,1519,"תמיר פישמן השתלמות מניות חו""ל",קרנות השתלמות,מניות אקטיבי,קרנות השתלמות | מניות אקטיבי,2011,2.2934,12,3.6
gemel,1533,כלל תמר מסלול הלכתי (הוד),תגמולים ואישית לפיצויים,כללי/מעורב/גמיש/תלוי גיל,תגמולים ואישית לפיצויים | כללי/מעורב/גמיש/תלוי גיל,2011,-5.0807,8,2.5
gemel,1534,כלל השתלמות הלכה,קרנות השתלמות,כללי/מעורב/גמיש/תלוי גיל,קרנות השתלמות | כללי/מעורב/גמיש/תלוי גיל,2011,-0.7173,11,10.3
gemel,1536,אינפיניטי גמל מניות,תגמולים ואישית לפיצויים,מניות אקטיבי,תגמולים ואישית לפיצויים | מניות אקטיבי,2011,-2.0356,7,3.4
gemel,1537,אינפיניטי השתלמות מניות,קרנות השתלמות,מניות אקטיבי,קרנות השתלמות | מניות אקטיבי,2011,-1.1461,7,5.5
gemel,1543,"הלמן-אלדובי גמל מסלול מדדי מניות חו""ל (פאסיבי)",תגמולים ואישית לפיצויים,מניות פאסיבי,תגמולים ואישית לפיצויים | מניות פאסיבי,2011,-2.9,1,0.4
gemel,1544,"הלמן-אלדובי קרן השתלמות מסלול פאסיבי - מדדי מניות חו""ל",קרנות השתלמות,מניות פאסיבי,קרנות השתלמות | מניות פאסיבי,2011,-2.49,1,0.3
gemel,205,"פסגות גדיש חו""ל",תגמולים ואישית לפיצויים,כללי/מעורב/גמיש/תלוי גיל,תגמולים ואישית לפיצויים | כללי/מעורב/גמיש/תלוי גיל,2011,5.6604,12,51.0
gemel,208,"פסגות גדיש אג""ח קונצרני",תגמולים ואישית לפיצויים,"אג""ח ללא מניות","תגמולים ואישית לפיצויים | אג""ח ללא מניות",2011,-0.9007,12,36.2
gemel,211,"הפניקס גמל אג""ח עד 15% מניות",תגמולים ואישית לפיצויים,עד 25% מניות,תגמולים ואישית לפיצויים | עד 25% מניות,2011,0.4641,12,446.8
gemel,216,פסגות שיא גמל כספית,תגמולים ואישית לפיצויים,כספי,תגמולים ואישית לפיצויים | כספי,2011,2.795,12,221.7
gemel,223,"מיטב גמל אשראי ואג""ח",תגמולים ואישית לפיצויים,"אג""ח ללא מניות","תגמולים ואישית לפיצויים | אג""ח ללא מניות",2011,4.432,12,545.1
gemel,251,מיטב מרתון גמל,תגמולים ואישית לפיצויים,כללי/מעורב/גמיש/תלוי גיל,תגמולים ואישית לפיצויים | כללי/מעורב/גמיש/תלוי גיל,2011,-1.7161,12,883.0
gemel,253,"כלל תמר אג""ח עד 25% מניות",תגמולים ואישית לפיצויים,עד 25% מניות,תגמולים ואישית לפיצויים | עד 25% מניות,2011,-6.6918,12,10711.9
gemel,256,מיטב קרן השפע,תגמולים ואישית לפיצויים,כללי/מעורב/גמיש/תלוי גיל,תגמולים ואישית לפיצויים | כללי/מעורב/גמיש/תלוי גיל,2011,-2.0869,12,776.3
gemel,257,הלמן-אלדובי גמל ישראל,תגמולים ואישית לפיצויים,כללי/מעורב/גמיש/תלוי גיל,תגמולים ואישית לפיצויים | כללי/מעורב/גמיש/תלוי גיל,2011,-3.8105,12,984.4
gemel,259,הלמן-אלדובי גמל כללי (לשעבר קופת פקידי מרכנתיל דיסקונט),תגמולים ואישית לפיצויים,כללי/מעורב/גמיש/תלוי גיל,תגמולים ואישית לפיצויים | כללי/מעורב/גמיש/תלוי גיל,2011,-1.3823,12,180.9
gemel,260,מנורה מבטחים אמיר כללי,תגמולים ואישית לפיצויים,כללי/מעורב/גמיש/תלוי גיל,תגמולים ואישית לפיצויים | כללי/מעורב/גמיש/תלוי גיל,2011,-6.1192,12,250.2
gemel,263,"בר קרן גמולים קופת גמל לתגמולים ופיצויים בניהול כלל גמל בע""מ",תגמולים ואישית לפיצויים,כללי/מעורב/גמיש/תלוי גיל,תגמולים ואישית לפיצויים | כללי/מעורב/גמיש/תלוי גיל,2011,-5.885,12,3354.4
gemel,264,גפן,תגמולים ואישית לפיצויים,כללי/מעורב/גמיש/תלוי גיל,תגמולים ואישית לפיצויים | כללי/מעורב/גמיש/תלוי גיל,2011,-7.1151,12,1414.0
gemel,265,אקסלנס גמל פלטינום עד 15% מניות,תגמולים ואישית לפיצויים,עד 25% מניות,תגמולים ואישית לפיצויים | עד 25% מניות,2011,-2.1243,12,636.5
gemel,266,אקסלנס טפחות גמל,תגמולים ואישית לפיצויים,כללי/מעורב/גמיש/תלוי גיל,תגמולים ואישית לפיצויים | כללי/מעורב/גמיש/תלוי גיל,2011,-3.7997,12,761.7
gemel,270,פסגות גדיש אגח עד 20% מניות,תגמולים ואישית לפיצויים,עד 25% מניות,תגמולים ואישית לפיצויים | עד 25% מניות,2011,0.4646,12,266.5
gemel,275,איניפיניטי גמל דינמי,תגמולים ואישית לפיצויים,כללי/מעורב/גמיש/תלוי גיל,תגמולים ואישית לפיצויים | כללי/מעורב/גמיש/תלוי גיל,2011,-5.7429,12,57.0
gemel,309,מנורה מבטחים תגמולים ופיצויים - קופת עובדים חקלאיים,תגמולים ואישית לפיצויים,כללי/מעורב/גמיש/תלוי גיל,תגמולים ואישית לפיצויים | כללי/מעורב/גמיש/תלוי גיל,2011,-0.8787,12,12.4
gemel,348,אי.בי.אי עתודה תגמולים ופיצויים,תגמולים ואישית לפיצויים,כללי/מעורב/גמיש/תלוי גיל,תגמולים ואישית לפיצויים | כללי/מעורב/גמיש/תלוי גיל,2011,-5.6091,11,5.4
gemel,356,מיטב השתלמות חכם מסלול משתלם,קרנות השתלמות,כללי/מעורב/גמיש/תלוי גיל,קרנות השתלמות | כללי/מעורב/גמיש/תלוי גיל,2011,-1.661,12,715.3
gemel,374,"אפסילון תגמולים מעיין (לשעבר קופת תה""ל)",תגמולים ואישית לפיצויים,כללי/מעורב/גמיש/תלוי גיל,תגמולים ואישית לפיצויים | כללי/מעורב/גמיש/תלוי גיל,2011,-5.8551,12,142.0
gemel,377,ענבר - קופת תגמולים ליד כלל (ישראל),תגמולים ואישית לפיצויים,כללי/מעורב/גמיש/תלוי גיל,תגמולים ואישית לפיצויים | כללי/מעורב/גמיש/תלוי גיל,2011,-6.902,12,376.4
gemel,385,"הפניקס גמל אשראי ואג""ח",תגמולים ואישית לפיצויים,"אג""ח ללא מניות","תגמולים ואישית לפיצויים | אג""ח ללא מניות",2011,3.7323,12,1111.5
gemel,387,מיטב משתלם א',קרנות השתלמות,כללי/מעורב/גמיש/תלוי גיל,קרנות השתלמות | כללי/מעורב/גמיש/תלוי גיל,2011,-2.2033,12,1016.8
gemel,396,פסגות שיא השתלמות כללי,קרנות השתלמות,כללי/מעורב/גמיש/תלוי גיל,קרנות השתלמות | כללי/מעורב/גמיש/תלוי גיל,2011,-3.9476,12,4643.0
gemel,399,אקסלנס השתלמות פלטינום,קרנות השתלמות,כללי/מעורב/גמיש/תלוי גיל,קרנות השתלמות | כללי/מעורב/גמיש/תלוי גיל,2011,-2.8508,12,1524.3
gemel,401,הפניקס גמל לבני 60 ומעלה,תגמולים ואישית לפיצויים,כללי/מעורב/גמיש/תלוי גיל,תגמולים ואישית לפיצויים | כללי/מעורב/גמיש/תלוי גיל,2011,-4.5397,12,621.3
gemel,406,אקסלנס טפחות השתלמות,קרנות השתלמות,כללי/מעורב/גמיש/תלוי גיל,קרנות השתלמות | כללי/מעורב/גמיש/תלוי גיל,2011,-2.1326,12,132.6
gemel,415,גמל זהב (1981) קופת תגמולים לשעבר מקבוצת מזרחי טפחות,תגמולים ואישית לפיצויים,כללי/מעורב/גמיש/תלוי גיל,תגמולים ואישית לפיצויים | כללי/מעורב/גמיש/תלוי גיל,2011,-4.689,12,21.8
gemel,417,מנורה מבטחים תעוש - מסלול כללי,תגמולים ואישית לפיצויים,כללי/מעורב/גמיש/תלוי גיל,תגמולים ואישית לפיצויים | כללי/מעורב/גמיש/תלוי גיל,2011,-3.5863,12,465.2
gemel,421,אקסלנס אמנה,תגמולים ואישית לפיצויים,כללי/מעורב/גמיש/תלוי גיל,תגמולים ואישית לפיצויים | כללי/מעורב/גמיש/תלוי גיל,2011,0.6738,12,289.1
gemel,422,אקסלנס שומרון,תגמולים ואישית לפיצויים,כללי/מעורב/גמיש/תלוי גיל,תגמולים ואישית לפיצויים | כללי/מעורב/גמיש/תלוי גיל,2011,-4.9357,12,250.9
gemel,435,שקמה,תגמולים ואישית לפיצויים,כללי/מעורב/גמיש/תלוי גיל,תגמולים ואישית לפיצויים | כללי/מעורב/גמיש/תלוי גיל,2011,-7.0872,12,210.0
gemel,436,אקסלנס אורית,תגמולים ואישית לפיצויים,כללי/מעורב/גמיש/תלוי גיל,תגמולים ואישית לפיצויים | כללי/מעורב/גמיש/תלוי גיל,2011,-6.9849,12,152.4
gemel,444,כלל איתן כללי,תגמולים ואישית לפיצויים,כללי/מעורב/גמיש/תלוי גיל,תגמולים ואישית לפיצויים | כללי/מעורב/גמיש/תלוי גיל,2011,-7.0877,12,589.8
gemel,450,פסגות גדיש בטא,תגמולים ואישית לפיצויים,כללי/מעורב/גמיש/תלוי גיל,תגמולים ואישית לפיצויים | כללי/מעורב/גמיש/תלוי גיל,2011,-8.5698,12,275.9
gemel,456,כלל השתלמות כללי,קרנות השתלמות,כללי/מעורב/גמיש/תלוי גיל,קרנות השתלמות | כללי/מעורב/גמיש/תלוי גיל,2011,-6.7113,12,2049.1
gemel,460,כלל איתן כללי דגש חזק,תגמולים ואישית לפיצויים,כללי/מעורב/גמיש/תלוי גיל,תגמולים ואישית לפיצויים | כללי/מעורב/גמיש/תלוי גיל,2011,-16.3252,12,54.2
gemel,503,מנורה מבטחים תגמולים ופיצויים - קרן פועלים חקלאים,תגמולים ואישית לפיצויים,כללי/מעורב/גמיש/תלוי גיל,תגמולים ואישית לפיצויים | כללי/מעורב/גמיש/תלוי גיל,2011,-1.4811,12,41.0
gemel,515,"מגן קרן פנסיה מרכזית בע""מ - קופת תגמולים",תגמולים ואישית לפיצויים,כללי/מעורב/גמיש/תלוי גיל,תגמולים ואישית לפיצויים | כללי/מעורב/גמיש/תלוי גיל,2011,-4.359,12,44.1
gemel,521,"הפניקס תגמולים ופיצויים - מסלול אג""ח עד 25% מניות",תגמולים ואישית לפיצויים,עד 25% מניות,תגמולים ואישית לפיצויים | עד 25% מניות,2011,1.3399,12,46.6
gemel,541,חיננית קופת תגמולים - טווח בינוני - לשעבר מקבוצת מזרחי טפחות,תגמולים ואישית לפיצויים,"אג""ח ללא מניות","תגמולים ואישית לפיצויים | אג""ח ללא מניות",2011,0.6248,12,20.8
gemel,542,חיננית - מסלול טווח ארוך,תגמולים ואישית לפיצויים,"אג""ח ללא מניות","תגמולים ואישית לפיצויים | אג""ח ללא מניות",2011,3.5544,12,35.6
gemel,544,חיננית - מסלול מניות,תגמולים ואישית לפיצויים,מניות אקטיבי,תגמולים ואישית לפיצויים | מניות אקטיבי,2011,-14.9923,12,19.3
gemel,545,חיננית - מסלול שקלי,תגמולים ואישית לפיצויים,"אג""ח ללא מניות","תגמולים ואישית לפיצויים | אג""ח ללא מניות",2011,4.5956,12,36.7
gemel,547,פסגות סגנון גמל מניות,תגמולים ואישית לפיצויים,מניות אקטיבי,תגמולים ואישית לפיצויים | מניות אקטיבי,2011,-15.9414,12,87.4
gemel,548,"פסגות גדיש אג""ח חו""ל",תגמולים ואישית לפיצויים,"אג""ח ללא מניות","תגמולים ואישית לפיצויים | אג""ח ללא מניות",2011,10.3121,12,19.8
gemel,549,פסגות גמל מדדית,תגמולים ואישית לפיצויים,"אג""ח ללא מניות","תגמולים ואישית לפיצויים | אג""ח ללא מניות",2011,2.3449,12,164.2
gemel,550,פסגות גדיש שקלית,תגמולים ואישית לפיצויים,"אג""ח ללא מניות","תגמולים ואישית לפיצויים | אג""ח ללא מניות",2011,4.6188,12,269.3
gemel,560,אנליסט קרן השתלמות כללי,קרנות השתלמות,כללי/מעורב/גמיש/תלוי גיל,קרנות השתלמות | כללי/מעורב/גמיש/תלוי גיל,2011,-4.7948,12,2175.7
gemel,561,להבה מסלול כללי,קרנות השתלמות,כללי/מעורב/גמיש/תלוי גיל,קרנות השתלמות | כללי/מעורב/גמיש/תלוי גיל,2011,-5.2542,12,372.2
gemel,592,כלל תמר שקלים,תגמולים ואישית לפיצויים,"אג""ח ללא מניות","תגמולים ואישית לפיצויים | אג""ח ללא מניות",2011,4.1906,12,441.9
gemel,609,פסגות השתלמות פלטינום,קרנות השתלמות,כללי/מעורב/גמיש/תלוי גיל,קרנות השתלמות | כללי/מעורב/גמיש/תלוי גיל,2011,-5.6148,12,847.3
gemel,610,"פסגות שיא השתלמות אג""ח",קרנות השתלמות,"אג""ח ללא מניות","קרנות השתלמות | אג""ח ללא מניות",2011,3.3275,12,277.9
gemel,611,פסגות שיא השתלמות כספי,קרנות השתלמות,כספי,קרנות השתלמות | כספי,2011,2.7745,12,286.7
gemel,612,פסגות שיא השתלמות מניות,קרנות השתלמות,מניות אקטיבי,קרנות השתלמות | מניות אקטיבי,2011,-17.3573,12,34.6
gemel,642,תואר,תגמולים ואישית לפיצויים,כללי/מעורב/גמיש/תלוי גיל,תגמולים ואישית לפיצויים | כללי/מעורב/גמיש/תלוי גיל,2011,-6.3959,12,193.5
gemel,685,אקסלנס גמל,תגמולים ואישית לפיצויים,כללי/מעורב/גמיש/תלוי גיל,תגמולים ואישית לפיצויים | כללי/מעורב/גמיש/תלוי גיל,2011,-3.5218,12,1379.3
gemel,686,הפניקס השתלמות לטווח קצר,קרנות השתלמות,כללי/מעורב/גמיש/תלוי גיל,קרנות השתלמות | כללי/מעורב/גמיש/תלוי גיל,2011,-3.1996,12,2827.2
gemel,689,כלל מושלם תגמולים,תגמולים ואישית לפיצויים,כללי/מעורב/גמיש/תלוי גיל,תגמולים ואישית לפיצויים | כללי/מעורב/גמיש/תלוי גיל,2011,-5.8279,12,228.5
gemel,707,פסגות גמל עד 10% מניות,תגמולים ואישית לפיצויים,עד 25% מניות,תגמולים ואישית לפיצויים | עד 25% מניות,2011,1.3974,12,815.1
gemel,708,פסגות גמל כללי,תגמולים ואישית לפיצויים,כללי/מעורב/גמיש/תלוי גיל,תגמולים ואישית לפיצויים | כללי/מעורב/גמיש/תלוי גיל,2011,-3.7969,12,5261.7
gemel,709,פסגות גמל מניות,תגמולים ואישית לפיצויים,מניות אקטיבי,תגמולים ואישית לפיצויים | מניות אקטיבי,2011,-16.6444,12,71.3
gemel,714,אקסלנס השתלמות זהב עד 15% מניות,קרנות השתלמות,עד 25% מניות,קרנות השתלמות | עד 25% מניות,2011,0.7474,12,306.5
gemel,715,הפניקס השתלמות כספי (שקלי),קרנות השתלמות,כספי,קרנות השתלמות | כספי,2011,3.0412,12,45.4
gemel,716,"הפניקס השתלמות אשראי ואג""ח",קרנות השתלמות,"אג""ח ללא מניות","קרנות השתלמות | אג""ח ללא מניות",2011,2.9424,12,261.9
gemel,718,אקסלנס השתלמות זהב - מסלול מניות,קרנות השתלמות,מניות אקטיבי,קרנות השתלמות | מניות אקטיבי,2011,-21.7835,12,23.5
gemel,721,כלל מושלם השתלמות,קרנות השתלמות,כללי/מעורב/גמיש/תלוי גיל,קרנות השתלמות | כללי/מעורב/גמיש/תלוי גיל,2011,-6.2416,12,274.1
gemel,722,"הלמן-אלדובי בר-יציב אג""ח צמוד מדד",תגמולים ואישית לפיצויים,"אג""ח ללא מניות","תגמולים ואישית לפיצויים | אג""ח ללא מניות",2011,2.0996,12,143.3
gemel,723,הלמן-אלדובי בר-יציב שקלי,תגמולים ואישית לפיצויים,"אג""ח ללא מניות","תגמולים ואישית לפיצויים | אג""ח ללא מניות",2011,3.8887,12,200.5
gemel,724,הלמן-אלדובי גמל מניות,תגמולים ואישית לפיצויים,מניות אקטיבי,תגמולים ואישית לפיצויים | מניות אקטיבי,2011,-15.7764,12,33.0
gemel,725,הדס ארזים גמל,תגמולים ואישית לפיצויים,כללי/מעורב/גמיש/תלוי גיל,תגמולים ואישית לפיצויים | כללי/מעורב/גמיש/תלוי גיל,2011,-3.4606,12,315.6
gemel,730,אנליסט קתדרה כללי,תגמולים ואישית לפיצויים,כללי/מעורב/גמיש/תלוי גיל,תגמולים ואישית לפיצויים | כללי/מעורב/גמיש/תלוי גיל,2011,-3.3925,12,96.1
gemel,732,"אנליסט קתדרה קופת גמל - מסלול אג""ח",תגמולים ואישית לפיצויים,"אג""ח ללא מניות","תגמולים ואישית לפיצויים | אג""ח ללא מניות",2011,1.5853,12,17.1
gemel,733,"אנליסט קתדרה קופת גמל - מסלול אג""ח ממשלתי",תגמולים ואישית לפיצויים,"אג""ח ללא מניות","תגמולים ואישית לפיצויים | אג""ח ללא מניות",2011,2.4239,12,7.0
gemel,734,אנליסט קתדרה קופת גמל - מסלול מניות,תגמולים ואישית לפיצויים,מניות אקטיבי,תגמולים ואישית לפיצויים | מניות אקטיבי,2011,-23.0089,12,4.7
gemel,736,"הלמן-אלדובי השתלמות אג""ח",קרנות השתלמות,"אג""ח ללא מניות","קרנות השתלמות | אג""ח ללא מניות",2011,2.8586,12,43.8
gemel,737,הלמן-אלדובי השתלמות שקלי,קרנות השתלמות,"אג""ח ללא מניות","קרנות השתלמות | אג""ח ללא מניות",2011,3.7429,12,60.9
gemel,738,הלמן-אלדובי השתלמות מניות,קרנות השתלמות,מניות אקטיבי,קרנות השתלמות | מניות אקטיבי,2011,-15.2839,12,20.0
gemel,746,קהילה קרן השתלמות,קרנות השתלמות,כללי/מעורב/גמיש/תלוי גיל,קרנות השתלמות | כללי/מעורב/גמיש/תלוי גיל,2011,-6.674,12,750.3
gemel,747,איפקס תגמולים כללי,תגמולים ואישית לפיצויים,כללי/מעורב/גמיש/תלוי גיל,תגמולים ואישית לפיצויים | כללי/מעורב/גמיש/תלוי גיל,2011,-4.7477,12,182.4
gemel,749,איפקס השתלמות כללי,קרנות השתלמות,כללי/מעורב/גמיש/תלוי גיל,קרנות השתלמות | כללי/מעורב/גמיש/תלוי גיל,2011,-4.8449,12,525.2
gemel,767,מיטב גמל הלכה,תגמולים ואישית לפיצויים,כללי/מעורב/גמיש/תלוי גיל,תגמולים ואישית לפיצויים | כללי/מעורב/גמיש/תלוי גיל,2011,-3.3251,12,54.4
gemel,768,מיטב השתלמות הלכה,קרנות השתלמות,כללי/מעורב/גמיש/תלוי גיל,קרנות השתלמות | כללי/מעורב/גמיש/תלוי גיל,2011,-3.9756,12,47.6
gemel,770,אי.בי.אי תגמולים - כללי,תגמולים ואישית לפיצויים,כללי/מעורב/גמיש/תלוי גיל,תגמולים ואישית לפיצויים | כללי/מעורב/גמיש/תלוי גיל,2011,-5.6278,12,17.4
gemel,772,כלל השתלמות מסלולית מסלול כללי,קרנות השתלמות,כללי/מעורב/גמיש/תלוי גיל,קרנות השתלמות | כללי/מעורב/גמיש/תלוי גיל,2011,-5.7907,12,762.8
gemel,774,"פסגות סגנון גמל אג""ח",תגמולים ואישית לפיצויים,"אג""ח ללא מניות","תגמולים ואישית לפיצויים | אג""ח ללא מניות",2011,3.5544,12,128.9
gemel,775,פסגות גמל בטא סגנון,תגמולים ואישית לפיצויים,כללי/מעורב/גמיש/תלוי גיל,תגמולים ואישית לפיצויים | כללי/מעורב/גמיש/תלוי גיל,2011,-7.8617,12,597.4
gemel,776,פסגות סגנון גמל כספית,תגמולים ואישית לפיצויים,כספי,תגמולים ואישית לפיצויים | כספי,2011,2.7745,12,136.1
gemel,778,מיטב דינאמית להשתלמות מסלול מניות,קרנות השתלמות,מניות אקטיבי,קרנות השתלמות | מניות אקטיבי,2011,-15.8507,12,35.0
gemel,780,מיטב דינאמית להשתלמות מסלול צמוד מדד,קרנות השתלמות,"אג""ח ללא מניות","קרנות השתלמות | אג""ח ללא מניות",2011,3.8731,12,87.9
gemel,781,מיטב דינאמית להשתלמות מסלול שקלי,קרנות השתלמות,"אג""ח ללא מניות","קרנות השתלמות | אג""ח ללא מניות",2011,5.0758,12,37.1
gemel,782,מיטב דינאמית גמל מסלול מניות,תגמולים ואישית לפיצויים,מניות אקטיבי,תגמולים ואישית לפיצויים | מניות אקטיבי,2011,-15.4512,12,32.3
gemel,784,מיטב דינאמית גמל מסלול צמוד מדד,תגמולים ואישית לפיצויים,"אג""ח ללא מניות","תגמולים ואישית לפיצויים | אג""ח ללא מניות",2011,3.8941,12,63.5
gemel,785,מיטב דינאמית גמל מסלול שקלי,תגמולים ואישית לפיצויים,"אג""ח ללא מניות","תגמולים ואישית לפיצויים | אג""ח ללא מניות",2011,4.8976,12,39.2
gemel,786,מיטב מאור,קרנות השתלמות,כללי/מעורב/גמיש/תלוי גיל,קרנות השתלמות | כללי/מעורב/גמיש/תלוי גיל,2011,4.3925,12,125.3
gemel,787,אקסלנס גמל פלטינום שקלי,תגמולים ואישית לפיצויים,"אג""ח ללא מניות","תגמולים ואישית לפיצויים | אג""ח ללא מניות",2011,4.3064,12,112.9
gemel,788,אקסלנס אופיר - מסלול כללי,תגמולים ואישית לפיצויים,כללי/מעורב/גמיש/תלוי גיל,תגמולים ואישית לפיצויים | כללי/מעורב/גמיש/תלוי גיל,2011,-3.2015,12,305.5
gemel,790,אקסלנס גמל פלטינום מניות,תגמולים ואישית לפיצויים,מניות אקטיבי,תגמולים ואישית לפיצויים | מניות אקטיבי,2011,-22.4633,12,50.3
gemel,791,אקסלנס אופיר - מסלול שקלי טווח קצר,תגמולים ואישית לפיצויים,כספי,תגמולים ואישית לפיצויים | כספי,2011,2.9075,12,118.7
gemel,792,"אקסלנס גמל אג""ח צמוד מדד",תגמולים ואישית לפיצויים,"אג""ח ללא מניות","תגמולים ואישית לפיצויים | אג""ח ללא מניות",2011,3.3153,12,368.5
gemel,794,אקסלנס השתלמות פלטינום שקלי,קרנות השתלמות,"אג""ח ללא מניות","קרנות השתלמות | אג""ח ללא מניות",2011,4.2866,12,104.6
gemel,795,אקסלנס עדי - מסלול כללי,קרנות השתלמות,כללי/מעורב/גמיש/תלוי גיל,קרנות השתלמות | כללי/מעורב/גמיש/תלוי גיל,2011,-3.4985,12,240.2
gemel,797,אקסלנס השתלמות מניות,קרנות השתלמות,מניות אקטיבי,קרנות השתלמות | מניות אקטיבי,2011,-19.4223,12,44.3
gemel,798,אקסלנס עדי - מסלול שקלי טווח קצר,קרנות השתלמות,כספי,קרנות השתלמות | כספי,2011,2.9999,12,143.3
gemel,799,אקסלנס השתלמות צמוד מדד,קרנות השתלמות,"אג""ח ללא מניות","קרנות השתלמות | אג""ח ללא מניות",2011,3.3641,12,325.0
gemel,808,אקסלנס גמל ללא מניות,תגמולים ואישית לפיצויים,"אג""ח ללא מניות","תגמולים ואישית לפיצויים | אג""ח ללא מניות",2011,2.4181,12,31.9
gemel,809,אקסלנס השתלמות ללא מניות,קרנות השתלמות,"אג""ח ללא מניות","קרנות השתלמות | אג""ח ללא מניות",2011,2.4002,12,39.4
gemel,811,אנליסט מסלולית קופת גמל ישראל,תגמולים ואישית לפיצויים,כללי/מעורב/גמיש/תלוי גיל,תגמולים ואישית לפיצויים | כללי/מעורב/גמיש/תלוי גיל,2011,-10.6208,12,564.1
gemel,812,אנליסט גמל כללי,תגמולים ואישית לפיצויים,כללי/מעורב/גמיש/תלוי גיל,תגמולים ואישית לפיצויים | כללי/מעורב/גמיש/תלוי גיל,2011,-4.7384,12,804.7
gemel,813,"אנליסט גמל אשראי ואג""ח",תגמולים ואישית לפיצויים,"אג""ח ללא מניות","תגמולים ואישית לפיצויים | אג""ח ללא מניות",2011,0.9697,12,76.0
gemel,814,אנליסט גמל מניות,תגמולים ואישית לפיצויים,מניות אקטיבי,תגמולים ואישית לפיצויים | מניות אקטיבי,2011,-20.7692,12,85.0
gemel,815,אנליסט גמל כספי (שקלי),תגמולים ואישית לפיצויים,כספי,תגמולים ואישית לפיצויים | כספי,2011,3.1632,12,39.5
gemel,817,אנליסט גמל מניות סחיר,תגמולים ואישית לפיצויים,מניות אקטיבי,תגמולים ואישית לפיצויים | מניות אקטיבי,2011,7.1285,12,6.5
gemel,818,אנליסט גמל משולב סחיר,תגמולים ואישית לפיצויים,כללי/מעורב/גמיש/תלוי גיל,תגמולים ואישית לפיצויים | כללי/מעורב/גמיש/תלוי גיל,2011,11.4765,12,2.6
gemel,819,מעלות כלל השתלמות,קרנות השתלמות,כללי/מעורב/גמיש/תלוי גיל,קרנות השתלמות | כללי/מעורב/גמיש/תלוי גיל,2011,-5.2811,12,134.1
gemel,826,מנורה מבטחים תגמולים ופיצויים מסלול כללי,תגמולים ואישית לפיצויים,כללי/מעורב/גמיש/תלוי גיל,תגמולים ואישית לפיצויים | כללי/מעורב/גמיש/תלוי גיל,2011,-1.8377,12,1566.3
gemel,828,מנורה מבטחים השתלמות מסלול כללי,קרנות השתלמות,כללי/מעורב/גמיש/תלוי גיל,קרנות השתלמות | כללי/מעורב/גמיש/תלוי גיל,2011,-5.6825,12,330.4
gemel,830,מיטבית קופת גמל לתגמולים ולפיצויים,תגמולים ואישית לפיצויים,כללי/מעורב/גמיש/תלוי גיל,תגמולים ואישית לפיצויים | כללי/מעורב/גמיש/תלוי גיל,2011,-6.3786,12,68.0
gemel,831,"פסגות גמל אג""ח",תגמולים ואישית לפיצויים,"אג""ח ללא מניות","תגמולים ואישית לפיצויים | אג""ח ללא מניות",2011,3.4998,12,586.3
gemel,835,פסגות גדיש אגח צמוד מדד,תגמולים ואישית לפיצויים,"אג""ח ללא מניות","תגמולים ואישית לפיצויים | אג""ח ללא מניות",2011,2.6359,12,593.0
gemel,856,מנורה מבטחים תגמולים ופיצויים - קרן פועלי הבניין ועבודות ציבוריות,תגמולים ואישית לפיצויים,כללי/מעורב/גמיש/תלוי גיל,תגמולים ואישית לפיצויים | כללי/מעורב/גמיש/תלוי גיל,2011,-1.6042,12,30.9
gemel,873,מיטב גמל כללי,תגמולים ואישית לפיצויים,כללי/מעורב/גמיש/תלוי גיל,תגמולים ואישית לפיצויים | כללי/מעורב/גמיש/תלוי גיל,2011,-3.7445,12,222.7
gemel,874,"מיטב גמל אג""ח עד 25% מניות",תגמולים ואישית לפיצויים,עד 25% מניות,תגמולים ואישית לפיצויים | עד 25% מניות,2011,-2.0536,12,706.8
gemel,875,"מיטב דש גמל אג""ח צמוד מדד",תגמולים ואישית לפיצויים,"אג""ח ללא מניות","תגמולים ואישית לפיצויים | אג""ח ללא מניות",2011,1.4903,12,254.4
gemel,876,מיטב גמל כספי (שקלי),תגמולים ואישית לפיצויים,כספי,תגמולים ואישית לפיצויים | כספי,2011,5.2608,12,98.5
gemel,877,מיטב גמל מניות,תגמולים ואישית לפיצויים,מניות אקטיבי,תגמולים ואישית לפיצויים | מניות אקטיבי,2011,-15.6719,12,52.7
gemel,879,מיטב השתלמות כללי,קרנות השתלמות,כללי/מעורב/גמיש/תלוי גיל,קרנות השתלמות | כללי/מעורב/גמיש/תלוי גיל,2011,-3.7879,12,221.5
gemel,880,מיטב השתלמות כללי,קרנות השתלמות,כללי/מעורב/גמיש/תלוי גיל,קרנות השתלמות | כללי/מעורב/גמיש/תלוי גיל,2011,-2.7174,12,705.6
gemel,881,"מיטב השתלמות אג""ח צמוד מדד",קרנות השתלמות,"אג""ח ללא מניות","קרנות השתלמות | אג""ח ללא מניות",2011,1.5026,12,200.4
gemel,882,מיטב דש השתלמות מסלול שקלי,קרנות השתלמות,"אג""ח ללא מניות","קרנות השתלמות | אג""ח ללא מניות",2011,5.3367,12,90.1
gemel,883,מיטב השתלמות מניות,קרנות השתלמות,מניות אקטיבי,קרנות השתלמות | מניות אקטיבי,2011,-15.2866,12,51.5
gemel,923,מיטב בטחון,תגמולים ואישית לפיצויים,כללי/מעורב/גמיש/תלוי גיל,תגמולים ואישית לפיצויים | כללי/מעורב/גמיש/תלוי גיל,2011,-3.3003,12,28.1
gemel,948,מיטב גמל שקלי טווח קצר,תגמולים ואישית לפיצויים,כספי,תגמולים ואישית לפיצויים | כספי,2011,3.1541,12,47.5
gemel,956,הדס ארזים אפסילון תגמולים מסלול כללי,תגמולים ואישית לפיצויים,כללי/מעורב/גמיש/תלוי גיל,תגמולים ואישית לפיצויים | כללי/מעורב/גמיש/תלוי גיל,2011,-6.9716,12,89.3
gemel,957,הפניקס תגמולים ופיצויים - מסלול כללי,תגמולים ואישית לפיצויים,כללי/מעורב/גמיש/תלוי גיל,תגמולים ואישית לפיצויים | כללי/מעורב/גמיש/תלוי גיל,2011,-6.6884,12,241.5
gemel,961,הפניקס גמל מסלול מניות,תגמולים ואישית לפיצויים,מניות אקטיבי,תגמולים ואישית לפיצויים | מניות אקטיבי,2011,-30.4358,12,11.2
gemel,962,אנליסט השתלמות כללי,קרנות השתלמות,כללי/מעורב/גמיש/תלוי גיל,קרנות השתלמות | כללי/מעורב/גמיש/תלוי גיל,2011,-9.6534,12,487.6
gemel,963,אנליסט השתלמות מניות,קרנות השתלמות,מניות אקטיבי,קרנות השתלמות | מניות אקטיבי,2011,-19.6337,12,94.2
gemel,964,הפניקס השתלמות כללי,קרנות השתלמות,כללי/מעורב/גמיש/תלוי גיל,קרנות השתלמות | כללי/מעורב/גמיש/תלוי גיל,2011,-6.0201,12,462.4
gemel,968,הפניקס השתלמות מניות,קרנות השתלמות,מניות אקטיבי,קרנות השתלמות | מניות אקטיבי,2011,-28.3953,12,42.6
gemel,972,"אנליסט השתלמות אשראי ואג""ח",קרנות השתלמות,"אג""ח ללא מניות","קרנות השתלמות | אג""ח ללא מניות",2011,1.9107,12,107.4
gemel,973,"אנליסט השתלמות אג""ח ממשלות",קרנות השתלמות,"אג""ח ללא מניות","קרנות השתלמות | אג""ח ללא מניות",2011,2.5884,12,108.2
gemel,981,מנורה גמל מיתר,תגמולים ואישית לפיצויים,כללי/מעורב/גמיש/תלוי גיל,תגמולים ואישית לפיצויים | כללי/מעורב/גמיש/תלוי גיל,2011,-5.9857,11,290.7
gemel,989,אלטשולר שחם עוקב מדדי מניות,תגמולים ואישית לפיצויים,מניות פאסיבי,תגמולים ואישית לפיצויים | מניות פאסיבי,2011,-3.0071,12,147.6
gemel,1002,הדס ארזים אפסילון השתלמות מסלול כללי,קרנות השתלמות,כללי/מעורב/גמיש/תלוי גיל,קרנות השתלמות | כללי/מעורב/גמיש/תלוי גיל,2012,10.3567,12,71.8
gemel,1010,אי.בי.אי לתגמולים ופיצויים שקלי לטווח קצר,תגמולים ואישית לפיצויים,כספי,תגמולים ואישית לפיצויים | כספי,2012,2.4262,12,5.3
gemel,1011,"תמיר פישמן גמל מניות בישראל ובחו""ל",תגמולים ואישית לפיצויים,מניות אקטיבי,תגמולים ואישית לפיצויים | מניות אקטיבי,2012,13.4034,12,13.9
gemel,1012,"תמיר פישמן גמל אג""ח",תגמולים ואישית לפיצויים,"אג""ח ללא מניות","תגמולים ואישית לפיצויים | אג""ח ללא מניות",2012,8.3196,12,139.7
gemel,1013,תמיר פישמן גמל כללי,תגמולים ואישית לפיצויים,כללי/מעורב/גמיש/תלוי גיל,תגמולים ואישית לפיצויים | כללי/מעורב/גמיש/תלוי גיל,2012,10.9239,12,59.6
gemel,1014,אי.בי.אי קרן השתלמות מסלול שקלי לטווח קצר,קרנות השתלמות,כספי,קרנות השתלמות | כספי,2012,2.4262,12,5.5
gemel,1015,"תמיר פישמן השתלמות מניות בישראל ובחו""ל",קרנות השתלמות,מניות אקטיבי,קרנות השתלמות | מניות אקטיבי,2012,13.4011,12,18.0
gemel,1016,"תמיר פישמן השתלמות אג""ח",קרנות השתלמות,"אג""ח ללא מניות","קרנות השתלמות | אג""ח ללא מניות",2012,8.1393,12,126.4
gemel,1017,תמיר פישמן השתלמות כללי,קרנות השתלמות,כללי/מעורב/גמיש/תלוי גיל,קרנות השתלמות | כללי/מעורב/גמיש/תלוי גיל,2012,10.559,12,83.9
gemel,102,אקסלנס גמל פלטינום,תגמולים ואישית לפיצויים,כללי/מעורב/גמיש/תלוי גיל,תגמולים ואישית לפיצויים | כללי/מעורב/גמיש/תלוי גיל,2012,9.2293,12,2340.9
gemel,1035,"ילין לפידות קופת גמל מסלול אג""ח עד 25% מניות",תגמולים ואישית לפיצויים,עד 25% מניות,תגמולים ואישית לפיצויים | עד 25% מניות,2012,11.2684,12,2323.7
gemel,1036,ילין לפידות קופת גמל מסלול מניות,תגמולים ואישית לפיצויים,מניות אקטיבי,תגמולים ואישית לפיצויים | מניות אקטיבי,2012,15.1487,12,252.2
gemel,1037,"ילין לפידות קופת גמל מסלול אשראי ואג""ח",תגמולים ואישית לפיצויים,"אג""ח ללא מניות","תגמולים ואישית לפיצויים | אג""ח ללא מניות",2012,7.9282,12,737.7
gemel,1038,"ילין לפידות קרן השתלמות מסלול אג""ח עם מניות (עד 25% מניות)",קרנות השתלמות,עד 25% מניות,קרנות השתלמות | עד 25% מניות,2012,10.8565,12,2865.0
gemel,1040,"אקסלנס גמל אג""ח קונצרני עד 20% מניות",תגמולים ואישית לפיצויים,עד 25% מניות,תגמולים ואישית לפיצויים | עד 25% מניות,2012,6.963,12,83.7
gemel,1042,אקסלנס גמל שקלי,תגמולים ואישית לפיצויים,"אג""ח ללא מניות","תגמולים ואישית לפיצויים | אג""ח ללא מניות",2012,7.0687,12,128.3
gemel,1059,פסגות שיא השתלמות פאסיבי- כללי,קרנות השתלמות,כללי/מעורב/גמיש/תלוי גיל,קרנות השתלמות | כללי/מעורב/גמיש/תלוי גיל,2012,6.9131,12,55.0
gemel,106,פסגות גדיש כללי,תגמולים ואישית לפיצויים,כללי/מעורב/גמיש/תלוי גיל,תגמולים ואישית לפיצויים | כללי/מעורב/גמיש/תלוי גיל,2012,11.1018,12,21492.4
gemel,1078,"אינפיניטי גמל אשראי ואג""ח",תגמולים ואישית לפיצויים,"אג""ח ללא מניות","תגמולים ואישית לפיצויים | אג""ח ללא מניות",2012,8.9381,12,303.8
gemel,1079,אינפיניטי גמל מניות בישראל,תגמולים ואישית לפיצויים,מניות אקטיבי,תגמולים ואישית לפיצויים | מניות אקטיבי,2012,6.7681,12,61.9
gemel,1083,אינפיניטי השתלמות כללי,קרנות השתלמות,כללי/מעורב/גמיש/תלוי גיל,קרנות השתלמות | כללי/מעורב/גמיש/תלוי גיל,2012,7.5919,12,26.5
gemel,1084,"אינפיניטי השתלמות אשראי ואג""ח",קרנות השתלמות,"אג""ח ללא מניות","קרנות השתלמות | אג""ח ללא מניות",2012,8.916,12,321.6
gemel,1085,אינפיניטי השתלמות מניות בישראל,קרנות השתלמות,מניות אקטיבי,קרנות השתלמות | מניות אקטיבי,2012,6.9702,12,77.2
gemel,109,להיט - מניות,תגמולים ואישית לפיצויים,מניות אקטיבי,תגמולים ואישית לפיצויים | מניות אקטיבי,2012,17.2457,7,33.5
gemel,1092,אלטשולר שחם גמל מסלול כללי,תגמולים ואישית לפיצויים,כללי/מעורב/גמיש/תלוי גיל,תגמולים ואישית לפיצויים | כללי/מעורב/גמיש/תלוי גיל,2012,10.6742,7,3292.2
gemel,1093,אלטשולר שחם השתלמות כללי,קרנות השתלמות,כללי/מעורב/גמיש/תלוי גיל,קרנות השתלמות | כללי/מעורב/גמיש/תלוי גיל,2012,10.6938,7,3032.6
gemel,1098,"מיטב השתלמות מסלול אג""ח",קרנות השתלמות,"אג""ח ללא מניות","קרנות השתלמות | אג""ח ללא מניות",2012,8.3299,12,125.7
gemel,1100,"הפניקס השתלמות אשראי ואג""ח עם מניות (עד 25% מניות)",קרנות השתלמות,עד 25% מניות,קרנות השתלמות | עד 25% מניות,2012,8.1192,12,1598.5
gemel,1103,אקסלנס גמל מניות,תגמולים ואישית לפיצויים,מניות אקטיבי,תגמולים ואישית לפיצויים | מניות אקטיבי,2012,4.897,12,48.8
gemel,111,מיטב מירון,תגמולים ואישית לפיצויים,כללי/מעורב/גמיש/תלוי גיל,תגמולים ואישית לפיצויים | כללי/מעורב/גמיש/תלוי גיל,2012,10.1163,12,711.7
gemel,1110,"מנורה מבטחים השתלמות מסלול אג""ח קונצרני",קרנות השתלמות,"אג""ח ללא מניות","קרנות השתלמות | אג""ח ללא מניות",2012,9.386,12,55.1
gemel,1114,מנורה מבטחים השתלמות כספי (שקלי),קרנות השתלמות,כספי,קרנות השתלמות | כספי,2012,2.7637,12,71.4
gemel,1116,מיטב גמל פלוס,תגמולים ואישית לפיצויים,כללי/מעורב/גמיש/תלוי גיל,תגמולים ואישית לפיצויים | כללי/מעורב/גמיש/תלוי גיל,2012,3.1008,3,88.5
gemel,1117,מיטב השתלמות פלוס,קרנות השתלמות,כללי/מעורב/גמיש/תלוי גיל,קרנות השתלמות | כללי/מעורב/גמיש/תלוי גיל,2012,3.0224,3,26.0
gemel,1119,"מיטב תגמולים מסלול אג""ח",תגמולים ואישית לפיצויים,"אג""ח ללא מניות","תגמולים ואישית לפיצויים | אג""ח ללא מניות",2012,8.414,12,152.2
gemel,1120,מיטב דינאמית גמל מסלול כללי,תגמולים ואישית לפיצויים,כללי/מעורב/גמיש/תלוי גיל,תגמולים ואישית לפיצויים | כללי/מעורב/גמיש/תלוי גיל,2012,4.0812,3,395.2
gemel,1122,כלל גמל מניות,תגמולים ואישית לפיצויים,מניות אקטיבי,תגמולים ואישית לפיצויים | מניות אקטיבי,2012,12.4028,12,27.4
gemel,1124,כלל גמל מדד,תגמולים ואישית לפיצויים,"אג""ח ללא מניות","תגמולים ואישית לפיצויים | אג""ח ללא מניות",2012,9.4633,12,250.1
gemel,1127,כלל גמל שקלי טווח קצר,תגמולים ואישית לפיצויים,כספי,תגמולים ואישית לפיצויים | כספי,2012,2.3139,12,67.4
gemel,1128,כלל גמל כללי,תגמולים ואישית לפיצויים,כללי/מעורב/גמיש/תלוי גיל,תגמולים ואישית לפיצויים | כללי/מעורב/גמיש/תלוי גיל,2012,11.5183,12,387.9
gemel,1139,מיטב דינאמית להשתלמות מסלול כללי,קרנות השתלמות,כללי/מעורב/גמיש/תלוי גיל,קרנות השתלמות | כללי/מעורב/גמיש/תלוי גיל,2012,3.9376,3,478.1
gemel,1146,מנורה גמל כללי,תגמולים ואישית לפיצויים,כללי/מעורב/גמיש/תלוי גיל,תגמולים ואישית לפיצויים | כללי/מעורב/גמיש/תלוי גיל,2012,10.6381,12,222.0
gemel,1147,"מנורה מבטחים תגמולים ופיצויים אג""ח עד 10% מניות",תגמולים ואישית לפיצויים,עד 25% מניות,תגמולים ואישית לפיצויים | עד 25% מניות,2012,9.1623,12,570.7
gemel,1148,מנורה השתלמות כללי,קרנות השתלמות,כללי/מעורב/גמיש/תלוי גיל,קרנות השתלמות | כללי/מעורב/גמיש/תלוי גיל,2012,10.2953,12,399.8
gemel,1149,"מנורה מבטחים השתלמות אג""ח עד 10% מניות",קרנות השתלמות,עד 25% מניות,קרנות השתלמות | עד 25% מניות,2012,9.1413,12,699.2
gemel,1156,מגדל לתגמולים ולפיצויים מסלול ביג כללי לפחות 30% מניות,תגמולים ואישית לפיצויים,כללי/מעורב/גמיש/תלוי גיל,תגמולים ואישית לפיצויים | כללי/מעורב/גמיש/תלוי גיל,2012,1.7567,3,212.7
gemel,1157,מגדל השתלמות מסלול ביג כללי לפחות 30% מניות,קרנות השתלמות,כללי/מעורב/גמיש/תלוי גיל,קרנות השתלמות | כללי/מעורב/גמיש/תלוי גיל,2012,1.4846,3,759.1
gemel,1162,ילין לפידות קרן השתלמות מסלול כללי,קרנות השתלמות,כללי/מעורב/גמיש/תלוי גיל,קרנות השתלמות | כללי/מעורב/גמיש/תלוי גיל,2012,11.3938,12,1211.3
gemel,1163,ילין לפידות קופת גמל מסלול כללי ב',תגמולים ואישית לפיצויים,כללי/מעורב/גמיש/תלוי גיל,תגמולים ואישית לפיצויים | כללי/מעורב/גמיש/תלוי גיל,2012,11.759,12,709.2
gemel,117,"כלל תמר אשראי ואג""ח",תגמולים ואישית לפיצויים,"אג""ח ללא מניות","תגמולים ואישית לפיצויים | אג""ח ללא מניות",2012,9.1827,12,1358.2
gemel,1172,"תמיר פישמן גמל אג""ח מדינה",תגמולים ואישית לפיצויים,"אג""ח ללא מניות","תגמולים ואישית לפיצויים | אג""ח ללא מניות",2012,8.0562,12,20.2
gemel,1175,"תמיר פישמן השתלמות אג""ח מדינה",קרנות השתלמות,"אג""ח ללא מניות","קרנות השתלמות | אג""ח ללא מניות",2012,7.8009,12,30.2
gemel,1183,פסגות שיא השתלמות ישראל,קרנות השתלמות,כללי/מעורב/גמיש/תלוי גיל,קרנות השתלמות | כללי/מעורב/גמיש/תלוי גיל,2012,11.3426,12,895.8
gemel,1184,"פסגות השתלמות אג""ח",קרנות השתלמות,"אג""ח ללא מניות","קרנות השתלמות | אג""ח ללא מניות",2012,8.6368,12,549.9
gemel,1185,פסגות השתלמות מניות,קרנות השתלמות,מניות אקטיבי,קרנות השתלמות | מניות אקטיבי,2012,11.3831,12,75.7
gemel,1189,אקסלנס גמל עד 50% מניות,תגמולים ואישית לפיצויים,כללי/מעורב/גמיש/תלוי גיל,תגמולים ואישית לפיצויים | כללי/מעורב/גמיש/תלוי גיל,2012,10.2515,12,145.2
gemel,119,מנורה מבטחים יותר מסלול ד',תגמולים ואישית לפיצויים,כללי/מעורב/גמיש/תלוי גיל,תגמולים ואישית לפיצויים | כללי/מעורב/גמיש/תלוי גיל,2012,12.4014,12,649.1
gemel,1190,"הפניקס השתלמות אג""ח עד 25% מניות",קרנות השתלמות,עד 25% מניות,קרנות השתלמות | עד 25% מניות,2012,9.8589,12,356.1
gemel,1198,"הלמן-אלדובי גמל מסלול אג""ח ללא מניות",תגמולים ואישית לפיצויים,"אג""ח ללא מניות","תגמולים ואישית לפיצויים | אג""ח ללא מניות",2012,7.6733,12,171.2
gemel,1199,"אי.בי.אי לתגמולים ופיצויים מסלול אג""ח ועוד",תגמולים ואישית לפיצויים,"אג""ח ללא מניות","תגמולים ואישית לפיצויים | אג""ח ללא מניות",2012,8.0913,12,352.6
gemel,1200,אי.בי.אי לתגמולים ופיצויים מסלול כללי,תגמולים ואישית לפיצויים,כללי/מעורב/גמיש/תלוי גיל,תגמולים ואישית לפיצויים | כללי/מעורב/גמיש/תלוי גיל,2012,11.436,12,215.0
gemel,1201,אי.בי.אי לתגמולים ופיצויים מסלול מניות,תגמולים ואישית לפיצויים,מניות אקטיבי,תגמולים ואישית לפיצויים | מניות אקטיבי,2012,10.9716,12,31.9
gemel,1202,"הלמן-אלדובי קרן השתלמות מסלול אג""ח ללא מניות",קרנות השתלמות,"אג""ח ללא מניות","קרנות השתלמות | אג""ח ללא מניות",2012,7.3128,12,153.9
gemel,1203,"הלמן-אלדובי קרן השתלמות מסלול אג""ח עד 10% מניות",קרנות השתלמות,עד 25% מניות,קרנות השתלמות | עד 25% מניות,2012,7.8916,12,264.1
gemel,1204,אי.בי.אי קרן השתלמות מסלול כללי,קרנות השתלמות,כללי/מעורב/גמיש/תלוי גיל,קרנות השתלמות | כללי/מעורב/גמיש/תלוי גיל,2012,10.5661,12,220.3
gemel,1205,אי.בי.אי קרן השתלמות מסלול מניות,קרנות השתלמות,מניות אקטיבי,קרנות השתלמות | מניות אקטיבי,2012,10.1564,12,36.5
gemel,1209,"אינפיניטי גמל אג""ח ממשלות",תגמולים ואישית לפיצויים,"אג""ח ללא מניות","תגמולים ואישית לפיצויים | אג""ח ללא מניות",2012,6.0277,12,20.8
gemel,1210,"אינפיניטי השתלמות אג""ח ממשלות",קרנות השתלמות,"אג""ח ללא מניות","קרנות השתלמות | אג""ח ללא מניות",2012,6.0809,12,22.5
gemel,1218,פסגות שיא השתלמות כללי,קרנות השתלמות,כללי/מעורב/גמיש/תלוי גיל,קרנות השתלמות | כללי/מעורב/גמיש/תלוי גיל,2012,10.7292,12,1860.3
gemel,1219,אלטשולר שחם קמה,תגמולים ואישית לפיצויים,כללי/מעורב/גמיש/תלוי גיל,תגמולים ואישית לפיצויים | כללי/מעורב/גמיש/תלוי גיל,2012,8.8584,12,174.5
gemel,1229,"הדס ארזים אפסילון תגמולים מסלול אג""ח",תגמולים ואישית לפיצויים,"אג""ח ללא מניות","תגמולים ואישית לפיצויים | אג""ח ללא מניות",2012,7.4878,12,44.5
gemel,1230,הדס ארזים אפסילון תגמולים מסלול מנייתי,תגמולים ואישית לפיצויים,מניות אקטיבי,תגמולים ואישית לפיצויים | מניות אקטיבי,2012,10.7399,12,7.4
gemel,1231,"הדס ארזים אפסילון השתלמות מסלול אג""ח",קרנות השתלמות,"אג""ח ללא מניות","קרנות השתלמות | אג""ח ללא מניות",2012,7.7338,12,14.9
gemel,1232,הדס ארזים אפסילון השתלמות מסלול מנייתי,קרנות השתלמות,מניות אקטיבי,קרנות השתלמות | מניות אקטיבי,2012,10.7101,12,4.0
gemel,1235,"מיטב דש גמל אג""ח (ללא מניות)",תגמולים ואישית לפיצויים,"אג""ח ללא מניות","תגמולים ואישית לפיצויים | אג""ח ללא מניות",2012,7.98,12,311.3
gemel,1236,"מיטב גמל אג""ח 85",תגמולים ואישית לפיצויים,עד 25% מניות,תגמולים ואישית לפיצויים | עד 25% מניות,2012,8.1438,12,371.5
gemel,1239,מיטב גמל מניות,תגמולים ואישית לפיצויים,מניות אקטיבי,תגמולים ואישית לפיצויים | מניות אקטיבי,2012,13.0252,12,59.6
gemel,124,כלל תמר מדד,תגמולים ואישית לפיצויים,"אג""ח ללא מניות","תגמולים ואישית לפיצויים | אג""ח ללא מניות",2012,8.9028,12,2068.8
gemel,1240,"מיטב השתלמות אשראי ואג""ח",קרנות השתלמות,"אג""ח ללא מניות","קרנות השתלמות | אג""ח ללא מניות",2012,7.8623,12,287.6
gemel,1241,"מיטב השתלמות אג""ח 85",קרנות השתלמות,עד 25% מניות,קרנות השתלמות | עד 25% מניות,2012,7.9507,12,316.5
gemel,1244,מיטב השתלמות מניות,קרנות השתלמות,מניות אקטיבי,קרנות השתלמות | מניות אקטיבי,2012,13.0831,12,78.1
gemel,1245,מיטב דש גמל חכם עד 40,תגמולים ואישית לפיצויים,מניות אקטיבי,תגמולים ואישית לפיצויים | מניות אקטיבי,2012,12.9061,12,14.5
gemel,1246,מיטב גמל חכם מסלול בין 40 ל-50,תגמולים ואישית לפיצויים,כללי/מעורב/גמיש/תלוי גיל,תגמולים ואישית לפיצויים | כללי/מעורב/גמיש/תלוי גיל,2012,9.9389,12,87.6
gemel,1247,מיטב גמל חכם מסלול בין 50 ל-60,תגמולים ואישית לפיצויים,כללי/מעורב/גמיש/תלוי גיל,תגמולים ואישית לפיצויים | כללי/מעורב/גמיש/תלוי גיל,2012,9.6977,12,62.7
gemel,1248,מיטב גמל חכם מסלול 60 פלוס,תגמולים ואישית לפיצויים,כללי/מעורב/גמיש/תלוי גיל,תגמולים ואישית לפיצויים | כללי/מעורב/גמיש/תלוי גיל,2012,9.3685,12,111.8
gemel,1249,"מיטב גמל חכם מסלול אג""ח ב",תגמולים ואישית לפיצויים,"אג""ח ללא מניות","תגמולים ואישית לפיצויים | אג""ח ללא מניות",2012,7.0183,12,62.2
gemel,1250,מיטב השתלמות חכם מסלול מנייתי,קרנות השתלמות,מניות אקטיבי,קרנות השתלמות | מניות אקטיבי,2012,12.1451,12,12.8
gemel,1251,מיטב השתלמות חכם מסלול כללי,קרנות השתלמות,כללי/מעורב/גמיש/תלוי גיל,קרנות השתלמות | כללי/מעורב/גמיש/תלוי גיל,2012,9.7856,12,54.4
gemel,1252,"מיטב השתלמות חכם מסלול אג""ח ש",קרנות השתלמות,"אג""ח ללא מניות","קרנות השתלמות | אג""ח ללא מניות",2012,9.5418,12,27.0
gemel,1253,"מיטב השתלמות חכם מסלול אג""ח ח",קרנות השתלמות,"אג""ח ללא מניות","קרנות השתלמות | אג""ח ללא מניות",2012,9.4124,12,55.1
gemel,1254,"מיטב השתלמות חכם מסלול אג""ח ב",קרנות השתלמות,"אג""ח ללא מניות","קרנות השתלמות | אג""ח ללא מניות",2012,6.8188,12,68.0
gemel,1255,מנורה גמל מנייתי,תגמולים ואישית לפיצויים,מניות אקטיבי,תגמולים ואישית לפיצויים | מניות אקטיבי,2012,11.7311,12,9.9
gemel,1256,מנורה מבטחים השתלמות מסלול מניות,קרנות השתלמות,מניות אקטיבי,קרנות השתלמות | מניות אקטיבי,2012,8.9243,12,15.2
gemel,1260,פסגות שיא השתלמות בטא,קרנות השתלמות,כללי/מעורב/גמיש/תלוי גיל,קרנות השתלמות | כללי/מעורב/גמיש/תלוי גיל,2012,11.3347,12,100.1
gemel,127,כלל תמר מניות,תגמולים ואישית לפיצויים,מניות אקטיבי,תגמולים ואישית לפיצויים | מניות אקטיבי,2012,10.0476,12,103.6
gemel,1272,איפקס סלע תגמולים,תגמולים ואישית לפיצויים,עד 25% מניות,תגמולים ואישית לפיצויים | עד 25% מניות,2012,6.8154,12,452.4
gemel,1273,איפקס עוז תגמולים,תגמולים ואישית לפיצויים,כללי/מעורב/גמיש/תלוי גיל,תגמולים ואישית לפיצויים | כללי/מעורב/גמיש/תלוי גיל,2012,8.1613,12,61.2
gemel,1274,איפקס סלע השתלמות,קרנות השתלמות,עד 25% מניות,קרנות השתלמות | עד 25% מניות,2012,6.6047,12,495.7
gemel,1275,איפקס עוז השתלמות,קרנות השתלמות,כללי/מעורב/גמיש/תלוי גיל,קרנות השתלמות | כללי/מעורב/גמיש/תלוי גיל,2012,8.0733,12,176.2
gemel,128,כלל תמר כספי(שקלי),תגמולים ואישית לפיצויים,כספי,תגמולים ואישית לפיצויים | כספי,2012,2.5388,12,439.2
gemel,1287,אלטשולר שחם גמל מסלול קלאסי,תגמולים ואישית לפיצויים,כללי/מעורב/גמיש/תלוי גיל,תגמולים ואישית לפיצויים | כללי/מעורב/גמיש/תלוי גיל,2012,8.6873,7,1791.3
gemel,1288,אלטשולר שחם גמל מסלול גולד,תגמולים ואישית לפיצויים,כללי/מעורב/גמיש/תלוי גיל,תגמולים ואישית לפיצויים | כללי/מעורב/גמיש/תלוי גיל,2012,11.4534,7,316.9
gemel,1289,אלטשולר שחם השתלמות מסלול קלאסי,קרנות השתלמות,כללי/מעורב/גמיש/תלוי גיל,קרנות השתלמות | כללי/מעורב/גמיש/תלוי גיל,2012,8.549,7,1496.1
gemel,1290,אלטשולר שחם השתלמות כללי ב',קרנות השתלמות,כללי/מעורב/גמיש/תלוי גיל,קרנות השתלמות | כללי/מעורב/גמיש/תלוי גיל,2012,11.5078,7,259.7
gemel,1319,"ילין לפידות קרן השתלמות מסלול אשראי ואג""ח",קרנות השתלמות,"אג""ח ללא מניות","קרנות השתלמות | אג""ח ללא מניות",2012,7.8854,12,383.2
gemel,132,הלמן-אלדובי השתלמות כללי,קרנות השתלמות,כללי/מעורב/גמיש/תלוי גיל,קרנות השתלמות | כללי/מעורב/גמיש/תלוי גיל,2012,10.8303,12,558.3
gemel,1323,הדס ארזים לפרישה 2020,תגמולים ואישית לפיצויים,כללי/מעורב/גמיש/תלוי גיל,תגמולים ואישית לפיצויים | כללי/מעורב/גמיש/תלוי גיל,2012,8.6782,12,7.9
gemel,1324,הדס ארזים לפרישה 2025,תגמולים ואישית לפיצויים,כללי/מעורב/גמיש/תלוי גיל,תגמולים ואישית לפיצויים | כללי/מעורב/גמיש/תלוי גיל,2012,8.7833,12,4.7
gemel,1325,הדס ארזים לפרישה 2030,תגמולים ואישית לפיצויים,כללי/מעורב/גמיש/תלוי גיל,תגמולים ואישית לפיצויים | כללי/מעורב/גמיש/תלוי גיל,2012,7.4901,12,12.8
gemel,1326,הדס ארזים לפרישה 2035,תגמולים ואישית לפיצויים,כללי/מעורב/גמיש/תלוי גיל,תגמולים ואישית לפיצויים | כללי/מעורב/גמיש/תלוי גיל,2012,8.2078,12,1.0
gemel,1330,פסגות גדיש מניות,תגמולים ואישית לפיצויים,מניות אקטיבי,תגמולים ואישית לפיצויים | מניות אקטיבי,2012,11.5787,12,168.3
gemel,1331,פסגות גדיש אגח עד 10% מניות,תגמולים ואישית לפיצויים,עד 25% מניות,תגמולים ואישית לפיצויים | עד 25% מניות,2012,9.3355,12,1604.9
gemel,1332,"פסגות גדיש אג""ח",תגמולים ואישית לפיצויים,"אג""ח ללא מניות","תגמולים ואישית לפיצויים | אג""ח ללא מניות",2012,8.7871,12,466.6
gemel,1333,פסגות גדיש כספי,תגמולים ואישית לפיצויים,כספי,תגמולים ואישית לפיצויים | כספי,2012,2.3447,12,524.9
gemel,1343,מנורה מבטחים תגמולים ופיצויים מסלול כספי (שקלי),תגמולים ואישית לפיצויים,כספי,תגמולים ואישית לפיצויים | כספי,2012,2.3607,12,119.4
gemel,1344,"מנורה מבטחים תגמולים ופיצויים אג""ח ממשלת ישראל",תגמולים ואישית לפיצויים,"אג""ח ללא מניות","תגמולים ואישית לפיצויים | אג""ח ללא מניות",2012,6.7814,12,77.5
gemel,1345,מנורה גמל לפרישה 2020,תגמולים ואישית לפיצויים,כללי/מעורב/גמיש/תלוי גיל,תגמולים ואישית לפיצויים | כללי/מעורב/גמיש/תלוי גיל,2012,2.8638,5,15.1
gemel,1346,מנורה גמל לפרישה 2030,תגמולים ואישית לפיצויים,כללי/מעורב/גמיש/תלוי גיל,תגמולים ואישית לפיצויים | כללי/מעורב/גמיש/תלוי גיל,2012,2.5293,5,9.4
gemel,1348,"כלל השתלמות אשראי ואג""ח",קרנות השתלמות,"אג""ח ללא מניות","קרנות השתלמות | אג""ח ללא מניות",2012,9.0485,12,482.4
gemel,1350,כלל השתלמות מניות,קרנות השתלמות,מניות אקטיבי,קרנות השתלמות | מניות אקטיבי,2012,11.9753,12,61.9
gemel,1351,כלל השתלמות כספי(שקלי),קרנות השתלמות,כספי,קרנות השתלמות | כספי,2012,2.4058,12,231.8
gemel,1354,"הפניקס השתלמות - מסלול אג""ח",קרנות השתלמות,"אג""ח ללא מניות","קרנות השתלמות | אג""ח ללא מניות",2012,4.4316,12,62.8
gemel,1355,"הפניקס תגמולים ופיצויים - מסלול אג""ח",תגמולים ואישית לפיצויים,"אג""ח ללא מניות","תגמולים ואישית לפיצויים | אג""ח ללא מניות",2012,4.2036,12,31.0
gemel,1356,הדס ארזים אפסילון השתלמות מסלול שקלי טווח קצר,קרנות השתלמות,כספי,קרנות השתלמות | כספי,2012,2.5184,12,1.7
gemel,1358,הדס ארזים אפסילון תגמולים מסלול שקלי טווח קצר,תגמולים ואישית לפיצויים,כספי,תגמולים ואישית לפיצויים | כספי,2012,2.4467,12,1.7
gemel,1360,"ילין לפידות קופת גמל מסלול אג""ח ממשלות",תגמולים ואישית לפיצויים,"אג""ח ללא מניות","תגמולים ואישית לפיצויים | אג""ח ללא מניות",2012,4.3513,12,126.5
gemel,1361,"ילין לפידות קרן השתלמות מסלול אג""ח ממשלות",קרנות השתלמות,"אג""ח ללא מניות","קרנות השתלמות | אג""ח ללא מניות",2012,4.2576,12,114.1
gemel,1364,מנורה מבטחים תגמולים ופיצויים מסלול מניות,תגמולים ואישית לפיצויים,מניות אקטיבי,תגמולים ואישית לפיצויים | מניות אקטיבי,2012,9.4398,12,2.0
gemel,1366,מנורה מבטחים השתלמות מסלול מניות,קרנות השתלמות,מניות אקטיבי,קרנות השתלמות | מניות אקטיבי,2012,5.1891,12,3.8
gemel,1370,מיטב השתלמות כספי (שקלי),קרנות השתלמות,כספי,קרנות השתלמות | כספי,2012,2.2834,12,18.5
gemel,1371,מיטב דינאמית גמל כספית ללא מניות,תגמולים ואישית לפיצויים,כספי,תגמולים ואישית לפיצויים | כספי,2012,0.5912,3,15.6
gemel,1375,אלטשולר שחם גמל מניות,תגמולים ואישית לפיצויים,מניות אקטיבי,תגמולים ואישית לפיצויים | מניות אקטיבי,2012,17.3193,7,52.5
gemel,1376,"אלטשולר שחם גמל אשראי ואג""ח",תגמולים ואישית לפיצויים,"אג""ח ללא מניות","תגמולים ואישית לפיצויים | אג""ח ללא מניות",2012,8.0251,7,320.5
gemel,1377,אלטשולר שחם השתלמות מניות,קרנות השתלמות,מניות אקטיבי,קרנות השתלמות | מניות אקטיבי,2012,16.3716,7,32.9
gemel,1378,"אלטשולר שחם השתלמות אשראי ואג""ח",קרנות השתלמות,"אג""ח ללא מניות","קרנות השתלמות | אג""ח ללא מניות",2012,8.0567,7,248.9
gemel,1380,להבה מסלול שקלי,קרנות השתלמות,"אג""ח ללא מניות","קרנות השתלמות | אג""ח ללא מניות",2012,0.0,1,0.0
gemel,1394,אלטשולר שחם גמל כספי (שקלי),תגמולים ואישית לפיצויים,כספי,תגמולים ואישית לפיצויים | כספי,2012,1.3173,7,26.4
gemel,1395,"אלטשולר שחם גמל אג""ח ממשלות",תגמולים ואישית לפיצויים,"אג""ח ללא מניות","תגמולים ואישית לפיצויים | אג""ח ללא מניות",2012,6.9756,7,128.8
gemel,1398,אלטשולר שחם השתלמות כספי (שקלי),קרנות השתלמות,כספי,קרנות השתלמות | כספי,2012,1.3173,7,27.4
gemel,1399,"אלטשולר שחם השתלמות אג""ח ממשלות",קרנות השתלמות,"אג""ח ללא מניות","קרנות השתלמות | אג""ח ללא מניות",2012,6.9651,7,114.3
gemel,1406,"מנורה מבטחים השתלמות מסלול אג""ח קונצרניות",קרנות השתלמות,"אג""ח ללא מניות","קרנות השתלמות | אג""ח ללא מניות",2012,9.6146,12,24.6
gemel,1407,"מנורה מבטחים השתלמות מסלול אג""ח ממשלתי צמוד",קרנות השתלמות,"אג""ח ללא מניות","קרנות השתלמות | אג""ח ללא מניות",2012,7.783,12,57.0
gemel,1408,"מנורה מבטחים השתלמות מסלול אג""ח ממשלת ישראל",קרנות השתלמות,"אג""ח ללא מניות","קרנות השתלמות | אג""ח ללא מניות",2012,6.5367,12,77.9
gemel,1409,מנורה מבטחים השתלמות מסלול מניות סחיר,קרנות השתלמות,מניות אקטיבי,קרנות השתלמות | מניות אקטיבי,2012,12.5589,12,4.1
gemel,1412,"אנליסט גמל אג""ח ממשלות",תגמולים ואישית לפיצויים,"אג""ח ללא מניות","תגמולים ואישית לפיצויים | אג""ח ללא מניות",2012,3.0141,12,41.9
gemel,1415,הדס ארזים לפרישה כספית,תגמולים ואישית לפיצויים,כספי,תגמולים ואישית לפיצויים | כספי,2012,2.5795,12,8.3
gemel,1422,פסגות גמל כספית,תגמולים ואישית לפיצויים,כספי,תגמולים ואישית לפיצויים | כספי,2012,2.2937,12,160.4
gemel,1423,"פסגות גמל אג""ח מדינה",תגמולים ואישית לפיצויים,"אג""ח ללא מניות","תגמולים ואישית לפיצויים | אג""ח ללא מניות",2012,7.816,12,158.2
gemel,1424,פסגות שיא השתלמות אגח עד 10% מניות,קרנות השתלמות,עד 25% מניות,קרנות השתלמות | עד 25% מניות,2012,8.4901,12,229.2
gemel,1425,פסגות השתלמות כספית,קרנות השתלמות,כספי,קרנות השתלמות | כספי,2012,2.2937,12,25.4
gemel,1426,"פסגות השתלמות אג""ח מדינה",קרנות השתלמות,"אג""ח ללא מניות","קרנות השתלמות | אג""ח ללא מניות",2012,7.7982,12,78.3
gemel,1429,"פסגות שיא השתלמות אג""ח ממשלת ישראל",קרנות השתלמות,"אג""ח ללא מניות","קרנות השתלמות | אג""ח ללא מניות",2012,8.0268,12,204.4
gemel,1431,"פסגות גדיש אג""ח ממשלת ישראל",תגמולים ואישית לפיצויים,"אג""ח ללא מניות","תגמולים ואישית לפיצויים | אג""ח ללא מניות",2012,7.6049,12,384.9
gemel,1432,הדס ארזים משתלמת מסלול כספית,קרנות השתלמות,כספי,קרנות השתלמות | כספי,2012,2.263,12,4.5
gemel,1435,הדס ארזים משתלמת מסלול זהב,קרנות השתלמות,כללי/מעורב/גמיש/תלוי גיל,קרנות השתלמות | כללי/מעורב/גמיש/תלוי גיל,2012,6.8693,12,9.2
gemel,1442,"הלמן-אלדובי גמל מסלול פאסיבי - מדדי אג""ח ממשלת ישראל",תגמולים ואישית לפיצויים,"אג""ח ללא מניות","תגמולים ואישית לפיצויים | אג""ח ללא מניות",2012,4.8909,12,24.7
gemel,1443,"הלמן-אלדובי קרן השתלמות מסלול פאסיבי - מדדי אג""ח ממשלת ישראל",קרנות השתלמות,"אג""ח ללא מניות","קרנות השתלמות | אג""ח ללא מניות",2012,4.8597,12,20.5
gemel,1490,"אינפיניטי גמל אג""ח קונצרני",תגמולים ואישית לפיצויים,"אג""ח ללא מניות","תגמולים ואישית לפיצויים | אג""ח ללא מניות",2012,10.16,12,6.6
gemel,1491,"אינפיניטי השתלמות אג""ח קונצרני",קרנות השתלמות,"אג""ח ללא מניות","קרנות השתלמות | אג""ח ללא מניות",2012,9.852,12,9.2
gemel,1503,"השתלמות שיטת הפניקס סל עוקב מדד ת""א 100",קרנות השתלמות,מניות פאסיבי,קרנות השתלמות | מניות פאסיבי,2012,-2.3062,2,0.5
gemel,1504,השתלמות שיטת הפניקס סל עוקב מדד תל בונד 20,קרנות השתלמות,"אג""ח ללא מניות","קרנות השתלמות | אג""ח ללא מניות",2012,0.5806,2,0.5
gemel,1506,השתלמות שיטת הפניקס סל עוקב מדד ממשלתי צמוד 2-5,קרנות השתלמות,"אג""ח ללא מניות","קרנות השתלמות | אג""ח ללא מניות",2012,-0.4096,2,0.7
gemel,1510,"השתלמות שיטת הפניקס סל עוקב מדד אג""ח לא צמוד ריבית קבועה",קרנות השתלמות,"אג""ח ללא מניות","קרנות השתלמות | אג""ח ללא מניות",2012,1.6158,2,0.5
gemel,1512,השתלמות שיטת הפניקס סל עוקב מדד s$p500,קרנות השתלמות,מניות פאסיבי,קרנות השתלמות | מניות פאסיבי,2012,-2.17,1,0.1
gemel,1516,אי.בי.אי לתגמולים ופיצויים מניות בארץ,תגמולים ואישית לפיצויים,מניות אקטיבי,תגמולים ואישית לפיצויים | מניות אקטיבי,2012,11.6993,12,2.8
gemel,1517,"תמיר פישמן גמל מניות חו""ל",תגמולים ואישית לפיצויים,מניות אקטיבי,תגמולים ואישית לפיצויים | מניות אקטיבי,2012,17.8589,12,3.8
gemel,1518,אי.בי.אי קרן השתלמות מסלול מניות בארץ,קרנות השתלמות,מניות אקטיבי,קרנות השתלמות | מניות אקטיבי,2012,11.6355,12,3.3
gemel,1519,"תמיר פישמן השתלמות מניות חו""ל",קרנות השתלמות,מניות אקטיבי,קרנות השתלמות | מניות אקטיבי,2012,16.7655,12,6.9
gemel,1533,כלל תמר מסלול הלכתי (הוד),תגמולים ואישית לפיצויים,כללי/מעורב/גמיש/תלוי גיל,תגמולים ואישית לפיצויים | כללי/מעורב/גמיש/תלוי גיל,2012,8.999,12,6.3
gemel,1534,כלל השתלמות הלכה,קרנות השתלמות,כללי/מעורב/גמיש/תלוי גיל,קרנות השתלמות | כללי/מעורב/גמיש/תלוי גיל,2012,8.1006,12,20.7
gemel,1535,אנליסט השתלמות כספי (שקלי),קרנות השתלמות,כספי,קרנות השתלמות | כספי,2012,2.3238,11,8.7
gemel,1536,אינפיניטי גמל מניות,תגמולים ואישית לפיצויים,מניות אקטיבי,תגמולים ואישית לפיצויים | מניות אקטיבי,2012,13.0326,12,9.9
gemel,1537,אינפיניטי השתלמות מניות,קרנות השתלמות,מניות אקטיבי,קרנות השתלמות | מניות אקטיבי,2012,12.4589,12,17.2
gemel,1543,"הלמן-אלדובי גמל מסלול מדדי מניות חו""ל (פאסיבי)",תגמולים ואישית לפיצויים,מניות פאסיבי,תגמולים ואישית לפיצויים | מניות פאסיבי,2012,8.2983,12,8.0
gemel,1544,"הלמן-אלדובי קרן השתלמות מסלול פאסיבי - מדדי מניות חו""ל",קרנות השתלמות,מניות פאסיבי,קרנות השתלמות | מניות פאסיבי,2012,9.0985,12,7.6
gemel,199,"מגדל השתלמות מסלול אשראי ואג""ח",קרנות השתלמות,"אג""ח ללא מניות","קרנות השתלמות | אג""ח ללא מניות",2012,2.3938,3,310.1
gemel,2006,"אלטשולר שחם גמל מסלול אג""ח צמוד מדד",תגמולים ואישית לפיצויים,"אג""ח ללא מניות","תגמולים ואישית לפיצויים | אג""ח ללא מניות",2012,7.2367,7,4.5
gemel,2007,"אלטשולר שחם השתלמות מסלול אג""ח צמוד מדד",קרנות השתלמות,"אג""ח ללא מניות","קרנות השתלמות | אג""ח ללא מניות",2012,7.1321,7,3.8
gemel,2017,אלטשולר שחם גמל הלכה,תגמולים ואישית לפיצויים,כללי/מעורב/גמיש/תלוי גיל,תגמולים ואישית לפיצויים | כללי/מעורב/גמיש/תלוי גיל,2012,7.1585,11,10.3
gemel,2018,פסגות שיא השתלמות הלכה,קרנות השתלמות,כללי/מעורב/גמיש/תלוי גיל,קרנות השתלמות | כללי/מעורב/גמיש/תלוי גיל,2012,5.2583,9,2.4
gemel,2019,"איפקס תגמולים אג""ח ממשלתי",תגמולים ואישית לפיצויים,"אג""ח ללא מניות","תגמולים ואישית לפיצויים | אג""ח ללא מניות",2012,5.6373,10,1.8
gemel,2020,איפקס תגמולים מניות,תגמולים ואישית לפיצויים,מניות אקטיבי,תגמולים ואישית לפיצויים | מניות אקטיבי,2012,2.4295,10,0.1
gemel,2021,"איפקס השתלמות אג""ח ממשלתי",קרנות השתלמות,"אג""ח ללא מניות","קרנות השתלמות | אג""ח ללא מניות",2012,5.5938,11,4.8
gemel,2022,איפקס השתלמות מניות,קרנות השתלמות,מניות אקטיבי,קרנות השתלמות | מניות אקטיבי,2012,4.4744,11,0.3
gemel,2025,"הדס ארזים אג""ח",תגמולים ואישית לפיצויים,"אג""ח ללא מניות","תגמולים ואישית לפיצויים | אג""ח ללא מניות",2012,6.6486,10,7.5
gemel,2034,"כלל תמר אג""ח",תגמולים ואישית לפיצויים,"אג""ח ללא מניות","תגמולים ואישית לפיצויים | אג""ח ללא מניות",2012,6.5415,11,37.4
gemel,2048,מגדל השתלמות מסלול הלכה,קרנות השתלמות,כללי/מעורב/גמיש/תלוי גיל,קרנות השתלמות | כללי/מעורב/גמיש/תלוי גיל,2012,0.4785,3,5.1
gemel,2049,הפניקס גמל שריעה,תגמולים ואישית לפיצויים,כללי/מעורב/גמיש/תלוי גיל,תגמולים ואישית לפיצויים | כללי/מעורב/גמיש/תלוי גיל,2012,0.13,5,0.2
gemel,205,"פסגות גדיש חו""ל",תגמולים ואישית לפיצויים,כללי/מעורב/גמיש/תלוי גיל,תגמולים ואישית לפיצויים | כללי/מעורב/גמיש/תלוי גיל,2012,12.0833,12,71.1
gemel,2058,הפניקס השתלמות שריעה,קרנות השתלמות,כללי/מעורב/גמיש/תלוי גיל,קרנות השתלמות | כללי/מעורב/גמיש/תלוי גיל,2012,0.1,6,0.1
gemel,208,"פסגות גדיש אג""ח קונצרני",תגמולים ואישית לפיצויים,"אג""ח ללא מניות","תגמולים ואישית לפיצויים | אג""ח ללא מניות",2012,11.0231,12,36.6
gemel,2088,"אקסלנס השתלמות אג""ח קונצרני עד 20%מניות",קרנות השתלמות,עד 25% מניות,קרנות השתלמות | עד 25% מניות,2012,5.0788,4,8.5
gemel,2089,"אקסלנס גמל אג""ח עד 20% מניות",תגמולים ואישית לפיצויים,עד 25% מניות,תגמולים ואישית לפיצויים | עד 25% מניות,2012,3.8733,4,60.0
gemel,2091,"אקסלנס השתלמות אג""ח עד 20% מניות",קרנות השתלמות,עד 25% מניות,קרנות השתלמות | עד 25% מניות,2012,3.9077,4,29.5
gemel,211,"הפניקס גמל אג""ח עד 15% מניות",תגמולים ואישית לפיצויים,עד 25% מניות,תגמולים ואישית לפיצויים | עד 25% מניות,2012,9.232,12,474.6
gemel,2115,"כלל השתלמות אג""ח",קרנות השתלמות,"אג""ח ללא מניות","קרנות השתלמות | אג""ח ללא מניות",2012,0.8713,2,6.1
gemel,2127,השתלמות שיטת הפניקס סל עוקב תל בונד שקלי,קרנות השתלמות,"אג""ח ללא מניות","קרנות השתלמות | אג""ח ללא מניות",2012,0.98,1,0.1
gemel,2128,השתלמות שיטת הפניקס סל עוקב מדד Barclays capital,קרנות השתלמות,"אג""ח ללא מניות","קרנות השתלמות | אג""ח ללא מניות",2012,-2.32,1,0.1
gemel,2130,השתלמות שיטת הפניקס סל עוקב מדד IBoxx $ Liquid,קרנות השתלמות,"אג""ח ללא מניות","קרנות השתלמות | אג""ח ללא מניות",2012,-2.39,1,0.2
gemel,223,"מיטב גמל אשראי ואג""ח",תגמולים ואישית לפיצויים,"אג""ח ללא מניות","תגמולים ואישית לפיצויים | אג""ח ללא מניות",2012,8.3998,12,640.4
gemel,251,מיטב מרתון גמל,תגמולים ואישית לפיצויים,כללי/מעורב/גמיש/תלוי גיל,תגמולים ואישית לפיצויים | כללי/מעורב/גמיש/תלוי גיל,2012,9.1162,12,830.4
gemel,253,"כלל תמר אג""ח עד 25% מניות",תגמולים ואישית לפיצויים,עד 25% מניות,תגמולים ואישית לפיצויים | עד 25% מניות,2012,10.8556,12,12425.3
gemel,256,מיטב קרן השפע,תגמולים ואישית לפיצויים,כללי/מעורב/גמיש/תלוי גיל,תגמולים ואישית לפיצויים | כללי/מעורב/גמיש/תלוי גיל,2012,9.9753,12,739.5
gemel,257,הלמן-אלדובי גמל ישראל,תגמולים ואישית לפיצויים,כללי/מעורב/גמיש/תלוי גיל,תגמולים ואישית לפיצויים | כללי/מעורב/גמיש/תלוי גיל,2012,11.7307,12,1006.5
gemel,259,הלמן-אלדובי גמל כללי (לשעבר קופת פקידי מרכנתיל דיסקונט),תגמולים ואישית לפיצויים,כללי/מעורב/גמיש/תלוי גיל,תגמולים ואישית לפיצויים | כללי/מעורב/גמיש/תלוי גיל,2012,10.6747,12,194.3
gemel,260,מנורה מבטחים אמיר כללי,תגמולים ואישית לפיצויים,כללי/מעורב/גמיש/תלוי גיל,תגמולים ואישית לפיצויים | כללי/מעורב/גמיש/תלוי גיל,2012,11.7905,12,257.0
gemel,263,"בר קרן גמולים קופת גמל לתגמולים ופיצויים בניהול כלל גמל בע""מ",תגמולים ואישית לפיצויים,כללי/מעורב/גמיש/תלוי גיל,תגמולים ואישית לפיצויים | כללי/מעורב/גמיש/תלוי גיל,2012,11.1153,12,3483.9
gemel,265,אקסלנס גמל פלטינום עד 15% מניות,תגמולים ואישית לפיצויים,עד 25% מניות,תגמולים ואישית לפיצויים | עד 25% מניות,2012,9.3303,12,1253.6
gemel,270,פסגות גדיש אגח עד 20% מניות,תגמולים ואישית לפיצויים,עד 25% מניות,תגמולים ואישית לפיצויים | עד 25% מניות,2012,9.2776,12,407.6
gemel,275,איניפיניטי גמל דינמי,תגמולים ואישית לפיצויים,כללי/מעורב/גמיש/תלוי גיל,תגמולים ואישית לפיצויים | כללי/מעורב/גמיש/תלוי גיל,2012,7.9864,12,52.2
gemel,309,מנורה מבטחים תגמולים ופיצויים - קופת עובדים חקלאיים,תגמולים ואישית לפיצויים,כללי/מעורב/גמיש/תלוי גיל,תגמולים ואישית לפיצויים | כללי/מעורב/גמיש/תלוי גיל,2012,10.7344,12,13.6
gemel,356,מיטב השתלמות חכם מסלול משתלם,קרנות השתלמות,כללי/מעורב/גמיש/תלוי גיל,קרנות השתלמות | כללי/מעורב/גמיש/תלוי גיל,2012,9.4237,12,721.5
gemel,385,"הפניקס גמל אשראי ואג""ח",תגמולים ואישית לפיצויים,"אג""ח ללא מניות","תגמולים ואישית לפיצויים | אג""ח ללא מניות",2012,7.9225,12,1332.9
gemel,386,מגדל קהל השתלמות מסלול כללי,קרנות השתלמות,כללי/מעורב/גמיש/תלוי גיל,קרנות השתלמות | כללי/מעורב/גמיש/תלוי גיל,2012,2.1319,3,7930.4
gemel,387,מיטב משתלם א',קרנות השתלמות,כללי/מעורב/גמיש/תלוי גיל,קרנות השתלמות | כללי/מעורב/גמיש/תלוי גיל,2012,9.8357,12,1002.8
gemel,396,פסגות שיא השתלמות כללי,קרנות השתלמות,כללי/מעורב/גמיש/תלוי גיל,קרנות השתלמות | כללי/מעורב/גמיש/תלוי גיל,2012,11.1138,12,5530.4
gemel,399,אקסלנס השתלמות פלטינום,קרנות השתלמות,כללי/מעורב/גמיש/תלוי גיל,קרנות השתלמות | כללי/מעורב/גמיש/תלוי גיל,2012,8.8656,12,1784.3
gemel,401,הפניקס גמל לבני 60 ומעלה,תגמולים ואישית לפיצויים,כללי/מעורב/גמיש/תלוי גיל,תגמולים ואישית לפיצויים | כללי/מעורב/גמיש/תלוי גיל,2012,9.5343,12,938.3
gemel,417,מנורה מבטחים תעוש - מסלול כללי,תגמולים ואישית לפיצויים,כללי/מעורב/גמיש/תלוי גיל,תגמולים ואישית לפיצויים | כללי/מעורב/גמיש/תלוי גיל,2012,10.7842,12,480.6
gemel,437,קרן השתלמות נירית כללית,קרנות השתלמות,כללי/מעורב/גמיש/תלוי גיל,קרנות השתלמות | כללי/מעורב/גמיש/תלוי גיל,2012,10.7803,7,645.8
gemel,444,כלל איתן כללי,תגמולים ואישית לפיצויים,כללי/מעורב/גמיש/תלוי גיל,תגמולים ואישית לפיצויים | כללי/מעורב/גמיש/תלוי גיל,2012,10.5128,12,1100.9
gemel,448,להיט קופה לתגמולים ופיצויים כללי,תגמולים ואישית לפיצויים,כללי/מעורב/גמיש/תלוי גיל,תגמולים ואישית לפיצויים | כללי/מעורב/גמיש/תלוי גיל,2012,11.1061,7,885.2
gemel,450,פסגות גדיש בטא,תגמולים ואישית לפיצויים,כללי/מעורב/גמיש/תלוי גיל,תגמולים ואישית לפיצויים | כללי/מעורב/גמיש/תלוי גיל,2012,11.0148,12,251.4
gemel,456,כלל השתלמות כללי,קרנות השתלמות,כללי/מעורב/גמיש/תלוי גיל,קרנות השתלמות | כללי/מעורב/גמיש/תלוי גיל,2012,10.4624,12,3938.8
gemel,460,כלל איתן כללי דגש חזק,תגמולים ואישית לפיצויים,כללי/מעורב/גמיש/תלוי גיל,תגמולים ואישית לפיצויים | כללי/מעורב/גמיש/תלוי גיל,2012,11.5328,12,55.4
gemel,503,מנורה מבטחים תגמולים ופיצויים - קרן פועלים חקלאים,תגמולים ואישית לפיצויים,כללי/מעורב/גמיש/תלוי גיל,תגמולים ואישית לפיצויים | כללי/מעורב/גמיש/תלוי גיל,2012,10.9542,12,43.8
gemel,515,"מגן קרן פנסיה מרכזית בע""מ - קופת תגמולים",תגמולים ואישית לפיצויים,כללי/מעורב/גמיש/תלוי גיל,תגמולים ואישית לפיצויים | כללי/מעורב/גמיש/תלוי גיל,2012,10.4049,12,43.3
gemel,521,"הפניקס תגמולים ופיצויים - מסלול אג""ח עד 25% מניות",תגמולים ואישית לפיצויים,עד 25% מניות,תגמולים ואישית לפיצויים | עד 25% מניות,2012,6.9116,12,44.7
gemel,546,אלטשולר שחם גמל להיט קלאסי,תגמולים ואישית לפיצויים,"אג""ח ללא מניות","תגמולים ואישית לפיצויים | אג""ח ללא מניות",2012,8.7995,7,1623.8
gemel,548,"פסגות גדיש אג""ח חו""ל",תגמולים ואישית לפיצויים,"אג""ח ללא מניות","תגמולים ואישית לפיצויים | אג""ח ללא מניות",2012,9.1989,12,39.8
gemel,549,פסגות גמל מדדית,תגמולים ואישית לפיצויים,"אג""ח ללא מניות","תגמולים ואישית לפיצויים | אג""ח ללא מניות",2012,9.3815,12,186.3
gemel,550,פסגות גדיש שקלית,תגמולים ואישית לפיצויים,"אג""ח ללא מניות","תגמולים ואישית לפיצויים | אג""ח ללא מניות",2012,7.4628,12,268.9
gemel,558,"אלטשולר שחם השתלמות אשראי ואג""ח עם מניות (עד 25% מניות)",קרנות השתלמות,עד 25% מניות,קרנות השתלמות | עד 25% מניות,2012,8.6929,7,1717.0
gemel,560,אנליסט קרן השתלמות כללי,קרנות השתלמות,כללי/מעורב/גמיש/תלוי גיל,קרנות השתלמות | כללי/מעורב/גמיש/תלוי גיל,2012,8.7443,12,2206.4
gemel,561,להבה מסלול כללי,קרנות השתלמות,כללי/מעורב/גמיש/תלוי גיל,קרנות השתלמות | כללי/מעורב/גמיש/תלוי גיל,2012,0.0,1,0.0
gemel,579,מגדל השתלמות מסלול כללי,קרנות השתלמות,כללי/מעורב/גמיש/תלוי גיל,קרנות השתלמות | כללי/מעורב/גמיש/תלוי גיל,2012,2.368,3,2501.5
gemel,592,כלל תמר שקלים,תגמולים ואישית לפיצויים,"אג""ח ללא מניות","תגמולים ואישית לפיצויים | אג""ח ללא מניות",2012,7.0193,12,514.8
gemel,599,"מגדל השתלמות מסלול אג""ח עד 10% מניות",קרנות השתלמות,עד 25% מניות,קרנות השתלמות | עד 25% מניות,2012,2.1928,3,165.3
gemel,610,"פסגות שיא השתלמות אג""ח",קרנות השתלמות,"אג""ח ללא מניות","קרנות השתלמות | אג""ח ללא מניות",2012,8.9383,12,674.5
gemel,611,פסגות שיא השתלמות כספי,קרנות השתלמות,כספי,קרנות השתלמות | כספי,2012,2.3447,12,306.3
gemel,612,פסגות שיא השתלמות מניות,קרנות השתלמות,מניות אקטיבי,קרנות השתלמות | מניות אקטיבי,2012,10.8361,12,99.5
gemel,685,אקסלנס גמל,תגמולים ואישית לפיצויים,כללי/מעורב/גמיש/תלוי גיל,תגמולים ואישית לפיצויים | כללי/מעורב/גמיש/תלוי גיל,2012,10.6286,12,1294.5
gemel,686,הפניקס השתלמות לטווח קצר,קרנות השתלמות,כללי/מעורב/גמיש/תלוי גיל,קרנות השתלמות | כללי/מעורב/גמיש/תלוי גיל,2012,10.0483,12,2732.2
gemel,689,כלל מושלם תגמולים,תגמולים ואישית לפיצויים,כללי/מעורב/גמיש/תלוי גיל,תגמולים ואישית לפיצויים | כללי/מעורב/גמיש/תלוי גיל,2012,11.171,12,203.6
gemel,707,פסגות גמל עד 10% מניות,תגמולים ואישית לפיצויים,עד 25% מניות,תגמולים ואישית לפיצויים | עד 25% מניות,2012,9.1995,12,1047.4
gemel,708,פסגות גמל כללי,תגמולים ואישית לפיצויים,כללי/מעורב/גמיש/תלוי גיל,תגמולים ואישית לפיצויים | כללי/מעורב/גמיש/תלוי גיל,2012,11.3799,12,5300.1
gemel,709,פסגות גמל מניות,תגמולים ואישית לפיצויים,מניות אקטיבי,תגמולים ואישית לפיצויים | מניות אקטיבי,2012,10.7519,12,155.7
gemel,714,אקסלנס השתלמות זהב עד 15% מניות,קרנות השתלמות,עד 25% מניות,קרנות השתלמות | עד 25% מניות,2012,8.4962,12,350.6
gemel,715,הפניקס השתלמות כספי (שקלי),קרנות השתלמות,כספי,קרנות השתלמות | כספי,2012,6.7264,12,53.8
gemel,716,"הפניקס השתלמות אשראי ואג""ח",קרנות השתלמות,"אג""ח ללא מניות","קרנות השתלמות | אג""ח ללא מניות",2012,8.1075,12,305.6
gemel,718,אקסלנס השתלמות זהב - מסלול מניות,קרנות השתלמות,מניות אקטיבי,קרנות השתלמות | מניות אקטיבי,2012,6.5954,12,23.9
gemel,721,כלל מושלם השתלמות,קרנות השתלמות,כללי/מעורב/גמיש/תלוי גיל,קרנות השתלמות | כללי/מעורב/גמיש/תלוי גיל,2012,10.8475,12,285.1
gemel,722,"הלמן-אלדובי בר-יציב אג""ח צמוד מדד",תגמולים ואישית לפיצויים,"אג""ח ללא מניות","תגמולים ואישית לפיצויים | אג""ח ללא מניות",2012,8.6882,12,155.5
gemel,723,הלמן-אלדובי בר-יציב שקלי,תגמולים ואישית לפיצויים,"אג""ח ללא מניות","תגמולים ואישית לפיצויים | אג""ח ללא מניות",2012,7.8294,12,219.9
gemel,724,הלמן-אלדובי גמל מניות,תגמולים ואישית לפיצויים,מניות אקטיבי,תגמולים ואישית לפיצויים | מניות אקטיבי,2012,8.6445,12,34.2
gemel,725,הדס ארזים גמל,תגמולים ואישית לפיצויים,כללי/מעורב/גמיש/תלוי גיל,תגמולים ואישית לפיצויים | כללי/מעורב/גמיש/תלוי גיל,2012,10.2173,12,326.7
gemel,730,אנליסט קתדרה כללי,תגמולים ואישית לפיצויים,כללי/מעורב/גמיש/תלוי גיל,תגמולים ואישית לפיצויים | כללי/מעורב/גמיש/תלוי גיל,2012,6.8764,12,97.5
gemel,732,"אנליסט קתדרה קופת גמל - מסלול אג""ח",תגמולים ואישית לפיצויים,"אג""ח ללא מניות","תגמולים ואישית לפיצויים | אג""ח ללא מניות",2012,6.5212,12,23.4
gemel,733,"אנליסט קתדרה קופת גמל - מסלול אג""ח ממשלתי",תגמולים ואישית לפיצויים,"אג""ח ללא מניות","תגמולים ואישית לפיצויים | אג""ח ללא מניות",2012,2.8522,12,5.0
gemel,734,אנליסט קתדרה קופת גמל - מסלול מניות,תגמולים ואישית לפיצויים,מניות אקטיבי,תגמולים ואישית לפיצויים | מניות אקטיבי,2012,8.8832,12,4.9
gemel,736,"הלמן-אלדובי השתלמות אג""ח",קרנות השתלמות,"אג""ח ללא מניות","קרנות השתלמות | אג""ח ללא מניות",2012,9.2822,12,53.8
gemel,737,הלמן-אלדובי השתלמות שקלי,קרנות השתלמות,"אג""ח ללא מניות","קרנות השתלמות | אג""ח ללא מניות",2012,7.829,12,72.9
gemel,738,הלמן-אלדובי השתלמות מניות,קרנות השתלמות,מניות אקטיבי,קרנות השתלמות | מניות אקטיבי,2012,9.0329,12,22.6
gemel,744,מגדל לתגמולים ולפיצויים מסלול כללי,תגמולים ואישית לפיצויים,כללי/מעורב/גמיש/תלוי גיל,תגמולים ואישית לפיצויים | כללי/מעורב/גמיש/תלוי גיל,2012,2.5,3,1008.4
gemel,747,איפקס תגמולים כללי,תגמולים ואישית לפיצויים,כללי/מעורב/גמיש/תלוי גיל,תגמולים ואישית לפיצויים | כללי/מעורב/גמיש/תלוי גיל,2012,7.5102,12,159.0
gemel,749,איפקס השתלמות כללי,קרנות השתלמות,כללי/מעורב/גמיש/תלוי גיל,קרנות השתלמות | כללי/מעורב/גמיש/תלוי גיל,2012,7.5871,12,459.5
gemel,756,אלטשולר שחם יהלום מסלול כללי,תגמולים ואישית לפיצויים,כללי/מעורב/גמיש/תלוי גיל,תגמולים ואישית לפיצויים | כללי/מעורב/גמיש/תלוי גיל,2012,6.5904,4,864.3
gemel,757,אלטשולר שחם קרנות השתלמות,קרנות השתלמות,כללי/מעורב/גמיש/תלוי גיל,קרנות השתלמות | כללי/מעורב/גמיש/תלוי גיל,2012,6.5908,4,929.7
gemel,767,מיטב גמל הלכה,תגמולים ואישית לפיצויים,כללי/מעורב/גמיש/תלוי גיל,תגמולים ואישית לפיצויים | כללי/מעורב/גמיש/תלוי גיל,2012,9.8248,12,54.1
gemel,768,מיטב השתלמות הלכה,קרנות השתלמות,כללי/מעורב/גמיש/תלוי גיל,קרנות השתלמות | כללי/מעורב/גמיש/תלוי גיל,2012,9.4943,12,49.1
gemel,770,אי.בי.אי תגמולים - כללי,תגמולים ואישית לפיצויים,כללי/מעורב/גמיש/תלוי גיל,תגמולים ואישית לפיצויים | כללי/מעורב/גמיש/תלוי גיל,2012,11.3695,12,14.6
gemel,775,פסגות גמל בטא סגנון,תגמולים ואישית לפיצויים,כללי/מעורב/גמיש/תלוי גיל,תגמולים ואישית לפיצויים | כללי/מעורב/גמיש/תלוי גיל,2012,11.1092,12,564.0
gemel,778,מיטב דינאמית להשתלמות מסלול מניות,קרנות השתלמות,מניות אקטיבי,קרנות השתלמות | מניות אקטיבי,2012,5.3325,3,35.4
gemel,780,מיטב דינאמית להשתלמות מסלול צמוד מדד,קרנות השתלמות,"אג""ח ללא מניות","קרנות השתלמות | אג""ח ללא מניות",2012,1.483,3,103.9
gemel,781,מיטב דינאמית להשתלמות מסלול שקלי,קרנות השתלמות,"אג""ח ללא מניות","קרנות השתלמות | אג""ח ללא מניות",2012,0.7,3,40.1
gemel,782,מיטב דינאמית גמל מסלול מניות,תגמולים ואישית לפיצויים,מניות אקטיבי,תגמולים ואישית לפיצויים | מניות אקטיבי,2012,5.3842,3,32.9
gemel,784,מיטב דינאמית גמל מסלול צמוד מדד,תגמולים ואישית לפיצויים,"אג""ח ללא מניות","תגמולים ואישית לפיצויים | אג""ח ללא מניות",2012,1.5831,3,70.4
gemel,785,מיטב דינאמית גמל מסלול שקלי,תגמולים ואישית לפיצויים,"אג""ח ללא מניות","תגמולים ואישית לפיצויים | אג""ח ללא מניות",2012,0.7502,3,43.3
gemel,786,מיטב מאור,קרנות השתלמות,כללי/מעורב/גמיש/תלוי גיל,קרנות השתלמות | כללי/מעורב/גמיש/תלוי גיל,2012,7.3881,12,154.4
gemel,787,אקסלנס גמל פלטינום שקלי,תגמולים ואישית לפיצויים,"אג""ח ללא מניות","תגמולים ואישית לפיצויים | אג""ח ללא מניות",2012,4.678,12,260.7
gemel,790,אקסלנס גמל פלטינום מניות,תגמולים ואישית לפיצויים,מניות אקטיבי,תגמולים ואישית לפיצויים | מניות אקטיבי,2012,5.9208,12,60.8
gemel,792,"אקסלנס גמל אג""ח צמוד מדד",תגמולים ואישית לפיצויים,"אג""ח ללא מניות","תגמולים ואישית לפיצויים | אג""ח ללא מניות",2012,8.0765,12,572.9
gemel,794,אקסלנס השתלמות פלטינום שקלי,קרנות השתלמות,"אג""ח ללא מניות","קרנות השתלמות | אג""ח ללא מניות",2012,4.379,12,298.6
gemel,797,אקסלנס השתלמות מניות,קרנות השתלמות,מניות אקטיבי,קרנות השתלמות | מניות אקטיבי,2012,5.9578,12,45.6
gemel,799,אקסלנס השתלמות צמוד מדד,קרנות השתלמות,"אג""ח ללא מניות","קרנות השתלמות | אג""ח ללא מניות",2012,7.8118,12,560.3
gemel,808,אקסלנס גמל ללא מניות,תגמולים ואישית לפיצויים,"אג""ח ללא מניות","תגמולים ואישית לפיצויים | אג""ח ללא מניות",2012,7.3229,12,42.4
gemel,809,אקסלנס השתלמות ללא מניות,קרנות השתלמות,"אג""ח ללא מניות","קרנות השתלמות | אג""ח ללא מניות",2012,7.0774,12,71.7
gemel,811,אנליסט מסלולית קופת גמל ישראל,תגמולים ואישית לפיצויים,כללי/מעורב/גמיש/תלוי גיל,תגמולים ואישית לפיצויים | כללי/מעורב/גמיש/תלוי גיל,2012,10.3884,12,544.4
gemel,812,אנליסט גמל כללי,תגמולים ואישית לפיצויים,כללי/מעורב/גמיש/תלוי גיל,תגמולים ואישית לפיצויים | כללי/מעורב/גמיש/תלוי גיל,2012,8.866,12,771.4
gemel,813,"אנליסט גמל אשראי ואג""ח",תגמולים ואישית לפיצויים,"אג""ח ללא מניות","תגמולים ואישית לפיצויים | אג""ח ללא מניות",2012,6.3472,12,111.8
gemel,814,אנליסט גמל מניות,תגמולים ואישית לפיצויים,מניות אקטיבי,תגמולים ואישית לפיצויים | מניות אקטיבי,2012,11.1026,12,80.7
gemel,815,אנליסט גמל כספי (שקלי),תגמולים ואישית לפיצויים,כספי,תגמולים ואישית לפיצויים | כספי,2012,2.7432,12,34.6
gemel,817,אנליסט גמל מניות סחיר,תגמולים ואישית לפיצויים,מניות אקטיבי,תגמולים ואישית לפיצויים | מניות אקטיבי,2012,11.0504,12,11.5
gemel,818,אנליסט גמל משולב סחיר,תגמולים ואישית לפיצויים,כללי/מעורב/גמיש/תלוי גיל,תגמולים ואישית לפיצויים | כללי/מעורב/גמיש/תלוי גיל,2012,1.8764,12,9.3
gemel,819,מעלות כלל השתלמות,קרנות השתלמות,כללי/מעורב/גמיש/תלוי גיל,קרנות השתלמות | כללי/מעורב/גמיש/תלוי גיל,2012,10.6826,12,169.2
gemel,826,מנורה מבטחים תגמולים ופיצויים מסלול כללי,תגמולים ואישית לפיצויים,כללי/מעורב/גמיש/תלוי גיל,תגמולים ואישית לפיצויים | כללי/מעורב/גמיש/תלוי גיל,2012,11.6701,12,1694.5
gemel,828,מנורה מבטחים השתלמות מסלול כללי,קרנות השתלמות,כללי/מעורב/גמיש/תלוי גיל,קרנות השתלמות | כללי/מעורב/גמיש/תלוי גיל,2012,10.3268,12,742.3
gemel,831,"פסגות גמל אג""ח",תגמולים ואישית לפיצויים,"אג""ח ללא מניות","תגמולים ואישית לפיצויים | אג""ח ללא מניות",2012,8.7986,12,802.9
gemel,835,פסגות גדיש אגח צמוד מדד,תגמולים ואישית לפיצויים,"אג""ח ללא מניות","תגמולים ואישית לפיצויים | אג""ח ללא מניות",2012,9.0317,12,687.9
gemel,855,נירית מניות,קרנות השתלמות,מניות אקטיבי,קרנות השתלמות | מניות אקטיבי,2012,16.6513,7,29.2
gemel,856,מנורה מבטחים תגמולים ופיצויים - קרן פועלי הבניין ועבודות ציבוריות,תגמולים ואישית לפיצויים,כללי/מעורב/גמיש/תלוי גיל,תגמולים ואישית לפיצויים | כללי/מעורב/גמיש/תלוי גיל,2012,10.563,12,33.5
gemel,858,מגדל לתגמולים ולפיצויים מסלול כספי (שקלי),תגמולים ואישית לפיצויים,כספי,תגמולים ואישית לפיצויים | כספי,2012,0.7317,3,49.6
gemel,859,"מגדל לתגמולים ולפיצויים מסלול אג""ח ממשלות",תגמולים ואישית לפיצויים,"אג""ח ללא מניות","תגמולים ואישית לפיצויים | אג""ח ללא מניות",2012,2.0326,3,185.1
gemel,860,מגדל לתגמולים ולפיצויים מסלול צמוד מדד,תגמולים ואישית לפיצויים,"אג""ח ללא מניות","תגמולים ואישית לפיצויים | אג""ח ללא מניות",2012,2.1735,3,56.9
gemel,862,"מגדל לתגמולים ולפיצויים מסלול חו""ל",תגמולים ואישית לפיצויים,כללי/מעורב/גמיש/תלוי גיל,תגמולים ואישית לפיצויים | כללי/מעורב/גמיש/תלוי גיל,2012,-2.2768,3,2.1
gemel,863,מגדל לתגמולים ולפיצויים מסלול מניות,תגמולים ואישית לפיצויים,מניות אקטיבי,תגמולים ואישית לפיצויים | מניות אקטיבי,2012,2.064,3,16.4
gemel,864,מגדל השתלמות מסלול כספי (שקלי),קרנות השתלמות,כספי,קרנות השתלמות | כספי,2012,0.7317,3,305.2
gemel,865,"מגדל השתלמות מסלול אג""ח ממשלות",קרנות השתלמות,"אג""ח ללא מניות","קרנות השתלמות | אג""ח ללא מניות",2012,2.0123,3,467.6
gemel,866,מגדל השתלמות מסלול צמוד מדד,קרנות השתלמות,"אג""ח ללא מניות","קרנות השתלמות | אג""ח ללא מניות",2012,1.8698,3,86.8
gemel,868,"מגדל השתלמות מסלול חו""ל",קרנות השתלמות,כללי/מעורב/גמיש/תלוי גיל,קרנות השתלמות | כללי/מעורב/גמיש/תלוי גיל,2012,-2.4109,3,7.5
gemel,869,מגדל השתלמות מסלול מניות,קרנות השתלמות,מניות אקטיבי,קרנות השתלמות | מניות אקטיבי,2012,1.782,3,91.7
gemel,873,מיטב גמל כללי,תגמולים ואישית לפיצויים,כללי/מעורב/גמיש/תלוי גיל,תגמולים ואישית לפיצויים | כללי/מעורב/גמיש/תלוי גיל,2012,11.6995,12,224.3
gemel,874,"מיטב גמל אג""ח עד 25% מניות",תגמולים ואישית לפיצויים,עד 25% מניות,תגמולים ואישית לפיצויים | עד 25% מניות,2012,11.1308,12,1237.2
gemel,875,"מיטב דש גמל אג""ח צמוד מדד",תגמולים ואישית לפיצויים,"אג""ח ללא מניות","תגמולים ואישית לפיצויים | אג""ח ללא מניות",2012,8.9615,12,379.3
gemel,876,מיטב גמל כספי (שקלי),תגמולים ואישית לפיצויים,כספי,תגמולים ואישית לפיצויים | כספי,2012,6.7098,12,194.4
gemel,877,מיטב גמל מניות,תגמולים ואישית לפיצויים,מניות אקטיבי,תגמולים ואישית לפיצויים | מניות אקטיבי,2012,14.0025,12,89.4
gemel,879,מיטב השתלמות כללי,קרנות השתלמות,כללי/מעורב/גמיש/תלוי גיל,קרנות השתלמות | כללי/מעורב/גמיש/תלוי גיל,2012,10.9467,12,261.6
gemel,880,מיטב השתלמות כללי,קרנות השתלמות,כללי/מעורב/גמיש/תלוי גיל,קרנות השתלמות | כללי/מעורב/גמיש/תלוי גיל,2012,10.5745,12,1285.8
gemel,881,"מיטב השתלמות אג""ח צמוד מדד",קרנות השתלמות,"אג""ח ללא מניות","קרנות השתלמות | אג""ח ללא מניות",2012,8.9125,12,385.0
gemel,882,מיטב דש השתלמות מסלול שקלי,קרנות השתלמות,"אג""ח ללא מניות","קרנות השתלמות | אג""ח ללא מניות",2012,6.6682,12,191.3
gemel,883,מיטב השתלמות מניות,קרנות השתלמות,מניות אקטיבי,קרנות השתלמות | מניות אקטיבי,2012,13.7564,12,98.1
gemel,923,מיטב בטחון,תגמולים ואישית לפיצויים,כללי/מעורב/גמיש/תלוי גיל,תגמולים ואישית לפיצויים | כללי/מעורב/גמיש/תלוי גיל,2012,9.2492,12,27.3
gemel,948,מיטב גמל שקלי טווח קצר,תגמולים ואישית לפיצויים,כספי,תגמולים ואישית לפיצויים | כספי,2012,2.5897,12,58.7
gemel,956,הדס ארזים אפסילון תגמולים מסלול כללי,תגמולים ואישית לפיצויים,כללי/מעורב/גמיש/תלוי גיל,תגמולים ואישית לפיצויים | כללי/מעורב/גמיש/תלוי גיל,2012,9.363,12,209.1
gemel,957,הפניקס תגמולים ופיצויים - מסלול כללי,תגמולים ואישית לפיצויים,כללי/מעורב/גמיש/תלוי גיל,תגמולים ואישית לפיצויים | כללי/מעורב/גמיש/תלוי גיל,2012,9.4615,12,245.6
gemel,961,הפניקס גמל מסלול מניות,תגמולים ואישית לפיצויים,מניות אקטיבי,תגמולים ואישית לפיצויים | מניות אקטיבי,2012,9.7898,12,12.2
gemel,962,אנליסט השתלמות כללי,קרנות השתלמות,כללי/מעורב/גמיש/תלוי גיל,קרנות השתלמות | כללי/מעורב/גמיש/תלוי גיל,2012,9.3141,12,484.4
gemel,963,אנליסט השתלמות מניות,קרנות השתלמות,מניות אקטיבי,קרנות השתלמות | מניות אקטיבי,2012,10.2387,12,101.2
gemel,964,הפניקס השתלמות כללי,קרנות השתלמות,כללי/מעורב/גמיש/תלוי גיל,קרנות השתלמות | כללי/מעורב/גמיש/תלוי גיל,2012,9.7939,12,518.9
gemel,968,הפניקס השתלמות מניות,קרנות השתלמות,מניות אקטיבי,קרנות השתלמות | מניות אקטיבי,2012,9.8033,12,42.8
gemel,972,"אנליסט השתלמות אשראי ואג""ח",קרנות השתלמות,"אג""ח ללא מניות","קרנות השתלמות | אג""ח ללא מניות",2012,6.197,12,176.8
gemel,973,"אנליסט השתלמות אג""ח ממשלות",קרנות השתלמות,"אג""ח ללא מניות","קרנות השתלמות | אג""ח ללא מניות",2012,2.8606,12,124.6
gemel,974,מגדל פלטינום לתגמולים כללי,תגמולים ואישית לפיצויים,כללי/מעורב/גמיש/תלוי גיל,תגמולים ואישית לפיצויים | כללי/מעורב/גמיש/תלוי גיל,2012,2.0803,3,119.6
gemel,989,אלטשולר שחם עוקב מדדי מניות,תגמולים ואישית לפיצויים,מניות פאסיבי,תגמולים ואישית לפיצויים | מניות פאסיבי,2012,7.1619,12,134.8
gemel,1002,הדס ארזים אפסילון השתלמות מסלול כללי,קרנות השתלמות,כללי/מעורב/גמיש/תלוי גיל,קרנות השתלמות | כללי/מעורב/גמיש/תלוי גיל,2013,6.9868,9,61.8
gemel,1010,אי.בי.אי לתגמולים ופיצויים שקלי לטווח קצר,תגמולים ואישית לפיצויים,כספי,תגמולים ואישית לפיצויים | כספי,2013,1.6927,12,8.5
gemel,1011,"תמיר פישמן גמל מניות בישראל ובחו""ל",תגמולים ואישית לפיצויים,מניות אקטיבי,תגמולים ואישית לפיצויים | מניות אקטיבי,2013,3.7341,2,12.9
gemel,1012,"תמיר פישמן גמל אג""ח",תגמולים ואישית לפיצויים,"אג""ח ללא מניות","תגמולים ואישית לפיצויים | אג""ח ללא מניות",2013,0.8001,2,125.2
gemel,1013,תמיר פישמן גמל כללי,תגמולים ואישית לפיצויים,כללי/מעורב/גמיש/תלוי גיל,תגמולים ואישית לפיצויים | כללי/מעורב/גמיש/תלוי גיל,2013,2.1009,2,53.6
gemel,1014,אי.בי.אי קרן השתלמות מסלול שקלי לטווח קצר,קרנות השתלמות,כספי,קרנות השתלמות | כספי,2013,1.6521,12,5.8
gemel,1015,"תמיר פישמן השתלמות מניות בישראל ובחו""ל",קרנות השתלמות,מניות אקטיבי,קרנות השתלמות | מניות אקטיבי,2013,3.9479,2,15.7
gemel,1016,"תמיר פישמן השתלמות אג""ח",קרנות השתלמות,"אג""ח ללא מניות","קרנות השתלמות | אג""ח ללא מניות",2013,0.8001,2,116.5
gemel,1017,תמיר פישמן השתלמות כללי,קרנות השתלמות,כללי/מעורב/גמיש/תלוי גיל,קרנות השתלמות | כללי/מעורב/גמיש/תלוי גיל,2013,2.0301,2,78.1
gemel,102,אקסלנס גמל פלטינום,תגמולים ואישית לפיצויים,כללי/מעורב/גמיש/תלוי גיל,תגמולים ואישית לפיצויים | כללי/מעורב/גמיש/תלוי גיל,2013,9.9535,12,2396.5
gemel,103,מיטב גמל לבני 50 עד 60,תגמולים ואישית לפיצויים,כללי/מעורב/גמיש/תלוי גיל,תגמולים ואישית לפיצויים | כללי/מעורב/גמיש/תלוי גיל,2013,6.5257,6,3486.6
gemel,1035,"ילין לפידות קופת גמל מסלול אג""ח עד 25% מניות",תגמולים ואישית לפיצויים,עד 25% מניות,תגמולים ואישית לפיצויים | עד 25% מניות,2013,10.2545,12,3144.7
gemel,1036,ילין לפידות קופת גמל מסלול מניות,תגמולים ואישית לפיצויים,מניות אקטיבי,תגמולים ואישית לפיצויים | מניות אקטיבי,2013,20.4409,12,333.5
gemel,1037,"ילין לפידות קופת גמל מסלול אשראי ואג""ח",תגמולים ואישית לפיצויים,"אג""ח ללא מניות","תגמולים ואישית לפיצויים | אג""ח ללא מניות",2013,4.2802,12,707.7
gemel,1038,"ילין לפידות קרן השתלמות מסלול אג""ח עם מניות (עד 25% מניות)",קרנות השתלמות,עד 25% מניות,קרנות השתלמות | עד 25% מניות,2013,9.9842,12,4251.8
gemel,1040,"אקסלנס גמל אג""ח קונצרני עד 20% מניות",תגמולים ואישית לפיצויים,עד 25% מניות,תגמולים ואישית לפיצויים | עד 25% מניות,2013,6.5579,12,111.1
gemel,1042,אקסלנס גמל שקלי,תגמולים ואישית לפיצויים,"אג""ח ללא מניות","תגמולים ואישית לפיצויים | אג""ח ללא מניות",2013,3.1789,12,105.5
gemel,1055,איילון השתלמות מסלול מניות,קרנות השתלמות,מניות אקטיבי,קרנות השתלמות | מניות אקטיבי,2013,11.6086,5,8.0
gemel,1057,"איילון השתלמות מסלול אג""ח",קרנות השתלמות,"אג""ח ללא מניות","קרנות השתלמות | אג""ח ללא מניות",2013,1.4609,5,68.2
gemel,1059,פסגות שיא השתלמות פאסיבי- כללי,קרנות השתלמות,כללי/מעורב/גמיש/תלוי גיל,קרנות השתלמות | כללי/מעורב/גמיש/תלוי גיל,2013,6.0571,12,45.4
gemel,106,פסגות גדיש כללי,תגמולים ואישית לפיצויים,כללי/מעורב/גמיש/תלוי גיל,תגמולים ואישית לפיצויים | כללי/מעורב/גמיש/תלוי גיל,2013,10.3636,12,22465.5
gemel,1060,איילון השתלמות מסלול כללי ב',קרנות השתלמות,כללי/מעורב/גמיש/תלוי גיל,קרנות השתלמות | כללי/מעורב/גמיש/תלוי גיל,2013,1.3552,2,185.2
gemel,1061,איילון השתלמות מסלול שקלי,קרנות השתלמות,"אג""ח ללא מניות","קרנות השתלמות | אג""ח ללא מניות",2013,0.4908,5,55.3
gemel,1062,איילון תגמולים ואישית לפיצויים מסלול מניות,תגמולים ואישית לפיצויים,מניות אקטיבי,תגמולים ואישית לפיצויים | מניות אקטיבי,2013,10.5012,5,11.8
gemel,1064,"איילון תגמולים ואישית לפיצויים מסלול אג""ח",תגמולים ואישית לפיצויים,"אג""ח ללא מניות","תגמולים ואישית לפיצויים | אג""ח ללא מניות",2013,1.4509,5,130.2
gemel,1067,איילון גמל מסלול כללי ב',תגמולים ואישית לפיצויים,כללי/מעורב/גמיש/תלוי גיל,תגמולים ואישית לפיצויים | כללי/מעורב/גמיש/תלוי גיל,2013,1.3944,2,223.3
gemel,1068,איילון תגמולים ואישית לפיצויים מסלול שקלי,תגמולים ואישית לפיצויים,"אג""ח ללא מניות","תגמולים ואישית לפיצויים | אג""ח ללא מניות",2013,0.5712,5,60.3
gemel,107,"הלמן-אלדובי גמל אג""ח עד 25% במניות",תגמולים ואישית לפיצויים,עד 25% מניות,תגמולים ואישית לפיצויים | עד 25% מניות,2013,6.2802,9,492.7
gemel,1078,"אינפיניטי גמל אשראי ואג""ח",תגמולים ואישית לפיצויים,"אג""ח ללא מניות","תגמולים ואישית לפיצויים | אג""ח ללא מניות",2013,5.6447,12,303.9
gemel,1079,אינפיניטי גמל מניות בישראל,תגמולים ואישית לפיצויים,מניות אקטיבי,תגמולים ואישית לפיצויים | מניות אקטיבי,2013,14.869,12,67.8
gemel,1083,אינפיניטי השתלמות כללי,קרנות השתלמות,כללי/מעורב/גמיש/תלוי גיל,קרנות השתלמות | כללי/מעורב/גמיש/תלוי גיל,2013,10.1549,12,25.7
gemel,1084,"אינפיניטי השתלמות אשראי ואג""ח",קרנות השתלמות,"אג""ח ללא מניות","קרנות השתלמות | אג""ח ללא מניות",2013,5.5066,12,347.3
gemel,1085,אינפיניטי השתלמות מניות בישראל,קרנות השתלמות,מניות אקטיבי,קרנות השתלמות | מניות אקטיבי,2013,14.8481,12,93.1
gemel,109,להיט - מניות,תגמולים ואישית לפיצויים,מניות אקטיבי,תגמולים ואישית לפיצויים | מניות אקטיבי,2013,12.4745,9,44.4
gemel,1092,אלטשולר שחם גמל מסלול כללי,תגמולים ואישית לפיצויים,כללי/מעורב/גמיש/תלוי גיל,תגמולים ואישית לפיצויים | כללי/מעורב/גמיש/תלוי גיל,2013,10.4542,12,6000.2
gemel,1093,אלטשולר שחם השתלמות כללי,קרנות השתלמות,כללי/מעורב/גמיש/תלוי גיל,קרנות השתלמות | כללי/מעורב/גמיש/תלוי גיל,2013,9.9647,12,5989.9
gemel,1098,"מיטב השתלמות מסלול אג""ח",קרנות השתלמות,"אג""ח ללא מניות","קרנות השתלמות | אג""ח ללא מניות",2013,4.1382,9,146.4
gemel,1100,"הפניקס השתלמות אשראי ואג""ח עם מניות (עד 25% מניות)",קרנות השתלמות,עד 25% מניות,קרנות השתלמות | עד 25% מניות,2013,6.0653,12,1920.7
gemel,1103,אקסלנס גמל מניות,תגמולים ואישית לפיצויים,מניות אקטיבי,תגמולים ואישית לפיצויים | מניות אקטיבי,2013,16.7337,12,45.1
gemel,111,מיטב מירון,תגמולים ואישית לפיצויים,כללי/מעורב/גמיש/תלוי גיל,תגמולים ואישית לפיצויים | כללי/מעורב/גמיש/תלוי גיל,2013,10.3117,12,2278.8
gemel,1110,"מנורה מבטחים השתלמות מסלול אג""ח קונצרני",קרנות השתלמות,"אג""ח ללא מניות","קרנות השתלמות | אג""ח ללא מניות",2013,4.4934,12,69.5
gemel,1114,מנורה מבטחים השתלמות כספי (שקלי),קרנות השתלמות,כספי,קרנות השתלמות | כספי,2013,1.7536,12,67.5
gemel,1119,"מיטב תגמולים מסלול אג""ח",תגמולים ואישית לפיצויים,"אג""ח ללא מניות","תגמולים ואישית לפיצויים | אג""ח ללא מניות",2013,4.1693,9,171.1
gemel,1122,כלל גמל מניות,תגמולים ואישית לפיצויים,מניות אקטיבי,תגמולים ואישית לפיצויים | מניות אקטיבי,2013,23.83,12,32.6
gemel,1124,כלל גמל מדד,תגמולים ואישית לפיצויים,"אג""ח ללא מניות","תגמולים ואישית לפיצויים | אג""ח ללא מניות",2013,4.3241,12,256.5
gemel,1127,כלל גמל שקלי טווח קצר,תגמולים ואישית לפיצויים,כספי,תגמולים ואישית לפיצויים | כספי,2013,1.6927,12,54.2
gemel,1128,כלל גמל כללי,תגמולים ואישית לפיצויים,כללי/מעורב/גמיש/תלוי גיל,תגמולים ואישית לפיצויים | כללי/מעורב/גמיש/תלוי גיל,2013,11.821,12,478.6
gemel,1138,איילון מקפת תגמולים - ללא מניות,תגמולים ואישית לפיצויים,"אג""ח ללא מניות","תגמולים ואישית לפיצויים | אג""ח ללא מניות",2013,0.2801,2,36.3
gemel,1143,איילון מקפת השתלמות - ללא מניות,קרנות השתלמות,"אג""ח ללא מניות","קרנות השתלמות | אג""ח ללא מניות",2013,0.2701,2,40.0
gemel,1146,מנורה גמל כללי,תגמולים ואישית לפיצויים,כללי/מעורב/גמיש/תלוי גיל,תגמולים ואישית לפיצויים | כללי/מעורב/גמיש/תלוי גיל,2013,2.1326,3,223.7
gemel,1147,"מנורה מבטחים תגמולים ופיצויים אג""ח עד 10% מניות",תגמולים ואישית לפיצויים,עד 25% מניות,תגמולים ואישית לפיצויים | עד 25% מניות,2013,5.8637,12,756.6
gemel,1148,מנורה השתלמות כללי,קרנות השתלמות,כללי/מעורב/גמיש/תלוי גיל,קרנות השתלמות | כללי/מעורב/גמיש/תלוי גיל,2013,7.6842,10,472.5
gemel,1149,"מנורה מבטחים השתלמות אג""ח עד 10% מניות",קרנות השתלמות,עד 25% מניות,קרנות השתלמות | עד 25% מניות,2013,5.8103,12,975.5
gemel,1156,מגדל לתגמולים ולפיצויים מסלול ביג כללי לפחות 30% מניות,תגמולים ואישית לפיצויים,כללי/מעורב/גמיש/תלוי גיל,תגמולים ואישית לפיצויים | כללי/מעורב/גמיש/תלוי גיל,2013,11.1493,12,200.8
gemel,1157,מגדל השתלמות מסלול ביג כללי לפחות 30% מניות,קרנות השתלמות,כללי/מעורב/גמיש/תלוי גיל,קרנות השתלמות | כללי/מעורב/גמיש/תלוי גיל,2013,10.8324,12,772.1
gemel,1162,ילין לפידות קרן השתלמות מסלול כללי,קרנות השתלמות,כללי/מעורב/גמיש/תלוי גיל,קרנות השתלמות | כללי/מעורב/גמיש/תלוי גיל,2013,11.6773,12,2339.5
gemel,1163,ילין לפידות קופת גמל מסלול כללי ב',תגמולים ואישית לפיצויים,כללי/מעורב/גמיש/תלוי גיל,תגמולים ואישית לפיצויים | כללי/מעורב/גמיש/תלוי גיל,2013,11.6976,12,1301.2
gemel,117,"כלל תמר אשראי ואג""ח",תגמולים ואישית לפיצויים,"אג""ח ללא מניות","תגמולים ואישית לפיצויים | אג""ח ללא מניות",2013,4.2286,12,1391.0
gemel,1172,"תמיר פישמן גמל אג""ח מדינה",תגמולים ואישית לפיצויים,"אג""ח ללא מניות","תגמולים ואישית לפיצויים | אג""ח ללא מניות",2013,-0.4437,2,17.9
gemel,1175,"תמיר פישמן השתלמות אג""ח מדינה",קרנות השתלמות,"אג""ח ללא מניות","קרנות השתלמות | אג""ח ללא מניות",2013,-0.4134,2,28.8
gemel,1183,פסגות שיא השתלמות ישראל,קרנות השתלמות,כללי/מעורב/גמיש/תלוי גיל,קרנות השתלמות | כללי/מעורב/גמיש/תלוי גיל,2013,10.5517,12,1133.3
gemel,1184,"פסגות השתלמות אג""ח",קרנות השתלמות,"אג""ח ללא מניות","קרנות השתלמות | אג""ח ללא מניות",2013,3.4807,12,515.4
gemel,1185,פסגות השתלמות מניות,קרנות השתלמות,מניות אקטיבי,קרנות השתלמות | מניות אקטיבי,2013,23.3608,12,93.1
gemel,1189,אקסלנס גמל עד 50% מניות,תגמולים ואישית לפיצויים,כללי/מעורב/גמיש/תלוי גיל,תגמולים ואישית לפיצויים | כללי/מעורב/גמיש/תלוי גיל,2013,13.1952,12,145.6
gemel,119,מנורה מבטחים יותר מסלול ד',תגמולים ואישית לפיצויים,כללי/מעורב/גמיש/תלוי גיל,תגמולים ואישית לפיצויים | כללי/מעורב/גמיש/תלוי גיל,2013,9.972,12,686.6
gemel,1190,"הפניקס השתלמות אג""ח עד 25% מניות",קרנות השתלמות,עד 25% מניות,קרנות השתלמות | עד 25% מניות,2013,12.4923,12,351.6
gemel,1198,"הלמן-אלדובי גמל מסלול אג""ח ללא מניות",תגמולים ואישית לפיצויים,"אג""ח ללא מניות","תגמולים ואישית לפיצויים | אג""ח ללא מניות",2013,4.1905,12,260.8
gemel,1199,"אי.בי.אי לתגמולים ופיצויים מסלול אג""ח ועוד",תגמולים ואישית לפיצויים,"אג""ח ללא מניות","תגמולים ואישית לפיצויים | אג""ח ללא מניות",2013,5.4172,12,331.4
gemel,1200,אי.בי.אי לתגמולים ופיצויים מסלול כללי,תגמולים ואישית לפיצויים,כללי/מעורב/גמיש/תלוי גיל,תגמולים ואישית לפיצויים | כללי/מעורב/גמיש/תלוי גיל,2013,10.4556,12,326.7
gemel,1201,אי.בי.אי לתגמולים ופיצויים מסלול מניות,תגמולים ואישית לפיצויים,מניות אקטיבי,תגמולים ואישית לפיצויים | מניות אקטיבי,2013,20.8598,12,52.9
gemel,1202,"הלמן-אלדובי קרן השתלמות מסלול אג""ח ללא מניות",קרנות השתלמות,"אג""ח ללא מניות","קרנות השתלמות | אג""ח ללא מניות",2013,4.0778,12,255.3
gemel,1203,"הלמן-אלדובי קרן השתלמות מסלול אג""ח עד 10% מניות",קרנות השתלמות,עד 25% מניות,קרנות השתלמות | עד 25% מניות,2013,5.3124,12,260.2
gemel,1204,אי.בי.אי קרן השתלמות מסלול כללי,קרנות השתלמות,כללי/מעורב/גמיש/תלוי גיל,קרנות השתלמות | כללי/מעורב/גמיש/תלוי גיל,2013,10.1614,12,371.4
gemel,1205,אי.בי.אי קרן השתלמות מסלול מניות,קרנות השתלמות,מניות אקטיבי,קרנות השתלמות | מניות אקטיבי,2013,20.5201,12,59.3
gemel,1209,"אינפיניטי גמל אג""ח ממשלות",תגמולים ואישית לפיצויים,"אג""ח ללא מניות","תגמולים ואישית לפיצויים | אג""ח ללא מניות",2013,3.8269,12,18.8
gemel,1210,"אינפיניטי השתלמות אג""ח ממשלות",קרנות השתלמות,"אג""ח ללא מניות","קרנות השתלמות | אג""ח ללא מניות",2013,3.7463,12,23.1
gemel,1218,פסגות שיא השתלמות כללי,קרנות השתלמות,כללי/מעורב/גמיש/תלוי גיל,קרנות השתלמות | כללי/מעורב/גמיש/תלוי גיל,2013,9.7421,12,2250.5
gemel,1219,אלטשולר שחם קמה,תגמולים ואישית לפיצויים,כללי/מעורב/גמיש/תלוי גיל,תגמולים ואישית לפיצויים | כללי/מעורב/גמיש/תלוי גיל,2013,4.5525,12,182.1
gemel,1229,"הדס ארזים אפסילון תגמולים מסלול אג""ח",תגמולים ואישית לפיצויים,"אג""ח ללא מניות","תגמולים ואישית לפיצויים | אג""ח ללא מניות",2013,3.5703,9,37.4
gemel,1230,הדס ארזים אפסילון תגמולים מסלול מנייתי,תגמולים ואישית לפיצויים,מניות אקטיבי,תגמולים ואישית לפיצויים | מניות אקטיבי,2013,9.4671,9,6.9
gemel,1231,"הדס ארזים אפסילון השתלמות מסלול אג""ח",קרנות השתלמות,"אג""ח ללא מניות","קרנות השתלמות | אג""ח ללא מניות",2013,3.4674,9,13.7
gemel,1232,הדס ארזים אפסילון השתלמות מסלול מנייתי,קרנות השתלמות,מניות אקטיבי,קרנות השתלמות | מניות אקטיבי,2013,9.6384,9,3.5
gemel,1235,"מיטב דש גמל אג""ח (ללא מניות)",תגמולים ואישית לפיצויים,"אג""ח ללא מניות","תגמולים ואישית לפיצויים | אג""ח ללא מניות",2013,4.554,12,505.4
gemel,1236,"מיטב גמל אג""ח 85",תגמולים ואישית לפיצויים,עד 25% מניות,תגמולים ואישית לפיצויים | עד 25% מניות,2013,6.2609,12,614.0
gemel,1239,מיטב גמל מניות,תגמולים ואישית לפיצויים,מניות אקטיבי,תגמולים ואישית לפיצויים | מניות אקטיבי,2013,13.06,9,71.8
gemel,124,כלל תמר מדד,תגמולים ואישית לפיצויים,"אג""ח ללא מניות","תגמולים ואישית לפיצויים | אג""ח ללא מניות",2013,4.375,12,2020.3
gemel,1240,"מיטב השתלמות אשראי ואג""ח",קרנות השתלמות,"אג""ח ללא מניות","קרנות השתלמות | אג""ח ללא מניות",2013,4.6872,12,446.1
gemel,1241,"מיטב השתלמות אג""ח 85",קרנות השתלמות,עד 25% מניות,קרנות השתלמות | עד 25% מניות,2013,6.1883,12,499.7
gemel,1244,מיטב השתלמות מניות,קרנות השתלמות,מניות אקטיבי,קרנות השתלמות | מניות אקטיבי,2013,12.757,9,92.0
gemel,1245,מיטב דש גמל חכם עד 40,תגמולים ואישית לפיצויים,מניות אקטיבי,תגמולים ואישית לפיצויים | מניות אקטיבי,2013,20.3315,12,15.7
gemel,1246,מיטב גמל חכם מסלול בין 40 ל-50,תגמולים ואישית לפיצויים,כללי/מעורב/גמיש/תלוי גיל,תגמולים ואישית לפיצויים | כללי/מעורב/גמיש/תלוי גיל,2013,11.0818,12,85.4
gemel,1247,מיטב גמל חכם מסלול בין 50 ל-60,תגמולים ואישית לפיצויים,כללי/מעורב/גמיש/תלוי גיל,תגמולים ואישית לפיצויים | כללי/מעורב/גמיש/תלוי גיל,2013,8.697,12,69.1
gemel,1248,מיטב גמל חכם מסלול 60 פלוס,תגמולים ואישית לפיצויים,כללי/מעורב/גמיש/תלוי גיל,תגמולים ואישית לפיצויים | כללי/מעורב/גמיש/תלוי גיל,2013,6.8456,12,137.7
gemel,1249,"מיטב גמל חכם מסלול אג""ח ב",תגמולים ואישית לפיצויים,"אג""ח ללא מניות","תגמולים ואישית לפיצויים | אג""ח ללא מניות",2013,3.9819,12,56.5
gemel,1250,מיטב השתלמות חכם מסלול מנייתי,קרנות השתלמות,מניות אקטיבי,קרנות השתלמות | מניות אקטיבי,2013,19.5823,12,16.3
gemel,1251,מיטב השתלמות חכם מסלול כללי,קרנות השתלמות,כללי/מעורב/גמיש/תלוי גיל,קרנות השתלמות | כללי/מעורב/גמיש/תלוי גיל,2013,11.0468,12,59.9
gemel,1252,"מיטב השתלמות חכם מסלול אג""ח ש",קרנות השתלמות,"אג""ח ללא מניות","קרנות השתלמות | אג""ח ללא מניות",2013,8.4833,12,27.7
gemel,1253,"מיטב השתלמות חכם מסלול אג""ח ח",קרנות השתלמות,"אג""ח ללא מניות","קרנות השתלמות | אג""ח ללא מניות",2013,6.7089,12,76.2
gemel,1254,"מיטב השתלמות חכם מסלול אג""ח ב",קרנות השתלמות,"אג""ח ללא מניות","קרנות השתלמות | אג""ח ללא מניות",2013,3.961,12,64.9
gemel,1255,מנורה גמל מנייתי,תגמולים ואישית לפיצויים,מניות אקטיבי,תגמולים ואישית לפיצויים | מניות אקטיבי,2013,5.9009,3,9.5
gemel,1256,מנורה מבטחים השתלמות מסלול מניות,קרנות השתלמות,מניות אקטיבי,קרנות השתלמות | מניות אקטיבי,2013,17.9234,12,26.8
gemel,1260,פסגות שיא השתלמות בטא,קרנות השתלמות,כללי/מעורב/גמיש/תלוי גיל,קרנות השתלמות | כללי/מעורב/גמיש/תלוי גיל,2013,13.6371,12,116.0
gemel,127,כלל תמר מניות,תגמולים ואישית לפיצויים,מניות אקטיבי,תגמולים ואישית לפיצויים | מניות אקטיבי,2013,24.6988,12,111.2
gemel,1272,איפקס סלע תגמולים,תגמולים ואישית לפיצויים,עד 25% מניות,תגמולים ואישית לפיצויים | עד 25% מניות,2013,4.6344,12,387.6
gemel,1273,איפקס עוז תגמולים,תגמולים ואישית לפיצויים,כללי/מעורב/גמיש/תלוי גיל,תגמולים ואישית לפיצויים | כללי/מעורב/גמיש/תלוי גיל,2013,12.1583,12,53.3
gemel,1274,איפקס סלע השתלמות,קרנות השתלמות,עד 25% מניות,קרנות השתלמות | עד 25% מניות,2013,4.4572,12,400.4
gemel,1275,איפקס עוז השתלמות,קרנות השתלמות,כללי/מעורב/גמיש/תלוי גיל,קרנות השתלמות | כללי/מעורב/גמיש/תלוי גיל,2013,12.259,12,168.2
gemel,128,כלל תמר כספי(שקלי),תגמולים ואישית לפיצויים,כספי,תגמולים ואישית לפיצויים | כספי,2013,1.6015,12,373.6
gemel,1287,אלטשולר שחם גמל מסלול קלאסי,תגמולים ואישית לפיצויים,כללי/מעורב/גמיש/תלוי גיל,תגמולים ואישית לפיצויים | כללי/מעורב/גמיש/תלוי גיל,2013,3.8417,9,2390.0
gemel,1288,אלטשולר שחם גמל מסלול גולד,תגמולים ואישית לפיצויים,כללי/מעורב/גמיש/תלוי גיל,תגמולים ואישית לפיצויים | כללי/מעורב/גמיש/תלוי גיל,2013,10.912,12,599.1
gemel,1289,אלטשולר שחם השתלמות מסלול קלאסי,קרנות השתלמות,כללי/מעורב/גמיש/תלוי גיל,קרנות השתלמות | כללי/מעורב/גמיש/תלוי גיל,2013,3.5218,9,2291.6
gemel,1290,אלטשולר שחם השתלמות כללי ב',קרנות השתלמות,כללי/מעורב/גמיש/תלוי גיל,קרנות השתלמות | כללי/מעורב/גמיש/תלוי גיל,2013,10.2569,12,596.6
gemel,1319,"ילין לפידות קרן השתלמות מסלול אשראי ואג""ח",קרנות השתלמות,"אג""ח ללא מניות","קרנות השתלמות | אג""ח ללא מניות",2013,4.1463,12,403.6
gemel,132,הלמן-אלדובי השתלמות כללי,קרנות השתלמות,כללי/מעורב/גמיש/תלוי גיל,קרנות השתלמות | כללי/מעורב/גמיש/תלוי גיל,2013,10.559,12,847.0
gemel,1323,הדס ארזים לפרישה 2020,תגמולים ואישית לפיצויים,כללי/מעורב/גמיש/תלוי גיל,תגמולים ואישית לפיצויים | כללי/מעורב/גמיש/תלוי גיל,2013,4.8418,9,10.1
gemel,1324,הדס ארזים לפרישה 2025,תגמולים ואישית לפיצויים,כללי/מעורב/גמיש/תלוי גיל,תגמולים ואישית לפיצויים | כללי/מעורב/גמיש/תלוי גיל,2013,5.0927,9,5.0
gemel,1325,הדס ארזים לפרישה 2030,תגמולים ואישית לפיצויים,כללי/מעורב/גמיש/תלוי גיל,תגמולים ואישית לפיצויים | כללי/מעורב/גמיש/תלוי גיל,2013,4.4785,9,12.7
gemel,1326,הדס ארזים לפרישה 2035,תגמולים ואישית לפיצויים,כללי/מעורב/גמיש/תלוי גיל,תגמולים ואישית לפיצויים | כללי/מעורב/גמיש/תלוי גיל,2013,6.1712,9,1.1
gemel,1330,פסגות גדיש מניות,תגמולים ואישית לפיצויים,מניות אקטיבי,תגמולים ואישית לפיצויים | מניות אקטיבי,2013,23.4763,12,195.6
gemel,1331,פסגות גדיש אגח עד 10% מניות,תגמולים ואישית לפיצויים,עד 25% מניות,תגמולים ואישית לפיצויים | עד 25% מניות,2013,4.7728,12,1912.5
gemel,1332,"פסגות גדיש אג""ח",תגמולים ואישית לפיצויים,"אג""ח ללא מניות","תגמולים ואישית לפיצויים | אג""ח ללא מניות",2013,3.4301,12,429.8
gemel,1333,פסגות גדיש כספי,תגמולים ואישית לפיצויים,כספי,תגמולים ואישית לפיצויים | כספי,2013,1.3887,12,437.2
gemel,1343,מנורה מבטחים תגמולים ופיצויים מסלול כספי (שקלי),תגמולים ואישית לפיצויים,כספי,תגמולים ואישית לפיצויים | כספי,2013,1.6495,12,97.8
gemel,1344,"מנורה מבטחים תגמולים ופיצויים אג""ח ממשלת ישראל",תגמולים ואישית לפיצויים,"אג""ח ללא מניות","תגמולים ואישית לפיצויים | אג""ח ללא מניות",2013,4.6413,12,102.0
gemel,1348,"כלל השתלמות אשראי ואג""ח",קרנות השתלמות,"אג""ח ללא מניות","קרנות השתלמות | אג""ח ללא מניות",2013,3.8201,12,554.1
gemel,1350,כלל השתלמות מניות,קרנות השתלמות,מניות אקטיבי,קרנות השתלמות | מניות אקטיבי,2013,22.4162,12,84.0
gemel,1351,כלל השתלמות כספי(שקלי),קרנות השתלמות,כספי,קרנות השתלמות | כספי,2013,1.5913,12,219.2
gemel,1353,מיטב השתלמות מעל 6 שנות וותק,קרנות השתלמות,כללי/מעורב/גמיש/תלוי גיל,קרנות השתלמות | כללי/מעורב/גמיש/תלוי גיל,2013,3.3318,6,1231.4
gemel,1354,"הפניקס השתלמות - מסלול אג""ח",קרנות השתלמות,"אג""ח ללא מניות","קרנות השתלמות | אג""ח ללא מניות",2013,2.7925,12,68.3
gemel,1355,"הפניקס תגמולים ופיצויים - מסלול אג""ח",תגמולים ואישית לפיצויים,"אג""ח ללא מניות","תגמולים ואישית לפיצויים | אג""ח ללא מניות",2013,2.7933,12,29.1
gemel,1356,הדס ארזים אפסילון השתלמות מסלול שקלי טווח קצר,קרנות השתלמות,כספי,קרנות השתלמות | כספי,2013,1.3479,9,1.5
gemel,1358,הדס ארזים אפסילון תגמולים מסלול שקלי טווח קצר,תגמולים ואישית לפיצויים,כספי,תגמולים ואישית לפיצויים | כספי,2013,1.2871,9,1.2
gemel,1360,"ילין לפידות קופת גמל מסלול אג""ח ממשלות",תגמולים ואישית לפיצויים,"אג""ח ללא מניות","תגמולים ואישית לפיצויים | אג""ח ללא מניות",2013,2.3584,12,85.2
gemel,1361,"ילין לפידות קרן השתלמות מסלול אג""ח ממשלות",קרנות השתלמות,"אג""ח ללא מניות","קרנות השתלמות | אג""ח ללא מניות",2013,2.2879,12,90.4
gemel,1364,מנורה מבטחים תגמולים ופיצויים מסלול מניות,תגמולים ואישית לפיצויים,מניות אקטיבי,תגמולים ואישית לפיצויים | מניות אקטיבי,2013,17.7778,12,13.8
gemel,1366,מנורה מבטחים השתלמות מסלול מניות,קרנות השתלמות,מניות אקטיבי,קרנות השתלמות | מניות אקטיבי,2013,12.2265,10,5.0
gemel,1367,"הלמן-אלדובי השתלמות אג""ח עד 15% במניות",קרנות השתלמות,עד 25% מניות,קרנות השתלמות | עד 25% מניות,2013,3.623,9,236.9
gemel,1370,מיטב השתלמות כספי (שקלי),קרנות השתלמות,כספי,קרנות השתלמות | כספי,2013,1.3076,12,22.8
gemel,1375,אלטשולר שחם גמל מניות,תגמולים ואישית לפיצויים,מניות אקטיבי,תגמולים ואישית לפיצויים | מניות אקטיבי,2013,19.9682,12,153.4
gemel,1376,"אלטשולר שחם גמל אשראי ואג""ח",תגמולים ואישית לפיצויים,"אג""ח ללא מניות","תגמולים ואישית לפיצויים | אג""ח ללא מניות",2013,4.584,12,371.7
gemel,1377,אלטשולר שחם השתלמות מניות,קרנות השתלמות,מניות אקטיבי,קרנות השתלמות | מניות אקטיבי,2013,19.4079,12,177.9
gemel,1378,"אלטשולר שחם השתלמות אשראי ואג""ח",קרנות השתלמות,"אג""ח ללא מניות","קרנות השתלמות | אג""ח ללא מניות",2013,4.321,12,328.4
gemel,1386,"מיטב גמל אג""ח ממשלות",תגמולים ואישית לפיצויים,"אג""ח ללא מניות","תגמולים ואישית לפיצויים | אג""ח ללא מניות",2013,1.7751,6,142.2
gemel,1387,"מיטב השתלמות אג""ח ממשלות",קרנות השתלמות,"אג""ח ללא מניות","קרנות השתלמות | אג""ח ללא מניות",2013,1.7248,6,228.5
gemel,1394,אלטשולר שחם גמל כספי (שקלי),תגמולים ואישית לפיצויים,כספי,תגמולים ואישית לפיצויים | כספי,2013,1.4089,12,26.6
gemel,1395,"אלטשולר שחם גמל אג""ח ממשלות",תגמולים ואישית לפיצויים,"אג""ח ללא מניות","תגמולים ואישית לפיצויים | אג""ח ללא מניות",2013,2.8385,12,114.7
gemel,1398,אלטשולר שחם השתלמות כספי (שקלי),קרנות השתלמות,כספי,קרנות השתלמות | כספי,2013,1.4191,12,29.3
gemel,1399,"אלטשולר שחם השתלמות אג""ח ממשלות",קרנות השתלמות,"אג""ח ללא מניות","קרנות השתלמות | אג""ח ללא מניות",2013,2.891,12,122.1
gemel,1406,"מנורה מבטחים השתלמות מסלול אג""ח קונצרניות",קרנות השתלמות,"אג""ח ללא מניות","קרנות השתלמות | אג""ח ללא מניות",2013,6.9785,12,27.7
gemel,1407,"מנורה מבטחים השתלמות מסלול אג""ח ממשלתי צמוד",קרנות השתלמות,"אג""ח ללא מניות","קרנות השתלמות | אג""ח ללא מניות",2013,3.4392,12,64.5
gemel,1408,"מנורה מבטחים השתלמות מסלול אג""ח ממשלת ישראל",קרנות השתלמות,"אג""ח ללא מניות","קרנות השתלמות | אג""ח ללא מניות",2013,4.9479,12,82.5
gemel,1409,מנורה מבטחים השתלמות מסלול מניות סחיר,קרנות השתלמות,מניות אקטיבי,קרנות השתלמות | מניות אקטיבי,2013,16.397,12,7.3
gemel,1412,"אנליסט גמל אג""ח ממשלות",תגמולים ואישית לפיצויים,"אג""ח ללא מניות","תגמולים ואישית לפיצויים | אג""ח ללא מניות",2013,3.113,12,31.1
gemel,1415,הדס ארזים לפרישה כספית,תגמולים ואישית לפיצויים,כספי,תגמולים ואישית לפיצויים | כספי,2013,1.3883,9,9.1
gemel,1422,פסגות גמל כספית,תגמולים ואישית לפיצויים,כספי,תגמולים ואישית לפיצויים | כספי,2013,1.3178,12,127.1
gemel,1423,"פסגות גמל אג""ח מדינה",תגמולים ואישית לפיצויים,"אג""ח ללא מניות","תגמולים ואישית לפיצויים | אג""ח ללא מניות",2013,3.3744,12,140.2
gemel,1424,פסגות שיא השתלמות אגח עד 10% מניות,קרנות השתלמות,עד 25% מניות,קרנות השתלמות | עד 25% מניות,2013,4.7349,12,431.6
gemel,1425,פסגות השתלמות כספית,קרנות השתלמות,כספי,קרנות השתלמות | כספי,2013,1.328,12,22.2
gemel,1426,"פסגות השתלמות אג""ח מדינה",קרנות השתלמות,"אג""ח ללא מניות","קרנות השתלמות | אג""ח ללא מניות",2013,3.3528,12,73.2
gemel,1429,"פסגות שיא השתלמות אג""ח ממשלת ישראל",קרנות השתלמות,"אג""ח ללא מניות","קרנות השתלמות | אג""ח ללא מניות",2013,3.5573,12,222.2
gemel,143,תגמולים,תגמולים ואישית לפיצויים,כללי/מעורב/גמיש/תלוי גיל,תגמולים ואישית לפיצויים | כללי/מעורב/גמיש/תלוי גיל,2013,4.552,6,102.3
gemel,1431,"פסגות גדיש אג""ח ממשלת ישראל",תגמולים ואישית לפיצויים,"אג""ח ללא מניות","תגמולים ואישית לפיצויים | אג""ח ללא מניות",2013,3.3747,12,376.3
gemel,1432,הדס ארזים משתלמת מסלול כספית,קרנות השתלמות,כספי,קרנות השתלמות | כספי,2013,1.075,9,4.5
gemel,1435,הדס ארזים משתלמת מסלול זהב,קרנות השתלמות,כללי/מעורב/גמיש/תלוי גיל,קרנות השתלמות | כללי/מעורב/גמיש/תלוי גיל,2013,4.2378,9,10.7
gemel,1442,"הלמן-אלדובי גמל מסלול פאסיבי - מדדי אג""ח ממשלת ישראל",תגמולים ואישית לפיצויים,"אג""ח ללא מניות","תגמולים ואישית לפיצויים | אג""ח ללא מניות",2013,3.0381,12,34.9
gemel,1443,"הלמן-אלדובי קרן השתלמות מסלול פאסיבי - מדדי אג""ח ממשלת ישראל",קרנות השתלמות,"אג""ח ללא מניות","קרנות השתלמות | אג""ח ללא מניות",2013,3.0159,12,36.7
gemel,145,הלמן - אלדובי השתלמות,קרנות השתלמות,כללי/מעורב/גמיש/תלוי גיל,קרנות השתלמות | כללי/מעורב/גמיש/תלוי גיל,2013,4.5211,6,137.0
gemel,1490,"אינפיניטי גמל אג""ח קונצרני",תגמולים ואישית לפיצויים,"אג""ח ללא מניות","תגמולים ואישית לפיצויים | אג""ח ללא מניות",2013,8.2687,12,11.6
gemel,1491,"אינפיניטי השתלמות אג""ח קונצרני",קרנות השתלמות,"אג""ח ללא מניות","קרנות השתלמות | אג""ח ללא מניות",2013,8.4818,12,16.3
gemel,1492,"תגמולים שיטת הפניקס סל עוקב מדד ת""א 100",תגמולים ואישית לפיצויים,מניות פאסיבי,תגמולים ואישית לפיצויים | מניות פאסיבי,2013,13.5756,12,1.1
gemel,1493,תגמולים שיטת הפניקס סל עוקב מדד תל בונד 20,תגמולים ואישית לפיצויים,"אג""ח ללא מניות","תגמולים ואישית לפיצויים | אג""ח ללא מניות",2013,5.7355,12,0.8
gemel,1494,תגמולים שיטת הפניקס סל עוקב מדד ממשלתי צמוד 0-2,תגמולים ואישית לפיצויים,"אג""ח ללא מניות","תגמולים ואישית לפיצויים | אג""ח ללא מניות",2013,1.9995,12,3.1
gemel,1495,תגמולים שיטת הפניקס סל עוקב מדד ממשלתי צמוד 2-5,תגמולים ואישית לפיצויים,"אג""ח ללא מניות","תגמולים ואישית לפיצויים | אג""ח ללא מניות",2013,2.8566,12,1.1
gemel,1498,"תגמולים שיטת הפניקס סל עוקב מדד מק""מ",תגמולים ואישית לפיצויים,כספי,תגמולים ואישית לפיצויים | כספי,2013,1.398,12,1.7
gemel,1499,"תגמולים שיטת הפניקס סל עוקב מדד אג""ח לא צמוד ריבית קבועה",תגמולים ואישית לפיצויים,"אג""ח ללא מניות","תגמולים ואישית לפיצויים | אג""ח ללא מניות",2013,2.7017,10,0.0
gemel,1500,תגמולים שיטת הפניקס סל עוקב מדד דאו ג'ונס יורוסטוקס 50,תגמולים ואישית לפיצויים,מניות פאסיבי,תגמולים ואישית לפיצויים | מניות פאסיבי,2013,14.2008,11,0.1
gemel,1501,תגמולים שיטת הפניקס סל עוקב מדד s&p 500,תגמולים ואישית לפיצויים,מניות פאסיבי,תגמולים ואישית לפיצויים | מניות פאסיבי,2013,23.4387,12,0.2
gemel,1502,תגמולים שיטת הפניקס סל עוקב מדד msci שווקים מתעורר,תגמולים ואישית לפיצויים,מניות פאסיבי,תגמולים ואישית לפיצויים | מניות פאסיבי,2013,-8.6975,12,0.1
gemel,1503,"השתלמות שיטת הפניקס סל עוקב מדד ת""א 100",קרנות השתלמות,מניות פאסיבי,קרנות השתלמות | מניות פאסיבי,2013,13.4685,12,6.0
gemel,1504,השתלמות שיטת הפניקס סל עוקב מדד תל בונד 20,קרנות השתלמות,"אג""ח ללא מניות","קרנות השתלמות | אג""ח ללא מניות",2013,5.7448,12,4.6
gemel,1505,השתלמות שיטת הפניקס סל עוקב מדד ממשלתי צמוד 0-2,קרנות השתלמות,"אג""ח ללא מניות","קרנות השתלמות | אג""ח ללא מניות",2013,2.0806,12,3.2
gemel,1506,השתלמות שיטת הפניקס סל עוקב מדד ממשלתי צמוד 2-5,קרנות השתלמות,"אג""ח ללא מניות","קרנות השתלמות | אג""ח ללא מניות",2013,2.7648,12,6.8
gemel,1509,"השתלמות שיטת הפניקס סל עוקב מדד מק""מ",קרנות השתלמות,כספי,קרנות השתלמות | כספי,2013,1.195,12,9.1
gemel,1510,"השתלמות שיטת הפניקס סל עוקב מדד אג""ח לא צמוד ריבית קבועה",קרנות השתלמות,"אג""ח ללא מניות","קרנות השתלמות | אג""ח ללא מניות",2013,8.7459,12,0.1
gemel,1511,השתלמות שיטת הפניקס סל עוקב מדד דאו ג'ונס יורוסטוק 50,קרנות השתלמות,מניות פאסיבי,קרנות השתלמות | מניות פאסיבי,2013,19.5352,12,0.9
gemel,1512,השתלמות שיטת הפניקס סל עוקב מדד s$p500,קרנות השתלמות,מניות פאסיבי,קרנות השתלמות | מניות פאסיבי,2013,23.4114,12,1.8
gemel,1513,השתלמות שיטת הפניקס סל עוקב מדד msci שווקים מתעוררים,קרנות השתלמות,מניות פאסיבי,קרנות השתלמות | מניות פאסיבי,2013,-11.0337,12,0.4
gemel,1516,אי.בי.אי לתגמולים ופיצויים מניות בארץ,תגמולים ואישית לפיצויים,מניות אקטיבי,תגמולים ואישית לפיצויים | מניות אקטיבי,2013,16.2695,12,2.9
gemel,1517,"תמיר פישמן גמל מניות חו""ל",תגמולים ואישית לפיצויים,מניות אקטיבי,תגמולים ואישית לפיצויים | מניות אקטיבי,2013,3.0007,2,4.1
gemel,1518,אי.בי.אי קרן השתלמות מסלול מניות בארץ,קרנות השתלמות,מניות אקטיבי,קרנות השתלמות | מניות אקטיבי,2013,16.4723,12,3.7
gemel,1519,"תמיר פישמן השתלמות מניות חו""ל",קרנות השתלמות,מניות אקטיבי,קרנות השתלמות | מניות אקטיבי,2013,3.4427,2,8.2
gemel,1533,כלל תמר מסלול הלכתי (הוד),תגמולים ואישית לפיצויים,כללי/מעורב/גמיש/תלוי גיל,תגמולים ואישית לפיצויים | כללי/מעורב/גמיש/תלוי גיל,2013,8.8272,12,11.0
gemel,1534,כלל השתלמות הלכה,קרנות השתלמות,כללי/מעורב/גמיש/תלוי גיל,קרנות השתלמות | כללי/מעורב/גמיש/תלוי גיל,2013,8.0501,12,31.2
gemel,1535,אנליסט השתלמות כספי (שקלי),קרנות השתלמות,כספי,קרנות השתלמות | כספי,2013,2.1395,12,11.7
gemel,1536,אינפיניטי גמל מניות,תגמולים ואישית לפיצויים,מניות אקטיבי,תגמולים ואישית לפיצויים | מניות אקטיבי,2013,14.3395,12,18.2
gemel,1537,אינפיניטי השתלמות מניות,קרנות השתלמות,מניות אקטיבי,קרנות השתלמות | מניות אקטיבי,2013,14.7196,12,33.7
gemel,1538,איילון השתלמות מסלול כהלכה,קרנות השתלמות,כללי/מעורב/גמיש/תלוי גיל,קרנות השתלמות | כללי/מעורב/גמיש/תלוי גיל,2013,4.7688,5,47.3
gemel,1543,"הלמן-אלדובי גמל מסלול מדדי מניות חו""ל (פאסיבי)",תגמולים ואישית לפיצויים,מניות פאסיבי,תגמולים ואישית לפיצויים | מניות פאסיבי,2013,18.5255,12,15.6
gemel,1544,"הלמן-אלדובי קרן השתלמות מסלול פאסיבי - מדדי מניות חו""ל",קרנות השתלמות,מניות פאסיבי,קרנות השתלמות | מניות פאסיבי,2013,18.7885,12,19.9
gemel,199,"מגדל השתלמות מסלול אשראי ואג""ח",קרנות השתלמות,"אג""ח ללא מניות","קרנות השתלמות | אג""ח ללא מניות",2013,4.8403,12,311.5
gemel,2006,"אלטשולר שחם גמל מסלול אג""ח צמוד מדד",תגמולים ואישית לפיצויים,"אג""ח ללא מניות","תגמולים ואישית לפיצויים | אג""ח ללא מניות",2013,4.433,9,9.1
gemel,2007,"אלטשולר שחם השתלמות מסלול אג""ח צמוד מדד",קרנות השתלמות,"אג""ח ללא מניות","קרנות השתלמות | אג""ח ללא מניות",2013,4.4633,9,8.2
gemel,2017,אלטשולר שחם גמל הלכה,תגמולים ואישית לפיצויים,כללי/מעורב/גמיש/תלוי גיל,תגמולים ואישית לפיצויים | כללי/מעורב/גמיש/תלוי גיל,2013,9.4517,12,29.6
gemel,2018,פסגות שיא השתלמות הלכה,קרנות השתלמות,כללי/מעורב/גמיש/תלוי גיל,קרנות השתלמות | כללי/מעורב/גמיש/תלוי גיל,2013,9.2328,12,11.7
gemel,2019,"איפקס תגמולים אג""ח ממשלתי",תגמולים ואישית לפיצויים,"אג""ח ללא מניות","תגמולים ואישית לפיצויים | אג""ח ללא מניות",2013,2.8466,12,1.5
gemel,2020,איפקס תגמולים מניות,תגמולים ואישית לפיצויים,מניות אקטיבי,תגמולים ואישית לפיצויים | מניות אקטיבי,2013,12.745,12,0.1
gemel,2021,"איפקס השתלמות אג""ח ממשלתי",קרנות השתלמות,"אג""ח ללא מניות","קרנות השתלמות | אג""ח ללא מניות",2013,2.8971,12,3.6
gemel,2022,איפקס השתלמות מניות,קרנות השתלמות,מניות אקטיבי,קרנות השתלמות | מניות אקטיבי,2013,15.4787,12,0.4
gemel,2025,"הדס ארזים אג""ח",תגמולים ואישית לפיצויים,"אג""ח ללא מניות","תגמולים ואישית לפיצויים | אג""ח ללא מניות",2013,4.3133,9,9.1
gemel,2026,"דש תגמולים אג""ח כללי",תגמולים ואישית לפיצויים,"אג""ח ללא מניות","תגמולים ואישית לפיצויים | אג""ח ללא מניות",2013,2.0497,6,17.1
gemel,2027,דש תגמולים מניות,תגמולים ואישית לפיצויים,מניות אקטיבי,תגמולים ואישית לפיצויים | מניות אקטיבי,2013,14.2519,6,2.5
gemel,2028,"דש אקונומיסט השתלמות אג""ח כללי",קרנות השתלמות,"אג""ח ללא מניות","קרנות השתלמות | אג""ח ללא מניות",2013,1.8875,6,16.1
gemel,2029,דש אקונומיסט השתלמות מניות,קרנות השתלמות,מניות אקטיבי,קרנות השתלמות | מניות אקטיבי,2013,12.6144,6,2.0
gemel,2030,"דש גמל אג""ח כללי",תגמולים ואישית לפיצויים,"אג""ח ללא מניות","תגמולים ואישית לפיצויים | אג""ח ללא מניות",2013,2.038,6,10.7
gemel,2031,דש גמל מניות,תגמולים ואישית לפיצויים,מניות אקטיבי,תגמולים ואישית לפיצויים | מניות אקטיבי,2013,12.8414,6,18.3
gemel,2032,"דש השתלמות אג""ח כללי",קרנות השתלמות,"אג""ח ללא מניות","קרנות השתלמות | אג""ח ללא מניות",2013,2.1406,6,17.1
gemel,2033,דש השתלמות מניות,קרנות השתלמות,מניות אקטיבי,קרנות השתלמות | מניות אקטיבי,2013,13.0916,6,15.8
gemel,2034,"כלל תמר אג""ח",תגמולים ואישית לפיצויים,"אג""ח ללא מניות","תגמולים ואישית לפיצויים | אג""ח ללא מניות",2013,3.6435,12,46.8
gemel,2048,מגדל השתלמות מסלול הלכה,קרנות השתלמות,כללי/מעורב/גמיש/תלוי גיל,קרנות השתלמות | כללי/מעורב/גמיש/תלוי גיל,2013,6.9472,12,11.7
gemel,2049,הפניקס גמל שריעה,תגמולים ואישית לפיצויים,כללי/מעורב/גמיש/תלוי גיל,תגמולים ואישית לפיצויים | כללי/מעורב/גמיש/תלוי גיל,2013,0.0,12,0.7
gemel,205,"פסגות גדיש חו""ל",תגמולים ואישית לפיצויים,כללי/מעורב/גמיש/תלוי גיל,תגמולים ואישית לפיצויים | כללי/מעורב/גמיש/תלוי גיל,2013,2.1506,12,75.6
gemel,2050,דש גמל שקלי קצר,תגמולים ואישית לפיצויים,כספי,תגמולים ואישית לפיצויים | כספי,2013,0.6617,6,5.0
gemel,2051,"מיטב דש גמל חו""ל",תגמולים ואישית לפיצויים,כללי/מעורב/גמיש/תלוי גיל,תגמולים ואישית לפיצויים | כללי/מעורב/גמיש/תלוי גיל,2013,1.2234,6,2.3
gemel,2052,דש תגמולים שקלי קצר,תגמולים ואישית לפיצויים,כספי,תגמולים ואישית לפיצויים | כספי,2013,0.722,6,12.0
gemel,2053,"דש תגמולים חו""ל",תגמולים ואישית לפיצויים,כללי/מעורב/גמיש/תלוי גיל,תגמולים ואישית לפיצויים | כללי/מעורב/גמיש/תלוי גיל,2013,0.8507,6,1.5
gemel,2054,דש השתלמות שקלי קצר,קרנות השתלמות,כספי,קרנות השתלמות | כספי,2013,0.6416,6,7.2
gemel,2055,"מיטב דש השתלמות חו""ל",קרנות השתלמות,כללי/מעורב/גמיש/תלוי גיל,קרנות השתלמות | כללי/מעורב/גמיש/תלוי גיל,2013,0.3159,6,3.9
gemel,2056,דש אקונומיסט השתלמות שקלי קצר,קרנות השתלמות,כספי,קרנות השתלמות | כספי,2013,0.712,6,3.8
gemel,2057,"דש אקונומיסט השתלמות חו""ל",קרנות השתלמות,כללי/מעורב/גמיש/תלוי גיל,קרנות השתלמות | כללי/מעורב/גמיש/תלוי גיל,2013,0.5686,6,0.7
gemel,2058,הפניקס השתלמות שריעה,קרנות השתלמות,כללי/מעורב/גמיש/תלוי גיל,קרנות השתלמות | כללי/מעורב/גמיש/תלוי גיל,2013,0.0,12,0.7
gemel,208,"פסגות גדיש אג""ח קונצרני",תגמולים ואישית לפיצויים,"אג""ח ללא מניות","תגמולים ואישית לפיצויים | אג""ח ללא מניות",2013,4.8668,12,38.3
gemel,2088,"אקסלנס השתלמות אג""ח קונצרני עד 20%מניות",קרנות השתלמות,עד 25% מניות,קרנות השתלמות | עד 25% מניות,2013,5.1921,12,48.3
gemel,2089,"אקסלנס גמל אג""ח עד 20% מניות",תגמולים ואישית לפיצויים,עד 25% מניות,תגמולים ואישית לפיצויים | עד 25% מניות,2013,6.8654,12,128.5
gemel,2091,"אקסלנס השתלמות אג""ח עד 20% מניות",קרנות השתלמות,עד 25% מניות,קרנות השתלמות | עד 25% מניות,2013,10.0775,12,162.6
gemel,211,"הפניקס גמל אג""ח עד 15% מניות",תגמולים ואישית לפיצויים,עד 25% מניות,תגמולים ואישית לפיצויים | עד 25% מניות,2013,6.0779,12,515.5
gemel,2115,"כלל השתלמות אג""ח",קרנות השתלמות,"אג""ח ללא מניות","קרנות השתלמות | אג""ח ללא מניות",2013,3.818,12,15.6
gemel,2116,תגמולים שיטת הפניקס סל עוקב מדד ממשלתי צמוד 5-10,תגמולים ואישית לפיצויים,"אג""ח ללא מניות","תגמולים ואישית לפיצויים | אג""ח ללא מניות",2013,2.8479,12,0.3
gemel,2117,"תגמולים שיטת הפניקס סל עוקב מדד ת""א 25",תגמולים ואישית לפיצויים,מניות פאסיבי,תגמולים ואישית לפיצויים | מניות פאסיבי,2013,7.0772,9,0.2
gemel,2118,תגמולים שיטת הפניקס אגח ממשלתי שקלי ריבית קבועה +5,תגמולים ואישית לפיצויים,"אג""ח ללא מניות","תגמולים ואישית לפיצויים | אג""ח ללא מניות",2013,5.7156,12,0.3
gemel,2119,תגמולים שיטת הפניקס סל עוקב תל בונד שקלי,תגמולים ואישית לפיצויים,"אג""ח ללא מניות","תגמולים ואישית לפיצויים | אג""ח ללא מניות",2013,5.691,12,0.2
gemel,2120,תגמולים שיטת הפניקס סל עוקב מדד Barclays capital,תגמולים ואישית לפיצויים,"אג""ח ללא מניות","תגמולים ואישית לפיצויים | אג""ח ללא מניות",2013,-8.878,12,0.2
gemel,2121,תגמולים שיטת הפניקס סל עוקב מדד J.P.Morgan,תגמולים ואישית לפיצויים,"אג""ח ללא מניות","תגמולים ואישית לפיצויים | אג""ח ללא מניות",2013,-14.2877,12,0.1
gemel,2122,תגמולים שיטת הפניקס סל עוקב מדד IBoxx $ Liquid,תגמולים ואישית לפיצויים,"אג""ח ללא מניות","תגמולים ואישית לפיצויים | אג""ח ללא מניות",2013,-7.8312,12,0.2
gemel,2124,השתלמות שיטת הפניקס סל עוקב מדד ממשלתי צמוד 5-10,קרנות השתלמות,"אג""ח ללא מניות","קרנות השתלמות | אג""ח ללא מניות",2013,0.4982,2,0.8
gemel,2125,השתלמות שיטת הפניקס אגח ממשלתי שקלי ריבית קבועה +5,קרנות השתלמות,"אג""ח ללא מניות","קרנות השתלמות | אג""ח ללא מניות",2013,0.208,2,0.9
gemel,2126,"השתלמות שיטת הפניקס סל עוקב מדד ת""א 25",קרנות השתלמות,מניות פאסיבי,קרנות השתלמות | מניות פאסיבי,2013,11.6079,11,0.5
gemel,2127,השתלמות שיטת הפניקס סל עוקב תל בונד שקלי,קרנות השתלמות,"אג""ח ללא מניות","קרנות השתלמות | אג""ח ללא מניות",2013,6.0066,12,1.2
gemel,2128,השתלמות שיטת הפניקס סל עוקב מדד Barclays capital,קרנות השתלמות,"אג""ח ללא מניות","קרנות השתלמות | אג""ח ללא מניות",2013,-2.5974,10,0.0
gemel,2129,השתלמות שיטת הפניקס סל עוקב מדד J.P.Morgan,קרנות השתלמות,"אג""ח ללא מניות","קרנות השתלמות | אג""ח ללא מניות",2013,-15.8289,12,0.6
gemel,2130,השתלמות שיטת הפניקס סל עוקב מדד IBoxx $ Liquid,קרנות השתלמות,"אג""ח ללא מניות","קרנות השתלמות | אג""ח ללא מניות",2013,-7.6213,12,0.3
gemel,223,"מיטב גמל אשראי ואג""ח",תגמולים ואישית לפיצויים,"אג""ח ללא מניות","תגמולים ואישית לפיצויים | אג""ח ללא מניות",2013,4.5772,12,643.7
gemel,2237,"איילון מקפת תגמולים - אג""ח",תגמולים ואישית לפיצויים,"אג""ח ללא מניות","תגמולים ואישית לפיצויים | אג""ח ללא מניות",2013,0.8541,2,2.9
gemel,2238,איילון תגמולים ואישית לפיצויים מסלול כהלכה,תגמולים ואישית לפיצויים,כללי/מעורב/גמיש/תלוי גיל,תגמולים ואישית לפיצויים | כללי/מעורב/גמיש/תלוי גיל,2013,4.4988,5,8.3
gemel,2239,"איילון מקפת השתלמות - אג""ח",קרנות השתלמות,"אג""ח ללא מניות","קרנות השתלמות | אג""ח ללא מניות",2013,1.178,2,1.6
gemel,2244,"פסגות שיא השתלמות חו""ל",קרנות השתלמות,כללי/מעורב/גמיש/תלוי גיל,קרנות השתלמות | כללי/מעורב/גמיש/תלוי גיל,2013,-0.3471,9,3.6
gemel,2246,"תגמולים שיטת הפניקס אג""ח ממשלתי בריבית קבועה 2-5 ש",תגמולים ואישית לפיצויים,"אג""ח ללא מניות","תגמולים ואישית לפיצויים | אג""ח ללא מניות",2013,2.0967,7,1.1
gemel,2248,"השתלמות שיטת הפניקס אג""ח ממשלתי בריבית קבועה 2-5 ש",קרנות השתלמות,"אג""ח ללא מניות","קרנות השתלמות | אג""ח ללא מניות",2013,1.5843,3,0.5
gemel,2252,"אינפיניטי השתלמות אג""ח עד 15% מניות",קרנות השתלמות,עד 25% מניות,קרנות השתלמות | עד 25% מניות,2013,2.967,5,6.0
gemel,2254,אינפיניטי השתלמות משולב סחיר,קרנות השתלמות,כללי/מעורב/גמיש/תלוי גיל,קרנות השתלמות | כללי/מעורב/גמיש/תלוי גיל,2013,6.3179,5,2.4
gemel,2255,"הלמן-אלדובי גמל מחקה מדד ת""א 35",תגמולים ואישית לפיצויים,מניות פאסיבי,תגמולים ואישית לפיצויים | מניות פאסיבי,2013,-2.25,1,0.2
gemel,2256,הלמן-אלדובי גמל מחקה מדד S&P500,תגמולים ואישית לפיצויים,מניות פאסיבי,תגמולים ואישית לפיצויים | מניות פאסיבי,2013,0.29,1,0.8
gemel,2260,אי.בי.אי תגמולים מחקה מדד מדדיות ממשלתיות 2-5 שנים,תגמולים ואישית לפיצויים,"אג""ח ללא מניות","תגמולים ואישית לפיצויים | אג""ח ללא מניות",2013,-1.26,1,0.1
gemel,2262,אי.בי.אי לתגמולים ופיצויים פאסיבי משולב עד 10% מניות,תגמולים ואישית לפיצויים,עד 25% מניות,תגמולים ואישית לפיצויים | עד 25% מניות,2013,-0.65,1,0.6
gemel,2263,הלמן-אלדובי גמל פאסיבי משולב עד 25% מניות,תגמולים ואישית לפיצויים,עד 25% מניות,תגמולים ואישית לפיצויים | עד 25% מניות,2013,-0.8,1,0.2
gemel,2264,"הלמן-אלדובי השתלמות מחקה מדד ת""א 35",קרנות השתלמות,מניות פאסיבי,קרנות השתלמות | מניות פאסיבי,2013,-2.22,1,0.1
gemel,2265,הלמן-אלדובי השתלמות מחקה מדד S&P500,קרנות השתלמות,מניות פאסיבי,קרנות השתלמות | מניות פאסיבי,2013,-0.79,1,0.0
gemel,2270,אי.בי.אי השתלמות פאסיבי משולב עד 10% מניות,קרנות השתלמות,עד 25% מניות,קרנות השתלמות | עד 25% מניות,2013,-0.76,1,0.3
gemel,2271,הלמן-אלדובי השתלמות פאסיבי משולב עד 25% מניות,קרנות השתלמות,עד 25% מניות,קרנות השתלמות | עד 25% מניות,2013,-0.67,1,0.8
gemel,251,מיטב מרתון גמל,תגמולים ואישית לפיצויים,כללי/מעורב/גמיש/תלוי גיל,תגמולים ואישית לפיצויים | כללי/מעורב/גמיש/תלוי גיל,2013,0.0,1,0.0
gemel,253,"כלל תמר אג""ח עד 25% מניות",תגמולים ואישית לפיצויים,עד 25% מניות,תגמולים ואישית לפיצויים | עד 25% מניות,2013,11.9982,12,12847.0
gemel,256,מיטב קרן השפע,תגמולים ואישית לפיצויים,כללי/מעורב/גמיש/תלוי גיל,תגמולים ואישית לפיצויים | כללי/מעורב/גמיש/תלוי גיל,2013,0.0,1,0.0
gemel,257,הלמן-אלדובי גמל ישראל,תגמולים ואישית לפיצויים,כללי/מעורב/גמיש/תלוי גיל,תגמולים ואישית לפיצויים | כללי/מעורב/גמיש/תלוי גיל,2013,11.2844,12,1775.2
gemel,258,איילון תגמולים ואישית לפיצויים מסלול כללי,תגמולים ואישית לפיצויים,כללי/מעורב/גמיש/תלוי גיל,תגמולים ואישית לפיצויים | כללי/מעורב/גמיש/תלוי גיל,2013,6.0101,5,1624.0
gemel,259,הלמן-אלדובי גמל כללי (לשעבר קופת פקידי מרכנתיל דיסקונט),תגמולים ואישית לפיצויים,כללי/מעורב/גמיש/תלוי גיל,תגמולים ואישית לפיצויים | כללי/מעורב/גמיש/תלוי גיל,2013,9.4795,12,205.5
gemel,260,מנורה מבטחים אמיר כללי,תגמולים ואישית לפיצויים,כללי/מעורב/גמיש/תלוי גיל,תגמולים ואישית לפיצויים | כללי/מעורב/גמיש/תלוי גיל,2013,10.4506,12,254.6
gemel,263,"בר קרן גמולים קופת גמל לתגמולים ופיצויים בניהול כלל גמל בע""מ",תגמולים ואישית לפיצויים,כללי/מעורב/גמיש/תלוי גיל,תגמולים ואישית לפיצויים | כללי/מעורב/גמיש/תלוי גיל,2013,11.9525,12,3777.5
gemel,265,אקסלנס גמל פלטינום עד 15% מניות,תגמולים ואישית לפיצויים,עד 25% מניות,תגמולים ואישית לפיצויים | עד 25% מניות,2013,6.5086,12,1426.9
gemel,270,פסגות גדיש אגח עד 20% מניות,תגמולים ואישית לפיצויים,עד 25% מניות,תגמולים ואישית לפיצויים | עד 25% מניות,2013,6.8491,12,591.4
gemel,275,איניפיניטי גמל דינמי,תגמולים ואישית לפיצויים,כללי/מעורב/גמיש/תלוי גיל,תגמולים ואישית לפיצויים | כללי/מעורב/גמיש/תלוי גיל,2013,10.3843,12,45.2
gemel,309,מנורה מבטחים תגמולים ופיצויים - קופת עובדים חקלאיים,תגמולים ואישית לפיצויים,כללי/מעורב/גמיש/תלוי גיל,תגמולים ואישית לפיצויים | כללי/מעורב/גמיש/תלוי גיל,2013,7.0437,12,13.6
gemel,355,דש שבעת הכוכבים,תגמולים ואישית לפיצויים,כללי/מעורב/גמיש/תלוי גיל,תגמולים ואישית לפיצויים | כללי/מעורב/גמיש/תלוי גיל,2013,6.1709,6,45.1
gemel,356,מיטב השתלמות חכם מסלול משתלם,קרנות השתלמות,כללי/מעורב/גמיש/תלוי גיל,קרנות השתלמות | כללי/מעורב/גמיש/תלוי גיל,2013,10.2467,12,1768.5
gemel,385,"הפניקס גמל אשראי ואג""ח",תגמולים ואישית לפיצויים,"אג""ח ללא מניות","תגמולים ואישית לפיצויים | אג""ח ללא מניות",2013,3.5934,12,1289.1
gemel,386,מגדל קהל השתלמות מסלול כללי,קרנות השתלמות,כללי/מעורב/גמיש/תלוי גיל,קרנות השתלמות | כללי/מעורב/גמיש/תלוי גיל,2013,8.5604,12,7997.3
gemel,387,מיטב משתלם א',קרנות השתלמות,כללי/מעורב/גמיש/תלוי גיל,קרנות השתלמות | כללי/מעורב/גמיש/תלוי גיל,2013,0.0,1,0.0
gemel,395,"הלמן-אלדובי השתלמות אג""ח עד 25% במניות",קרנות השתלמות,עד 25% מניות,קרנות השתלמות | עד 25% מניות,2013,6.642,9,226.3
gemel,396,פסגות שיא השתלמות כללי,קרנות השתלמות,כללי/מעורב/גמיש/תלוי גיל,קרנות השתלמות | כללי/מעורב/גמיש/תלוי גיל,2013,10.5199,12,5758.3
gemel,398,איילון השתלמות מסלול כללי,קרנות השתלמות,כללי/מעורב/גמיש/תלוי גיל,קרנות השתלמות | כללי/מעורב/גמיש/תלוי גיל,2013,6.0121,5,1341.5
gemel,399,אקסלנס השתלמות פלטינום,קרנות השתלמות,כללי/מעורב/גמיש/תלוי גיל,קרנות השתלמות | כללי/מעורב/גמיש/תלוי גיל,2013,9.4765,12,1898.7
gemel,401,הפניקס גמל לבני 60 ומעלה,תגמולים ואישית לפיצויים,כללי/מעורב/גמיש/תלוי גיל,תגמולים ואישית לפיצויים | כללי/מעורב/גמיש/תלוי גיל,2013,11.7592,12,935.6
gemel,410,יהבית,תגמולים ואישית לפיצויים,כללי/מעורב/גמיש/תלוי גיל,תגמולים ואישית לפיצויים | כללי/מעורב/גמיש/תלוי גיל,2013,7.05,9,1638.0
gemel,411,הלמן-אלדובי השתלמות,קרנות השתלמות,כללי/מעורב/גמיש/תלוי גיל,קרנות השתלמות | כללי/מעורב/גמיש/תלוי גיל,2013,7.0728,9,1756.9
gemel,417,מנורה מבטחים תעוש - מסלול כללי,תגמולים ואישית לפיצויים,כללי/מעורב/גמיש/תלוי גיל,תגמולים ואישית לפיצויים | כללי/מעורב/גמיש/תלוי גיל,2013,3.4614,6,721.5
gemel,437,קרן השתלמות נירית כללית,קרנות השתלמות,כללי/מעורב/גמיש/תלוי גיל,קרנות השתלמות | כללי/מעורב/גמיש/תלוי גיל,2013,6.1738,9,906.2
gemel,444,כלל איתן כללי,תגמולים ואישית לפיצויים,כללי/מעורב/גמיש/תלוי גיל,תגמולים ואישית לפיצויים | כללי/מעורב/גמיש/תלוי גיל,2013,10.9418,12,1181.8
gemel,448,להיט קופה לתגמולים ופיצויים כללי,תגמולים ואישית לפיצויים,כללי/מעורב/גמיש/תלוי גיל,תגמולים ואישית לפיצויים | כללי/מעורב/גמיש/תלוי גיל,2013,6.8682,9,1046.7
gemel,450,פסגות גדיש בטא,תגמולים ואישית לפיצויים,כללי/מעורב/גמיש/תלוי גיל,תגמולים ואישית לפיצויים | כללי/מעורב/גמיש/תלוי גיל,2013,14.1247,12,277.4
gemel,456,כלל השתלמות כללי,קרנות השתלמות,כללי/מעורב/גמיש/תלוי גיל,קרנות השתלמות | כללי/מעורב/גמיש/תלוי גיל,2013,10.7855,12,5031.4
gemel,460,כלל איתן כללי דגש חזק,תגמולים ואישית לפיצויים,כללי/מעורב/גמיש/תלוי גיל,תגמולים ואישית לפיצויים | כללי/מעורב/גמיש/תלוי גיל,2013,18.1205,12,59.1
gemel,503,מנורה מבטחים תגמולים ופיצויים - קרן פועלים חקלאים,תגמולים ואישית לפיצויים,כללי/מעורב/גמיש/תלוי גיל,תגמולים ואישית לפיצויים | כללי/מעורב/גמיש/תלוי גיל,2013,6.8237,12,44.4
gemel,511,איילון מקפת תגמולים - כללי,תגמולים ואישית לפיצויים,כללי/מעורב/גמיש/תלוי גיל,תגמולים ואישית לפיצויים | כללי/מעורב/גמיש/תלוי גיל,2013,2.0197,2,445.4
gemel,514,איילון מקפת השתלמות - כללי,קרנות השתלמות,כללי/מעורב/גמיש/תלוי גיל,קרנות השתלמות | כללי/מעורב/גמיש/תלוי גיל,2013,2.3284,2,329.1
gemel,515,"מגן קרן פנסיה מרכזית בע""מ - קופת תגמולים",תגמולים ואישית לפיצויים,כללי/מעורב/גמיש/תלוי גיל,תגמולים ואישית לפיצויים | כללי/מעורב/גמיש/תלוי גיל,2013,3.1669,9,40.6
gemel,517,תלם-חריש,תגמולים ואישית לפיצויים,כללי/מעורב/גמיש/תלוי גיל,תגמולים ואישית לפיצויים | כללי/מעורב/גמיש/תלוי גיל,2013,3.7692,9,1593.2
gemel,521,"הפניקס תגמולים ופיצויים - מסלול אג""ח עד 25% מניות",תגמולים ואישית לפיצויים,עד 25% מניות,תגמולים ואישית לפיצויים | עד 25% מניות,2013,7.3639,12,43.7
gemel,546,אלטשולר שחם גמל להיט קלאסי,תגמולים ואישית לפיצויים,"אג""ח ללא מניות","תגמולים ואישית לפיצויים | אג""ח ללא מניות",2013,6.1587,12,4482.8
gemel,548,"פסגות גדיש אג""ח חו""ל",תגמולים ואישית לפיצויים,"אג""ח ללא מניות","תגמולים ואישית לפיצויים | אג""ח ללא מניות",2013,-5.1245,12,28.1
gemel,549,פסגות גמל מדדית,תגמולים ואישית לפיצויים,"אג""ח ללא מניות","תגמולים ואישית לפיצויים | אג""ח ללא מניות",2013,3.9472,12,181.1
gemel,550,פסגות גדיש שקלית,תגמולים ואישית לפיצויים,"אג""ח ללא מניות","תגמולים ואישית לפיצויים | אג""ח ללא מניות",2013,4.1121,12,248.7
gemel,551,מיטב גמל לבני 60 ומעלה,תגמולים ואישית לפיצויים,כללי/מעורב/גמיש/תלוי גיל,תגמולים ואישית לפיצויים | כללי/מעורב/גמיש/תלוי גיל,2013,3.6002,6,1486.0
gemel,552,דש גמל,תגמולים ואישית לפיצויים,כללי/מעורב/גמיש/תלוי גיל,תגמולים ואישית לפיצויים | כללי/מעורב/גמיש/תלוי גיל,2013,7.1239,6,2135.6
gemel,554,מיטב השתלמות עד 6 שנות וותק,קרנות השתלמות,כללי/מעורב/גמיש/תלוי גיל,קרנות השתלמות | כללי/מעורב/גמיש/תלוי גיל,2013,7.1439,6,8071.3
gemel,558,"אלטשולר שחם השתלמות אשראי ואג""ח עם מניות (עד 25% מניות)",קרנות השתלמות,עד 25% מניות,קרנות השתלמות | עד 25% מניות,2013,5.8097,12,4926.0
gemel,560,אנליסט קרן השתלמות כללי,קרנות השתלמות,כללי/מעורב/גמיש/תלוי גיל,קרנות השתלמות | כללי/מעורב/גמיש/תלוי גיל,2013,9.7867,12,2208.5
gemel,579,מגדל השתלמות מסלול כללי,קרנות השתלמות,כללי/מעורב/גמיש/תלוי גיל,קרנות השתלמות | כללי/מעורב/גמיש/תלוי גיל,2013,9.498,12,3042.2
gemel,592,כלל תמר שקלים,תגמולים ואישית לפיצויים,"אג""ח ללא מניות","תגמולים ואישית לפיצויים | אג""ח ללא מניות",2013,4.0527,12,475.9
gemel,594,תגב - מדדי טווח בינוני,תגמולים ואישית לפיצויים,"אג""ח ללא מניות","תגמולים ואישית לפיצויים | אג""ח ללא מניות",2013,3.67,9,141.5
gemel,595,תגב - מנייתי,תגמולים ואישית לפיצויים,מניות אקטיבי,תגמולים ואישית לפיצויים | מניות אקטיבי,2013,11.1625,9,9.6
gemel,599,"מגדל השתלמות מסלול אג""ח עד 10% מניות",קרנות השתלמות,עד 25% מניות,קרנות השתלמות | עד 25% מניות,2013,4.1126,12,189.6
gemel,600,מיטב דש גמל חכם לבני 40-50,תגמולים ואישית לפיצויים,כללי/מעורב/גמיש/תלוי גיל,תגמולים ואישית לפיצויים | כללי/מעורב/גמיש/תלוי גיל,2013,8.4794,6,334.2
gemel,610,"פסגות שיא השתלמות אג""ח",קרנות השתלמות,"אג""ח ללא מניות","קרנות השתלמות | אג""ח ללא מניות",2013,3.2965,12,726.1
gemel,611,פסגות שיא השתלמות כספי,קרנות השתלמות,כספי,קרנות השתלמות | כספי,2013,1.3887,12,266.2
gemel,612,פסגות שיא השתלמות מניות,קרנות השתלמות,מניות אקטיבי,קרנות השתלמות | מניות אקטיבי,2013,23.1791,12,129.9
gemel,643,מיטב דש השתלמות חכם עד 3 שנות וותק,קרנות השתלמות,כללי/מעורב/גמיש/תלוי גיל,קרנות השתלמות | כללי/מעורב/גמיש/תלוי גיל,2013,8.274,6,239.5
gemel,681,"הלמן-אלדובי בר-יציב אג""ח עד 20% במניות",תגמולים ואישית לפיצויים,עד 25% מניות,תגמולים ואישית לפיצויים | עד 25% מניות,2013,3.8512,9,147.6
gemel,685,אקסלנס גמל,תגמולים ואישית לפיצויים,כללי/מעורב/גמיש/תלוי גיל,תגמולים ואישית לפיצויים | כללי/מעורב/גמיש/תלוי גיל,2013,9.8026,12,1350.1
gemel,686,הפניקס השתלמות לטווח קצר,קרנות השתלמות,כללי/מעורב/גמיש/תלוי גיל,קרנות השתלמות | כללי/מעורב/גמיש/תלוי גיל,2013,9.5589,12,2689.2
gemel,689,כלל מושלם תגמולים,תגמולים ואישית לפיצויים,כללי/מעורב/גמיש/תלוי גיל,תגמולים ואישית לפיצויים | כללי/מעורב/גמיש/תלוי גיל,2013,12.0655,12,205.7
gemel,707,פסגות גמל עד 10% מניות,תגמולים ואישית לפיצויים,עד 25% מניות,תגמולים ואישית לפיצויים | עד 25% מניות,2013,5.1793,12,1218.4
gemel,708,פסגות גמל כללי,תגמולים ואישית לפיצויים,כללי/מעורב/גמיש/תלוי גיל,תגמולים ואישית לפיצויים | כללי/מעורב/גמיש/תלוי גיל,2013,10.7334,12,5657.0
gemel,709,פסגות גמל מניות,תגמולים ואישית לפיצויים,מניות אקטיבי,תגמולים ואישית לפיצויים | מניות אקטיבי,2013,22.9727,12,177.5
gemel,710,תגב - שקלי קצר,תגמולים ואישית לפיצויים,כספי,תגמולים ואישית לפיצויים | כספי,2013,1.1153,9,24.3
gemel,714,אקסלנס השתלמות זהב עד 15% מניות,קרנות השתלמות,עד 25% מניות,קרנות השתלמות | עד 25% מניות,2013,5.7994,12,419.8
gemel,715,הפניקס השתלמות כספי (שקלי),קרנות השתלמות,כספי,קרנות השתלמות | כספי,2013,2.6878,12,50.1
gemel,716,"הפניקס השתלמות אשראי ואג""ח",קרנות השתלמות,"אג""ח ללא מניות","קרנות השתלמות | אג""ח ללא מניות",2013,4.0401,12,298.2
gemel,718,אקסלנס השתלמות זהב - מסלול מניות,קרנות השתלמות,מניות אקטיבי,קרנות השתלמות | מניות אקטיבי,2013,16.0568,12,23.7
gemel,721,כלל מושלם השתלמות,קרנות השתלמות,כללי/מעורב/גמיש/תלוי גיל,קרנות השתלמות | כללי/מעורב/גמיש/תלוי גיל,2013,7.7073,9,294.0
gemel,722,"הלמן-אלדובי בר-יציב אג""ח צמוד מדד",תגמולים ואישית לפיצויים,"אג""ח ללא מניות","תגמולים ואישית לפיצויים | אג""ח ללא מניות",2013,6.0026,12,204.1
gemel,723,הלמן-אלדובי בר-יציב שקלי,תגמולים ואישית לפיצויים,"אג""ח ללא מניות","תגמולים ואישית לפיצויים | אג""ח ללא מניות",2013,4.538,12,219.2
gemel,724,הלמן-אלדובי גמל מניות,תגמולים ואישית לפיצויים,מניות אקטיבי,תגמולים ואישית לפיצויים | מניות אקטיבי,2013,18.9254,12,49.0
gemel,725,הדס ארזים גמל,תגמולים ואישית לפיצויים,כללי/מעורב/גמיש/תלוי גיל,תגמולים ואישית לפיצויים | כללי/מעורב/גמיש/תלוי גיל,2013,7.3476,9,339.2
gemel,730,אנליסט קתדרה כללי,תגמולים ואישית לפיצויים,כללי/מעורב/גמיש/תלוי גיל,תגמולים ואישית לפיצויים | כללי/מעורב/גמיש/תלוי גיל,2013,7.8416,12,90.8
gemel,732,"אנליסט קתדרה קופת גמל - מסלול אג""ח",תגמולים ואישית לפיצויים,"אג""ח ללא מניות","תגמולים ואישית לפיצויים | אג""ח ללא מניות",2013,4.7037,12,30.1
gemel,733,"אנליסט קתדרה קופת גמל - מסלול אג""ח ממשלתי",תגמולים ואישית לפיצויים,"אג""ח ללא מניות","תגמולים ואישית לפיצויים | אג""ח ללא מניות",2013,1.0027,7,0.0
gemel,734,אנליסט קתדרה קופת גמל - מסלול מניות,תגמולים ואישית לפיצויים,מניות אקטיבי,תגמולים ואישית לפיצויים | מניות אקטיבי,2013,7.9986,7,0.0
gemel,736,"הלמן-אלדובי השתלמות אג""ח",קרנות השתלמות,"אג""ח ללא מניות","קרנות השתלמות | אג""ח ללא מניות",2013,5.4388,12,106.3
gemel,737,הלמן-אלדובי השתלמות שקלי,קרנות השתלמות,"אג""ח ללא מניות","קרנות השתלמות | אג""ח ללא מניות",2013,4.5479,12,77.8
gemel,738,הלמן-אלדובי השתלמות מניות,קרנות השתלמות,מניות אקטיבי,קרנות השתלמות | מניות אקטיבי,2013,18.7008,12,31.8
gemel,744,מגדל לתגמולים ולפיצויים מסלול כללי,תגמולים ואישית לפיצויים,כללי/מעורב/גמיש/תלוי גיל,תגמולים ואישית לפיצויים | כללי/מעורב/גמיש/תלוי גיל,2013,9.8679,12,1132.7
gemel,747,איפקס תגמולים כללי,תגמולים ואישית לפיצויים,כללי/מעורב/גמיש/תלוי גיל,תגמולים ואישית לפיצויים | כללי/מעורב/גמיש/תלוי גיל,2013,10.3392,12,150.3
gemel,749,איפקס השתלמות כללי,קרנות השתלמות,כללי/מעורב/גמיש/תלוי גיל,קרנות השתלמות | כללי/מעורב/גמיש/תלוי גיל,2013,10.3819,12,416.4
gemel,767,מיטב גמל הלכה,תגמולים ואישית לפיצויים,כללי/מעורב/גמיש/תלוי גיל,תגמולים ואישית לפיצויים | כללי/מעורב/גמיש/תלוי גיל,2013,9.6271,12,59.5
gemel,768,מיטב השתלמות הלכה,קרנות השתלמות,כללי/מעורב/גמיש/תלוי גיל,קרנות השתלמות | כללי/מעורב/גמיש/תלוי גיל,2013,9.3625,12,55.2
gemel,770,אי.בי.אי תגמולים - כללי,תגמולים ואישית לפיצויים,כללי/מעורב/גמיש/תלוי גיל,תגמולים ואישית לפיצויים | כללי/מעורב/גמיש/תלוי גיל,2013,12.5349,12,12.0
gemel,775,פסגות גמל בטא סגנון,תגמולים ואישית לפיצויים,כללי/מעורב/גמיש/תלוי גיל,תגמולים ואישית לפיצויים | כללי/מעורב/גמיש/תלוי גיל,2013,12.9668,12,569.1
gemel,786,מיטב מאור,קרנות השתלמות,כללי/מעורב/גמיש/תלוי גיל,קרנות השתלמות | כללי/מעורב/גמיש/תלוי גיל,2013,3.6522,12,145.0
gemel,787,אקסלנס גמל פלטינום שקלי,תגמולים ואישית לפיצויים,"אג""ח ללא מניות","תגמולים ואישית לפיצויים | אג""ח ללא מניות",2013,1.9547,12,208.2
gemel,790,אקסלנס גמל פלטינום מניות,תגמולים ואישית לפיצויים,מניות אקטיבי,תגמולים ואישית לפיצויים | מניות אקטיבי,2013,14.2761,12,63.9
gemel,792,"אקסלנס גמל אג""ח צמוד מדד",תגמולים ואישית לפיצויים,"אג""ח ללא מניות","תגמולים ואישית לפיצויים | אג""ח ללא מניות",2013,3.7271,12,490.1
gemel,794,אקסלנס השתלמות פלטינום שקלי,קרנות השתלמות,"אג""ח ללא מניות","קרנות השתלמות | אג""ח ללא מניות",2013,2.0363,12,246.9
gemel,797,אקסלנס השתלמות מניות,קרנות השתלמות,מניות אקטיבי,קרנות השתלמות | מניות אקטיבי,2013,13.875,12,46.8
gemel,799,אקסלנס השתלמות צמוד מדד,קרנות השתלמות,"אג""ח ללא מניות","קרנות השתלמות | אג""ח ללא מניות",2013,3.2921,12,528.0
gemel,8012,"מגדל לתגמולים ולפיצויים מסלול אשראי ואג""ח",תגמולים ואישית לפיצויים,"אג""ח ללא מניות","תגמולים ואישית לפיצויים | אג""ח ללא מניות",2013,-0.57,1,0.2
gemel,808,אקסלנס גמל ללא מניות,תגמולים ואישית לפיצויים,"אג""ח ללא מניות","תגמולים ואישית לפיצויים | אג""ח ללא מניות",2013,4.175,12,42.3
gemel,809,אקסלנס השתלמות ללא מניות,קרנות השתלמות,"אג""ח ללא מניות","קרנות השתלמות | אג""ח ללא מניות",2013,4.2176,12,72.1
gemel,811,אנליסט מסלולית קופת גמל ישראל,תגמולים ואישית לפיצויים,כללי/מעורב/גמיש/תלוי גיל,תגמולים ואישית לפיצויים | כללי/מעורב/גמיש/תלוי גיל,2013,15.3708,12,570.8
gemel,812,אנליסט גמל כללי,תגמולים ואישית לפיצויים,כללי/מעורב/גמיש/תלוי גיל,תגמולים ואישית לפיצויים | כללי/מעורב/גמיש/תלוי גיל,2013,9.6271,12,778.0
gemel,8128,"אנליסט מסלולית קופת גמל - אג""ח עד 10% מניות",תגמולים ואישית לפיצויים,עד 25% מניות,תגמולים ואישית לפיצויים | עד 25% מניות,2013,-0.67,1,0.9
gemel,8129,"אנליסט קרן השתלמות אג""ח עד 10% מניות",קרנות השתלמות,עד 25% מניות,קרנות השתלמות | עד 25% מניות,2013,-0.38,1,1.7
gemel,813,"אנליסט גמל אשראי ואג""ח",תגמולים ואישית לפיצויים,"אג""ח ללא מניות","תגמולים ואישית לפיצויים | אג""ח ללא מניות",2013,4.9038,12,88.9
gemel,814,אנליסט גמל מניות,תגמולים ואישית לפיצויים,מניות אקטיבי,תגמולים ואישית לפיצויים | מניות אקטיבי,2013,18.2185,12,90.2
gemel,815,אנליסט גמל כספי (שקלי),תגמולים ואישית לפיצויים,כספי,תגמולים ואישית לפיצויים | כספי,2013,1.9667,12,30.6
gemel,817,אנליסט גמל מניות סחיר,תגמולים ואישית לפיצויים,מניות אקטיבי,תגמולים ואישית לפיצויים | מניות אקטיבי,2013,17.2233,12,19.1
gemel,818,אנליסט גמל משולב סחיר,תגמולים ואישית לפיצויים,כללי/מעורב/גמיש/תלוי גיל,תגמולים ואישית לפיצויים | כללי/מעורב/גמיש/תלוי גיל,2013,-3.009,12,5.7
gemel,819,מעלות כלל השתלמות,קרנות השתלמות,כללי/מעורב/גמיש/תלוי גיל,קרנות השתלמות | כללי/מעורב/גמיש/תלוי גיל,2013,6.9226,9,200.1
gemel,825,דש אקונומיסט השתלמות,קרנות השתלמות,כללי/מעורב/גמיש/תלוי גיל,קרנות השתלמות | כללי/מעורב/גמיש/תלוי גיל,2013,6.4645,6,1311.8
gemel,826,מנורה מבטחים תגמולים ופיצויים מסלול כללי,תגמולים ואישית לפיצויים,כללי/מעורב/גמיש/תלוי גיל,תגמולים ואישית לפיצויים | כללי/מעורב/גמיש/תלוי גיל,2013,10.2266,12,2698.1
gemel,828,מנורה מבטחים השתלמות מסלול כללי,קרנות השתלמות,כללי/מעורב/גמיש/תלוי גיל,קרנות השתלמות | כללי/מעורב/גמיש/תלוי גיל,2013,9.9473,12,1296.5
gemel,831,"פסגות גמל אג""ח",תגמולים ואישית לפיצויים,"אג""ח ללא מניות","תגמולים ואישית לפיצויים | אג""ח ללא מניות",2013,3.3076,12,731.7
gemel,835,פסגות גדיש אגח צמוד מדד,תגמולים ואישית לפיצויים,"אג""ח ללא מניות","תגמולים ואישית לפיצויים | אג""ח ללא מניות",2013,4.1623,12,607.4
gemel,855,נירית מניות,קרנות השתלמות,מניות אקטיבי,קרנות השתלמות | מניות אקטיבי,2013,12.0788,9,45.9
gemel,856,מנורה מבטחים תגמולים ופיצויים - קרן פועלי הבניין ועבודות ציבוריות,תגמולים ואישית לפיצויים,כללי/מעורב/גמיש/תלוי גיל,תגמולים ואישית לפיצויים | כללי/מעורב/גמיש/תלוי גיל,2013,7.0567,12,32.5
gemel,858,מגדל לתגמולים ולפיצויים מסלול כספי (שקלי),תגמולים ואישית לפיצויים,כספי,תגמולים ואישית לפיצויים | כספי,2013,1.8248,12,44.5
gemel,859,"מגדל לתגמולים ולפיצויים מסלול אג""ח ממשלות",תגמולים ואישית לפיצויים,"אג""ח ללא מניות","תגמולים ואישית לפיצויים | אג""ח ללא מניות",2013,3.3622,12,174.1
gemel,860,מגדל לתגמולים ולפיצויים מסלול צמוד מדד,תגמולים ואישית לפיצויים,"אג""ח ללא מניות","תגמולים ואישית לפיצויים | אג""ח ללא מניות",2013,4.4892,12,57.8
gemel,862,"מגדל לתגמולים ולפיצויים מסלול חו""ל",תגמולים ואישית לפיצויים,כללי/מעורב/גמיש/תלוי גיל,תגמולים ואישית לפיצויים | כללי/מעורב/גמיש/תלוי גיל,2013,1.218,12,2.1
gemel,863,מגדל לתגמולים ולפיצויים מסלול מניות,תגמולים ואישית לפיצויים,מניות אקטיבי,תגמולים ואישית לפיצויים | מניות אקטיבי,2013,21.4352,12,19.5
gemel,864,מגדל השתלמות מסלול כספי (שקלי),קרנות השתלמות,כספי,קרנות השתלמות | כספי,2013,1.8146,12,282.2
gemel,865,"מגדל השתלמות מסלול אג""ח ממשלות",קרנות השתלמות,"אג""ח ללא מניות","קרנות השתלמות | אג""ח ללא מניות",2013,3.3099,12,461.9
gemel,866,מגדל השתלמות מסלול צמוד מדד,קרנות השתלמות,"אג""ח ללא מניות","קרנות השתלמות | אג""ח ללא מניות",2013,4.2813,12,81.1
gemel,868,"מגדל השתלמות מסלול חו""ל",קרנות השתלמות,כללי/מעורב/גמיש/תלוי גיל,קרנות השתלמות | כללי/מעורב/גמיש/תלוי גיל,2013,-0.7265,12,5.8
gemel,869,מגדל השתלמות מסלול מניות,קרנות השתלמות,מניות אקטיבי,קרנות השתלמות | מניות אקטיבי,2013,21.4348,12,108.8
gemel,873,מיטב גמל כללי,תגמולים ואישית לפיצויים,כללי/מעורב/גמיש/תלוי גיל,תגמולים ואישית לפיצויים | כללי/מעורב/גמיש/תלוי גיל,2013,7.4946,9,336.4
gemel,874,"מיטב גמל אג""ח עד 25% מניות",תגמולים ואישית לפיצויים,עד 25% מניות,תגמולים ואישית לפיצויים | עד 25% מניות,2013,10.1278,12,2035.5
gemel,875,"מיטב דש גמל אג""ח צמוד מדד",תגמולים ואישית לפיצויים,"אג""ח ללא מניות","תגמולים ואישית לפיצויים | אג""ח ללא מניות",2013,5.0871,12,380.0
gemel,876,מיטב גמל כספי (שקלי),תגמולים ואישית לפיצויים,כספי,תגמולים ואישית לפיצויים | כספי,2013,3.8981,12,167.6
gemel,877,מיטב גמל מניות,תגמולים ואישית לפיצויים,מניות אקטיבי,תגמולים ואישית לפיצויים | מניות אקטיבי,2013,20.1034,12,198.0
gemel,879,מיטב השתלמות כללי,קרנות השתלמות,כללי/מעורב/גמיש/תלוי גיל,קרנות השתלמות | כללי/מעורב/גמיש/תלוי גיל,2013,7.3666,9,385.5
gemel,880,מיטב השתלמות כללי,קרנות השתלמות,כללי/מעורב/גמיש/תלוי גיל,קרנות השתלמות | כללי/מעורב/גמיש/תלוי גיל,2013,10.2029,12,2161.8
gemel,881,"מיטב השתלמות אג""ח צמוד מדד",קרנות השתלמות,"אג""ח ללא מניות","קרנות השתלמות | אג""ח ללא מניות",2013,4.7846,12,402.6
gemel,882,מיטב דש השתלמות מסלול שקלי,קרנות השתלמות,"אג""ח ללא מניות","קרנות השתלמות | אג""ח ללא מניות",2013,3.9395,12,175.5
gemel,883,מיטב השתלמות מניות,קרנות השתלמות,מניות אקטיבי,קרנות השתלמות | מניות אקטיבי,2013,19.7208,12,241.5
gemel,923,מיטב בטחון,תגמולים ואישית לפיצויים,כללי/מעורב/גמיש/תלוי גיל,תגמולים ואישית לפיצויים | כללי/מעורב/גמיש/תלוי גיל,2013,10.6599,12,27.7
gemel,948,מיטב גמל שקלי טווח קצר,תגמולים ואישית לפיצויים,כספי,תגמולים ואישית לפיצויים | כספי,2013,1.6622,12,52.9
gemel,953,איילון גמל מצוק מסלול כללי,תגמולים ואישית לפיצויים,כללי/מעורב/גמיש/תלוי גיל,תגמולים ואישית לפיצויים | כללי/מעורב/גמיש/תלוי גיל,2013,1.8203,2,84.6
gemel,956,הדס ארזים אפסילון תגמולים מסלול כללי,תגמולים ואישית לפיצויים,כללי/מעורב/גמיש/תלוי גיל,תגמולים ואישית לפיצויים | כללי/מעורב/גמיש/תלוי גיל,2013,6.2973,9,183.8
gemel,957,הפניקס תגמולים ופיצויים - מסלול כללי,תגמולים ואישית לפיצויים,כללי/מעורב/גמיש/תלוי גיל,תגמולים ואישית לפיצויים | כללי/מעורב/גמיש/תלוי גיל,2013,11.8512,12,267.2
gemel,961,הפניקס גמל מסלול מניות,תגמולים ואישית לפיצויים,מניות אקטיבי,תגמולים ואישית לפיצויים | מניות אקטיבי,2013,22.1744,12,11.3
gemel,962,אנליסט השתלמות כללי,קרנות השתלמות,כללי/מעורב/גמיש/תלוי גיל,קרנות השתלמות | כללי/מעורב/גמיש/תלוי גיל,2013,14.064,12,520.2
gemel,963,אנליסט השתלמות מניות,קרנות השתלמות,מניות אקטיבי,קרנות השתלמות | מניות אקטיבי,2013,17.8549,12,105.3
gemel,964,הפניקס השתלמות כללי,קרנות השתלמות,כללי/מעורב/גמיש/תלוי גיל,קרנות השתלמות | כללי/מעורב/גמיש/תלוי גיל,2013,11.4088,12,588.6
gemel,968,הפניקס השתלמות מניות,קרנות השתלמות,מניות אקטיבי,קרנות השתלמות | מניות אקטיבי,2013,23.2012,12,46.8
gemel,972,"אנליסט השתלמות אשראי ואג""ח",קרנות השתלמות,"אג""ח ללא מניות","קרנות השתלמות | אג""ח ללא מניות",2013,4.4777,12,157.5
gemel,973,"אנליסט השתלמות אג""ח ממשלות",קרנות השתלמות,"אג""ח ללא מניות","קרנות השתלמות | אג""ח ללא מניות",2013,3.1234,12,84.8
gemel,974,מגדל פלטינום לתגמולים כללי,תגמולים ואישית לפיצויים,כללי/מעורב/גמיש/תלוי גיל,תגמולים ואישית לפיצויים | כללי/מעורב/גמיש/תלוי גיל,2013,9.5352,12,135.0
gemel,989,אלטשולר שחם עוקב מדדי מניות,תגמולים ואישית לפיצויים,מניות פאסיבי,תגמולים ואישית לפיצויים | מניות פאסיבי,2013,6.1306,12,106.9
gemel,1010,אי.בי.אי לתגמולים ופיצויים שקלי לטווח קצר,תגמולים ואישית לפיצויים,כספי,תגמולים ואישית לפיצויים | כספי,2014,0.843,12,11.9
gemel,1014,אי.בי.אי קרן השתלמות מסלול שקלי לטווח קצר,קרנות השתלמות,כספי,קרנות השתלמות | כספי,2014,0.8128,12,23.2
gemel,103,מיטב גמל לבני 50 עד 60,תגמולים ואישית לפיצויים,כללי/מעורב/גמיש/תלוי גיל,תגמולים ואישית לפיצויים | כללי/מעורב/גמיש/תלוי גיל,2014,5.7782,12,5564.8
gemel,1035,"ילין לפידות קופת גמל מסלול אג""ח עד 25% מניות",תגמולים ואישית לפיצויים,עד 25% מניות,תגמולים ואישית לפיצויים | עד 25% מניות,2014,6.0994,12,3387.8
gemel,1036,ילין לפידות קופת גמל מסלול מניות,תגמולים ואישית לפיצויים,מניות אקטיבי,תגמולים ואישית לפיצויים | מניות אקטיבי,2014,8.3693,12,408.4
gemel,1037,"ילין לפידות קופת גמל מסלול אשראי ואג""ח",תגמולים ואישית לפיצויים,"אג""ח ללא מניות","תגמולים ואישית לפיצויים | אג""ח ללא מניות",2014,5.7712,12,616.4
gemel,1038,"ילין לפידות קרן השתלמות מסלול אג""ח עם מניות (עד 25% מניות)",קרנות השתלמות,עד 25% מניות,קרנות השתלמות | עד 25% מניות,2014,6.1351,12,4950.0
gemel,1040,"אקסלנס גמל אג""ח קונצרני עד 20% מניות",תגמולים ואישית לפיצויים,עד 25% מניות,תגמולים ואישית לפיצויים | עד 25% מניות,2014,1.913,12,97.1
gemel,1042,אקסלנס גמל שקלי,תגמולים ואישית לפיצויים,"אג""ח ללא מניות","תגמולים ואישית לפיצויים | אג""ח ללא מניות",2014,5.9836,12,272.7
gemel,1055,איילון השתלמות מסלול מניות,קרנות השתלמות,מניות אקטיבי,קרנות השתלמות | מניות אקטיבי,2014,6.5387,12,10.2
gemel,1057,"איילון השתלמות מסלול אג""ח",קרנות השתלמות,"אג""ח ללא מניות","קרנות השתלמות | אג""ח ללא מניות",2014,4.1287,12,66.5
gemel,1059,פסגות שיא השתלמות פאסיבי- כללי,קרנות השתלמות,כללי/מעורב/גמיש/תלוי גיל,קרנות השתלמות | כללי/מעורב/גמיש/תלוי גיל,2014,5.6075,12,37.8
gemel,106,פסגות גדיש כללי,תגמולים ואישית לפיצויים,כללי/מעורב/גמיש/תלוי גיל,תגמולים ואישית לפיצויים | כללי/מעורב/גמיש/תלוי גיל,2014,6.4088,12,28534.0
gemel,1061,איילון השתלמות מסלול שקלי,קרנות השתלמות,"אג""ח ללא מניות","קרנות השתלמות | אג""ח ללא מניות",2014,-0.0512,12,41.4
gemel,1062,איילון תגמולים ואישית לפיצויים מסלול מניות,תגמולים ואישית לפיצויים,מניות אקטיבי,תגמולים ואישית לפיצויים | מניות אקטיבי,2014,8.0879,12,11.9
gemel,1064,"איילון תגמולים ואישית לפיצויים מסלול אג""ח",תגמולים ואישית לפיצויים,"אג""ח ללא מניות","תגמולים ואישית לפיצויים | אג""ח ללא מניות",2014,4.4598,12,121.3
gemel,1068,איילון תגמולים ואישית לפיצויים מסלול שקלי,תגמולים ואישית לפיצויים,"אג""ח ללא מניות","תגמולים ואישית לפיצויים | אג""ח ללא מניות",2014,-0.0611,12,45.4
gemel,107,"הלמן-אלדובי גמל אג""ח עד 25% במניות",תגמולים ואישית לפיצויים,עד 25% מניות,תגמולים ואישית לפיצויים | עד 25% מניות,2014,3.3322,12,482.8
gemel,1078,"אינפיניטי גמל אשראי ואג""ח",תגמולים ואישית לפיצויים,"אג""ח ללא מניות","תגמולים ואישית לפיצויים | אג""ח ללא מניות",2014,3.9582,12,285.2
gemel,1079,אינפיניטי גמל מניות בישראל,תגמולים ואישית לפיצויים,מניות אקטיבי,תגמולים ואישית לפיצויים | מניות אקטיבי,2014,6.6115,12,65.6
gemel,1083,אינפיניטי השתלמות כללי,קרנות השתלמות,כללי/מעורב/גמיש/תלוי גיל,קרנות השתלמות | כללי/מעורב/גמיש/תלוי גיל,2014,4.8789,12,29.9
gemel,1084,"אינפיניטי השתלמות אשראי ואג""ח",קרנות השתלמות,"אג""ח ללא מניות","קרנות השתלמות | אג""ח ללא מניות",2014,3.8656,12,345.7
gemel,1085,אינפיניטי השתלמות מניות בישראל,קרנות השתלמות,מניות אקטיבי,קרנות השתלמות | מניות אקטיבי,2014,6.5922,12,97.3
gemel,1092,אלטשולר שחם גמל מסלול כללי,תגמולים ואישית לפיצויים,כללי/מעורב/גמיש/תלוי גיל,תגמולים ואישית לפיצויים | כללי/מעורב/גמיש/תלוי גיל,2014,6.0388,12,7932.2
gemel,1093,אלטשולר שחם השתלמות כללי,קרנות השתלמות,כללי/מעורב/גמיש/תלוי גיל,קרנות השתלמות | כללי/מעורב/גמיש/תלוי גיל,2014,5.9144,12,8986.8
gemel,1100,"הפניקס השתלמות אשראי ואג""ח עם מניות (עד 25% מניות)",קרנות השתלמות,עד 25% מניות,קרנות השתלמות | עד 25% מניות,2014,5.8282,12,2645.3
gemel,1103,אקסלנס גמל מניות,תגמולים ואישית לפיצויים,מניות אקטיבי,תגמולים ואישית לפיצויים | מניות אקטיבי,2014,2.8146,12,89.0
gemel,111,מיטב מירון,תגמולים ואישית לפיצויים,כללי/מעורב/גמיש/תלוי גיל,תגמולים ואישית לפיצויים | כללי/מעורב/גמיש/תלוי גיל,2014,3.2877,6,2258.9
gemel,1110,"מנורה מבטחים השתלמות מסלול אג""ח קונצרני",קרנות השתלמות,"אג""ח ללא מניות","קרנות השתלמות | אג""ח ללא מניות",2014,3.209,12,70.9
gemel,1114,מנורה מבטחים השתלמות כספי (שקלי),קרנות השתלמות,כספי,קרנות השתלמות | כספי,2014,1.0042,12,60.3
gemel,1147,"מנורה מבטחים תגמולים ופיצויים אג""ח עד 10% מניות",תגמולים ואישית לפיצויים,עד 25% מניות,תגמולים ואישית לפיצויים | עד 25% מניות,2014,5.2581,12,899.0
gemel,1149,"מנורה מבטחים השתלמות אג""ח עד 10% מניות",קרנות השתלמות,עד 25% מניות,קרנות השתלמות | עד 25% מניות,2014,5.2601,12,1237.2
gemel,1156,מגדל לתגמולים ולפיצויים מסלול ביג כללי לפחות 30% מניות,תגמולים ואישית לפיצויים,כללי/מעורב/גמיש/תלוי גיל,תגמולים ואישית לפיצויים | כללי/מעורב/גמיש/תלוי גיל,2014,4.5755,12,187.3
gemel,1157,מגדל השתלמות מסלול ביג כללי לפחות 30% מניות,קרנות השתלמות,כללי/מעורב/גמיש/תלוי גיל,קרנות השתלמות | כללי/מעורב/גמיש/תלוי גיל,2014,4.2915,12,739.2
gemel,1162,ילין לפידות קרן השתלמות מסלול כללי,קרנות השתלמות,כללי/מעורב/גמיש/תלוי גיל,קרנות השתלמות | כללי/מעורב/גמיש/תלוי גיל,2014,8.1414,12,3571.6
gemel,1163,ילין לפידות קופת גמל מסלול כללי ב',תגמולים ואישית לפיצויים,כללי/מעורב/גמיש/תלוי גיל,תגמולים ואישית לפיצויים | כללי/מעורב/גמיש/תלוי גיל,2014,8.1285,12,1883.8
gemel,117,"כלל תמר אשראי ואג""ח",תגמולים ואישית לפיצויים,"אג""ח ללא מניות","תגמולים ואישית לפיצויים | אג""ח ללא מניות",2014,4.0345,12,1368.4
gemel,1183,פסגות שיא השתלמות ישראל,קרנות השתלמות,כללי/מעורב/גמיש/תלוי גיל,קרנות השתלמות | כללי/מעורב/גמיש/תלוי גיל,2014,6.1114,12,1254.2
gemel,119,מנורה מבטחים יותר מסלול ד',תגמולים ואישית לפיצויים,כללי/מעורב/גמיש/תלוי גיל,תגמולים ואישית לפיצויים | כללי/מעורב/גמיש/תלוי גיל,2014,5.6203,12,683.1
gemel,1190,"הפניקס השתלמות אג""ח עד 25% מניות",קרנות השתלמות,עד 25% מניות,קרנות השתלמות | עד 25% מניות,2014,5.3122,12,346.5
gemel,1198,"הלמן-אלדובי גמל מסלול אג""ח ללא מניות",תגמולים ואישית לפיצויים,"אג""ח ללא מניות","תגמולים ואישית לפיצויים | אג""ח ללא מניות",2014,5.8914,12,228.6
gemel,1199,"אי.בי.אי לתגמולים ופיצויים מסלול אג""ח ועוד",תגמולים ואישית לפיצויים,"אג""ח ללא מניות","תגמולים ואישית לפיצויים | אג""ח ללא מניות",2014,6.8024,12,332.0
gemel,1200,אי.בי.אי לתגמולים ופיצויים מסלול כללי,תגמולים ואישית לפיצויים,כללי/מעורב/גמיש/תלוי גיל,תגמולים ואישית לפיצויים | כללי/מעורב/גמיש/תלוי גיל,2014,7.0341,12,439.4
gemel,1201,אי.בי.אי לתגמולים ופיצויים מסלול מניות,תגמולים ואישית לפיצויים,מניות אקטיבי,תגמולים ואישית לפיצויים | מניות אקטיבי,2014,6.8089,12,61.9
gemel,1202,"הלמן-אלדובי קרן השתלמות מסלול אג""ח ללא מניות",קרנות השתלמות,"אג""ח ללא מניות","קרנות השתלמות | אג""ח ללא מניות",2014,5.8392,12,234.9
gemel,1203,"הלמן-אלדובי קרן השתלמות מסלול אג""ח עד 10% מניות",קרנות השתלמות,עד 25% מניות,קרנות השתלמות | עד 25% מניות,2014,6.8978,12,267.6
gemel,1204,אי.בי.אי קרן השתלמות מסלול כללי,קרנות השתלמות,כללי/מעורב/גמיש/תלוי גיל,קרנות השתלמות | כללי/מעורב/גמיש/תלוי גיל,2014,6.9715,12,501.3
gemel,1205,אי.בי.אי קרן השתלמות מסלול מניות,קרנות השתלמות,מניות אקטיבי,קרנות השתלמות | מניות אקטיבי,2014,6.5751,12,71.0
gemel,1209,"אינפיניטי גמל אג""ח ממשלות",תגמולים ואישית לפיצויים,"אג""ח ללא מניות","תגמולים ואישית לפיצויים | אג""ח ללא מניות",2014,3.9185,12,20.6
gemel,1210,"אינפיניטי השתלמות אג""ח ממשלות",קרנות השתלמות,"אג""ח ללא מניות","קרנות השתלמות | אג""ח ללא מניות",2014,4.1036,12,33.8
gemel,1219,אלטשולר שחם קמה,תגמולים ואישית לפיצויים,כללי/מעורב/גמיש/תלוי גיל,תגמולים ואישית לפיצויים | כללי/מעורב/גמיש/תלוי גיל,2014,4.6741,12,190.3
gemel,1235,"מיטב דש גמל אג""ח (ללא מניות)",תגמולים ואישית לפיצויים,"אג""ח ללא מניות","תגמולים ואישית לפיצויים | אג""ח ללא מניות",2014,3.2701,6,506.4
gemel,1236,"מיטב גמל אג""ח 85",תגמולים ואישית לפיצויים,עד 25% מניות,תגמולים ואישית לפיצויים | עד 25% מניות,2014,1.9797,3,739.6
gemel,124,כלל תמר מדד,תגמולים ואישית לפיצויים,"אג""ח ללא מניות","תגמולים ואישית לפיצויים | אג""ח ללא מניות",2014,2.5438,12,2106.0
gemel,1240,"מיטב השתלמות אשראי ואג""ח",קרנות השתלמות,"אג""ח ללא מניות","קרנות השתלמות | אג""ח ללא מניות",2014,4.8362,12,678.1
gemel,1241,"מיטב השתלמות אג""ח 85",קרנות השתלמות,עד 25% מניות,קרנות השתלמות | עד 25% מניות,2014,1.8178,3,591.5
gemel,1245,מיטב דש גמל חכם עד 40,תגמולים ואישית לפיצויים,מניות אקטיבי,תגמולים ואישית לפיצויים | מניות אקטיבי,2014,3.8739,12,17.4
gemel,1246,מיטב גמל חכם מסלול בין 40 ל-50,תגמולים ואישית לפיצויים,כללי/מעורב/גמיש/תלוי גיל,תגמולים ואישית לפיצויים | כללי/מעורב/גמיש/תלוי גיל,2014,3.6226,6,88.5
gemel,1247,מיטב גמל חכם מסלול בין 50 ל-60,תגמולים ואישית לפיצויים,כללי/מעורב/גמיש/תלוי גיל,תגמולים ואישית לפיצויים | כללי/מעורב/גמיש/תלוי גיל,2014,3.7614,6,67.6
gemel,1248,מיטב גמל חכם מסלול 60 פלוס,תגמולים ואישית לפיצויים,כללי/מעורב/גמיש/תלוי גיל,תגמולים ואישית לפיצויים | כללי/מעורב/גמיש/תלוי גיל,2014,3.6994,6,170.6
gemel,1249,"מיטב גמל חכם מסלול אג""ח ב",תגמולים ואישית לפיצויים,"אג""ח ללא מניות","תגמולים ואישית לפיצויים | אג""ח ללא מניות",2014,3.4761,6,52.5
gemel,1250,מיטב השתלמות חכם מסלול מנייתי,קרנות השתלמות,מניות אקטיבי,קרנות השתלמות | מניות אקטיבי,2014,4.2363,6,15.8
gemel,1251,מיטב השתלמות חכם מסלול כללי,קרנות השתלמות,כללי/מעורב/גמיש/תלוי גיל,קרנות השתלמות | כללי/מעורב/גמיש/תלוי גיל,2014,3.5103,6,70.7
gemel,1252,"מיטב השתלמות חכם מסלול אג""ח ש",קרנות השתלמות,"אג""ח ללא מניות","קרנות השתלמות | אג""ח ללא מניות",2014,3.812,6,27.6
gemel,1253,"מיטב השתלמות חכם מסלול אג""ח ח",קרנות השתלמות,"אג""ח ללא מניות","קרנות השתלמות | אג""ח ללא מניות",2014,3.4827,6,101.2
gemel,1254,"מיטב השתלמות חכם מסלול אג""ח ב",קרנות השתלמות,"אג""ח ללא מניות","קרנות השתלמות | אג""ח ללא מניות",2014,3.476,6,63.1
gemel,1256,מנורה מבטחים השתלמות מסלול מניות,קרנות השתלמות,מניות אקטיבי,קרנות השתלמות | מניות אקטיבי,2014,7.9653,12,34.0
gemel,1260,פסגות שיא השתלמות בטא,קרנות השתלמות,כללי/מעורב/גמיש/תלוי גיל,קרנות השתלמות | כללי/מעורב/גמיש/תלוי גיל,2014,5.8603,12,160.5
gemel,127,כלל תמר מניות,תגמולים ואישית לפיצויים,מניות אקטיבי,תגמולים ואישית לפיצויים | מניות אקטיבי,2014,2.9645,12,194.6
gemel,1272,איפקס סלע תגמולים,תגמולים ואישית לפיצויים,עד 25% מניות,תגמולים ואישית לפיצויים | עד 25% מניות,2014,3.1862,6,366.9
gemel,1273,איפקס עוז תגמולים,תגמולים ואישית לפיצויים,כללי/מעורב/גמיש/תלוי גיל,תגמולים ואישית לפיצויים | כללי/מעורב/גמיש/תלוי גיל,2014,3.7109,6,47.8
gemel,1274,איפקס סלע השתלמות,קרנות השתלמות,עד 25% מניות,קרנות השתלמות | עד 25% מניות,2014,3.2168,6,377.2
gemel,1275,איפקס עוז השתלמות,קרנות השתלמות,כללי/מעורב/גמיש/תלוי גיל,קרנות השתלמות | כללי/מעורב/גמיש/תלוי גיל,2014,3.6494,6,164.1
gemel,128,כלל תמר כספי(שקלי),תגמולים ואישית לפיצויים,כספי,תגמולים ואישית לפיצויים | כספי,2014,0.8329,12,360.2
gemel,1288,אלטשולר שחם גמל מסלול גולד,תגמולים ואישית לפיצויים,כללי/מעורב/גמיש/תלוי גיל,תגמולים ואישית לפיצויים | כללי/מעורב/גמיש/תלוי גיל,2014,6.0512,12,858.8
gemel,1290,אלטשולר שחם השתלמות כללי ב',קרנות השתלמות,כללי/מעורב/גמיש/תלוי גיל,קרנות השתלמות | כללי/מעורב/גמיש/תלוי גיל,2014,5.8751,12,1040.0
gemel,1319,"ילין לפידות קרן השתלמות מסלול אשראי ואג""ח",קרנות השתלמות,"אג""ח ללא מניות","קרנות השתלמות | אג""ח ללא מניות",2014,5.2282,12,385.2
gemel,132,הלמן-אלדובי השתלמות כללי,קרנות השתלמות,כללי/מעורב/גמיש/תלוי גיל,קרנות השתלמות | כללי/מעורב/גמיש/תלוי גיל,2014,5.9147,12,2716.4
gemel,1330,פסגות גדיש מניות,תגמולים ואישית לפיצויים,מניות אקטיבי,תגמולים ואישית לפיצויים | מניות אקטיבי,2014,8.58,12,407.9
gemel,1331,פסגות גדיש אגח עד 10% מניות,תגמולים ואישית לפיצויים,עד 25% מניות,תגמולים ואישית לפיצויים | עד 25% מניות,2014,4.7889,12,3217.8
gemel,1332,"פסגות גדיש אג""ח",תגמולים ואישית לפיצויים,"אג""ח ללא מניות","תגמולים ואישית לפיצויים | אג""ח ללא מניות",2014,4.1784,12,1069.1
gemel,1333,פסגות גדיש כספי,תגמולים ואישית לפיצויים,כספי,תגמולים ואישית לפיצויים | כספי,2014,0.6619,12,436.1
gemel,1343,מנורה מבטחים תגמולים ופיצויים מסלול כספי (שקלי),תגמולים ואישית לפיצויים,כספי,תגמולים ואישית לפיצויים | כספי,2014,0.3601,12,84.8
gemel,1344,"מנורה מבטחים תגמולים ופיצויים אג""ח ממשלת ישראל",תגמולים ואישית לפיצויים,"אג""ח ללא מניות","תגמולים ואישית לפיצויים | אג""ח ללא מניות",2014,4.1429,12,120.3
gemel,1348,"כלל השתלמות אשראי ואג""ח",קרנות השתלמות,"אג""ח ללא מניות","קרנות השתלמות | אג""ח ללא מניות",2014,2.802,12,544.3
gemel,1350,כלל השתלמות מניות,קרנות השתלמות,מניות אקטיבי,קרנות השתלמות | מניות אקטיבי,2014,2.51,12,101.8
gemel,1351,כלל השתלמות כספי(שקלי),קרנות השתלמות,כספי,קרנות השתלמות | כספי,2014,0.9136,12,200.9
gemel,1353,מיטב השתלמות מעל 6 שנות וותק,קרנות השתלמות,כללי/מעורב/גמיש/תלוי גיל,קרנות השתלמות | כללי/מעורב/גמיש/תלוי גיל,2014,5.3076,12,2411.2
gemel,1354,"הפניקס השתלמות - מסלול אג""ח",קרנות השתלמות,"אג""ח ללא מניות","קרנות השתלמות | אג""ח ללא מניות",2014,1.9776,12,72.0
gemel,1355,"הפניקס תגמולים ופיצויים - מסלול אג""ח",תגמולים ואישית לפיצויים,"אג""ח ללא מניות","תגמולים ואישית לפיצויים | אג""ח ללא מניות",2014,1.0353,12,26.1
gemel,1360,"ילין לפידות קופת גמל מסלול אג""ח ממשלות",תגמולים ואישית לפיצויים,"אג""ח ללא מניות","תגמולים ואישית לפיצויים | אג""ח ללא מניות",2014,2.6239,12,82.8
gemel,1361,"ילין לפידות קרן השתלמות מסלול אג""ח ממשלות",קרנות השתלמות,"אג""ח ללא מניות","קרנות השתלמות | אג""ח ללא מניות",2014,2.5845,12,91.9
gemel,1364,מנורה מבטחים תגמולים ופיצויים מסלול מניות,תגמולים ואישית לפיצויים,מניות אקטיבי,תגמולים ואישית לפיצויים | מניות אקטיבי,2014,10.6053,12,17.0
gemel,1367,"הלמן-אלדובי השתלמות אג""ח עד 15% במניות",קרנות השתלמות,עד 25% מניות,קרנות השתלמות | עד 25% מניות,2014,5.8008,12,231.0
gemel,1370,מיטב השתלמות כספי (שקלי),קרנות השתלמות,כספי,קרנות השתלמות | כספי,2014,0.5413,12,44.4
gemel,1375,אלטשולר שחם גמל מניות,תגמולים ואישית לפיצויים,מניות אקטיבי,תגמולים ואישית לפיצויים | מניות אקטיבי,2014,5.3203,12,227.5
gemel,1376,"אלטשולר שחם גמל אשראי ואג""ח",תגמולים ואישית לפיצויים,"אג""ח ללא מניות","תגמולים ואישית לפיצויים | אג""ח ללא מניות",2014,4.9843,12,387.4
gemel,1377,אלטשולר שחם השתלמות מניות,קרנות השתלמות,מניות אקטיבי,קרנות השתלמות | מניות אקטיבי,2014,5.3754,12,320.2
gemel,1378,"אלטשולר שחם השתלמות אשראי ואג""ח",קרנות השתלמות,"אג""ח ללא מניות","קרנות השתלמות | אג""ח ללא מניות",2014,4.9543,12,367.2
gemel,1386,"מיטב גמל אג""ח ממשלות",תגמולים ואישית לפיצויים,"אג""ח ללא מניות","תגמולים ואישית לפיצויים | אג""ח ללא מניות",2014,4.7743,12,129.0
gemel,1387,"מיטב השתלמות אג""ח ממשלות",קרנות השתלמות,"אג""ח ללא מניות","קרנות השתלמות | אג""ח ללא מניות",2014,4.7222,12,216.3
gemel,1394,אלטשולר שחם גמל כספי (שקלי),תגמולים ואישית לפיצויים,כספי,תגמולים ואישית לפיצויים | כספי,2014,0.6217,12,26.5
gemel,1395,"אלטשולר שחם גמל אג""ח ממשלות",תגמולים ואישית לפיצויים,"אג""ח ללא מניות","תגמולים ואישית לפיצויים | אג""ח ללא מניות",2014,5.2361,12,117.9
gemel,1398,אלטשולר שחם השתלמות כספי (שקלי),קרנות השתלמות,כספי,קרנות השתלמות | כספי,2014,0.6116,12,32.2
gemel,1399,"אלטשולר שחם השתלמות אג""ח ממשלות",קרנות השתלמות,"אג""ח ללא מניות","קרנות השתלמות | אג""ח ללא מניות",2014,5.1212,12,133.3
gemel,1406,"מנורה מבטחים השתלמות מסלול אג""ח קונצרניות",קרנות השתלמות,"אג""ח ללא מניות","קרנות השתלמות | אג""ח ללא מניות",2014,1.8429,12,28.2
gemel,1407,"מנורה מבטחים השתלמות מסלול אג""ח ממשלתי צמוד",קרנות השתלמות,"אג""ח ללא מניות","קרנות השתלמות | אג""ח ללא מניות",2014,3.8521,12,67.2
gemel,1408,"מנורה מבטחים השתלמות מסלול אג""ח ממשלת ישראל",קרנות השתלמות,"אג""ח ללא מניות","קרנות השתלמות | אג""ח ללא מניות",2014,7.5091,12,96.8
gemel,1409,מנורה מבטחים השתלמות מסלול מניות סחיר,קרנות השתלמות,מניות אקטיבי,קרנות השתלמות | מניות אקטיבי,2014,15.6319,12,11.9
gemel,1412,"אנליסט גמל אג""ח ממשלות",תגמולים ואישית לפיצויים,"אג""ח ללא מניות","תגמולים ואישית לפיצויים | אג""ח ללא מניות",2014,4.7365,12,29.0
gemel,1424,פסגות שיא השתלמות אגח עד 10% מניות,קרנות השתלמות,עד 25% מניות,קרנות השתלמות | עד 25% מניות,2014,4.6099,12,636.5
gemel,1429,"פסגות שיא השתלמות אג""ח ממשלת ישראל",קרנות השתלמות,"אג""ח ללא מניות","קרנות השתלמות | אג""ח ללא מניות",2014,3.6546,12,283.6
gemel,1431,"פסגות גדיש אג""ח ממשלת ישראל",תגמולים ואישית לפיצויים,"אג""ח ללא מניות","תגמולים ואישית לפיצויים | אג""ח ללא מניות",2014,3.6237,12,477.5
gemel,1442,"הלמן-אלדובי גמל מסלול פאסיבי - מדדי אג""ח ממשלת ישראל",תגמולים ואישית לפיצויים,"אג""ח ללא מניות","תגמולים ואישית לפיצויים | אג""ח ללא מניות",2014,3.773,12,26.1
gemel,1443,"הלמן-אלדובי קרן השתלמות מסלול פאסיבי - מדדי אג""ח ממשלת ישראל",קרנות השתלמות,"אג""ח ללא מניות","קרנות השתלמות | אג""ח ללא מניות",2014,3.67,12,30.4
gemel,1490,"אינפיניטי גמל אג""ח קונצרני",תגמולים ואישית לפיצויים,"אג""ח ללא מניות","תגמולים ואישית לפיצויים | אג""ח ללא מניות",2014,-0.9103,12,13.6
gemel,1491,"אינפיניטי השתלמות אג""ח קונצרני",קרנות השתלמות,"אג""ח ללא מניות","קרנות השתלמות | אג""ח ללא מניות",2014,-1.0843,12,20.9
gemel,1492,"תגמולים שיטת הפניקס סל עוקב מדד ת""א 100",תגמולים ואישית לפיצויים,מניות פאסיבי,תגמולים ואישית לפיצויים | מניות פאסיבי,2014,7.5108,12,2.4
gemel,1493,תגמולים שיטת הפניקס סל עוקב מדד תל בונד 20,תגמולים ואישית לפיצויים,"אג""ח ללא מניות","תגמולים ואישית לפיצויים | אג""ח ללא מניות",2014,0.8668,12,1.1
gemel,1494,תגמולים שיטת הפניקס סל עוקב מדד ממשלתי צמוד 0-2,תגמולים ואישית לפיצויים,"אג""ח ללא מניות","תגמולים ואישית לפיצויים | אג""ח ללא מניות",2014,-1.8193,12,5.2
gemel,1495,תגמולים שיטת הפניקס סל עוקב מדד ממשלתי צמוד 2-5,תגמולים ואישית לפיצויים,"אג""ח ללא מניות","תגמולים ואישית לפיצויים | אג""ח ללא מניות",2014,-1.1072,12,1.5
gemel,1498,"תגמולים שיטת הפניקס סל עוקב מדד מק""מ",תגמולים ואישית לפיצויים,כספי,תגמולים ואישית לפיצויים | כספי,2014,-0.1208,12,3.5
gemel,1499,"תגמולים שיטת הפניקס סל עוקב מדד אג""ח לא צמוד ריבית קבועה",תגמולים ואישית לפיצויים,"אג""ח ללא מניות","תגמולים ואישית לפיצויים | אג""ח ללא מניות",2014,-1.08,1,0.0
gemel,1500,תגמולים שיטת הפניקס סל עוקב מדד דאו ג'ונס יורוסטוקס 50,תגמולים ואישית לפיצויים,מניות פאסיבי,תגמולים ואישית לפיצויים | מניות פאסיבי,2014,2.5865,12,0.3
gemel,1501,תגמולים שיטת הפניקס סל עוקב מדד s&p 500,תגמולים ואישית לפיצויים,מניות פאסיבי,תגמולים ואישית לפיצויים | מניות פאסיבי,2014,27.6746,12,0.7
gemel,1502,תגמולים שיטת הפניקס סל עוקב מדד msci שווקים מתעורר,תגמולים ואישית לפיצויים,מניות פאסיבי,תגמולים ואישית לפיצויים | מניות פאסיבי,2014,7.4144,12,0.2
gemel,1503,"השתלמות שיטת הפניקס סל עוקב מדד ת""א 100",קרנות השתלמות,מניות פאסיבי,קרנות השתלמות | מניות פאסיבי,2014,6.984,12,9.5
gemel,1504,השתלמות שיטת הפניקס סל עוקב מדד תל בונד 20,קרנות השתלמות,"אג""ח ללא מניות","קרנות השתלמות | אג""ח ללא מניות",2014,0.9591,12,7.9
gemel,1505,השתלמות שיטת הפניקס סל עוקב מדד ממשלתי צמוד 0-2,קרנות השתלמות,"אג""ח ללא מניות","קרנות השתלמות | אג""ח ללא מניות",2014,-1.8882,12,2.4
gemel,1506,השתלמות שיטת הפניקס סל עוקב מדד ממשלתי צמוד 2-5,קרנות השתלמות,"אג""ח ללא מניות","קרנות השתלמות | אג""ח ללא מניות",2014,-1.1866,12,13.6
gemel,1509,"השתלמות שיטת הפניקס סל עוקב מדד מק""מ",קרנות השתלמות,כספי,קרנות השתלמות | כספי,2014,-1.1348,12,10.8
gemel,1510,"השתלמות שיטת הפניקס סל עוקב מדד אג""ח לא צמוד ריבית קבועה",קרנות השתלמות,"אג""ח ללא מניות","קרנות השתלמות | אג""ח ללא מניות",2014,5.8033,12,0.0
gemel,1511,השתלמות שיטת הפניקס סל עוקב מדד דאו ג'ונס יורוסטוק 50,קרנות השתלמות,מניות פאסיבי,קרנות השתלמות | מניות פאסיבי,2014,2.6525,12,2.1
gemel,1512,השתלמות שיטת הפניקס סל עוקב מדד s$p500,קרנות השתלמות,מניות פאסיבי,קרנות השתלמות | מניות פאסיבי,2014,27.3054,12,5.2
gemel,1513,השתלמות שיטת הפניקס סל עוקב מדד msci שווקים מתעוררים,קרנות השתלמות,מניות פאסיבי,קרנות השתלמות | מניות פאסיבי,2014,8.3048,12,1.2
gemel,1516,אי.בי.אי לתגמולים ופיצויים מניות בארץ,תגמולים ואישית לפיצויים,מניות אקטיבי,תגמולים ואישית לפיצויים | מניות אקטיבי,2014,4.3632,12,3.3
gemel,1518,אי.בי.אי קרן השתלמות מסלול מניות בארץ,קרנות השתלמות,מניות אקטיבי,קרנות השתלמות | מניות אקטיבי,2014,4.6999,12,3.7
gemel,1533,כלל תמר מסלול הלכתי (הוד),תגמולים ואישית לפיצויים,כללי/מעורב/גמיש/תלוי גיל,תגמולים ואישית לפיצויים | כללי/מעורב/גמיש/תלוי גיל,2014,4.5377,12,18.2
gemel,1534,כלל השתלמות הלכה,קרנות השתלמות,כללי/מעורב/גמיש/תלוי גיל,קרנות השתלמות | כללי/מעורב/גמיש/תלוי גיל,2014,4.7493,12,42.9
gemel,1535,אנליסט השתלמות כספי (שקלי),קרנות השתלמות,כספי,קרנות השתלמות | כספי,2014,2.0551,12,20.2
gemel,1536,אינפיניטי גמל מניות,תגמולים ואישית לפיצויים,מניות אקטיבי,תגמולים ואישית לפיצויים | מניות אקטיבי,2014,16.8369,12,24.8
gemel,1537,אינפיניטי השתלמות מניות,קרנות השתלמות,מניות אקטיבי,קרנות השתלמות | מניות אקטיבי,2014,17.0944,12,46.0
gemel,1538,איילון השתלמות מסלול כהלכה,קרנות השתלמות,כללי/מעורב/גמיש/תלוי גיל,קרנות השתלמות | כללי/מעורב/גמיש/תלוי גיל,2014,9.6558,12,68.2
gemel,1543,"הלמן-אלדובי גמל מסלול מדדי מניות חו""ל (פאסיבי)",תגמולים ואישית לפיצויים,מניות פאסיבי,תגמולים ואישית לפיצויים | מניות פאסיבי,2014,10.9389,12,17.7
gemel,1544,"הלמן-אלדובי קרן השתלמות מסלול פאסיבי - מדדי מניות חו""ל",קרנות השתלמות,מניות פאסיבי,קרנות השתלמות | מניות פאסיבי,2014,11.2107,12,21.2
gemel,199,"מגדל השתלמות מסלול אשראי ואג""ח",קרנות השתלמות,"אג""ח ללא מניות","קרנות השתלמות | אג""ח ללא מניות",2014,3.1979,12,306.0
gemel,2017,אלטשולר שחם גמל הלכה,תגמולים ואישית לפיצויים,כללי/מעורב/גמיש/תלוי גיל,תגמולים ואישית לפיצויים | כללי/מעורב/גמיש/תלוי גיל,2014,6.5526,12,79.5
gemel,2018,פסגות שיא השתלמות הלכה,קרנות השתלמות,כללי/מעורב/גמיש/תלוי גיל,קרנות השתלמות | כללי/מעורב/גמיש/תלוי גיל,2014,6.5946,12,37.2
gemel,2019,"איפקס תגמולים אג""ח ממשלתי",תגמולים ואישית לפיצויים,"אג""ח ללא מניות","תגמולים ואישית לפיצויים | אג""ח ללא מניות",2014,3.4766,6,1.9
gemel,2020,איפקס תגמולים מניות,תגמולים ואישית לפיצויים,מניות אקטיבי,תגמולים ואישית לפיצויים | מניות אקטיבי,2014,3.4315,5,0.0
gemel,2021,"איפקס השתלמות אג""ח ממשלתי",קרנות השתלמות,"אג""ח ללא מניות","קרנות השתלמות | אג""ח ללא מניות",2014,3.3633,6,3.9
gemel,2022,איפקס השתלמות מניות,קרנות השתלמות,מניות אקטיבי,קרנות השתלמות | מניות אקטיבי,2014,2.9752,6,0.5
gemel,2026,"דש תגמולים אג""ח כללי",תגמולים ואישית לפיצויים,"אג""ח ללא מניות","תגמולים ואישית לפיצויים | אג""ח ללא מניות",2014,3.0147,6,17.8
gemel,2027,דש תגמולים מניות,תגמולים ואישית לפיצויים,מניות אקטיבי,תגמולים ואישית לפיצויים | מניות אקטיבי,2014,3.7647,6,2.9
gemel,2028,"דש אקונומיסט השתלמות אג""ח כללי",קרנות השתלמות,"אג""ח ללא מניות","קרנות השתלמות | אג""ח ללא מניות",2014,3.1064,6,15.0
gemel,2029,דש אקונומיסט השתלמות מניות,קרנות השתלמות,מניות אקטיבי,קרנות השתלמות | מניות אקטיבי,2014,4.0297,6,2.0
gemel,2030,"דש גמל אג""ח כללי",תגמולים ואישית לפיצויים,"אג""ח ללא מניות","תגמולים ואישית לפיצויים | אג""ח ללא מניות",2014,1.8001,3,10.1
gemel,2031,דש גמל מניות,תגמולים ואישית לפיצויים,מניות אקטיבי,תגמולים ואישית לפיצויים | מניות אקטיבי,2014,3.0043,3,18.6
gemel,2032,"דש השתלמות אג""ח כללי",קרנות השתלמות,"אג""ח ללא מניות","קרנות השתלמות | אג""ח ללא מניות",2014,1.7698,3,16.7
gemel,2033,דש השתלמות מניות,קרנות השתלמות,מניות אקטיבי,קרנות השתלמות | מניות אקטיבי,2014,3.4822,3,18.2
gemel,2048,מגדל השתלמות מסלול הלכה,קרנות השתלמות,כללי/מעורב/גמיש/תלוי גיל,קרנות השתלמות | כללי/מעורב/גמיש/תלוי גיל,2014,4.6762,12,21.6
gemel,2049,הפניקס גמל שריעה,תגמולים ואישית לפיצויים,כללי/מעורב/גמיש/תלוי גיל,תגמולים ואישית לפיצויים | כללי/מעורב/גמיש/תלוי גיל,2014,0.0,12,1.0
gemel,205,"פסגות גדיש חו""ל",תגמולים ואישית לפיצויים,כללי/מעורב/גמיש/תלוי גיל,תגמולים ואישית לפיצויים | כללי/מעורב/גמיש/תלוי גיל,2014,14.2383,12,75.9
gemel,2050,דש גמל שקלי קצר,תגמולים ואישית לפיצויים,כספי,תגמולים ואישית לפיצויים | כספי,2014,0.2802,3,5.3
gemel,2051,"מיטב דש גמל חו""ל",תגמולים ואישית לפיצויים,כללי/מעורב/גמיש/תלוי גיל,תגמולים ואישית לפיצויים | כללי/מעורב/גמיש/תלוי גיל,2014,13.7171,12,4.3
gemel,2052,דש תגמולים שקלי קצר,תגמולים ואישית לפיצויים,כספי,תגמולים ואישית לפיצויים | כספי,2014,0.4006,6,9.7
gemel,2053,"דש תגמולים חו""ל",תגמולים ואישית לפיצויים,כללי/מעורב/גמיש/תלוי גיל,תגמולים ואישית לפיצויים | כללי/מעורב/גמיש/תלוי גיל,2014,1.054,6,1.2
gemel,2054,דש השתלמות שקלי קצר,קרנות השתלמות,כספי,קרנות השתלמות | כספי,2014,0.3404,3,9.1
gemel,2055,"מיטב דש השתלמות חו""ל",קרנות השתלמות,כללי/מעורב/גמיש/תלוי גיל,קרנות השתלמות | כללי/מעורב/גמיש/תלוי גיל,2014,13.0572,12,6.1
gemel,2056,דש אקונומיסט השתלמות שקלי קצר,קרנות השתלמות,כספי,קרנות השתלמות | כספי,2014,0.4508,6,3.1
gemel,2057,"דש אקונומיסט השתלמות חו""ל",קרנות השתלמות,כללי/מעורב/גמיש/תלוי גיל,קרנות השתלמות | כללי/מעורב/גמיש/תלוי גיל,2014,1.0107,6,0.5
gemel,2058,הפניקס השתלמות שריעה,קרנות השתלמות,כללי/מעורב/גמיש/תלוי גיל,קרנות השתלמות | כללי/מעורב/גמיש/תלוי גיל,2014,0.0,12,1.6
gemel,208,"פסגות גדיש אג""ח קונצרני",תגמולים ואישית לפיצויים,"אג""ח ללא מניות","תגמולים ואישית לפיצויים | אג""ח ללא מניות",2014,2.6976,12,40.2
gemel,2088,"אקסלנס השתלמות אג""ח קונצרני עד 20%מניות",קרנות השתלמות,עד 25% מניות,קרנות השתלמות | עד 25% מניות,2014,2.3941,12,41.4
gemel,2089,"אקסלנס גמל אג""ח עד 20% מניות",תגמולים ואישית לפיצויים,עד 25% מניות,תגמולים ואישית לפיצויים | עד 25% מניות,2014,3.8546,12,153.9
gemel,2091,"אקסלנס השתלמות אג""ח עד 20% מניות",קרנות השתלמות,עד 25% מניות,קרנות השתלמות | עד 25% מניות,2014,5.4156,12,269.2
gemel,211,"הפניקס גמל אג""ח עד 15% מניות",תגמולים ואישית לפיצויים,עד 25% מניות,תגמולים ואישית לפיצויים | עד 25% מניות,2014,5.8488,12,2160.6
gemel,2115,"כלל השתלמות אג""ח",קרנות השתלמות,"אג""ח ללא מניות","קרנות השתלמות | אג""ח ללא מניות",2014,3.9779,12,26.1
gemel,2116,תגמולים שיטת הפניקס סל עוקב מדד ממשלתי צמוד 5-10,תגמולים ואישית לפיצויים,"אג""ח ללא מניות","תגמולים ואישית לפיצויים | אג""ח ללא מניות",2014,5.2341,12,0.2
gemel,2117,"תגמולים שיטת הפניקס סל עוקב מדד ת""א 25",תגמולים ואישית לפיצויים,מניות פאסיבי,תגמולים ואישית לפיצויים | מניות פאסיבי,2014,9.653,12,0.7
gemel,2118,תגמולים שיטת הפניקס אגח ממשלתי שקלי ריבית קבועה +5,תגמולים ואישית לפיצויים,"אג""ח ללא מניות","תגמולים ואישית לפיצויים | אג""ח ללא מניות",2014,14.5764,12,0.4
gemel,2119,תגמולים שיטת הפניקס סל עוקב תל בונד שקלי,תגמולים ואישית לפיצויים,"אג""ח ללא מניות","תגמולים ואישית לפיצויים | אג""ח ללא מניות",2014,3.7776,12,0.3
gemel,2120,תגמולים שיטת הפניקס סל עוקב מדד Barclays capital,תגמולים ואישית לפיצויים,"אג""ח ללא מניות","תגמולים ואישית לפיצויים | אג""ח ללא מניות",2014,15.895,12,2.6
gemel,2121,תגמולים שיטת הפניקס סל עוקב מדד J.P.Morgan,תגמולים ואישית לפיצויים,"אג""ח ללא מניות","תגמולים ואישית לפיצויים | אג""ח ללא מניות",2014,17.9847,12,0.2
gemel,2122,תגמולים שיטת הפניקס סל עוקב מדד IBoxx $ Liquid,תגמולים ואישית לפיצויים,"אג""ח ללא מניות","תגמולים ואישית לפיצויים | אג""ח ללא מניות",2014,21.2123,12,0.3
gemel,2124,השתלמות שיטת הפניקס סל עוקב מדד ממשלתי צמוד 5-10,קרנות השתלמות,"אג""ח ללא מניות","קרנות השתלמות | אג""ח ללא מניות",2014,5.2341,12,0.5
gemel,2125,השתלמות שיטת הפניקס אגח ממשלתי שקלי ריבית קבועה +5,קרנות השתלמות,"אג""ח ללא מניות","קרנות השתלמות | אג""ח ללא מניות",2014,14.5937,12,3.3
gemel,2126,"השתלמות שיטת הפניקס סל עוקב מדד ת""א 25",קרנות השתלמות,מניות פאסיבי,קרנות השתלמות | מניות פאסיבי,2014,9.7437,12,1.9
gemel,2127,השתלמות שיטת הפניקס סל עוקב תל בונד שקלי,קרנות השתלמות,"אג""ח ללא מניות","קרנות השתלמות | אג""ח ללא מניות",2014,4.0188,12,2.1
gemel,2129,השתלמות שיטת הפניקס סל עוקב מדד J.P.Morgan,קרנות השתלמות,"אג""ח ללא מניות","קרנות השתלמות | אג""ח ללא מניות",2014,18.3299,12,1.2
gemel,2130,השתלמות שיטת הפניקס סל עוקב מדד IBoxx $ Liquid,קרנות השתלמות,"אג""ח ללא מניות","קרנות השתלמות | אג""ח ללא מניות",2014,20.1778,12,0.7
gemel,223,"מיטב גמל אשראי ואג""ח",תגמולים ואישית לפיצויים,"אג""ח ללא מניות","תגמולים ואישית לפיצויים | אג""ח ללא מניות",2014,4.9322,12,1161.2
gemel,2238,איילון תגמולים ואישית לפיצויים מסלול כהלכה,תגמולים ואישית לפיצויים,כללי/מעורב/גמיש/תלוי גיל,תגמולים ואישית לפיצויים | כללי/מעורב/גמיש/תלוי גיל,2014,8.3923,12,14.5
gemel,2244,"פסגות שיא השתלמות חו""ל",קרנות השתלמות,כללי/מעורב/גמיש/תלוי גיל,קרנות השתלמות | כללי/מעורב/גמיש/תלוי גיל,2014,14.2677,12,7.0
gemel,2246,"תגמולים שיטת הפניקס אג""ח ממשלתי בריבית קבועה 2-5 ש",תגמולים ואישית לפיצויים,"אג""ח ללא מניות","תגמולים ואישית לפיצויים | אג""ח ללא מניות",2014,4.4727,12,4.3
gemel,2248,"השתלמות שיטת הפניקס אג""ח ממשלתי בריבית קבועה 2-5 ש",קרנות השתלמות,"אג""ח ללא מניות","קרנות השתלמות | אג""ח ללא מניות",2014,4.5042,12,4.5
gemel,2252,"אינפיניטי השתלמות אג""ח עד 15% מניות",קרנות השתלמות,עד 25% מניות,קרנות השתלמות | עד 25% מניות,2014,4.6001,12,18.6
gemel,2254,אינפיניטי השתלמות משולב סחיר,קרנות השתלמות,כללי/מעורב/גמיש/תלוי גיל,קרנות השתלמות | כללי/מעורב/גמיש/תלוי גיל,2014,6.1708,12,8.5
gemel,2255,"הלמן-אלדובי גמל מחקה מדד ת""א 35",תגמולים ואישית לפיצויים,מניות פאסיבי,תגמולים ואישית לפיצויים | מניות פאסיבי,2014,10.6061,12,5.5
gemel,2256,הלמן-אלדובי גמל מחקה מדד S&P500,תגמולים ואישית לפיצויים,מניות פאסיבי,תגמולים ואישית לפיצויים | מניות פאסיבי,2014,24.3809,12,18.6
gemel,2257,אי.בי.אי לתגמולים ופיצויים מחקה מדד תל בונד 20,תגמולים ואישית לפיצויים,"אג""ח ללא מניות","תגמולים ואישית לפיצויים | אג""ח ללא מניות",2014,0.049,11,0.3
gemel,2258,אי.בי.אי מחקה מדד שקליות ריבית קבועה ממשלתיות 2-5,תגמולים ואישית לפיצויים,"אג""ח ללא מניות","תגמולים ואישית לפיצויים | אג""ח ללא מניות",2014,3.326,11,1.0
gemel,2259,אי.בי.אי מחקה מדד שקליות ריבית קבועה ממשלתיות 5+,תגמולים ואישית לפיצויים,"אג""ח ללא מניות","תגמולים ואישית לפיצויים | אג""ח ללא מניות",2014,5.8681,7,1.8
gemel,2260,אי.בי.אי תגמולים מחקה מדד מדדיות ממשלתיות 2-5 שנים,תגמולים ואישית לפיצויים,"אג""ח ללא מניות","תגמולים ואישית לפיצויים | אג""ח ללא מניות",2014,-1.501,12,1.4
gemel,2261,אי.בי.אי תג' מחקה מדד מדדיות ממשלתיות 5-10 שנים,תגמולים ואישית לפיצויים,"אג""ח ללא מניות","תגמולים ואישית לפיצויים | אג""ח ללא מניות",2014,0.7847,8,0.4
gemel,2262,אי.בי.אי לתגמולים ופיצויים פאסיבי משולב עד 10% מניות,תגמולים ואישית לפיצויים,עד 25% מניות,תגמולים ואישית לפיצויים | עד 25% מניות,2014,4.5023,12,6.0
gemel,2263,הלמן-אלדובי גמל פאסיבי משולב עד 25% מניות,תגמולים ואישית לפיצויים,עד 25% מניות,תגמולים ואישית לפיצויים | עד 25% מניות,2014,7.2944,12,17.5
gemel,2264,"הלמן-אלדובי השתלמות מחקה מדד ת""א 35",קרנות השתלמות,מניות פאסיבי,קרנות השתלמות | מניות פאסיבי,2014,9.7027,12,3.3
gemel,2265,הלמן-אלדובי השתלמות מחקה מדד S&P500,קרנות השתלמות,מניות פאסיבי,קרנות השתלמות | מניות פאסיבי,2014,24.7583,12,13.6
gemel,2266,אי.בי.אי מחקה מדד שקליות ריבית קבועה ממשלתיות 2-5,קרנות השתלמות,"אג""ח ללא מניות","קרנות השתלמות | אג""ח ללא מניות",2014,3.303,12,1.8
gemel,2267,אי.בי.אי מחקה מדד שקליות ריבית קבועה ממשלתיות 5+,קרנות השתלמות,"אג""ח ללא מניות","קרנות השתלמות | אג""ח ללא מניות",2014,13.1053,11,1.7
gemel,2268,אי.בי.אי השתלמות מחקה מדד מדדיות ממשלתיות 2-5 שנים,קרנות השתלמות,"אג""ח ללא מניות","קרנות השתלמות | אג""ח ללא מניות",2014,-2.8954,12,1.1
gemel,2269,אי.בי.אי מחקה מדד מדדיות ממשלתיות 5-10 שנים,קרנות השתלמות,"אג""ח ללא מניות","קרנות השתלמות | אג""ח ללא מניות",2014,4.1526,11,0.7
gemel,2270,אי.בי.אי השתלמות פאסיבי משולב עד 10% מניות,קרנות השתלמות,עד 25% מניות,קרנות השתלמות | עד 25% מניות,2014,4.431,12,4.1
gemel,2271,הלמן-אלדובי השתלמות פאסיבי משולב עד 25% מניות,קרנות השתלמות,עד 25% מניות,קרנות השתלמות | עד 25% מניות,2014,7.0885,12,12.7
gemel,2272,אי.בי.אי השתלמות מסלול מחקה מדד תל בונד 20,קרנות השתלמות,"אג""ח ללא מניות","קרנות השתלמות | אג""ח ללא מניות",2014,-0.9241,12,0.9
gemel,253,"כלל תמר אג""ח עד 25% מניות",תגמולים ואישית לפיצויים,עד 25% מניות,תגמולים ואישית לפיצויים | עד 25% מניות,2014,4.4665,12,14578.7
gemel,257,הלמן-אלדובי גמל ישראל,תגמולים ואישית לפיצויים,כללי/מעורב/גמיש/תלוי גיל,תגמולים ואישית לפיצויים | כללי/מעורב/גמיש/תלוי גיל,2014,6.2272,12,3540.0
gemel,258,איילון תגמולים ואישית לפיצויים מסלול כללי,תגמולים ואישית לפיצויים,כללי/מעורב/גמיש/תלוי גיל,תגמולים ואישית לפיצויים | כללי/מעורב/גמיש/תלוי גיל,2014,4.4439,12,1482.7
gemel,259,הלמן-אלדובי גמל כללי (לשעבר קופת פקידי מרכנתיל דיסקונט),תגמולים ואישית לפיצויים,כללי/מעורב/גמיש/תלוי גיל,תגמולים ואישית לפיצויים | כללי/מעורב/גמיש/תלוי גיל,2014,6.6633,12,216.8
gemel,260,מנורה מבטחים אמיר כללי,תגמולים ואישית לפיצויים,כללי/מעורב/גמיש/תלוי גיל,תגמולים ואישית לפיצויים | כללי/מעורב/גמיש/תלוי גיל,2014,5.2603,12,262.3
gemel,263,"בר קרן גמולים קופת גמל לתגמולים ופיצויים בניהול כלל גמל בע""מ",תגמולים ואישית לפיצויים,כללי/מעורב/גמיש/תלוי גיל,תגמולים ואישית לפיצויים | כללי/מעורב/גמיש/תלוי גיל,2014,4.6822,12,3912.8
gemel,270,פסגות גדיש אגח עד 20% מניות,תגמולים ואישית לפיצויים,עד 25% מניות,תגמולים ואישית לפיצויים | עד 25% מניות,2014,5.3517,12,832.2
gemel,275,איניפיניטי גמל דינמי,תגמולים ואישית לפיצויים,כללי/מעורב/גמיש/תלוי גיל,תגמולים ואישית לפיצויים | כללי/מעורב/גמיש/תלוי גיל,2014,5.7513,12,43.5
gemel,309,מנורה מבטחים תגמולים ופיצויים - קופת עובדים חקלאיים,תגמולים ואישית לפיצויים,כללי/מעורב/גמיש/תלוי גיל,תגמולים ואישית לפיצויים | כללי/מעורב/גמיש/תלוי גיל,2014,3.0629,6,0.0
gemel,355,דש שבעת הכוכבים,תגמולים ואישית לפיצויים,כללי/מעורב/גמיש/תלוי גיל,תגמולים ואישית לפיצויים | כללי/מעורב/גמיש/תלוי גיל,2014,3.5826,6,41.9
gemel,356,מיטב השתלמות חכם מסלול משתלם,קרנות השתלמות,כללי/מעורב/גמיש/תלוי גיל,קרנות השתלמות | כללי/מעורב/גמיש/תלוי גיל,2014,3.3276,6,1783.3
gemel,385,"הפניקס גמל אשראי ואג""ח",תגמולים ואישית לפיצויים,"אג""ח ללא מניות","תגמולים ואישית לפיצויים | אג""ח ללא מניות",2014,4.5761,12,1223.6
gemel,395,"הלמן-אלדובי השתלמות אג""ח עד 25% במניות",קרנות השתלמות,עד 25% מניות,קרנות השתלמות | עד 25% מניות,2014,3.2114,12,224.2
gemel,396,פסגות שיא השתלמות כללי,קרנות השתלמות,כללי/מעורב/גמיש/תלוי גיל,קרנות השתלמות | כללי/מעורב/גמיש/תלוי גיל,2014,5.6921,12,8470.1
gemel,398,איילון השתלמות מסלול כללי,קרנות השתלמות,כללי/מעורב/גמיש/תלוי גיל,קרנות השתלמות | כללי/מעורב/גמיש/תלוי גיל,2014,4.3534,12,1429.0
gemel,401,הפניקס גמל לבני 60 ומעלה,תגמולים ואישית לפיצויים,כללי/מעורב/גמיש/תלוי גיל,תגמולים ואישית לפיצויים | כללי/מעורב/גמיש/תלוי גיל,2014,6.0144,12,1061.1
gemel,410,יהבית,תגמולים ואישית לפיצויים,כללי/מעורב/גמיש/תלוי גיל,תגמולים ואישית לפיצויים | כללי/מעורב/גמיש/תלוי גיל,2014,3.6814,7,0.0
gemel,411,הלמן-אלדובי השתלמות,קרנות השתלמות,כללי/מעורב/גמיש/תלוי גיל,קרנות השתלמות | כללי/מעורב/גמיש/תלוי גיל,2014,5.0089,9,1708.4
gemel,450,פסגות גדיש בטא,תגמולים ואישית לפיצויים,כללי/מעורב/גמיש/תלוי גיל,תגמולים ואישית לפיצויים | כללי/מעורב/גמיש/תלוי גיל,2014,4.71,12,858.9
gemel,456,כלל השתלמות כללי,קרנות השתלמות,כללי/מעורב/גמיש/תלוי גיל,קרנות השתלמות | כללי/מעורב/גמיש/תלוי גיל,2014,4.6062,12,5495.6
gemel,503,מנורה מבטחים תגמולים ופיצויים - קרן פועלים חקלאים,תגמולים ואישית לפיצויים,כללי/מעורב/גמיש/תלוי גיל,תגמולים ואישית לפיצויים | כללי/מעורב/גמיש/תלוי גיל,2014,3.0108,6,0.0
gemel,517,תלם-חריש,תגמולים ואישית לפיצויים,כללי/מעורב/גמיש/תלוי גיל,תגמולים ואישית לפיצויים | כללי/מעורב/גמיש/תלוי גיל,2014,5.3889,12,1558.8
gemel,521,"הפניקס תגמולים ופיצויים - מסלול אג""ח עד 25% מניות",תגמולים ואישית לפיצויים,עד 25% מניות,תגמולים ואישית לפיצויים | עד 25% מניות,2014,4.5176,12,43.9
gemel,546,אלטשולר שחם גמל להיט קלאסי,תגמולים ואישית לפיצויים,"אג""ח ללא מניות","תגמולים ואישית לפיצויים | אג""ח ללא מניות",2014,5.1955,12,4954.9
gemel,548,"פסגות גדיש אג""ח חו""ל",תגמולים ואישית לפיצויים,"אג""ח ללא מניות","תגמולים ואישית לפיצויים | אג""ח ללא מניות",2014,14.2839,12,28.0
gemel,550,פסגות גדיש שקלית,תגמולים ואישית לפיצויים,"אג""ח ללא מניות","תגמולים ואישית לפיצויים | אג""ח ללא מניות",2014,5.0915,12,256.6
gemel,551,מיטב גמל לבני 60 ומעלה,תגמולים ואישית לפיצויים,כללי/מעורב/גמיש/תלוי גיל,תגמולים ואישית לפיצויים | כללי/מעורב/גמיש/תלוי גיל,2014,5.7247,12,2808.8
gemel,552,דש גמל,תגמולים ואישית לפיצויים,כללי/מעורב/גמיש/תלוי גיל,תגמולים ואישית לפיצויים | כללי/מעורב/גמיש/תלוי גיל,2014,2.5159,3,2134.1
gemel,554,מיטב השתלמות עד 6 שנות וותק,קרנות השתלמות,כללי/מעורב/גמיש/תלוי גיל,קרנות השתלמות | כללי/מעורב/גמיש/תלוי גיל,2014,5.463,12,9748.4
gemel,558,"אלטשולר שחם השתלמות אשראי ואג""ח עם מניות (עד 25% מניות)",קרנות השתלמות,עד 25% מניות,קרנות השתלמות | עד 25% מניות,2014,5.1143,12,5663.8
gemel,560,אנליסט קרן השתלמות כללי,קרנות השתלמות,כללי/מעורב/גמיש/תלוי גיל,קרנות השתלמות | כללי/מעורב/גמיש/תלוי גיל,2014,4.9571,12,2196.0
gemel,579,מגדל השתלמות מסלול כללי,קרנות השתלמות,כללי/מעורב/גמיש/תלוי גיל,קרנות השתלמות | כללי/מעורב/גמיש/תלוי גיל,2014,4.5052,12,11447.0
gemel,592,כלל תמר שקלים,תגמולים ואישית לפיצויים,"אג""ח ללא מניות","תגמולים ואישית לפיצויים | אג""ח ללא מניות",2014,5.8021,12,466.8
gemel,599,"מגדל השתלמות מסלול אג""ח עד 10% מניות",קרנות השתלמות,עד 25% מניות,קרנות השתלמות | עד 25% מניות,2014,4.0784,12,199.0
gemel,600,מיטב דש גמל חכם לבני 40-50,תגמולים ואישית לפיצויים,כללי/מעורב/גמיש/תלוי גיל,תגמולים ואישית לפיצויים | כללי/מעורב/גמיש/תלוי גיל,2014,6.2783,12,493.6
gemel,610,"פסגות שיא השתלמות אג""ח",קרנות השתלמות,"אג""ח ללא מניות","קרנות השתלמות | אג""ח ללא מניות",2014,4.1673,12,1147.8
gemel,611,פסגות שיא השתלמות כספי,קרנות השתלמות,כספי,קרנות השתלמות | כספי,2014,0.6418,12,238.0
gemel,612,פסגות שיא השתלמות מניות,קרנות השתלמות,מניות אקטיבי,קרנות השתלמות | מניות אקטיבי,2014,8.6335,12,260.0
gemel,643,מיטב דש השתלמות חכם עד 3 שנות וותק,קרנות השתלמות,כללי/מעורב/גמיש/תלוי גיל,קרנות השתלמות | כללי/מעורב/גמיש/תלוי גיל,2014,5.3041,12,519.0
gemel,681,"הלמן-אלדובי בר-יציב אג""ח עד 20% במניות",תגמולים ואישית לפיצויים,עד 25% מניות,תגמולים ואישית לפיצויים | עד 25% מניות,2014,5.8695,12,141.0
gemel,685,אקסלנס גמל,תגמולים ואישית לפיצויים,כללי/מעורב/גמיש/תלוי גיל,תגמולים ואישית לפיצויים | כללי/מעורב/גמיש/תלוי גיל,2014,7.0042,12,3877.4
gemel,686,הפניקס השתלמות לטווח קצר,קרנות השתלמות,כללי/מעורב/גמיש/תלוי גיל,קרנות השתלמות | כללי/מעורב/גמיש/תלוי גיל,2014,6.8656,12,4874.6
gemel,715,הפניקס השתלמות כספי (שקלי),קרנות השתלמות,כספי,קרנות השתלמות | כספי,2014,5.5871,12,286.8
gemel,716,"הפניקס השתלמות אשראי ואג""ח",קרנות השתלמות,"אג""ח ללא מניות","קרנות השתלמות | אג""ח ללא מניות",2014,4.6783,12,357.1
gemel,722,"הלמן-אלדובי בר-יציב אג""ח צמוד מדד",תגמולים ואישית לפיצויים,"אג""ח ללא מניות","תגמולים ואישית לפיצויים | אג""ח ללא מניות",2014,0.7877,12,290.1
gemel,723,הלמן-אלדובי בר-יציב שקלי,תגמולים ואישית לפיצויים,"אג""ח ללא מניות","תגמולים ואישית לפיצויים | אג""ח ללא מניות",2014,5.6366,12,227.9
gemel,724,הלמן-אלדובי גמל מניות,תגמולים ואישית לפיצויים,מניות אקטיבי,תגמולים ואישית לפיצויים | מניות אקטיבי,2014,6.6425,12,63.7
gemel,730,אנליסט קתדרה כללי,תגמולים ואישית לפיצויים,כללי/מעורב/גמיש/תלוי גיל,תגמולים ואישית לפיצויים | כללי/מעורב/גמיש/תלוי גיל,2014,4.6493,12,85.0
gemel,732,"אנליסט קתדרה קופת גמל - מסלול אג""ח",תגמולים ואישית לפיצויים,"אג""ח ללא מניות","תגמולים ואישית לפיצויים | אג""ח ללא מניות",2014,3.6629,12,27.2
gemel,736,"הלמן-אלדובי השתלמות אג""ח",קרנות השתלמות,"אג""ח ללא מניות","קרנות השתלמות | אג""ח ללא מניות",2014,5.6953,12,117.2
gemel,737,הלמן-אלדובי השתלמות שקלי,קרנות השתלמות,"אג""ח ללא מניות","קרנות השתלמות | אג""ח ללא מניות",2014,5.699,12,85.8
gemel,738,הלמן-אלדובי השתלמות מניות,קרנות השתלמות,מניות אקטיבי,קרנות השתלמות | מניות אקטיבי,2014,6.8112,12,38.7
gemel,744,מגדל לתגמולים ולפיצויים מסלול כללי,תגמולים ואישית לפיצויים,כללי/מעורב/גמיש/תלוי גיל,תגמולים ואישית לפיצויים | כללי/מעורב/גמיש/תלוי גיל,2014,4.777,12,1375.5
gemel,747,איפקס תגמולים כללי,תגמולים ואישית לפיצויים,כללי/מעורב/גמיש/תלוי גיל,תגמולים ואישית לפיצויים | כללי/מעורב/גמיש/תלוי גיל,2014,3.0369,6,147.1
gemel,749,איפקס השתלמות כללי,קרנות השתלמות,כללי/מעורב/גמיש/תלוי גיל,קרנות השתלמות | כללי/מעורב/גמיש/תלוי גיל,2014,3.1702,6,403.2
gemel,767,מיטב גמל הלכה,תגמולים ואישית לפיצויים,כללי/מעורב/גמיש/תלוי גיל,תגמולים ואישית לפיצויים | כללי/מעורב/גמיש/תלוי גיל,2014,5.6872,12,67.6
gemel,768,מיטב השתלמות הלכה,קרנות השתלמות,כללי/מעורב/גמיש/תלוי גיל,קרנות השתלמות | כללי/מעורב/גמיש/תלוי גיל,2014,5.6665,12,72.0
gemel,770,אי.בי.אי תגמולים - כללי,תגמולים ואישית לפיצויים,כללי/מעורב/גמיש/תלוי גיל,תגמולים ואישית לפיצויים | כללי/מעורב/גמיש/תלוי גיל,2014,8.1896,12,23.2
gemel,786,מיטב מאור,קרנות השתלמות,כללי/מעורב/גמיש/תלוי גיל,קרנות השתלמות | כללי/מעורב/גמיש/תלוי גיל,2014,3.0769,6,134.3
gemel,792,"אקסלנס גמל אג""ח צמוד מדד",תגמולים ואישית לפיצויים,"אג""ח ללא מניות","תגמולים ואישית לפיצויים | אג""ח ללא מניות",2014,2.4369,12,399.1
gemel,797,אקסלנס השתלמות מניות,קרנות השתלמות,מניות אקטיבי,קרנות השתלמות | מניות אקטיבי,2014,2.0855,12,65.6
gemel,799,אקסלנס השתלמות צמוד מדד,קרנות השתלמות,"אג""ח ללא מניות","קרנות השתלמות | אג""ח ללא מניות",2014,2.4799,12,423.6
gemel,8012,"מגדל לתגמולים ולפיצויים מסלול אשראי ואג""ח",תגמולים ואישית לפיצויים,"אג""ח ללא מניות","תגמולים ואישית לפיצויים | אג""ח ללא מניות",2014,2.7371,12,12.0
gemel,811,אנליסט מסלולית קופת גמל ישראל,תגמולים ואישית לפיצויים,כללי/מעורב/גמיש/תלוי גיל,תגמולים ואישית לפיצויים | כללי/מעורב/גמיש/תלוי גיל,2014,3.3655,12,588.9
gemel,812,אנליסט גמל כללי,תגמולים ואישית לפיצויים,כללי/מעורב/גמיש/תלוי גיל,תגמולים ואישית לפיצויים | כללי/מעורב/גמיש/תלוי גיל,2014,4.8615,12,746.1
gemel,8128,"אנליסט מסלולית קופת גמל - אג""ח עד 10% מניות",תגמולים ואישית לפיצויים,עד 25% מניות,תגמולים ואישית לפיצויים | עד 25% מניות,2014,4.0828,12,10.4
gemel,8129,"אנליסט קרן השתלמות אג""ח עד 10% מניות",קרנות השתלמות,עד 25% מניות,קרנות השתלמות | עד 25% מניות,2014,3.9374,12,20.7
gemel,813,"אנליסט גמל אשראי ואג""ח",תגמולים ואישית לפיצויים,"אג""ח ללא מניות","תגמולים ואישית לפיצויים | אג""ח ללא מניות",2014,3.4655,12,80.1
gemel,814,אנליסט גמל מניות,תגמולים ואישית לפיצויים,מניות אקטיבי,תגמולים ואישית לפיצויים | מניות אקטיבי,2014,6.7168,12,86.8
gemel,815,אנליסט גמל כספי (שקלי),תגמולים ואישית לפיצויים,כספי,תגמולים ואישית לפיצויים | כספי,2014,2.0753,12,33.1
gemel,817,אנליסט גמל מניות סחיר,תגמולים ואישית לפיצויים,מניות אקטיבי,תגמולים ואישית לפיצויים | מניות אקטיבי,2014,22.7097,12,27.4
gemel,818,אנליסט גמל משולב סחיר,תגמולים ואישית לפיצויים,כללי/מעורב/גמיש/תלוי גיל,תגמולים ואישית לפיצויים | כללי/מעורב/גמיש/תלוי גיל,2014,16.8678,12,6.2
gemel,825,דש אקונומיסט השתלמות,קרנות השתלמות,כללי/מעורב/גמיש/תלוי גיל,קרנות השתלמות | כללי/מעורב/גמיש/תלוי גיל,2014,3.9856,6,1195.5
gemel,826,מנורה מבטחים תגמולים ופיצויים מסלול כללי,תגמולים ואישית לפיצויים,כללי/מעורב/גמיש/תלוי גיל,תגמולים ואישית לפיצויים | כללי/מעורב/גמיש/תלוי גיל,2014,5.7554,12,3127.9
gemel,828,מנורה מבטחים השתלמות מסלול כללי,קרנות השתלמות,כללי/מעורב/גמיש/תלוי גיל,קרנות השתלמות | כללי/מעורב/גמיש/תלוי גיל,2014,6.3921,12,1626.6
gemel,835,פסגות גדיש אגח צמוד מדד,תגמולים ואישית לפיצויים,"אג""ח ללא מניות","תגמולים ואישית לפיצויים | אג""ח ללא מניות",2014,2.0454,12,683.3
gemel,8391,אינפיניטי גמל עד 15% מניות,תגמולים ואישית לפיצויים,עד 25% מניות,תגמולים ואישית לפיצויים | עד 25% מניות,2014,1.4334,8,7.5
gemel,8392,אינפיניטי גמל לפחות 40% מניות,תגמולים ואישית לפיצויים,כללי/מעורב/גמיש/תלוי גיל,תגמולים ואישית לפיצויים | כללי/מעורב/גמיש/תלוי גיל,2014,1.0982,7,2.8
gemel,856,מנורה מבטחים תגמולים ופיצויים - קרן פועלי הבניין ועבודות ציבוריות,תגמולים ואישית לפיצויים,כללי/מעורב/גמיש/תלוי גיל,תגמולים ואישית לפיצויים | כללי/מעורב/גמיש/תלוי גיל,2014,3.0932,6,0.0
gemel,8563,ילין לפידות קרן השתלמות מסלול מניות,קרנות השתלמות,מניות אקטיבי,קרנות השתלמות | מניות אקטיבי,2014,0.8088,3,23.9
gemel,858,מגדל לתגמולים ולפיצויים מסלול כספי (שקלי),תגמולים ואישית לפיצויים,כספי,תגמולים ואישית לפיצויים | כספי,2014,0.843,12,42.0
gemel,859,"מגדל לתגמולים ולפיצויים מסלול אג""ח ממשלות",תגמולים ואישית לפיצויים,"אג""ח ללא מניות","תגמולים ואישית לפיצויים | אג""ח ללא מניות",2014,3.7478,12,158.9
gemel,860,מגדל לתגמולים ולפיצויים מסלול צמוד מדד,תגמולים ואישית לפיצויים,"אג""ח ללא מניות","תגמולים ואישית לפיצויים | אג""ח ללא מניות",2014,1.4748,12,50.8
gemel,862,"מגדל לתגמולים ולפיצויים מסלול חו""ל",תגמולים ואישית לפיצויים,כללי/מעורב/גמיש/תלוי גיל,תגמולים ואישית לפיצויים | כללי/מעורב/גמיש/תלוי גיל,2014,9.1985,12,3.8
gemel,8624,הפניקס גמל פאסיבי לבני 60 ומעלה,תגמולים ואישית לפיצויים,כללי/מעורב/גמיש/תלוי גיל,תגמולים ואישית לפיצויים | כללי/מעורב/גמיש/תלוי גיל,2014,0.4343,3,19.2
gemel,8625,אקסלנס קסם גמל מחקה מדדים,תגמולים ואישית לפיצויים,כללי/מעורב/גמיש/תלוי גיל,תגמולים ואישית לפיצויים | כללי/מעורב/גמיש/תלוי גיל,2014,1.2288,3,33.9
gemel,8626,אקסלנס גמל פאסיבי- מדדי מניות,תגמולים ואישית לפיצויים,מניות פאסיבי,תגמולים ואישית לפיצויים | מניות פאסיבי,2014,2.4679,3,6.1
gemel,8627,"אקסלנס גמל פאסיבי-מדדי אג""ח",תגמולים ואישית לפיצויים,"אג""ח ללא מניות","תגמולים ואישית לפיצויים | אג""ח ללא מניות",2014,-0.9461,3,2.5
gemel,8628,"אקסלנס השתלמות פאסיבי-מדדי אג""ח עד 25% במדדי מניות",קרנות השתלמות,עד 25% מניות,קרנות השתלמות | עד 25% מניות,2014,0.1127,3,14.4
gemel,8629,הפניקס השתלמות עוקב מדדים גמיש,קרנות השתלמות,כללי/מעורב/גמיש/תלוי גיל,קרנות השתלמות | כללי/מעורב/גמיש/תלוי גיל,2014,1.2089,3,25.0
gemel,863,מגדל לתגמולים ולפיצויים מסלול מניות,תגמולים ואישית לפיצויים,מניות אקטיבי,תגמולים ואישית לפיצויים | מניות אקטיבי,2014,6.5919,12,20.8
gemel,8630,אקסלנס השתלמות פאסיבי-מדדי מניות,קרנות השתלמות,מניות פאסיבי,קרנות השתלמות | מניות פאסיבי,2014,2.3803,3,3.9
gemel,8631,"אקסלנס השתלמות פאסיבי-מדדי אג""ח",קרנות השתלמות,"אג""ח ללא מניות","קרנות השתלמות | אג""ח ללא מניות",2014,-1.7414,3,3.2
gemel,864,מגדל השתלמות מסלול כספי (שקלי),קרנות השתלמות,כספי,קרנות השתלמות | כספי,2014,0.843,12,252.0
gemel,865,"מגדל השתלמות מסלול אג""ח ממשלות",קרנות השתלמות,"אג""ח ללא מניות","קרנות השתלמות | אג""ח ללא מניות",2014,3.7378,12,432.4
gemel,866,מגדל השתלמות מסלול צמוד מדד,קרנות השתלמות,"אג""ח ללא מניות","קרנות השתלמות | אג""ח ללא מניות",2014,1.5059,12,75.6
gemel,868,"מגדל השתלמות מסלול חו""ל",קרנות השתלמות,כללי/מעורב/גמיש/תלוי גיל,קרנות השתלמות | כללי/מעורב/גמיש/תלוי גיל,2014,10.5303,12,7.2
gemel,869,מגדל השתלמות מסלול מניות,קרנות השתלמות,מניות אקטיבי,קרנות השתלמות | מניות אקטיבי,2014,4.983,12,116.4
gemel,874,"מיטב גמל אג""ח עד 25% מניות",תגמולים ואישית לפיצויים,עד 25% מניות,תגמולים ואישית לפיצויים | עד 25% מניות,2014,5.5775,12,5105.2
gemel,875,"מיטב דש גמל אג""ח צמוד מדד",תגמולים ואישית לפיצויים,"אג""ח ללא מניות","תגמולים ואישית לפיצויים | אג""ח ללא מניות",2014,2.844,12,348.8
gemel,876,מיטב גמל כספי (שקלי),תגמולים ואישית לפיצויים,כספי,תגמולים ואישית לפיצויים | כספי,2014,6.506,12,168.3
gemel,877,מיטב גמל מניות,תגמולים ואישית לפיצויים,מניות אקטיבי,תגמולים ואישית לפיצויים | מניות אקטיבי,2014,5.5549,12,259.3
gemel,880,מיטב השתלמות כללי,קרנות השתלמות,כללי/מעורב/גמיש/תלוי גיל,קרנות השתלמות | כללי/מעורב/גמיש/תלוי גיל,2014,5.9079,12,4910.7
gemel,881,"מיטב השתלמות אג""ח צמוד מדד",קרנות השתלמות,"אג""ח ללא מניות","קרנות השתלמות | אג""ח ללא מניות",2014,2.8146,12,352.6
gemel,882,מיטב דש השתלמות מסלול שקלי,קרנות השתלמות,"אג""ח ללא מניות","קרנות השתלמות | אג""ח ללא מניות",2014,6.6222,12,172.2
gemel,883,מיטב השתלמות מניות,קרנות השתלמות,מניות אקטיבי,קרנות השתלמות | מניות אקטיבי,2014,5.6984,12,356.5
gemel,923,מיטב בטחון,תגמולים ואישית לפיצויים,כללי/מעורב/גמיש/תלוי גיל,תגמולים ואישית לפיצויים | כללי/מעורב/גמיש/תלוי גיל,2014,6.1251,12,28.3
gemel,948,מיטב גמל שקלי טווח קצר,תגמולים ואישית לפיצויים,כספי,תגמולים ואישית לפיצויים | כספי,2014,0.7927,12,77.0
gemel,957,הפניקס תגמולים ופיצויים - מסלול כללי,תגמולים ואישית לפיצויים,כללי/מעורב/גמיש/תלוי גיל,תגמולים ואישית לפיצויים | כללי/מעורב/גמיש/תלוי גיל,2014,4.2705,12,287.4
gemel,961,הפניקס גמל מסלול מניות,תגמולים ואישית לפיצויים,מניות אקטיבי,תגמולים ואישית לפיצויים | מניות אקטיבי,2014,4.3499,12,10.9
gemel,962,אנליסט השתלמות כללי,קרנות השתלמות,כללי/מעורב/גמיש/תלוי גיל,קרנות השתלמות | כללי/מעורב/גמיש/תלוי גיל,2014,3.3834,12,566.0
gemel,963,אנליסט השתלמות מניות,קרנות השתלמות,מניות אקטיבי,קרנות השתלמות | מניות אקטיבי,2014,6.9828,12,107.9
gemel,964,הפניקס השתלמות כללי,קרנות השתלמות,כללי/מעורב/גמיש/תלוי גיל,קרנות השתלמות | כללי/מעורב/גמיש/תלוי גיל,2014,4.7523,12,703.5
gemel,968,הפניקס השתלמות מניות,קרנות השתלמות,מניות אקטיבי,קרנות השתלמות | מניות אקטיבי,2014,4.1479,12,48.6
gemel,972,"אנליסט השתלמות אשראי ואג""ח",קרנות השתלמות,"אג""ח ללא מניות","קרנות השתלמות | אג""ח ללא מניות",2014,3.3216,12,142.8
gemel,973,"אנליסט השתלמות אג""ח ממשלות",קרנות השתלמות,"אג""ח ללא מניות","קרנות השתלמות | אג""ח ללא מניות",2014,4.7786,12,81.1
gemel,989,אלטשולר שחם עוקב מדדי מניות,תגמולים ואישית לפיצויים,מניות פאסיבי,תגמולים ואישית לפיצויים | מניות פאסיבי,2014,5.7036,12,95.1
gemel,101,"הראל אג""ח עד 25% מניות",תגמולים ואישית לפיצויים,עד 25% מניות,תגמולים ואישית לפיצויים | עד 25% מניות,2015,2.5497,12,11961.7
gemel,1010,אי.בי.אי לתגמולים ופיצויים שקלי לטווח קצר,תגמולים ואישית לפיצויים,כספי,תגמולים ואישית לפיצויים | כספי,2015,0.11,8,0.0
gemel,1014,אי.בי.אי קרן השתלמות מסלול שקלי לטווח קצר,קרנות השתלמות,כספי,קרנות השתלמות | כספי,2015,0.09,8,0.0
gemel,103,מיטב גמל לבני 50 עד 60,תגמולים ואישית לפיצויים,כללי/מעורב/גמיש/תלוי גיל,תגמולים ואישית לפיצויים | כללי/מעורב/גמיש/תלוי גיל,2015,1.9145,12,5248.6
gemel,1034,הראל השתלמות משולב סחיר,קרנות השתלמות,כללי/מעורב/גמיש/תלוי גיל,קרנות השתלמות | כללי/מעורב/גמיש/תלוי גיל,2015,0.7837,12,44.2
gemel,1035,"ילין לפידות קופת גמל מסלול אג""ח עד 25% מניות",תגמולים ואישית לפיצויים,עד 25% מניות,תגמולים ואישית לפיצויים | עד 25% מניות,2015,2.0155,12,3412.0
gemel,1036,ילין לפידות קופת גמל מסלול מניות,תגמולים ואישית לפיצויים,מניות אקטיבי,תגמולים ואישית לפיצויים | מניות אקטיבי,2015,3.9847,12,469.6
gemel,1037,"ילין לפידות קופת גמל מסלול אשראי ואג""ח",תגמולים ואישית לפיצויים,"אג""ח ללא מניות","תגמולים ואישית לפיצויים | אג""ח ללא מניות",2015,2.6673,12,612.3
gemel,1038,"ילין לפידות קרן השתלמות מסלול אג""ח עם מניות (עד 25% מניות)",קרנות השתלמות,עד 25% מניות,קרנות השתלמות | עד 25% מניות,2015,1.6694,12,5195.3
gemel,1040,"אקסלנס גמל אג""ח קונצרני עד 20% מניות",תגמולים ואישית לפיצויים,עד 25% מניות,תגמולים ואישית לפיצויים | עד 25% מניות,2015,2.6296,12,75.8
gemel,1042,אקסלנס גמל שקלי,תגמולים ואישית לפיצויים,"אג""ח ללא מניות","תגמולים ואישית לפיצויים | אג""ח ללא מניות",2015,2.5167,12,273.9
gemel,1055,איילון השתלמות מסלול מניות,קרנות השתלמות,מניות אקטיבי,קרנות השתלמות | מניות אקטיבי,2015,1.3139,12,11.5
gemel,1057,"איילון השתלמות מסלול אג""ח",קרנות השתלמות,"אג""ח ללא מניות","קרנות השתלמות | אג""ח ללא מניות",2015,0.5958,12,59.9
gemel,1059,פסגות שיא השתלמות פאסיבי- כללי,קרנות השתלמות,כללי/מעורב/גמיש/תלוי גיל,קרנות השתלמות | כללי/מעורב/גמיש/תלוי גיל,2015,-1.0658,12,32.9
gemel,106,פסגות גדיש כללי,תגמולים ואישית לפיצויים,כללי/מעורב/גמיש/תלוי גיל,תגמולים ואישית לפיצויים | כללי/מעורב/גמיש/תלוי גיל,2015,2.8318,12,28754.5
gemel,1061,איילון השתלמות מסלול שקלי,קרנות השתלמות,"אג""ח ללא מניות","קרנות השתלמות | אג""ח ללא מניות",2015,-0.639,12,35.7
gemel,1062,איילון תגמולים ואישית לפיצויים מסלול מניות,תגמולים ואישית לפיצויים,מניות אקטיבי,תגמולים ואישית לפיצויים | מניות אקטיבי,2015,2.1258,12,12.7
gemel,1064,"איילון תגמולים ואישית לפיצויים מסלול אג""ח",תגמולים ואישית לפיצויים,"אג""ח ללא מניות","תגמולים ואישית לפיצויים | אג""ח ללא מניות",2015,0.4616,12,107.4
gemel,1068,איילון תגמולים ואישית לפיצויים מסלול שקלי,תגמולים ואישית לפיצויים,"אג""ח ללא מניות","תגמולים ואישית לפיצויים | אג""ח ללא מניות",2015,-0.7384,12,34.0
gemel,107,"הלמן-אלדובי גמל אג""ח עד 25% במניות",תגמולים ואישית לפיצויים,עד 25% מניות,תגמולים ואישית לפיצויים | עד 25% מניות,2015,1.7272,12,450.6
gemel,1078,"אינפיניטי גמל אשראי ואג""ח",תגמולים ואישית לפיצויים,"אג""ח ללא מניות","תגמולים ואישית לפיצויים | אג""ח ללא מניות",2015,1.7127,12,278.5
gemel,1079,אינפיניטי גמל מניות בישראל,תגמולים ואישית לפיצויים,מניות אקטיבי,תגמולים ואישית לפיצויים | מניות אקטיבי,2015,2.5413,12,59.7
gemel,1083,אינפיניטי השתלמות כללי,קרנות השתלמות,כללי/מעורב/גמיש/תלוי גיל,קרנות השתלמות | כללי/מעורב/גמיש/תלוי גיל,2015,2.8736,12,29.5
gemel,1084,"אינפיניטי השתלמות אשראי ואג""ח",קרנות השתלמות,"אג""ח ללא מניות","קרנות השתלמות | אג""ח ללא מניות",2015,1.6828,12,346.3
gemel,1085,אינפיניטי השתלמות מניות בישראל,קרנות השתלמות,מניות אקטיבי,קרנות השתלמות | מניות אקטיבי,2015,2.1789,12,96.9
gemel,1092,אלטשולר שחם גמל מסלול כללי,תגמולים ואישית לפיצויים,כללי/מעורב/גמיש/תלוי גיל,תגמולים ואישית לפיצויים | כללי/מעורב/גמיש/תלוי גיל,2015,2.6536,12,9305.6
gemel,1093,אלטשולר שחם השתלמות כללי,קרנות השתלמות,כללי/מעורב/גמיש/תלוי גיל,קרנות השתלמות | כללי/מעורב/גמיש/תלוי גיל,2015,2.4701,12,11523.5
gemel,1100,"הפניקס השתלמות אשראי ואג""ח עם מניות (עד 25% מניות)",קרנות השתלמות,עד 25% מניות,קרנות השתלמות | עד 25% מניות,2015,1.7885,12,2854.3
gemel,1103,אקסלנס גמל מניות,תגמולים ואישית לפיצויים,מניות אקטיבי,תגמולים ואישית לפיצויים | מניות אקטיבי,2015,3.951,12,80.7
gemel,1110,"מנורה מבטחים השתלמות מסלול אג""ח קונצרני",קרנות השתלמות,"אג""ח ללא מניות","קרנות השתלמות | אג""ח ללא מניות",2015,0.3425,12,62.8
gemel,1114,מנורה מבטחים השתלמות כספי (שקלי),קרנות השתלמות,כספי,קרנות השתלמות | כספי,2015,0.1901,12,61.7
gemel,1147,"מנורה מבטחים תגמולים ופיצויים אג""ח עד 10% מניות",תגמולים ואישית לפיצויים,עד 25% מניות,תגמולים ואישית לפיצויים | עד 25% מניות,2015,1.4726,12,1016.6
gemel,1149,"מנורה מבטחים השתלמות אג""ח עד 10% מניות",קרנות השתלמות,עד 25% מניות,קרנות השתלמות | עד 25% מניות,2015,1.2277,12,1460.4
gemel,1156,מגדל לתגמולים ולפיצויים מסלול ביג כללי לפחות 30% מניות,תגמולים ואישית לפיצויים,כללי/מעורב/גמיש/תלוי גיל,תגמולים ואישית לפיצויים | כללי/מעורב/גמיש/תלוי גיל,2015,0.389,12,162.2
gemel,1157,מגדל השתלמות מסלול ביג כללי לפחות 30% מניות,קרנות השתלמות,כללי/מעורב/גמיש/תלוי גיל,קרנות השתלמות | כללי/מעורב/גמיש/תלוי גיל,2015,1.2325,12,676.2
gemel,1162,ילין לפידות קרן השתלמות מסלול כללי,קרנות השתלמות,כללי/מעורב/גמיש/תלוי גיל,קרנות השתלמות | כללי/מעורב/גמיש/תלוי גיל,2015,1.4613,12,5223.3
gemel,1163,ילין לפידות קופת גמל מסלול כללי ב',תגמולים ואישית לפיצויים,כללי/מעורב/גמיש/תלוי גיל,תגמולים ואישית לפיצויים | כללי/מעורב/גמיש/תלוי גיל,2015,1.6532,12,2941.8
gemel,117,"כלל תמר אשראי ואג""ח",תגמולים ואישית לפיצויים,"אג""ח ללא מניות","תגמולים ואישית לפיצויים | אג""ח ללא מניות",2015,1.2591,12,1280.6
gemel,1183,פסגות שיא השתלמות ישראל,קרנות השתלמות,כללי/מעורב/גמיש/תלוי גיל,קרנות השתלמות | כללי/מעורב/גמיש/תלוי גיל,2015,2.7941,12,1880.6
gemel,119,מנורה מבטחים יותר מסלול ד',תגמולים ואישית לפיצויים,כללי/מעורב/גמיש/תלוי גיל,תגמולים ואישית לפיצויים | כללי/מעורב/גמיש/תלוי גיל,2015,2.4944,12,698.8
gemel,1190,"הפניקס השתלמות אג""ח עד 25% מניות",קרנות השתלמות,עד 25% מניות,קרנות השתלמות | עד 25% מניות,2015,2.6354,12,360.9
gemel,1198,"הלמן-אלדובי גמל מסלול אג""ח ללא מניות",תגמולים ואישית לפיצויים,"אג""ח ללא מניות","תגמולים ואישית לפיצויים | אג""ח ללא מניות",2015,1.3608,12,206.8
gemel,1199,"אי.בי.אי לתגמולים ופיצויים מסלול אג""ח ועוד",תגמולים ואישית לפיצויים,"אג""ח ללא מניות","תגמולים ואישית לפיצויים | אג""ח ללא מניות",2015,1.4393,12,371.4
gemel,1200,אי.בי.אי לתגמולים ופיצויים מסלול כללי,תגמולים ואישית לפיצויים,כללי/מעורב/גמיש/תלוי גיל,תגמולים ואישית לפיצויים | כללי/מעורב/גמיש/תלוי גיל,2015,2.0152,12,603.9
gemel,1201,אי.בי.אי לתגמולים ופיצויים מסלול מניות,תגמולים ואישית לפיצויים,מניות אקטיבי,תגמולים ואישית לפיצויים | מניות אקטיבי,2015,2.1712,12,66.4
gemel,1202,"הלמן-אלדובי קרן השתלמות מסלול אג""ח ללא מניות",קרנות השתלמות,"אג""ח ללא מניות","קרנות השתלמות | אג""ח ללא מניות",2015,1.2483,12,225.8
gemel,1203,"הלמן-אלדובי קרן השתלמות מסלול אג""ח עד 10% מניות",קרנות השתלמות,עד 25% מניות,קרנות השתלמות | עד 25% מניות,2015,1.3458,12,290.5
gemel,1204,אי.בי.אי קרן השתלמות מסלול כללי,קרנות השתלמות,כללי/מעורב/גמיש/תלוי גיל,קרנות השתלמות | כללי/מעורב/גמיש/תלוי גיל,2015,1.8544,12,659.6
gemel,1205,אי.בי.אי קרן השתלמות מסלול מניות,קרנות השתלמות,מניות אקטיבי,קרנות השתלמות | מניות אקטיבי,2015,2.4464,12,77.0
gemel,1209,"אינפיניטי גמל אג""ח ממשלות",תגמולים ואישית לפיצויים,"אג""ח ללא מניות","תגמולים ואישית לפיצויים | אג""ח ללא מניות",2015,0.6917,12,20.6
gemel,1210,"אינפיניטי השתלמות אג""ח ממשלות",קרנות השתלמות,"אג""ח ללא מניות","קרנות השתלמות | אג""ח ללא מניות",2015,0.6491,12,31.2
gemel,1219,אלטשולר שחם קמה,תגמולים ואישית לפיצויים,כללי/מעורב/גמיש/תלוי גיל,תגמולים ואישית לפיצויים | כללי/מעורב/גמיש/תלוי גיל,2015,1.6121,12,193.0
gemel,124,כלל תמר מדד,תגמולים ואישית לפיצויים,"אג""ח ללא מניות","תגמולים ואישית לפיצויים | אג""ח ללא מניות",2015,0.1313,12,1732.9
gemel,1240,"מיטב השתלמות אשראי ואג""ח",קרנות השתלמות,"אג""ח ללא מניות","קרנות השתלמות | אג""ח ללא מניות",2015,0.6381,12,626.3
gemel,1245,מיטב דש גמל חכם עד 40,תגמולים ואישית לפיצויים,מניות אקטיבי,תגמולים ואישית לפיצויים | מניות אקטיבי,2015,1.5435,12,17.2
gemel,1256,מנורה מבטחים השתלמות מסלול מניות,קרנות השתלמות,מניות אקטיבי,קרנות השתלמות | מניות אקטיבי,2015,1.6757,12,43.6
gemel,1260,פסגות שיא השתלמות בטא,קרנות השתלמות,כללי/מעורב/גמיש/תלוי גיל,קרנות השתלמות | כללי/מעורב/גמיש/תלוי גיל,2015,2.1278,12,207.5
gemel,127,כלל תמר מניות,תגמולים ואישית לפיצויים,מניות אקטיבי,תגמולים ואישית לפיצויים | מניות אקטיבי,2015,4.4699,12,192.4
gemel,128,כלל תמר כספי(שקלי),תגמולים ואישית לפיצויים,כספי,תגמולים ואישית לפיצויים | כספי,2015,0.1401,12,303.7
gemel,1288,אלטשולר שחם גמל מסלול גולד,תגמולים ואישית לפיצויים,כללי/מעורב/גמיש/תלוי גיל,תגמולים ואישית לפיצויים | כללי/מעורב/גמיש/תלוי גיל,2015,3.2233,12,1128.0
gemel,1290,אלטשולר שחם השתלמות כללי ב',קרנות השתלמות,כללי/מעורב/גמיש/תלוי גיל,קרנות השתלמות | כללי/מעורב/גמיש/תלוי גיל,2015,2.8766,12,1504.4
gemel,1319,"ילין לפידות קרן השתלמות מסלול אשראי ואג""ח",קרנות השתלמות,"אג""ח ללא מניות","קרנות השתלמות | אג""ח ללא מניות",2015,2.0778,12,378.5
gemel,132,הלמן-אלדובי השתלמות כללי,קרנות השתלמות,כללי/מעורב/גמיש/תלוי גיל,קרנות השתלמות | כללי/מעורב/גמיש/תלוי גיל,2015,2.0995,12,2835.2
gemel,1330,פסגות גדיש מניות,תגמולים ואישית לפיצויים,מניות אקטיבי,תגמולים ואישית לפיצויים | מניות אקטיבי,2015,5.2125,12,482.1
gemel,1331,פסגות גדיש אגח עד 10% מניות,תגמולים ואישית לפיצויים,עד 25% מניות,תגמולים ואישית לפיצויים | עד 25% מניות,2015,1.4282,12,3257.2
gemel,1332,"פסגות גדיש אג""ח",תגמולים ואישית לפיצויים,"אג""ח ללא מניות","תגמולים ואישית לפיצויים | אג""ח ללא מניות",2015,1.3849,12,941.4
gemel,1333,פסגות גדיש כספי,תגמולים ואישית לפיצויים,כספי,תגמולים ואישית לפיצויים | כספי,2015,0.1201,12,383.9
gemel,1334,הראל גמל כספי (שקלי),תגמולים ואישית לפיצויים,כספי,תגמולים ואישית לפיצויים | כספי,2015,0.2201,12,286.0
gemel,1335,"הראל גמל מסלול אשראי ואג""ח",תגמולים ואישית לפיצויים,"אג""ח ללא מניות","תגמולים ואישית לפיצויים | אג""ח ללא מניות",2015,0.5214,12,288.6
gemel,1343,מנורה מבטחים תגמולים ופיצויים מסלול כספי (שקלי),תגמולים ואישית לפיצויים,כספי,תגמולים ואישית לפיצויים | כספי,2015,0.2201,12,74.8
gemel,1344,"מנורה מבטחים תגמולים ופיצויים אג""ח ממשלת ישראל",תגמולים ואישית לפיצויים,"אג""ח ללא מניות","תגמולים ואישית לפיצויים | אג""ח ללא מניות",2015,1.0172,12,117.9
gemel,1348,"כלל השתלמות אשראי ואג""ח",קרנות השתלמות,"אג""ח ללא מניות","קרנות השתלמות | אג""ח ללא מניות",2015,-0.1581,12,480.9
gemel,1350,כלל השתלמות מניות,קרנות השתלמות,מניות אקטיבי,קרנות השתלמות | מניות אקטיבי,2015,3.457,12,112.7
gemel,1351,כלל השתלמות כספי(שקלי),קרנות השתלמות,כספי,קרנות השתלמות | כספי,2015,0.1601,12,187.5
gemel,1353,מיטב השתלמות מעל 6 שנות וותק,קרנות השתלמות,כללי/מעורב/גמיש/תלוי גיל,קרנות השתלמות | כללי/מעורב/גמיש/תלוי גיל,2015,0.9242,12,2453.1
gemel,1354,"הפניקס השתלמות - מסלול אג""ח",קרנות השתלמות,"אג""ח ללא מניות","קרנות השתלמות | אג""ח ללא מניות",2015,0.1028,12,67.7
gemel,1355,"הפניקס תגמולים ופיצויים - מסלול אג""ח",תגמולים ואישית לפיצויים,"אג""ח ללא מניות","תגמולים ואישית לפיצויים | אג""ח ללא מניות",2015,-0.2677,12,24.6
gemel,1360,"ילין לפידות קופת גמל מסלול אג""ח ממשלות",תגמולים ואישית לפיצויים,"אג""ח ללא מניות","תגמולים ואישית לפיצויים | אג""ח ללא מניות",2015,0.2373,12,74.9
gemel,1361,"ילין לפידות קרן השתלמות מסלול אג""ח ממשלות",קרנות השתלמות,"אג""ח ללא מניות","קרנות השתלמות | אג""ח ללא מניות",2015,-0.0101,12,92.2
gemel,1364,מנורה מבטחים תגמולים ופיצויים מסלול מניות,תגמולים ואישית לפיצויים,מניות אקטיבי,תגמולים ואישית לפיצויים | מניות אקטיבי,2015,1.3813,12,27.7
gemel,1367,"הלמן-אלדובי השתלמות אג""ח עד 15% במניות",קרנות השתלמות,עד 25% מניות,קרנות השתלמות | עד 25% מניות,2015,1.454,12,214.1
gemel,1368,הראל גמל מסלול שקלי,תגמולים ואישית לפיצויים,"אג""ח ללא מניות","תגמולים ואישית לפיצויים | אג""ח ללא מניות",2015,2.5936,12,124.1
gemel,1369,הראל השתלמות מסלול שקלי,קרנות השתלמות,"אג""ח ללא מניות","קרנות השתלמות | אג""ח ללא מניות",2015,2.5351,12,256.2
gemel,1370,מיטב השתלמות כספי (שקלי),קרנות השתלמות,כספי,קרנות השתלמות | כספי,2015,0.1801,12,57.7
gemel,1375,אלטשולר שחם גמל מניות,תגמולים ואישית לפיצויים,מניות אקטיבי,תגמולים ואישית לפיצויים | מניות אקטיבי,2015,3.1724,12,290.5
gemel,1376,"אלטשולר שחם גמל אשראי ואג""ח",תגמולים ואישית לפיצויים,"אג""ח ללא מניות","תגמולים ואישית לפיצויים | אג""ח ללא מניות",2015,1.7871,12,350.1
gemel,1377,אלטשולר שחם השתלמות מניות,קרנות השתלמות,מניות אקטיבי,קרנות השתלמות | מניות אקטיבי,2015,3.1729,12,478.3
gemel,1378,"אלטשולר שחם השתלמות אשראי ואג""ח",קרנות השתלמות,"אג""ח ללא מניות","קרנות השתלמות | אג""ח ללא מניות",2015,1.6918,12,356.4
gemel,1386,"מיטב גמל אג""ח ממשלות",תגמולים ואישית לפיצויים,"אג""ח ללא מניות","תגמולים ואישית לפיצויים | אג""ח ללא מניות",2015,0.8707,12,117.3
gemel,1387,"מיטב השתלמות אג""ח ממשלות",קרנות השתלמות,"אג""ח ללא מניות","קרנות השתלמות | אג""ח ללא מניות",2015,0.9012,12,193.9
gemel,1394,אלטשולר שחם גמל כספי (שקלי),תגמולים ואישית לפיצויים,כספי,תגמולים ואישית לפיצויים | כספי,2015,0.11,12,45.2
gemel,1395,"אלטשולר שחם גמל אג""ח ממשלות",תגמולים ואישית לפיצויים,"אג""ח ללא מניות","תגמולים ואישית לפיצויים | אג""ח ללא מניות",2015,0.832,12,108.6
gemel,1398,אלטשולר שחם השתלמות כספי (שקלי),קרנות השתלמות,כספי,קרנות השתלמות | כספי,2015,0.11,12,43.2
gemel,1399,"אלטשולר שחם השתלמות אג""ח ממשלות",קרנות השתלמות,"אג""ח ללא מניות","קרנות השתלמות | אג""ח ללא מניות",2015,0.801,12,132.9
gemel,1406,"מנורה מבטחים השתלמות מסלול אג""ח קונצרניות",קרנות השתלמות,"אג""ח ללא מניות","קרנות השתלמות | אג""ח ללא מניות",2015,0.2885,12,23.0
gemel,1407,"מנורה מבטחים השתלמות מסלול אג""ח ממשלתי צמוד",קרנות השתלמות,"אג""ח ללא מניות","קרנות השתלמות | אג""ח ללא מניות",2015,-0.162,12,67.9
gemel,1408,"מנורה מבטחים השתלמות מסלול אג""ח ממשלת ישראל",קרנות השתלמות,"אג""ח ללא מניות","קרנות השתלמות | אג""ח ללא מניות",2015,1.6103,12,112.2
gemel,1409,מנורה מבטחים השתלמות מסלול מניות סחיר,קרנות השתלמות,מניות אקטיבי,קרנות השתלמות | מניות אקטיבי,2015,-1.1497,12,31.8
gemel,1412,"אנליסט גמל אג""ח ממשלות",תגמולים ואישית לפיצויים,"אג""ח ללא מניות","תגמולים ואישית לפיצויים | אג""ח ללא מניות",2015,1.2547,12,24.4
gemel,1424,פסגות שיא השתלמות אגח עד 10% מניות,קרנות השתלמות,עד 25% מניות,קרנות השתלמות | עד 25% מניות,2015,1.2486,12,831.2
gemel,1429,"פסגות שיא השתלמות אג""ח ממשלת ישראל",קרנות השתלמות,"אג""ח ללא מניות","קרנות השתלמות | אג""ח ללא מניות",2015,0.9775,12,254.9
gemel,1431,"פסגות גדיש אג""ח ממשלת ישראל",תגמולים ואישית לפיצויים,"אג""ח ללא מניות","תגמולים ואישית לפיצויים | אג""ח ללא מניות",2015,1.0112,12,421.9
gemel,1442,"הלמן-אלדובי גמל מסלול פאסיבי - מדדי אג""ח ממשלת ישראל",תגמולים ואישית לפיצויים,"אג""ח ללא מניות","תגמולים ואישית לפיצויים | אג""ח ללא מניות",2015,0.0047,12,47.4
gemel,1443,"הלמן-אלדובי קרן השתלמות מסלול פאסיבי - מדדי אג""ח ממשלת ישראל",קרנות השתלמות,"אג""ח ללא מניות","קרנות השתלמות | אג""ח ללא מניות",2015,-0.0343,12,60.9
gemel,1484,"הראל גמל מסלול אג""ח קונצרני",תגמולים ואישית לפיצויים,"אג""ח ללא מניות","תגמולים ואישית לפיצויים | אג""ח ללא מניות",2015,0.7881,12,43.0
gemel,1485,"הראל השתלמות אשראי ואג""ח",קרנות השתלמות,"אג""ח ללא מניות","קרנות השתלמות | אג""ח ללא מניות",2015,0.6472,12,69.7
gemel,1490,"אינפיניטי גמל אג""ח קונצרני",תגמולים ואישית לפיצויים,"אג""ח ללא מניות","תגמולים ואישית לפיצויים | אג""ח ללא מניות",2015,2.9043,12,11.2
gemel,1491,"אינפיניטי השתלמות אג""ח קונצרני",קרנות השתלמות,"אג""ח ללא מניות","קרנות השתלמות | אג""ח ללא מניות",2015,2.9235,12,21.0
gemel,1492,"תגמולים שיטת הפניקס סל עוקב מדד ת""א 100",תגמולים ואישית לפיצויים,מניות פאסיבי,תגמולים ואישית לפיצויים | מניות פאסיבי,2015,2.2043,12,2.1
gemel,1493,תגמולים שיטת הפניקס סל עוקב מדד תל בונד 20,תגמולים ואישית לפיצויים,"אג""ח ללא מניות","תגמולים ואישית לפיצויים | אג""ח ללא מניות",2015,-0.9921,12,1.3
gemel,1494,תגמולים שיטת הפניקס סל עוקב מדד ממשלתי צמוד 0-2,תגמולים ואישית לפיצויים,"אג""ח ללא מניות","תגמולים ואישית לפיצויים | אג""ח ללא מניות",2015,-2.508,12,3.7
gemel,1495,תגמולים שיטת הפניקס סל עוקב מדד ממשלתי צמוד 2-5,תגמולים ואישית לפיצויים,"אג""ח ללא מניות","תגמולים ואישית לפיצויים | אג""ח ללא מניות",2015,-1.7333,12,3.2
gemel,1498,"תגמולים שיטת הפניקס סל עוקב מדד מק""מ",תגמולים ואישית לפיצויים,כספי,תגמולים ואישית לפיצויים | כספי,2015,-0.1502,12,3.4
gemel,1500,תגמולים שיטת הפניקס סל עוקב מדד דאו ג'ונס יורוסטוקס 50,תגמולים ואישית לפיצויים,מניות פאסיבי,תגמולים ואישית לפיצויים | מניות פאסיבי,2015,-2.7889,12,0.6
gemel,1501,תגמולים שיטת הפניקס סל עוקב מדד s&p 500,תגמולים ואישית לפיצויים,מניות פאסיבי,תגמולים ואישית לפיצויים | מניות פאסיבי,2015,2.3269,12,1.4
gemel,1502,תגמולים שיטת הפניקס סל עוקב מדד msci שווקים מתעורר,תגמולים ואישית לפיצויים,מניות פאסיבי,תגמולים ואישית לפיצויים | מניות פאסיבי,2015,-14.3244,12,0.3
gemel,1503,"השתלמות שיטת הפניקס סל עוקב מדד ת""א 100",קרנות השתלמות,מניות פאסיבי,קרנות השתלמות | מניות פאסיבי,2015,2.7412,12,13.0
gemel,1504,השתלמות שיטת הפניקס סל עוקב מדד תל בונד 20,קרנות השתלמות,"אג""ח ללא מניות","קרנות השתלמות | אג""ח ללא מניות",2015,-1.0796,12,11.3
gemel,1505,השתלמות שיטת הפניקס סל עוקב מדד ממשלתי צמוד 0-2,קרנות השתלמות,"אג""ח ללא מניות","קרנות השתלמות | אג""ח ללא מניות",2015,-2.2148,12,1.5
gemel,1506,השתלמות שיטת הפניקס סל עוקב מדד ממשלתי צמוד 2-5,קרנות השתלמות,"אג""ח ללא מניות","קרנות השתלמות | אג""ח ללא מניות",2015,-1.5764,12,16.9
gemel,1509,"השתלמות שיטת הפניקס סל עוקב מדד מק""מ",קרנות השתלמות,כספי,קרנות השתלמות | כספי,2015,-1.1056,12,13.1
gemel,1510,"השתלמות שיטת הפניקס סל עוקב מדד אג""ח לא צמוד ריבית קבועה",קרנות השתלמות,"אג""ח ללא מניות","קרנות השתלמות | אג""ח ללא מניות",2015,1.4557,12,0.0
gemel,1511,השתלמות שיטת הפניקס סל עוקב מדד דאו ג'ונס יורוסטוק 50,קרנות השתלמות,מניות פאסיבי,קרנות השתלמות | מניות פאסיבי,2015,-1.6614,12,4.0
gemel,1512,השתלמות שיטת הפניקס סל עוקב מדד s$p500,קרנות השתלמות,מניות פאסיבי,קרנות השתלמות | מניות פאסיבי,2015,2.9828,12,7.7
gemel,1513,השתלמות שיטת הפניקס סל עוקב מדד msci שווקים מתעוררים,קרנות השתלמות,מניות פאסיבי,קרנות השתלמות | מניות פאסיבי,2015,-13.3102,12,2.1
gemel,1516,אי.בי.אי לתגמולים ופיצויים מניות בארץ,תגמולים ואישית לפיצויים,מניות אקטיבי,תגמולים ואישית לפיצויים | מניות אקטיבי,2015,9.8684,4,0.0
gemel,1518,אי.בי.אי קרן השתלמות מסלול מניות בארץ,קרנות השתלמות,מניות אקטיבי,קרנות השתלמות | מניות אקטיבי,2015,9.7698,4,0.0
gemel,1523,הראל השתלמות מסלול הלכה,קרנות השתלמות,כללי/מעורב/גמיש/תלוי גיל,קרנות השתלמות | כללי/מעורב/גמיש/תלוי גיל,2015,1.5888,12,64.8
gemel,1524,הראל גמל מסלול הלכה,תגמולים ואישית לפיצויים,כללי/מעורב/גמיש/תלוי גיל,תגמולים ואישית לפיצויים | כללי/מעורב/גמיש/תלוי גיל,2015,2.0,12,29.0
gemel,153,הראל גמל לגילאי 50 עד 60,תגמולים ואישית לפיצויים,כללי/מעורב/גמיש/תלוי גיל,תגמולים ואישית לפיצויים | כללי/מעורב/גמיש/תלוי גיל,2015,2.6573,12,1255.2
gemel,1533,כלל תמר מסלול הלכתי (הוד),תגמולים ואישית לפיצויים,כללי/מעורב/גמיש/תלוי גיל,תגמולים ואישית לפיצויים | כללי/מעורב/גמיש/תלוי גיל,2015,-0.0434,12,21.8
gemel,1534,כלל השתלמות הלכה,קרנות השתלמות,כללי/מעורב/גמיש/תלוי גיל,קרנות השתלמות | כללי/מעורב/גמיש/תלוי גיל,2015,0.7222,12,55.6
gemel,1535,אנליסט השתלמות כספי (שקלי),קרנות השתלמות,כספי,קרנות השתלמות | כספי,2015,0.5194,12,32.1
gemel,1536,אינפיניטי גמל מניות,תגמולים ואישית לפיצויים,מניות אקטיבי,תגמולים ואישית לפיצויים | מניות אקטיבי,2015,-1.6548,12,27.6
gemel,1537,אינפיניטי השתלמות מניות,קרנות השתלמות,מניות אקטיבי,קרנות השתלמות | מניות אקטיבי,2015,-0.986,12,53.0
gemel,1538,איילון השתלמות מסלול כהלכה,קרנות השתלמות,כללי/מעורב/גמיש/תלוי גיל,קרנות השתלמות | כללי/מעורב/גמיש/תלוי גיל,2015,1.2285,12,174.4
gemel,154,הראל השתלמות כללי,קרנות השתלמות,כללי/מעורב/גמיש/תלוי גיל,קרנות השתלמות | כללי/מעורב/גמיש/תלוי גיל,2015,2.5886,12,3160.8
gemel,1543,"הלמן-אלדובי גמל מסלול מדדי מניות חו""ל (פאסיבי)",תגמולים ואישית לפיצויים,מניות פאסיבי,תגמולים ואישית לפיצויים | מניות פאסיבי,2015,-0.1793,12,36.0
gemel,1544,"הלמן-אלדובי קרן השתלמות מסלול פאסיבי - מדדי מניות חו""ל",קרנות השתלמות,מניות פאסיבי,קרנות השתלמות | מניות פאסיבי,2015,0.1624,12,30.8
gemel,199,"מגדל השתלמות מסלול אשראי ואג""ח",קרנות השתלמות,"אג""ח ללא מניות","קרנות השתלמות | אג""ח ללא מניות",2015,1.0567,12,269.2
gemel,2017,אלטשולר שחם גמל הלכה,תגמולים ואישית לפיצויים,כללי/מעורב/גמיש/תלוי גיל,תגמולים ואישית לפיצויים | כללי/מעורב/גמיש/תלוי גיל,2015,1.843,12,119.5
gemel,2018,פסגות שיא השתלמות הלכה,קרנות השתלמות,כללי/מעורב/גמיש/תלוי גיל,קרנות השתלמות | כללי/מעורב/גמיש/תלוי גיל,2015,1.6713,12,83.4
gemel,2048,מגדל השתלמות מסלול הלכה,קרנות השתלמות,כללי/מעורב/גמיש/תלוי גיל,קרנות השתלמות | כללי/מעורב/גמיש/תלוי גיל,2015,0.2574,12,32.9
gemel,2049,הפניקס גמל שריעה,תגמולים ואישית לפיצויים,כללי/מעורב/גמיש/תלוי גיל,תגמולים ואישית לפיצויים | כללי/מעורב/גמיש/תלוי גיל,2015,0.0,12,5.9
gemel,205,"פסגות גדיש חו""ל",תגמולים ואישית לפיצויים,כללי/מעורב/גמיש/תלוי גיל,תגמולים ואישית לפיצויים | כללי/מעורב/גמיש/תלוי גיל,2015,-1.6622,12,104.9
gemel,2051,"מיטב דש גמל חו""ל",תגמולים ואישית לפיצויים,כללי/מעורב/גמיש/תלוי גיל,תגמולים ואישית לפיצויים | כללי/מעורב/גמיש/תלוי גיל,2015,-1.7202,12,17.6
gemel,2055,"מיטב דש השתלמות חו""ל",קרנות השתלמות,כללי/מעורב/גמיש/תלוי גיל,קרנות השתלמות | כללי/מעורב/גמיש/תלוי גיל,2015,-1.6285,12,23.4
gemel,2058,הפניקס השתלמות שריעה,קרנות השתלמות,כללי/מעורב/גמיש/תלוי גיל,קרנות השתלמות | כללי/מעורב/גמיש/תלוי גיל,2015,0.0,12,3.7
gemel,208,"פסגות גדיש אג""ח קונצרני",תגמולים ואישית לפיצויים,"אג""ח ללא מניות","תגמולים ואישית לפיצויים | אג""ח ללא מניות",2015,0.5161,12,37.5
gemel,2088,"אקסלנס השתלמות אג""ח קונצרני עד 20%מניות",קרנות השתלמות,עד 25% מניות,קרנות השתלמות | עד 25% מניות,2015,1.6768,12,36.2
gemel,2089,"אקסלנס גמל אג""ח עד 20% מניות",תגמולים ואישית לפיצויים,עד 25% מניות,תגמולים ואישית לפיצויים | עד 25% מניות,2015,1.8223,12,154.1
gemel,2091,"אקסלנס השתלמות אג""ח עד 20% מניות",קרנות השתלמות,עד 25% מניות,קרנות השתלמות | עד 25% מניות,2015,2.1858,12,300.1
gemel,211,"הפניקס גמל אג""ח עד 15% מניות",תגמולים ואישית לפיצויים,עד 25% מניות,תגמולים ואישית לפיצויים | עד 25% מניות,2015,1.5257,12,2397.3
gemel,2115,"כלל השתלמות אג""ח",קרנות השתלמות,"אג""ח ללא מניות","קרנות השתלמות | אג""ח ללא מניות",2015,0.5213,12,47.8
gemel,2116,תגמולים שיטת הפניקס סל עוקב מדד ממשלתי צמוד 5-10,תגמולים ואישית לפיצויים,"אג""ח ללא מניות","תגמולים ואישית לפיצויים | אג""ח ללא מניות",2015,0.7943,12,0.2
gemel,2117,"תגמולים שיטת הפניקס סל עוקב מדד ת""א 25",תגמולים ואישית לפיצויים,מניות פאסיבי,תגמולים ואישית לפיצויים | מניות פאסיבי,2015,3.767,12,0.6
gemel,2118,תגמולים שיטת הפניקס אגח ממשלתי שקלי ריבית קבועה +5,תגמולים ואישית לפיצויים,"אג""ח ללא מניות","תגמולים ואישית לפיצויים | אג""ח ללא מניות",2015,5.6994,12,0.3
gemel,2119,תגמולים שיטת הפניקס סל עוקב תל בונד שקלי,תגמולים ואישית לפיצויים,"אג""ח ללא מניות","תגמולים ואישית לפיצויים | אג""ח ללא מניות",2015,4.6961,12,0.3
gemel,2120,תגמולים שיטת הפניקס סל עוקב מדד Barclays capital,תגמולים ואישית לפיצויים,"אג""ח ללא מניות","תגמולים ואישית לפיצויים | אג""ח ללא מניות",2015,1.0788,12,0.6
gemel,2121,תגמולים שיטת הפניקס סל עוקב מדד J.P.Morgan,תגמולים ואישית לפיצויים,"אג""ח ללא מניות","תגמולים ואישית לפיצויים | אג""ח ללא מניות",2015,0.7195,12,0.4
gemel,2122,תגמולים שיטת הפניקס סל עוקב מדד IBoxx $ Liquid,תגמולים ואישית לפיצויים,"אג""ח ללא מניות","תגמולים ואישית לפיצויים | אג""ח ללא מניות",2015,-1.281,12,0.8
gemel,2124,השתלמות שיטת הפניקס סל עוקב מדד ממשלתי צמוד 5-10,קרנות השתלמות,"אג""ח ללא מניות","קרנות השתלמות | אג""ח ללא מניות",2015,0.4102,12,0.0
gemel,2125,השתלמות שיטת הפניקס אגח ממשלתי שקלי ריבית קבועה +5,קרנות השתלמות,"אג""ח ללא מניות","קרנות השתלמות | אג""ח ללא מניות",2015,5.6494,12,5.8
gemel,2126,"השתלמות שיטת הפניקס סל עוקב מדד ת""א 25",קרנות השתלמות,מניות פאסיבי,קרנות השתלמות | מניות פאסיבי,2015,4.1441,12,2.4
gemel,2127,השתלמות שיטת הפניקס סל עוקב תל בונד שקלי,קרנות השתלמות,"אג""ח ללא מניות","קרנות השתלמות | אג""ח ללא מניות",2015,4.7994,12,3.1
gemel,2129,השתלמות שיטת הפניקס סל עוקב מדד J.P.Morgan,קרנות השתלמות,"אג""ח ללא מניות","קרנות השתלמות | אג""ח ללא מניות",2015,1.4075,12,1.9
gemel,2130,השתלמות שיטת הפניקס סל עוקב מדד IBoxx $ Liquid,קרנות השתלמות,"אג""ח ללא מניות","קרנות השתלמות | אג""ח ללא מניות",2015,-0.7998,12,1.0
gemel,223,"מיטב גמל אשראי ואג""ח",תגמולים ואישית לפיצויים,"אג""ח ללא מניות","תגמולים ואישית לפיצויים | אג""ח ללא מניות",2015,0.9496,12,1040.1
gemel,2238,איילון תגמולים ואישית לפיצויים מסלול כהלכה,תגמולים ואישית לפיצויים,כללי/מעורב/גמיש/תלוי גיל,תגמולים ואישית לפיצויים | כללי/מעורב/גמיש/תלוי גיל,2015,1.2641,12,71.7
gemel,2244,"פסגות שיא השתלמות חו""ל",קרנות השתלמות,כללי/מעורב/גמיש/תלוי גיל,קרנות השתלמות | כללי/מעורב/גמיש/תלוי גיל,2015,-1.8909,12,31.2
gemel,2246,"תגמולים שיטת הפניקס אג""ח ממשלתי בריבית קבועה 2-5 ש",תגמולים ואישית לפיצויים,"אג""ח ללא מניות","תגמולים ואישית לפיצויים | אג""ח ללא מניות",2015,1.5657,12,4.8
gemel,2248,"השתלמות שיטת הפניקס אג""ח ממשלתי בריבית קבועה 2-5 ש",קרנות השתלמות,"אג""ח ללא מניות","קרנות השתלמות | אג""ח ללא מניות",2015,1.788,12,9.4
gemel,2252,"אינפיניטי השתלמות אג""ח עד 15% מניות",קרנות השתלמות,עד 25% מניות,קרנות השתלמות | עד 25% מניות,2015,0.7308,12,23.4
gemel,2254,אינפיניטי השתלמות משולב סחיר,קרנות השתלמות,כללי/מעורב/גמיש/תלוי גיל,קרנות השתלמות | כללי/מעורב/גמיש/תלוי גיל,2015,3.751,12,10.9
gemel,2255,"הלמן-אלדובי גמל מחקה מדד ת""א 35",תגמולים ואישית לפיצויים,מניות פאסיבי,תגמולים ואישית לפיצויים | מניות פאסיבי,2015,4.2564,12,24.8
gemel,2256,הלמן-אלדובי גמל מחקה מדד S&P500,תגמולים ואישית לפיצויים,מניות פאסיבי,תגמולים ואישית לפיצויים | מניות פאסיבי,2015,0.6222,12,63.2
gemel,2257,אי.בי.אי לתגמולים ופיצויים מחקה מדד תל בונד 20,תגמולים ואישית לפיצויים,"אג""ח ללא מניות","תגמולים ואישית לפיצויים | אג""ח ללא מניות",2015,0.7993,8,0.0
gemel,2258,אי.בי.אי מחקה מדד שקליות ריבית קבועה ממשלתיות 2-5,תגמולים ואישית לפיצויים,"אג""ח ללא מניות","תגמולים ואישית לפיצויים | אג""ח ללא מניות",2015,1.0737,8,0.0
gemel,2259,אי.בי.אי מחקה מדד שקליות ריבית קבועה ממשלתיות 5+,תגמולים ואישית לפיצויים,"אג""ח ללא מניות","תגמולים ואישית לפיצויים | אג""ח ללא מניות",2015,2.5036,8,0.0
gemel,2260,אי.בי.אי תגמולים מחקה מדד מדדיות ממשלתיות 2-5 שנים,תגמולים ואישית לפיצויים,"אג""ח ללא מניות","תגמולים ואישית לפיצויים | אג""ח ללא מניות",2015,1.2397,8,0.0
gemel,2261,אי.בי.אי תג' מחקה מדד מדדיות ממשלתיות 5-10 שנים,תגמולים ואישית לפיצויים,"אג""ח ללא מניות","תגמולים ואישית לפיצויים | אג""ח ללא מניות",2015,2.109,8,0.0
gemel,2262,אי.בי.אי לתגמולים ופיצויים פאסיבי משולב עד 10% מניות,תגמולים ואישית לפיצויים,עד 25% מניות,תגמולים ואישית לפיצויים | עד 25% מניות,2015,0.4455,12,25.1
gemel,2263,הלמן-אלדובי גמל פאסיבי משולב עד 25% מניות,תגמולים ואישית לפיצויים,עד 25% מניות,תגמולים ואישית לפיצויים | עד 25% מניות,2015,1.1322,12,160.1
gemel,2264,"הלמן-אלדובי השתלמות מחקה מדד ת""א 35",קרנות השתלמות,מניות פאסיבי,קרנות השתלמות | מניות פאסיבי,2015,4.5978,12,22.6
gemel,2265,הלמן-אלדובי השתלמות מחקה מדד S&P500,קרנות השתלמות,מניות פאסיבי,קרנות השתלמות | מניות פאסיבי,2015,1.0653,12,58.0
gemel,2266,אי.בי.אי מחקה מדד שקליות ריבית קבועה ממשלתיות 2-5,קרנות השתלמות,"אג""ח ללא מניות","קרנות השתלמות | אג""ח ללא מניות",2015,0.9941,8,0.0
gemel,2267,אי.בי.אי מחקה מדד שקליות ריבית קבועה ממשלתיות 5+,קרנות השתלמות,"אג""ח ללא מניות","קרנות השתלמות | אג""ח ללא מניות",2015,2.5581,8,0.0
gemel,2268,אי.בי.אי השתלמות מחקה מדד מדדיות ממשלתיות 2-5 שנים,קרנות השתלמות,"אג""ח ללא מניות","קרנות השתלמות | אג""ח ללא מניות",2015,0.8289,8,0.0
gemel,2269,אי.בי.אי מחקה מדד מדדיות ממשלתיות 5-10 שנים,קרנות השתלמות,"אג""ח ללא מניות","קרנות השתלמות | אג""ח ללא מניות",2015,1.4188,8,0.0
gemel,2270,אי.בי.אי השתלמות פאסיבי משולב עד 10% מניות,קרנות השתלמות,עד 25% מניות,קרנות השתלמות | עד 25% מניות,2015,0.3753,12,15.1
gemel,2271,הלמן-אלדובי השתלמות פאסיבי משולב עד 25% מניות,קרנות השתלמות,עד 25% מניות,קרנות השתלמות | עד 25% מניות,2015,0.9151,12,121.7
gemel,2272,אי.בי.אי השתלמות מסלול מחקה מדד תל בונד 20,קרנות השתלמות,"אג""ח ללא מניות","קרנות השתלמות | אג""ח ללא מניות",2015,0.9764,8,0.0
gemel,253,"כלל תמר אג""ח עד 25% מניות",תגמולים ואישית לפיצויים,עד 25% מניות,תגמולים ואישית לפיצויים | עד 25% מניות,2015,2.5816,12,14037.6
gemel,257,הלמן-אלדובי גמל ישראל,תגמולים ואישית לפיצויים,כללי/מעורב/גמיש/תלוי גיל,תגמולים ואישית לפיצויים | כללי/מעורב/גמיש/תלוי גיל,2015,2.1399,12,3663.1
gemel,258,איילון תגמולים ואישית לפיצויים מסלול כללי,תגמולים ואישית לפיצויים,כללי/מעורב/גמיש/תלוי גיל,תגמולים ואישית לפיצויים | כללי/מעורב/גמיש/תלוי גיל,2015,1.5248,12,1366.4
gemel,259,הלמן-אלדובי גמל כללי (לשעבר קופת פקידי מרכנתיל דיסקונט),תגמולים ואישית לפיצויים,כללי/מעורב/גמיש/תלוי גיל,תגמולים ואישית לפיצויים | כללי/מעורב/גמיש/תלוי גיל,2015,2.2276,12,213.4
gemel,260,מנורה מבטחים אמיר כללי,תגמולים ואישית לפיצויים,כללי/מעורב/גמיש/תלוי גיל,תגמולים ואישית לפיצויים | כללי/מעורב/גמיש/תלוי גיל,2015,2.1718,12,247.0
gemel,263,"בר קרן גמולים קופת גמל לתגמולים ופיצויים בניהול כלל גמל בע""מ",תגמולים ואישית לפיצויים,כללי/מעורב/גמיש/תלוי גיל,תגמולים ואישית לפיצויים | כללי/מעורב/גמיש/תלוי גיל,2015,2.7004,12,3927.4
gemel,270,פסגות גדיש אגח עד 20% מניות,תגמולים ואישית לפיצויים,עד 25% מניות,תגמולים ואישית לפיצויים | עד 25% מניות,2015,1.9455,12,1069.2
gemel,275,איניפיניטי גמל דינמי,תגמולים ואישית לפיצויים,כללי/מעורב/גמיש/תלוי גיל,תגמולים ואישית לפיצויים | כללי/מעורב/גמיש/תלוי גיל,2015,2.9922,12,42.8
gemel,385,"הפניקס גמל אשראי ואג""ח",תגמולים ואישית לפיצויים,"אג""ח ללא מניות","תגמולים ואישית לפיצויים | אג""ח ללא מניות",2015,1.1485,12,1122.7
gemel,395,"הלמן-אלדובי השתלמות אג""ח עד 25% במניות",קרנות השתלמות,עד 25% מניות,קרנות השתלמות | עד 25% מניות,2015,1.9029,12,206.6
gemel,396,פסגות שיא השתלמות כללי,קרנות השתלמות,כללי/מעורב/גמיש/תלוי גיל,קרנות השתלמות | כללי/מעורב/גמיש/תלוי גיל,2015,2.6507,12,8929.3
gemel,398,איילון השתלמות מסלול כללי,קרנות השתלמות,כללי/מעורב/גמיש/תלוי גיל,קרנות השתלמות | כללי/מעורב/גמיש/תלוי גיל,2015,1.151,12,1445.0
gemel,401,הפניקס גמל לבני 60 ומעלה,תגמולים ואישית לפיצויים,כללי/מעורב/גמיש/תלוי גיל,תגמולים ואישית לפיצויים | כללי/מעורב/גמיש/תלוי גיל,2015,2.2594,12,1018.9
gemel,416,"הראל השתלמות אשראי ואג""ח עם מניות (עד 25% מניות)",קרנות השתלמות,עד 25% מניות,קרנות השתלמות | עד 25% מניות,2015,2.3403,12,1367.4
gemel,450,פסגות גדיש בטא,תגמולים ואישית לפיצויים,כללי/מעורב/גמיש/תלוי גיל,תגמולים ואישית לפיצויים | כללי/מעורב/גמיש/תלוי גיל,2015,3.7319,12,850.1
gemel,456,כלל השתלמות כללי,קרנות השתלמות,כללי/מעורב/גמיש/תלוי גיל,קרנות השתלמות | כללי/מעורב/גמיש/תלוי גיל,2015,2.6864,12,5978.4
gemel,502,"הראל גמל מסלול אג""ח עד 20% מניות",תגמולים ואישית לפיצויים,עד 25% מניות,תגמולים ואישית לפיצויים | עד 25% מניות,2015,2.4607,12,1684.1
gemel,517,תלם-חריש,תגמולים ואישית לפיצויים,כללי/מעורב/גמיש/תלוי גיל,תגמולים ואישית לפיצויים | כללי/מעורב/גמיש/תלוי גיל,2015,1.5573,12,1515.1
gemel,521,"הפניקס תגמולים ופיצויים - מסלול אג""ח עד 25% מניות",תגמולים ואישית לפיצויים,עד 25% מניות,תגמולים ואישית לפיצויים | עד 25% מניות,2015,1.9748,12,45.0
gemel,546,אלטשולר שחם גמל להיט קלאסי,תגמולים ואישית לפיצויים,"אג""ח ללא מניות","תגמולים ואישית לפיצויים | אג""ח ללא מניות",2015,2.0196,12,4698.7
gemel,548,"פסגות גדיש אג""ח חו""ל",תגמולים ואישית לפיצויים,"אג""ח ללא מניות","תגמולים ואישית לפיצויים | אג""ח ללא מניות",2015,-0.3526,12,24.3
gemel,550,פסגות גדיש שקלית,תגמולים ואישית לפיצויים,"אג""ח ללא מניות","תגמולים ואישית לפיצויים | אג""ח ללא מניות",2015,2.3276,12,247.9
gemel,551,מיטב גמל לבני 60 ומעלה,תגמולים ואישית לפיצויים,כללי/מעורב/גמיש/תלוי גיל,תגמולים ואישית לפיצויים | כללי/מעורב/גמיש/תלוי גיל,2015,0.9361,12,2895.4
gemel,554,מיטב השתלמות עד 6 שנות וותק,קרנות השתלמות,כללי/מעורב/גמיש/תלוי גיל,קרנות השתלמות | כללי/מעורב/גמיש/תלוי גיל,2015,1.5386,12,9518.3
gemel,558,"אלטשולר שחם השתלמות אשראי ואג""ח עם מניות (עד 25% מניות)",קרנות השתלמות,עד 25% מניות,קרנות השתלמות | עד 25% מניות,2015,1.7831,12,5620.6
gemel,560,אנליסט קרן השתלמות כללי,קרנות השתלמות,כללי/מעורב/גמיש/תלוי גיל,קרנות השתלמות | כללי/מעורב/גמיש/תלוי גיל,2015,1.0413,12,1943.7
gemel,566,הראל השתלמות לטווח ארוך,קרנות השתלמות,כללי/מעורב/גמיש/תלוי גיל,קרנות השתלמות | כללי/מעורב/גמיש/תלוי גיל,2015,1.6609,12,69.9
gemel,567,הראל גמל לגילאי 50 ומטה,תגמולים ואישית לפיצויים,כללי/מעורב/גמיש/תלוי גיל,תגמולים ואישית לפיצויים | כללי/מעורב/גמיש/תלוי גיל,2015,1.8608,12,71.0
gemel,579,מגדל השתלמות מסלול כללי,קרנות השתלמות,כללי/מעורב/גמיש/תלוי גיל,קרנות השתלמות | כללי/מעורב/גמיש/תלוי גיל,2015,1.3406,12,11306.0
gemel,592,כלל תמר שקלים,תגמולים ואישית לפיצויים,"אג""ח ללא מניות","תגמולים ואישית לפיצויים | אג""ח ללא מניות",2015,2.5395,12,481.8
gemel,599,"מגדל השתלמות מסלול אג""ח עד 10% מניות",קרנות השתלמות,עד 25% מניות,קרנות השתלמות | עד 25% מניות,2015,1.1318,12,213.5
gemel,600,מיטב דש גמל חכם לבני 40-50,תגמולים ואישית לפיצויים,כללי/מעורב/גמיש/תלוי גיל,תגמולים ואישית לפיצויים | כללי/מעורב/גמיש/תלוי גיל,2015,2.1311,12,527.3
gemel,610,"פסגות שיא השתלמות אג""ח",קרנות השתלמות,"אג""ח ללא מניות","קרנות השתלמות | אג""ח ללא מניות",2015,1.3248,12,1034.9
gemel,611,פסגות שיא השתלמות כספי,קרנות השתלמות,כספי,קרנות השתלמות | כספי,2015,0.11,12,216.7
gemel,612,פסגות שיא השתלמות מניות,קרנות השתלמות,מניות אקטיבי,קרנות השתלמות | מניות אקטיבי,2015,4.8728,12,331.6
gemel,643,מיטב דש השתלמות חכם עד 3 שנות וותק,קרנות השתלמות,כללי/מעורב/גמיש/תלוי גיל,קרנות השתלמות | כללי/מעורב/גמיש/תלוי גיל,2015,1.8992,12,539.7
gemel,681,"הלמן-אלדובי בר-יציב אג""ח עד 20% במניות",תגמולים ואישית לפיצויים,עד 25% מניות,תגמולים ואישית לפיצויים | עד 25% מניות,2015,1.3113,12,139.3
gemel,685,אקסלנס גמל,תגמולים ואישית לפיצויים,כללי/מעורב/גמיש/תלוי גיל,תגמולים ואישית לפיצויים | כללי/מעורב/גמיש/תלוי גיל,2015,1.7131,12,4194.4
gemel,686,הפניקס השתלמות לטווח קצר,קרנות השתלמות,כללי/מעורב/גמיש/תלוי גיל,קרנות השתלמות | כללי/מעורב/גמיש/תלוי גיל,2015,1.9191,12,5367.1
gemel,715,הפניקס השתלמות כספי (שקלי),קרנות השתלמות,כספי,קרנות השתלמות | כספי,2015,2.3088,12,264.1
gemel,716,"הפניקס השתלמות אשראי ואג""ח",קרנות השתלמות,"אג""ח ללא מניות","קרנות השתלמות | אג""ח ללא מניות",2015,2.1967,12,335.2
gemel,722,"הלמן-אלדובי בר-יציב אג""ח צמוד מדד",תגמולים ואישית לפיצויים,"אג""ח ללא מניות","תגמולים ואישית לפיצויים | אג""ח ללא מניות",2015,1.5081,12,226.9
gemel,723,הלמן-אלדובי בר-יציב שקלי,תגמולים ואישית לפיצויים,"אג""ח ללא מניות","תגמולים ואישית לפיצויים | אג""ח ללא מניות",2015,0.8655,12,235.6
gemel,724,הלמן-אלדובי גמל מניות,תגמולים ואישית לפיצויים,מניות אקטיבי,תגמולים ואישית לפיצויים | מניות אקטיבי,2015,1.3212,12,59.2
gemel,730,אנליסט קתדרה כללי,תגמולים ואישית לפיצויים,כללי/מעורב/גמיש/תלוי גיל,תגמולים ואישית לפיצויים | כללי/מעורב/גמיש/תלוי גיל,2015,1.7086,12,78.7
gemel,732,"אנליסט קתדרה קופת גמל - מסלול אג""ח",תגמולים ואישית לפיצויים,"אג""ח ללא מניות","תגמולים ואישית לפיצויים | אג""ח ללא מניות",2015,1.1636,12,21.3
gemel,736,"הלמן-אלדובי השתלמות אג""ח",קרנות השתלמות,"אג""ח ללא מניות","קרנות השתלמות | אג""ח ללא מניות",2015,1.4152,12,128.2
gemel,737,הלמן-אלדובי השתלמות שקלי,קרנות השתלמות,"אג""ח ללא מניות","קרנות השתלמות | אג""ח ללא מניות",2015,0.7963,12,90.7
gemel,738,הלמן-אלדובי השתלמות מניות,קרנות השתלמות,מניות אקטיבי,קרנות השתלמות | מניות אקטיבי,2015,1.6726,12,43.9
gemel,744,מגדל לתגמולים ולפיצויים מסלול כללי,תגמולים ואישית לפיצויים,כללי/מעורב/גמיש/תלוי גיל,תגמולים ואישית לפיצויים | כללי/מעורב/גמיש/תלוי גיל,2015,1.1045,12,1420.5
gemel,761,הראל גמל מסלול מניות,תגמולים ואישית לפיצויים,מניות אקטיבי,תגמולים ואישית לפיצויים | מניות אקטיבי,2015,3.541,12,132.1
gemel,762,"הראל גמל מסלול אג""ח עד 10% מניות",תגמולים ואישית לפיצויים,עד 25% מניות,תגמולים ואישית לפיצויים | עד 25% מניות,2015,2.1723,12,1668.2
gemel,763,הראל השתלמות מסלול מניות,קרנות השתלמות,מניות אקטיבי,קרנות השתלמות | מניות אקטיבי,2015,3.454,12,288.9
gemel,764,"הראל השתלמות אג""ח עד 10% מניות",קרנות השתלמות,עד 25% מניות,קרנות השתלמות | עד 25% מניות,2015,1.9197,12,1246.1
gemel,767,מיטב גמל הלכה,תגמולים ואישית לפיצויים,כללי/מעורב/גמיש/תלוי גיל,תגמולים ואישית לפיצויים | כללי/מעורב/גמיש/תלוי גיל,2015,0.2525,12,74.0
gemel,768,מיטב השתלמות הלכה,קרנות השתלמות,כללי/מעורב/גמיש/תלוי גיל,קרנות השתלמות | כללי/מעורב/גמיש/תלוי גיל,2015,0.2475,12,81.7
gemel,770,אי.בי.אי תגמולים - כללי,תגמולים ואישית לפיצויים,כללי/מעורב/גמיש/תלוי גיל,תגמולים ואישית לפיצויים | כללי/מעורב/גמיש/תלוי גיל,2015,2.3686,12,92.1
gemel,792,"אקסלנס גמל אג""ח צמוד מדד",תגמולים ואישית לפיצויים,"אג""ח ללא מניות","תגמולים ואישית לפיצויים | אג""ח ללא מניות",2015,0.6548,12,312.5
gemel,797,אקסלנס השתלמות מניות,קרנות השתלמות,מניות אקטיבי,קרנות השתלמות | מניות אקטיבי,2015,3.8923,12,55.1
gemel,799,אקסלנס השתלמות צמוד מדד,קרנות השתלמות,"אג""ח ללא מניות","קרנות השתלמות | אג""ח ללא מניות",2015,0.6614,12,350.7
gemel,8012,"מגדל לתגמולים ולפיצויים מסלול אשראי ואג""ח",תגמולים ואישית לפיצויים,"אג""ח ללא מניות","תגמולים ואישית לפיצויים | אג""ח ללא מניות",2015,0.1117,12,25.9
gemel,8057,"הראל גמל מסלול- חו""ל",תגמולים ואישית לפיצויים,כללי/מעורב/גמיש/תלוי גיל,תגמולים ואישית לפיצויים | כללי/מעורב/גמיש/תלוי גיל,2015,-0.2201,12,6.4
gemel,8058,"הראל השתלמות אג""ח קונצרני",קרנות השתלמות,"אג""ח ללא מניות","קרנות השתלמות | אג""ח ללא מניות",2015,-0.0312,12,4.7
gemel,811,אנליסט מסלולית קופת גמל ישראל,תגמולים ואישית לפיצויים,כללי/מעורב/גמיש/תלוי גיל,תגמולים ואישית לפיצויים | כללי/מעורב/גמיש/תלוי גיל,2015,4.898,12,559.7
gemel,812,אנליסט גמל כללי,תגמולים ואישית לפיצויים,כללי/מעורב/גמיש/תלוי גיל,תגמולים ואישית לפיצויים | כללי/מעורב/גמיש/תלוי גיל,2015,1.0332,12,653.9
gemel,8128,"אנליסט מסלולית קופת גמל - אג""ח עד 10% מניות",תגמולים ואישית לפיצויים,עד 25% מניות,תגמולים ואישית לפיצויים | עד 25% מניות,2015,1.5795,12,15.1
gemel,8129,"אנליסט קרן השתלמות אג""ח עד 10% מניות",קרנות השתלמות,עד 25% מניות,קרנות השתלמות | עד 25% מניות,2015,1.4556,12,21.7
gemel,813,"אנליסט גמל אשראי ואג""ח",תגמולים ואישית לפיצויים,"אג""ח ללא מניות","תגמולים ואישית לפיצויים | אג""ח ללא מניות",2015,2.3578,12,59.9
gemel,814,אנליסט גמל מניות,תגמולים ואישית לפיצויים,מניות אקטיבי,תגמולים ואישית לפיצויים | מניות אקטיבי,2015,3.6474,12,79.7
gemel,815,אנליסט גמל כספי (שקלי),תגמולים ואישית לפיצויים,כספי,תגמולים ואישית לפיצויים | כספי,2015,0.5294,12,42.8
gemel,817,אנליסט גמל מניות סחיר,תגמולים ואישית לפיצויים,מניות אקטיבי,תגמולים ואישית לפיצויים | מניות אקטיבי,2015,-0.6455,12,41.1
gemel,818,אנליסט גמל משולב סחיר,תגמולים ואישית לפיצויים,כללי/מעורב/גמיש/תלוי גיל,תגמולים ואישית לפיצויים | כללי/מעורב/גמיש/תלוי גיל,2015,2.7924,12,11.2
gemel,826,מנורה מבטחים תגמולים ופיצויים מסלול כללי,תגמולים ואישית לפיצויים,כללי/מעורב/גמיש/תלוי גיל,תגמולים ואישית לפיצויים | כללי/מעורב/גמיש/תלוי גיל,2015,2.2931,12,3395.6
gemel,828,מנורה מבטחים השתלמות מסלול כללי,קרנות השתלמות,כללי/מעורב/גמיש/תלוי גיל,קרנות השתלמות | כללי/מעורב/גמיש/תלוי גיל,2015,1.6531,12,2201.4
gemel,835,פסגות גדיש אגח צמוד מדד,תגמולים ואישית לפיצויים,"אג""ח ללא מניות","תגמולים ואישית לפיצויים | אג""ח ללא מניות",2015,0.8403,12,574.0
gemel,8391,אינפיניטי גמל עד 15% מניות,תגמולים ואישית לפיצויים,עד 25% מניות,תגמולים ואישית לפיצויים | עד 25% מניות,2015,0.8118,12,17.7
gemel,8392,אינפיניטי גמל לפחות 40% מניות,תגמולים ואישית לפיצויים,כללי/מעורב/גמיש/תלוי גיל,תגמולים ואישית לפיצויים | כללי/מעורב/גמיש/תלוי גיל,2015,3.6746,12,3.9
gemel,8563,ילין לפידות קרן השתלמות מסלול מניות,קרנות השתלמות,מניות אקטיבי,קרנות השתלמות | מניות אקטיבי,2015,3.4048,12,106.3
gemel,858,מגדל לתגמולים ולפיצויים מסלול כספי (שקלי),תגמולים ואישית לפיצויים,כספי,תגמולים ואישית לפיצויים | כספי,2015,0.1301,12,47.8
gemel,859,"מגדל לתגמולים ולפיצויים מסלול אג""ח ממשלות",תגמולים ואישית לפיצויים,"אג""ח ללא מניות","תגמולים ואישית לפיצויים | אג""ח ללא מניות",2015,1.3663,12,139.4
gemel,860,מגדל לתגמולים ולפיצויים מסלול צמוד מדד,תגמולים ואישית לפיצויים,"אג""ח ללא מניות","תגמולים ואישית לפיצויים | אג""ח ללא מניות",2015,0.3716,12,35.3
gemel,862,"מגדל לתגמולים ולפיצויים מסלול חו""ל",תגמולים ואישית לפיצויים,כללי/מעורב/גמיש/תלוי גיל,תגמולים ואישית לפיצויים | כללי/מעורב/גמיש/תלוי גיל,2015,-2.6809,12,3.3
gemel,8624,הפניקס גמל פאסיבי לבני 60 ומעלה,תגמולים ואישית לפיצויים,כללי/מעורב/גמיש/תלוי גיל,תגמולים ואישית לפיצויים | כללי/מעורב/גמיש/תלוי גיל,2015,1.9992,12,116.9
gemel,8625,אקסלנס קסם גמל מחקה מדדים,תגמולים ואישית לפיצויים,כללי/מעורב/גמיש/תלוי גיל,תגמולים ואישית לפיצויים | כללי/מעורב/גמיש/תלוי גיל,2015,3.1417,12,360.3
gemel,8626,אקסלנס גמל פאסיבי- מדדי מניות,תגמולים ואישית לפיצויים,מניות פאסיבי,תגמולים ואישית לפיצויים | מניות פאסיבי,2015,8.4926,12,56.1
gemel,8627,"אקסלנס גמל פאסיבי-מדדי אג""ח",תגמולים ואישית לפיצויים,"אג""ח ללא מניות","תגמולים ואישית לפיצויים | אג""ח ללא מניות",2015,1.1249,12,12.6
gemel,8628,"אקסלנס השתלמות פאסיבי-מדדי אג""ח עד 25% במדדי מניות",קרנות השתלמות,עד 25% מניות,קרנות השתלמות | עד 25% מניות,2015,2.1418,12,76.0
gemel,8629,הפניקס השתלמות עוקב מדדים גמיש,קרנות השתלמות,כללי/מעורב/גמיש/תלוי גיל,קרנות השתלמות | כללי/מעורב/גמיש/תלוי גיל,2015,3.1506,12,251.2
gemel,863,מגדל לתגמולים ולפיצויים מסלול מניות,תגמולים ואישית לפיצויים,מניות אקטיבי,תגמולים ואישית לפיצויים | מניות אקטיבי,2015,3.2452,12,22.9
gemel,8630,אקסלנס השתלמות פאסיבי-מדדי מניות,קרנות השתלמות,מניות פאסיבי,קרנות השתלמות | מניות פאסיבי,2015,9.477,12,43.7
gemel,8631,"אקסלנס השתלמות פאסיבי-מדדי אג""ח",קרנות השתלמות,"אג""ח ללא מניות","קרנות השתלמות | אג""ח ללא מניות",2015,1.6601,12,6.8
gemel,864,מגדל השתלמות מסלול כספי (שקלי),קרנות השתלמות,כספי,קרנות השתלמות | כספי,2015,0.1401,12,209.7
gemel,865,"מגדל השתלמות מסלול אג""ח ממשלות",קרנות השתלמות,"אג""ח ללא מניות","קרנות השתלמות | אג""ח ללא מניות",2015,1.4524,12,395.1
gemel,866,מגדל השתלמות מסלול צמוד מדד,קרנות השתלמות,"אג""ח ללא מניות","קרנות השתלמות | אג""ח ללא מניות",2015,0.3612,12,60.5
gemel,8679,"אנליסט קרן השתלמות - אשראי ואג""ח עד 25% מניות",קרנות השתלמות,עד 25% מניות,קרנות השתלמות | עד 25% מניות,2015,-2.1094,9,94.7
gemel,868,"מגדל השתלמות מסלול חו""ל",קרנות השתלמות,כללי/מעורב/גמיש/תלוי גיל,קרנות השתלמות | כללי/מעורב/גמיש/תלוי גיל,2015,-3.2682,12,8.5
gemel,869,מגדל השתלמות מסלול מניות,קרנות השתלמות,מניות אקטיבי,קרנות השתלמות | מניות אקטיבי,2015,2.0798,12,124.2
gemel,8695,"אלפא מור תגמולים - מסלול עוקב מדד ""מניות תל אביב 35""",תגמולים ואישית לפיצויים,מניות פאסיבי,תגמולים ואישית לפיצויים | מניות פאסיבי,2015,4.2019,12,0.2
gemel,8696,"אלפא מור תגמולים - מסלול עוקב מדד ""מדדיות ממשלתיות לטווח של 5-10 שנים""",תגמולים ואישית לפיצויים,"אג""ח ללא מניות","תגמולים ואישית לפיצויים | אג""ח ללא מניות",2015,-0.7899,12,0.1
gemel,8697,"אלפא מור תגמולים - מסלול עוקב מדד ""שקליות ריבית קבועה ממשלתיות""",תגמולים ואישית לפיצויים,"אג""ח ללא מניות","תגמולים ואישית לפיצויים | אג""ח ללא מניות",2015,3.1347,12,0.1
gemel,8698,"אלפא מור תגמולים - מסלול עוקב מדד ""תל בונד 20""",תגמולים ואישית לפיצויים,"אג""ח ללא מניות","תגמולים ואישית לפיצויים | אג""ח ללא מניות",2015,-1.2839,12,0.1
gemel,8699,"אלפא מור קופת גמל לחיסכון, קופת גמל לתגמולים וקופת גמל אישית לפיצויים - כספי (שקלי)",תגמולים ואישית לפיצויים,כספי,תגמולים ואישית לפיצויים | כספי,2015,0.0,4,0.0
gemel,8701,"מור השתלמות -מסלול עוקב מדד ""מניות תל אביב 35""",קרנות השתלמות,מניות פאסיבי,קרנות השתלמות | מניות פאסיבי,2015,4.3979,12,0.2
gemel,8702,"מור השתלמות - מסלול עוקב מדד ""מדדיות ממשלתיות לטווח של 5-10 שנים""",קרנות השתלמות,"אג""ח ללא מניות","קרנות השתלמות | אג""ח ללא מניות",2015,-0.8891,12,0.1
gemel,8703,"מור השתלמות - מסלול עוקב מדד ""שקליות ריבית קבועה ממשלתיות""",קרנות השתלמות,"אג""ח ללא מניות","קרנות השתלמות | אג""ח ללא מניות",2015,3.0217,12,0.1
gemel,8704,"מור השתלמות - מסלול עוקב מדד ""תל בונד 20""",קרנות השתלמות,"אג""ח ללא מניות","קרנות השתלמות | אג""ח ללא מניות",2015,-1.4655,12,0.1
gemel,8705,מור קרן השתלמות לשכירים ולעצמאים - כספי (שקלי),קרנות השתלמות,כספי,קרנות השתלמות | כספי,2015,0.0,3,0.0
gemel,871,הראל גמל לגילאי 60 ומעלה,תגמולים ואישית לפיצויים,כללי/מעורב/גמיש/תלוי גיל,תגמולים ואישית לפיצויים | כללי/מעורב/גמיש/תלוי גיל,2015,2.5395,12,425.5
gemel,874,"מיטב גמל אג""ח עד 25% מניות",תגמולים ואישית לפיצויים,עד 25% מניות,תגמולים ואישית לפיצויים | עד 25% מניות,2015,1.5813,12,5367.3
gemel,875,"מיטב דש גמל אג""ח צמוד מדד",תגמולים ואישית לפיצויים,"אג""ח ללא מניות","תגמולים ואישית לפיצויים | אג""ח ללא מניות",2015,0.3067,12,273.5
gemel,876,מיטב גמל כספי (שקלי),תגמולים ואישית לפיצויים,כספי,תגמולים ואישית לפיצויים | כספי,2015,1.9495,12,168.0
gemel,877,מיטב גמל מניות,תגמולים ואישית לפיצויים,מניות אקטיבי,תגמולים ואישית לפיצויים | מניות אקטיבי,2015,2.5401,12,280.4
gemel,8779,אנליסט קרן השתלמות משולב סחיר,קרנות השתלמות,כללי/מעורב/גמיש/תלוי גיל,קרנות השתלמות | כללי/מעורב/גמיש/תלוי גיל,2015,-2.6217,9,2.2
gemel,880,מיטב השתלמות כללי,קרנות השתלמות,כללי/מעורב/גמיש/תלוי גיל,קרנות השתלמות | כללי/מעורב/גמיש/תלוי גיל,2015,1.5803,12,5537.2
gemel,881,"מיטב השתלמות אג""ח צמוד מדד",קרנות השתלמות,"אג""ח ללא מניות","קרנות השתלמות | אג""ח ללא מניות",2015,0.3492,12,295.2
gemel,882,מיטב דש השתלמות מסלול שקלי,קרנות השתלמות,"אג""ח ללא מניות","קרנות השתלמות | אג""ח ללא מניות",2015,1.9186,12,186.4
gemel,883,מיטב השתלמות מניות,קרנות השתלמות,מניות אקטיבי,קרנות השתלמות | מניות אקטיבי,2015,2.2877,12,408.6
gemel,8885,"מיטב השתלמות אשראי ואג""ח עם מניות (עד 25% מניות)",קרנות השתלמות,עד 25% מניות,קרנות השתלמות | עד 25% מניות,2015,-2.6646,7,36.6
gemel,923,מיטב בטחון,תגמולים ואישית לפיצויים,כללי/מעורב/גמיש/תלוי גיל,תגמולים ואישית לפיצויים | כללי/מעורב/גמיש/תלוי גיל,2015,1.6349,12,25.1
gemel,9432,"איילון השתלמות מסלול חו""ל",קרנות השתלמות,כללי/מעורב/גמיש/תלוי גיל,קרנות השתלמות | כללי/מעורב/גמיש/תלוי גיל,2015,-0.11,1,0.1
gemel,948,מיטב גמל שקלי טווח קצר,תגמולים ואישית לפיצויים,כספי,תגמולים ואישית לפיצויים | כספי,2015,0.14,12,80.0
gemel,957,הפניקס תגמולים ופיצויים - מסלול כללי,תגמולים ואישית לפיצויים,כללי/מעורב/גמיש/תלוי גיל,תגמולים ואישית לפיצויים | כללי/מעורב/גמיש/תלוי גיל,2015,3.3828,12,298.5
gemel,961,הפניקס גמל מסלול מניות,תגמולים ואישית לפיצויים,מניות אקטיבי,תגמולים ואישית לפיצויים | מניות אקטיבי,2015,4.96,12,12.1
gemel,962,אנליסט השתלמות כללי,קרנות השתלמות,כללי/מעורב/גמיש/תלוי גיל,קרנות השתלמות | כללי/מעורב/גמיש/תלוי גיל,2015,4.6177,12,541.1
gemel,963,אנליסט השתלמות מניות,קרנות השתלמות,מניות אקטיבי,קרנות השתלמות | מניות אקטיבי,2015,3.4142,12,106.3
gemel,964,הפניקס השתלמות כללי,קרנות השתלמות,כללי/מעורב/גמיש/תלוי גיל,קרנות השתלמות | כללי/מעורב/גמיש/תלוי גיל,2015,3.1412,12,860.3
gemel,9676,מור השתלמות קרן השתלמות לשכירים ולעצמאים מעורב מחקה מדדים,קרנות השתלמות,כללי/מעורב/גמיש/תלוי גיל,קרנות השתלמות | כללי/מעורב/גמיש/תלוי גיל,2015,-1.22,1,0.1
gemel,9677,אלפא מור קופת גמל לתגמולים ואישית לפיצויים וקופת גמל לא משלמת לקצבה מעורב מחקה מדדים,תגמולים ואישית לפיצויים,כללי/מעורב/גמיש/תלוי גיל,תגמולים ואישית לפיצויים | כללי/מעורב/גמיש/תלוי גיל,2015,-1.17,1,0.1
gemel,968,הפניקס השתלמות מניות,קרנות השתלמות,מניות אקטיבי,קרנות השתלמות | מניות אקטיבי,2015,5.1124,12,49.9
gemel,972,"אנליסט השתלמות אשראי ואג""ח",קרנות השתלמות,"אג""ח ללא מניות","קרנות השתלמות | אג""ח ללא מניות",2015,2.2702,12,123.9
gemel,973,"אנליסט השתלמות אג""ח ממשלות",קרנות השתלמות,"אג""ח ללא מניות","קרנות השתלמות | אג""ח ללא מניות",2015,1.3271,12,69.1
gemel,989,אלטשולר שחם עוקב מדדי מניות,תגמולים ואישית לפיצויים,מניות פאסיבי,תגמולים ואישית לפיצויים | מניות פאסיבי,2015,-0.3222,12,82.7
gemel,101,"הראל אג""ח עד 25% מניות",תגמולים ואישית לפיצויים,עד 25% מניות,תגמולים ואישית לפיצויים | עד 25% מניות,2016,3.4723,12,11620.6
gemel,103,מיטב גמל לבני 50 עד 60,תגמולים ואישית לפיצויים,כללי/מעורב/גמיש/תלוי גיל,תגמולים ואישית לפיצויים | כללי/מעורב/גמיש/תלוי גיל,2016,3.5453,12,5292.1
gemel,1034,הראל השתלמות משולב סחיר,קרנות השתלמות,כללי/מעורב/גמיש/תלוי גיל,קרנות השתלמות | כללי/מעורב/גמיש/תלוי גיל,2016,4.5485,12,43.4
gemel,1035,"ילין לפידות קופת גמל מסלול אג""ח עד 25% מניות",תגמולים ואישית לפיצויים,עד 25% מניות,תגמולים ואישית לפיצויים | עד 25% מניות,2016,5.2026,12,4710.5
gemel,1036,ילין לפידות קופת גמל מסלול מניות,תגמולים ואישית לפיצויים,מניות אקטיבי,תגמולים ואישית לפיצויים | מניות אקטיבי,2016,13.545,12,682.4
gemel,1037,"ילין לפידות קופת גמל מסלול אשראי ואג""ח",תגמולים ואישית לפיצויים,"אג""ח ללא מניות","תגמולים ואישית לפיצויים | אג""ח ללא מניות",2016,2.5036,12,707.2
gemel,1038,"ילין לפידות קרן השתלמות מסלול אג""ח עם מניות (עד 25% מניות)",קרנות השתלמות,עד 25% מניות,קרנות השתלמות | עד 25% מניות,2016,4.9827,12,6183.4
gemel,1040,"אקסלנס גמל אג""ח קונצרני עד 20% מניות",תגמולים ואישית לפיצויים,עד 25% מניות,תגמולים ואישית לפיצויים | עד 25% מניות,2016,0.0,1,0.0
gemel,1042,אקסלנס גמל שקלי,תגמולים ואישית לפיצויים,"אג""ח ללא מניות","תגמולים ואישית לפיצויים | אג""ח ללא מניות",2016,0.0,1,0.0
gemel,1055,איילון השתלמות מסלול מניות,קרנות השתלמות,מניות אקטיבי,קרנות השתלמות | מניות אקטיבי,2016,2.9574,12,12.4
gemel,1057,"איילון השתלמות מסלול אג""ח",קרנות השתלמות,"אג""ח ללא מניות","קרנות השתלמות | אג""ח ללא מניות",2016,2.0255,12,50.8
gemel,1059,פסגות שיא השתלמות פאסיבי- כללי,קרנות השתלמות,כללי/מעורב/גמיש/תלוי גיל,קרנות השתלמות | כללי/מעורב/גמיש/תלוי גיל,2016,2.4833,12,36.2
gemel,1061,איילון השתלמות מסלול שקלי,קרנות השתלמות,"אג""ח ללא מניות","קרנות השתלמות | אג""ח ללא מניות",2016,0.8662,12,31.9
gemel,1062,איילון תגמולים ואישית לפיצויים מסלול מניות,תגמולים ואישית לפיצויים,מניות אקטיבי,תגמולים ואישית לפיצויים | מניות אקטיבי,2016,3.9208,12,11.7
gemel,1064,"איילון תגמולים ואישית לפיצויים מסלול אג""ח",תגמולים ואישית לפיצויים,"אג""ח ללא מניות","תגמולים ואישית לפיצויים | אג""ח ללא מניות",2016,1.8223,12,87.6
gemel,1068,איילון תגמולים ואישית לפיצויים מסלול שקלי,תגמולים ואישית לפיצויים,"אג""ח ללא מניות","תגמולים ואישית לפיצויים | אג""ח ללא מניות",2016,0.7953,12,28.7
gemel,107,"הלמן-אלדובי גמל אג""ח עד 25% במניות",תגמולים ואישית לפיצויים,עד 25% מניות,תגמולים ואישית לפיצויים | עד 25% מניות,2016,4.1851,12,480.8
gemel,1078,"אינפיניטי גמל אשראי ואג""ח",תגמולים ואישית לפיצויים,"אג""ח ללא מניות","תגמולים ואישית לפיצויים | אג""ח ללא מניות",2016,2.785,12,264.5
gemel,1079,אינפיניטי גמל מניות בישראל,תגמולים ואישית לפיצויים,מניות אקטיבי,תגמולים ואישית לפיצויים | מניות אקטיבי,2016,-2.5734,12,52.7
gemel,1083,אינפיניטי השתלמות כללי,קרנות השתלמות,כללי/מעורב/גמיש/תלוי גיל,קרנות השתלמות | כללי/מעורב/גמיש/תלוי גיל,2016,3.9608,12,35.2
gemel,1084,"אינפיניטי השתלמות אשראי ואג""ח",קרנות השתלמות,"אג""ח ללא מניות","קרנות השתלמות | אג""ח ללא מניות",2016,2.7039,12,330.8
gemel,1085,אינפיניטי השתלמות מניות בישראל,קרנות השתלמות,מניות אקטיבי,קרנות השתלמות | מניות אקטיבי,2016,-2.4999,12,86.4
gemel,1093,אלטשולר שחם השתלמות כללי,קרנות השתלמות,כללי/מעורב/גמיש/תלוי גיל,קרנות השתלמות | כללי/מעורב/גמיש/תלוי גיל,2016,4.7782,12,13187.6
gemel,1100,"הפניקס השתלמות אשראי ואג""ח עם מניות (עד 25% מניות)",קרנות השתלמות,עד 25% מניות,קרנות השתלמות | עד 25% מניות,2016,1.7305,12,2865.5
gemel,1103,אקסלנס גמל מניות,תגמולים ואישית לפיצויים,מניות אקטיבי,תגמולים ואישית לפיצויים | מניות אקטיבי,2016,0.0,1,0.0
gemel,1110,"מנורה מבטחים השתלמות מסלול אג""ח קונצרני",קרנות השתלמות,"אג""ח ללא מניות","קרנות השתלמות | אג""ח ללא מניות",2016,2.9899,12,83.0
gemel,1114,מנורה מבטחים השתלמות כספי (שקלי),קרנות השתלמות,כספי,קרנות השתלמות | כספי,2016,0.12,12,62.8
gemel,1147,"מנורה מבטחים תגמולים ופיצויים אג""ח עד 10% מניות",תגמולים ואישית לפיצויים,עד 25% מניות,תגמולים ואישית לפיצויים | עד 25% מניות,2016,2.3196,12,1158.1
gemel,1149,"מנורה מבטחים השתלמות אג""ח עד 10% מניות",קרנות השתלמות,עד 25% מניות,קרנות השתלמות | עד 25% מניות,2016,2.4631,12,1731.3
gemel,1156,מגדל לתגמולים ולפיצויים מסלול ביג כללי לפחות 30% מניות,תגמולים ואישית לפיצויים,כללי/מעורב/גמיש/תלוי גיל,תגמולים ואישית לפיצויים | כללי/מעורב/גמיש/תלוי גיל,2016,4.4289,12,133.7
gemel,1157,מגדל השתלמות מסלול ביג כללי לפחות 30% מניות,קרנות השתלמות,כללי/מעורב/גמיש/תלוי גיל,קרנות השתלמות | כללי/מעורב/גמיש/תלוי גיל,2016,3.5839,12,592.2
gemel,1162,ילין לפידות קרן השתלמות מסלול כללי,קרנות השתלמות,כללי/מעורב/גמיש/תלוי גיל,קרנות השתלמות | כללי/מעורב/גמיש/תלוי גיל,2016,6.6041,12,8702.8
gemel,117,"כלל תמר אשראי ואג""ח",תגמולים ואישית לפיצויים,"אג""ח ללא מניות","תגמולים ואישית לפיצויים | אג""ח ללא מניות",2016,1.2118,12,1229.3
gemel,1183,פסגות שיא השתלמות ישראל,קרנות השתלמות,כללי/מעורב/גמיש/תלוי גיל,קרנות השתלמות | כללי/מעורב/גמיש/תלוי גיל,2016,2.6264,12,2380.5
gemel,119,מנורה מבטחים יותר מסלול ד',תגמולים ואישית לפיצויים,כללי/מעורב/גמיש/תלוי גיל,תגמולים ואישית לפיצויים | כללי/מעורב/גמיש/תלוי גיל,2016,3.219,12,792.0
gemel,1190,"הפניקס השתלמות אג""ח עד 25% מניות",קרנות השתלמות,עד 25% מניות,קרנות השתלמות | עד 25% מניות,2016,2.5578,12,344.1
gemel,1198,"הלמן-אלדובי גמל מסלול אג""ח ללא מניות",תגמולים ואישית לפיצויים,"אג""ח ללא מניות","תגמולים ואישית לפיצויים | אג""ח ללא מניות",2016,1.3898,12,201.8
gemel,1199,"אי.בי.אי לתגמולים ופיצויים מסלול אג""ח ועוד",תגמולים ואישית לפיצויים,"אג""ח ללא מניות","תגמולים ואישית לפיצויים | אג""ח ללא מניות",2016,0.0,1,0.0
gemel,1200,אי.בי.אי לתגמולים ופיצויים מסלול כללי,תגמולים ואישית לפיצויים,כללי/מעורב/גמיש/תלוי גיל,תגמולים ואישית לפיצויים | כללי/מעורב/גמיש/תלוי גיל,2016,0.0,1,0.0
gemel,1201,אי.בי.אי לתגמולים ופיצויים מסלול מניות,תגמולים ואישית לפיצויים,מניות אקטיבי,תגמולים ואישית לפיצויים | מניות אקטיבי,2016,1.5508,12,63.6
gemel,1202,"הלמן-אלדובי קרן השתלמות מסלול אג""ח ללא מניות",קרנות השתלמות,"אג""ח ללא מניות","קרנות השתלמות | אג""ח ללא מניות",2016,1.3901,12,223.5
gemel,1203,"הלמן-אלדובי קרן השתלמות מסלול אג""ח עד 10% מניות",קרנות השתלמות,עד 25% מניות,קרנות השתלמות | עד 25% מניות,2016,1.4185,12,295.2
gemel,1204,אי.בי.אי קרן השתלמות מסלול כללי,קרנות השתלמות,כללי/מעורב/גמיש/תלוי גיל,קרנות השתלמות | כללי/מעורב/גמיש/תלוי גיל,2016,2.3895,12,690.9
gemel,1205,אי.בי.אי קרן השתלמות מסלול מניות,קרנות השתלמות,מניות אקטיבי,קרנות השתלמות | מניות אקטיבי,2016,1.663,12,69.3
gemel,1209,"אינפיניטי גמל אג""ח ממשלות",תגמולים ואישית לפיצויים,"אג""ח ללא מניות","תגמולים ואישית לפיצויים | אג""ח ללא מניות",2016,0.5413,12,21.4
gemel,1210,"אינפיניטי השתלמות אג""ח ממשלות",קרנות השתלמות,"אג""ח ללא מניות","קרנות השתלמות | אג""ח ללא מניות",2016,0.5408,12,33.0
gemel,1219,אלטשולר שחם קמה,תגמולים ואישית לפיצויים,כללי/מעורב/גמיש/תלוי גיל,תגמולים ואישית לפיצויים | כללי/מעורב/גמיש/תלוי גיל,2016,1.5624,12,195.9
gemel,124,כלל תמר מדד,תגמולים ואישית לפיצויים,"אג""ח ללא מניות","תגמולים ואישית לפיצויים | אג""ח ללא מניות",2016,1.056,12,1440.9
gemel,1240,"מיטב השתלמות אשראי ואג""ח",קרנות השתלמות,"אג""ח ללא מניות","קרנות השתלמות | אג""ח ללא מניות",2016,2.0601,12,650.7
gemel,1245,מיטב דש גמל חכם עד 40,תגמולים ואישית לפיצויים,מניות אקטיבי,תגמולים ואישית לפיצויים | מניות אקטיבי,2016,0.0,1,0.0
gemel,1256,מנורה מבטחים השתלמות מסלול מניות,קרנות השתלמות,מניות אקטיבי,קרנות השתלמות | מניות אקטיבי,2016,4.3029,12,54.6
gemel,1260,פסגות שיא השתלמות בטא,קרנות השתלמות,כללי/מעורב/גמיש/תלוי גיל,קרנות השתלמות | כללי/מעורב/גמיש/תלוי גיל,2016,0.0,1,0.0
gemel,127,כלל תמר מניות,תגמולים ואישית לפיצויים,מניות אקטיבי,תגמולים ואישית לפיצויים | מניות אקטיבי,2016,3.0935,12,189.0
gemel,128,כלל תמר כספי(שקלי),תגמולים ואישית לפיצויים,כספי,תגמולים ואישית לפיצויים | כספי,2016,0.12,12,259.8
gemel,1290,אלטשולר שחם השתלמות כללי ב',קרנות השתלמות,כללי/מעורב/גמיש/תלוי גיל,קרנות השתלמות | כללי/מעורב/גמיש/תלוי גיל,2016,5.2541,12,1538.2
gemel,1319,"ילין לפידות קרן השתלמות מסלול אשראי ואג""ח",קרנות השתלמות,"אג""ח ללא מניות","קרנות השתלמות | אג""ח ללא מניות",2016,2.2411,12,485.7
gemel,132,הלמן-אלדובי השתלמות כללי,קרנות השתלמות,כללי/מעורב/גמיש/תלוי גיל,קרנות השתלמות | כללי/מעורב/גמיש/תלוי גיל,2016,1.1274,12,2651.9
gemel,1330,פסגות גדיש מניות,תגמולים ואישית לפיצויים,מניות אקטיבי,תגמולים ואישית לפיצויים | מניות אקטיבי,2016,5.4696,12,535.4
gemel,1331,פסגות גדיש אגח עד 10% מניות,תגמולים ואישית לפיצויים,עד 25% מניות,תגמולים ואישית לפיצויים | עד 25% מניות,2016,1.8051,12,3349.9
gemel,1332,"פסגות גדיש אג""ח",תגמולים ואישית לפיצויים,"אג""ח ללא מניות","תגמולים ואישית לפיצויים | אג""ח ללא מניות",2016,1.5609,12,946.5
gemel,1333,פסגות גדיש כספי,תגמולים ואישית לפיצויים,כספי,תגמולים ואישית לפיצויים | כספי,2016,0.08,12,344.4
gemel,1334,הראל גמל כספי (שקלי),תגמולים ואישית לפיצויים,כספי,תגמולים ואישית לפיצויים | כספי,2016,0.2201,12,245.6
gemel,1335,"הראל גמל מסלול אשראי ואג""ח",תגמולים ואישית לפיצויים,"אג""ח ללא מניות","תגמולים ואישית לפיצויים | אג""ח ללא מניות",2016,2.4784,12,261.6
gemel,1343,מנורה מבטחים תגמולים ופיצויים מסלול כספי (שקלי),תגמולים ואישית לפיצויים,כספי,תגמולים ואישית לפיצויים | כספי,2016,0.1301,12,73.2
gemel,1344,"מנורה מבטחים תגמולים ופיצויים אג""ח ממשלת ישראל",תגמולים ואישית לפיצויים,"אג""ח ללא מניות","תגמולים ואישית לפיצויים | אג""ח ללא מניות",2016,0.8654,12,153.2
gemel,1348,"כלל השתלמות אשראי ואג""ח",קרנות השתלמות,"אג""ח ללא מניות","קרנות השתלמות | אג""ח ללא מניות",2016,0.9872,12,433.3
gemel,1350,כלל השתלמות מניות,קרנות השתלמות,מניות אקטיבי,קרנות השתלמות | מניות אקטיבי,2016,1.6206,12,111.8
gemel,1351,כלל השתלמות כספי(שקלי),קרנות השתלמות,כספי,קרנות השתלמות | כספי,2016,0.1,12,195.4
gemel,1353,מיטב השתלמות מעל 6 שנות וותק,קרנות השתלמות,כללי/מעורב/גמיש/תלוי גיל,קרנות השתלמות | כללי/מעורב/גמיש/תלוי גיל,2016,2.538,12,2478.4
gemel,1354,"הפניקס השתלמות - מסלול אג""ח",קרנות השתלמות,"אג""ח ללא מניות","קרנות השתלמות | אג""ח ללא מניות",2016,6.4999,12,79.6
gemel,1355,"הפניקס תגמולים ופיצויים - מסלול אג""ח",תגמולים ואישית לפיצויים,"אג""ח ללא מניות","תגמולים ואישית לפיצויים | אג""ח ללא מניות",2016,6.1504,12,28.3
gemel,1360,"ילין לפידות קופת גמל מסלול אג""ח ממשלות",תגמולים ואישית לפיצויים,"אג""ח ללא מניות","תגמולים ואישית לפיצויים | אג""ח ללא מניות",2016,0.4892,12,85.7
gemel,1361,"ילין לפידות קרן השתלמות מסלול אג""ח ממשלות",קרנות השתלמות,"אג""ח ללא מניות","קרנות השתלמות | אג""ח ללא מניות",2016,0.4188,12,98.5
gemel,1364,מנורה מבטחים תגמולים ופיצויים מסלול מניות,תגמולים ואישית לפיצויים,מניות אקטיבי,תגמולים ואישית לפיצויים | מניות אקטיבי,2016,5.3793,12,29.6
gemel,1367,"הלמן-אלדובי השתלמות אג""ח עד 15% במניות",קרנות השתלמות,עד 25% מניות,קרנות השתלמות | עד 25% מניות,2016,1.7045,12,243.0
gemel,1368,הראל גמל מסלול שקלי,תגמולים ואישית לפיצויים,"אג""ח ללא מניות","תגמולים ואישית לפיצויים | אג""ח ללא מניות",2016,2.4907,12,186.8
gemel,1369,הראל השתלמות מסלול שקלי,קרנות השתלמות,"אג""ח ללא מניות","קרנות השתלמות | אג""ח ללא מניות",2016,1.0598,12,286.0
gemel,1370,מיטב השתלמות כספי (שקלי),קרנות השתלמות,כספי,קרנות השתלמות | כספי,2016,0.1301,12,71.7
gemel,1375,אלטשולר שחם גמל מניות,תגמולים ואישית לפיצויים,מניות אקטיבי,תגמולים ואישית לפיצויים | מניות אקטיבי,2016,8.9914,12,322.2
gemel,1376,"אלטשולר שחם גמל אשראי ואג""ח",תגמולים ואישית לפיצויים,"אג""ח ללא מניות","תגמולים ואישית לפיצויים | אג""ח ללא מניות",2016,2.0345,12,368.7
gemel,1377,אלטשולר שחם השתלמות מניות,קרנות השתלמות,מניות אקטיבי,קרנות השתלמות | מניות אקטיבי,2016,8.7761,12,599.0
gemel,1378,"אלטשולר שחם השתלמות אשראי ואג""ח",קרנות השתלמות,"אג""ח ללא מניות","קרנות השתלמות | אג""ח ללא מניות",2016,1.7804,12,380.4
gemel,1386,"מיטב גמל אג""ח ממשלות",תגמולים ואישית לפיצויים,"אג""ח ללא מניות","תגמולים ואישית לפיצויים | אג""ח ללא מניות",2016,0.69,12,111.2
gemel,1387,"מיטב השתלמות אג""ח ממשלות",קרנות השתלמות,"אג""ח ללא מניות","קרנות השתלמות | אג""ח ללא מניות",2016,0.8801,12,370.2
gemel,1394,אלטשולר שחם גמל כספי (שקלי),תגמולים ואישית לפיצויים,כספי,תגמולים ואישית לפיצויים | כספי,2016,0.1101,12,48.0
gemel,1395,"אלטשולר שחם גמל אג""ח ממשלות",תגמולים ואישית לפיצויים,"אג""ח ללא מניות","תגמולים ואישית לפיצויים | אג""ח ללא מניות",2016,0.943,12,106.9
gemel,1398,אלטשולר שחם השתלמות כספי (שקלי),קרנות השתלמות,כספי,קרנות השתלמות | כספי,2016,0.1101,12,47.4
gemel,1399,"אלטשולר שחם השתלמות אג""ח ממשלות",קרנות השתלמות,"אג""ח ללא מניות","קרנות השתלמות | אג""ח ללא מניות",2016,0.9334,12,140.7
gemel,1406,"מנורה מבטחים השתלמות מסלול אג""ח קונצרניות",קרנות השתלמות,"אג""ח ללא מניות","קרנות השתלמות | אג""ח ללא מניות",2016,0.0,1,0.0
gemel,1407,"מנורה מבטחים השתלמות מסלול אג""ח ממשלתי צמוד",קרנות השתלמות,"אג""ח ללא מניות","קרנות השתלמות | אג""ח ללא מניות",2016,0.0,1,0.0
gemel,1408,"מנורה מבטחים השתלמות מסלול אג""ח ממשלת ישראל",קרנות השתלמות,"אג""ח ללא מניות","קרנות השתלמות | אג""ח ללא מניות",2016,0.7352,12,377.9
gemel,1409,מנורה מבטחים השתלמות מסלול מניות סחיר,קרנות השתלמות,מניות אקטיבי,קרנות השתלמות | מניות אקטיבי,2016,5.2449,12,39.1
gemel,1412,"אנליסט גמל אג""ח ממשלות",תגמולים ואישית לפיצויים,"אג""ח ללא מניות","תגמולים ואישית לפיצויים | אג""ח ללא מניות",2016,1.7087,12,23.2
gemel,1424,פסגות שיא השתלמות אגח עד 10% מניות,קרנות השתלמות,עד 25% מניות,קרנות השתלמות | עד 25% מניות,2016,1.4906,12,1076.3
gemel,1429,"פסגות שיא השתלמות אג""ח ממשלת ישראל",קרנות השתלמות,"אג""ח ללא מניות","קרנות השתלמות | אג""ח ללא מניות",2016,0.5609,12,247.1
gemel,1431,"פסגות גדיש אג""ח ממשלת ישראל",תגמולים ואישית לפיצויים,"אג""ח ללא מניות","תגמולים ואישית לפיצויים | אג""ח ללא מניות",2016,0.5709,12,395.7
gemel,1442,"הלמן-אלדובי גמל מסלול פאסיבי - מדדי אג""ח ממשלת ישראל",תגמולים ואישית לפיצויים,"אג""ח ללא מניות","תגמולים ואישית לפיצויים | אג""ח ללא מניות",2016,0.3846,12,46.5
gemel,1443,"הלמן-אלדובי קרן השתלמות מסלול פאסיבי - מדדי אג""ח ממשלת ישראל",קרנות השתלמות,"אג""ח ללא מניות","קרנות השתלמות | אג""ח ללא מניות",2016,0.4048,12,47.9
gemel,1482,הפניקס תגמולים ופיצויים- מסלול שיטת הפניקס,תגמולים ואישית לפיצויים,כללי/מעורב/גמיש/תלוי גיל,תגמולים ואישית לפיצויים | כללי/מעורב/גמיש/תלוי גיל,2016,0.0,6,21.6
gemel,1483,הפניקס השתלמות - מסלול שיטת הפניקס,קרנות השתלמות,כללי/מעורב/גמיש/תלוי גיל,קרנות השתלמות | כללי/מעורב/גמיש/תלוי גיל,2016,0.0,6,103.7
gemel,1484,"הראל גמל מסלול אג""ח קונצרני",תגמולים ואישית לפיצויים,"אג""ח ללא מניות","תגמולים ואישית לפיצויים | אג""ח ללא מניות",2016,3.9951,12,42.2
gemel,1485,"הראל השתלמות אשראי ואג""ח",קרנות השתלמות,"אג""ח ללא מניות","קרנות השתלמות | אג""ח ללא מניות",2016,2.0557,12,83.1
gemel,1490,"אינפיניטי גמל אג""ח קונצרני",תגמולים ואישית לפיצויים,"אג""ח ללא מניות","תגמולים ואישית לפיצויים | אג""ח ללא מניות",2016,5.1592,12,12.9
gemel,1491,"אינפיניטי השתלמות אג""ח קונצרני",קרנות השתלמות,"אג""ח ללא מניות","קרנות השתלמות | אג""ח ללא מניות",2016,4.8669,12,26.2
gemel,1492,"תגמולים שיטת הפניקס סל עוקב מדד ת""א 100",תגמולים ואישית לפיצויים,מניות פאסיבי,תגמולים ואישית לפיצויים | מניות פאסיבי,2016,-4.3617,7,0.0
gemel,1493,תגמולים שיטת הפניקס סל עוקב מדד תל בונד 20,תגמולים ואישית לפיצויים,"אג""ח ללא מניות","תגמולים ואישית לפיצויים | אג""ח ללא מניות",2016,1.6858,7,0.0
gemel,1494,תגמולים שיטת הפניקס סל עוקב מדד ממשלתי צמוד 0-2,תגמולים ואישית לפיצויים,"אג""ח ללא מניות","תגמולים ואישית לפיצויים | אג""ח ללא מניות",2016,-0.1304,7,0.0
gemel,1495,תגמולים שיטת הפניקס סל עוקב מדד ממשלתי צמוד 2-5,תגמולים ואישית לפיצויים,"אג""ח ללא מניות","תגמולים ואישית לפיצויים | אג""ח ללא מניות",2016,0.2363,7,0.0
gemel,1498,"תגמולים שיטת הפניקס סל עוקב מדד מק""מ",תגמולים ואישית לפיצויים,כספי,תגמולים ואישית לפיצויים | כספי,2016,-0.14,7,0.0
gemel,1500,תגמולים שיטת הפניקס סל עוקב מדד דאו ג'ונס יורוסטוקס 50,תגמולים ואישית לפיצויים,מניות פאסיבי,תגמולים ואישית לפיצויים | מניות פאסיבי,2016,-3.7547,7,0.0
gemel,1501,תגמולים שיטת הפניקס סל עוקב מדד s&p 500,תגמולים ואישית לפיצויים,מניות פאסיבי,תגמולים ואישית לפיצויים | מניות פאסיבי,2016,1.628,7,0.0
gemel,1502,תגמולים שיטת הפניקס סל עוקב מדד msci שווקים מתעורר,תגמולים ואישית לפיצויים,מניות פאסיבי,תגמולים ואישית לפיצויים | מניות פאסיבי,2016,0.9791,7,0.0
gemel,1503,"השתלמות שיטת הפניקס סל עוקב מדד ת""א 100",קרנות השתלמות,מניות פאסיבי,קרנות השתלמות | מניות פאסיבי,2016,-4.564,7,0.0
gemel,1504,השתלמות שיטת הפניקס סל עוקב מדד תל בונד 20,קרנות השתלמות,"אג""ח ללא מניות","קרנות השתלמות | אג""ח ללא מניות",2016,1.7265,7,0.0
gemel,1505,השתלמות שיטת הפניקס סל עוקב מדד ממשלתי צמוד 0-2,קרנות השתלמות,"אג""ח ללא מניות","קרנות השתלמות | אג""ח ללא מניות",2016,-0.1304,7,0.0
gemel,1506,השתלמות שיטת הפניקס סל עוקב מדד ממשלתי צמוד 2-5,קרנות השתלמות,"אג""ח ללא מניות","קרנות השתלמות | אג""ח ללא מניות",2016,0.2363,7,0.0
gemel,1509,"השתלמות שיטת הפניקס סל עוקב מדד מק""מ",קרנות השתלמות,כספי,קרנות השתלמות | כספי,2016,-0.4902,7,0.0
gemel,1510,"השתלמות שיטת הפניקס סל עוקב מדד אג""ח לא צמוד ריבית קבועה",קרנות השתלמות,"אג""ח ללא מניות","קרנות השתלמות | אג""ח ללא מניות",2016,1.2431,7,0.0
gemel,1511,השתלמות שיטת הפניקס סל עוקב מדד דאו ג'ונס יורוסטוק 50,קרנות השתלמות,מניות פאסיבי,קרנות השתלמות | מניות פאסיבי,2016,-3.3775,7,0.0
gemel,1512,השתלמות שיטת הפניקס סל עוקב מדד s$p500,קרנות השתלמות,מניות פאסיבי,קרנות השתלמות | מניות פאסיבי,2016,2.0026,7,0.0
gemel,1513,השתלמות שיטת הפניקס סל עוקב מדד msci שווקים מתעוררים,קרנות השתלמות,מניות פאסיבי,קרנות השתלמות | מניות פאסיבי,2016,0.8744,7,0.0
gemel,1523,הראל השתלמות מסלול הלכה,קרנות השתלמות,כללי/מעורב/גמיש/תלוי גיל,קרנות השתלמות | כללי/מעורב/גמיש/תלוי גיל,2016,1.5675,12,84.4
gemel,1524,הראל גמל מסלול הלכה,תגמולים ואישית לפיצויים,כללי/מעורב/גמיש/תלוי גיל,תגמולים ואישית לפיצויים | כללי/מעורב/גמיש/תלוי גיל,2016,1.3851,12,35.3
gemel,153,הראל גמל לגילאי 50 עד 60,תגמולים ואישית לפיצויים,כללי/מעורב/גמיש/תלוי גיל,תגמולים ואישית לפיצויים | כללי/מעורב/גמיש/תלוי גיל,2016,0.0,1,0.0
gemel,1533,כלל תמר מסלול הלכתי (הוד),תגמולים ואישית לפיצויים,כללי/מעורב/גמיש/תלוי גיל,תגמולים ואישית לפיצויים | כללי/מעורב/גמיש/תלוי גיל,2016,2.3,12,24.6
gemel,1534,כלל השתלמות הלכה,קרנות השתלמות,כללי/מעורב/גמיש/תלוי גיל,קרנות השתלמות | כללי/מעורב/גמיש/תלוי גיל,2016,1.8598,12,66.4
gemel,1535,אנליסט השתלמות כספי (שקלי),קרנות השתלמות,כספי,קרנות השתלמות | כספי,2016,0.3906,12,30.1
gemel,1536,אינפיניטי גמל מניות,תגמולים ואישית לפיצויים,מניות אקטיבי,תגמולים ואישית לפיצויים | מניות אקטיבי,2016,6.6768,12,28.5
gemel,1537,אינפיניטי השתלמות מניות,קרנות השתלמות,מניות אקטיבי,קרנות השתלמות | מניות אקטיבי,2016,6.7951,12,54.7
gemel,1538,איילון השתלמות מסלול כהלכה,קרנות השתלמות,כללי/מעורב/גמיש/תלוי גיל,קרנות השתלמות | כללי/מעורב/גמיש/תלוי גיל,2016,0.8158,12,184.7
gemel,154,הראל השתלמות כללי,קרנות השתלמות,כללי/מעורב/גמיש/תלוי גיל,קרנות השתלמות | כללי/מעורב/גמיש/תלוי גיל,2016,3.8064,12,4024.0
gemel,1543,"הלמן-אלדובי גמל מסלול מדדי מניות חו""ל (פאסיבי)",תגמולים ואישית לפיצויים,מניות פאסיבי,תגמולים ואישית לפיצויים | מניות פאסיבי,2016,4.5963,12,39.7
gemel,1544,"הלמן-אלדובי קרן השתלמות מסלול פאסיבי - מדדי מניות חו""ל",קרנות השתלמות,מניות פאסיבי,קרנות השתלמות | מניות פאסיבי,2016,4.2137,12,36.2
gemel,1689,מיטב גמל עוקב מדדי מניות,תגמולים ואישית לפיצויים,מניות פאסיבי,תגמולים ואישית לפיצויים | מניות פאסיבי,2016,2.5287,12,11.7
gemel,1692,"מיטב גמל עוקב מדדי אג""ח",תגמולים ואישית לפיצויים,"אג""ח ללא מניות","תגמולים ואישית לפיצויים | אג""ח ללא מניות",2016,1.7383,12,31.8
gemel,1861,מנורה מבטחים השתלמות מסלול לטווח ארוך,קרנות השתלמות,כללי/מעורב/גמיש/תלוי גיל,קרנות השתלמות | כללי/מעורב/גמיש/תלוי גיל,2016,1.4206,3,0.2
gemel,199,"מגדל השתלמות מסלול אשראי ואג""ח",קרנות השתלמות,"אג""ח ללא מניות","קרנות השתלמות | אג""ח ללא מניות",2016,2.0868,12,315.9
gemel,2017,אלטשולר שחם גמל הלכה,תגמולים ואישית לפיצויים,כללי/מעורב/גמיש/תלוי גיל,תגמולים ואישית לפיצויים | כללי/מעורב/גמיש/תלוי גיל,2016,1.3688,12,131.2
gemel,2018,פסגות שיא השתלמות הלכה,קרנות השתלמות,כללי/מעורב/גמיש/תלוי גיל,קרנות השתלמות | כללי/מעורב/גמיש/תלוי גיל,2016,1.3884,12,103.7
gemel,2048,מגדל השתלמות מסלול הלכה,קרנות השתלמות,כללי/מעורב/גמיש/תלוי גיל,קרנות השתלמות | כללי/מעורב/גמיש/תלוי גיל,2016,2.269,12,45.9
gemel,2049,הפניקס גמל שריעה,תגמולים ואישית לפיצויים,כללי/מעורב/גמיש/תלוי גיל,תגמולים ואישית לפיצויים | כללי/מעורב/גמיש/תלוי גיל,2016,0.0,12,6.6
gemel,205,"פסגות גדיש חו""ל",תגמולים ואישית לפיצויים,כללי/מעורב/גמיש/תלוי גיל,תגמולים ואישית לפיצויים | כללי/מעורב/גמיש/תלוי גיל,2016,3.4301,12,108.2
gemel,2051,"מיטב דש גמל חו""ל",תגמולים ואישית לפיצויים,כללי/מעורב/גמיש/תלוי גיל,תגמולים ואישית לפיצויים | כללי/מעורב/גמיש/תלוי גיל,2016,0.9537,12,16.0
gemel,2055,"מיטב דש השתלמות חו""ל",קרנות השתלמות,כללי/מעורב/גמיש/תלוי גיל,קרנות השתלמות | כללי/מעורב/גמיש/תלוי גיל,2016,0.7832,12,20.3
gemel,2058,הפניקס השתלמות שריעה,קרנות השתלמות,כללי/מעורב/גמיש/תלוי גיל,קרנות השתלמות | כללי/מעורב/גמיש/תלוי גיל,2016,0.0,12,4.9
gemel,208,"פסגות גדיש אג""ח קונצרני",תגמולים ואישית לפיצויים,"אג""ח ללא מניות","תגמולים ואישית לפיצויים | אג""ח ללא מניות",2016,0.0,1,0.0
gemel,2088,"אקסלנס השתלמות אג""ח קונצרני עד 20%מניות",קרנות השתלמות,עד 25% מניות,קרנות השתלמות | עד 25% מניות,2016,0.0,1,0.0
gemel,2089,"אקסלנס גמל אג""ח עד 20% מניות",תגמולים ואישית לפיצויים,עד 25% מניות,תגמולים ואישית לפיצויים | עד 25% מניות,2016,2.0797,12,170.8
gemel,2091,"אקסלנס השתלמות אג""ח עד 20% מניות",קרנות השתלמות,עד 25% מניות,קרנות השתלמות | עד 25% מניות,2016,1.6429,12,404.0
gemel,211,"הפניקס גמל אג""ח עד 15% מניות",תגמולים ואישית לפיצויים,עד 25% מניות,תגמולים ואישית לפיצויים | עד 25% מניות,2016,1.7617,12,2336.4
gemel,2115,"כלל השתלמות אג""ח",קרנות השתלמות,"אג""ח ללא מניות","קרנות השתלמות | אג""ח ללא מניות",2016,1.4472,12,99.0
gemel,2116,תגמולים שיטת הפניקס סל עוקב מדד ממשלתי צמוד 5-10,תגמולים ואישית לפיצויים,"אג""ח ללא מניות","תגמולים ואישית לפיצויים | אג""ח ללא מניות",2016,1.2219,7,0.0
gemel,2117,"תגמולים שיטת הפניקס סל עוקב מדד ת""א 25",תגמולים ואישית לפיצויים,מניות פאסיבי,תגמולים ואישית לפיצויים | מניות פאסיבי,2016,-5.7017,7,0.0
gemel,2118,תגמולים שיטת הפניקס אגח ממשלתי שקלי ריבית קבועה +5,תגמולים ואישית לפיצויים,"אג""ח ללא מניות","תגמולים ואישית לפיצויים | אג""ח ללא מניות",2016,3.01,7,0.0
gemel,2119,תגמולים שיטת הפניקס סל עוקב תל בונד שקלי,תגמולים ואישית לפיצויים,"אג""ח ללא מניות","תגמולים ואישית לפיצויים | אג""ח ללא מניות",2016,0.8502,7,0.0
gemel,2120,תגמולים שיטת הפניקס סל עוקב מדד Barclays capital,תגמולים ואישית לפיצויים,"אג""ח ללא מניות","תגמולים ואישית לפיצויים | אג""ח ללא מניות",2016,1.3701,7,0.0
gemel,2121,תגמולים שיטת הפניקס סל עוקב מדד J.P.Morgan,תגמולים ואישית לפיצויים,"אג""ח ללא מניות","תגמולים ואישית לפיצויים | אג""ח ללא מניות",2016,9.5455,7,0.0
gemel,2122,תגמולים שיטת הפניקס סל עוקב מדד IBoxx $ Liquid,תגמולים ואישית לפיצויים,"אג""ח ללא מניות","תגמולים ואישית לפיצויים | אג""ח ללא מניות",2016,4.3461,7,0.0
gemel,2124,השתלמות שיטת הפניקס סל עוקב מדד ממשלתי צמוד 5-10,קרנות השתלמות,"אג""ח ללא מניות","קרנות השתלמות | אג""ח ללא מניות",2016,0.982,7,0.0
gemel,2125,השתלמות שיטת הפניקס אגח ממשלתי שקלי ריבית קבועה +5,קרנות השתלמות,"אג""ח ללא מניות","קרנות השתלמות | אג""ח ללא מניות",2016,3.0307,7,0.0
gemel,2126,"השתלמות שיטת הפניקס סל עוקב מדד ת""א 25",קרנות השתלמות,מניות פאסיבי,קרנות השתלמות | מניות פאסיבי,2016,-5.7703,7,0.0
gemel,2127,השתלמות שיטת הפניקס סל עוקב תל בונד שקלי,קרנות השתלמות,"אג""ח ללא מניות","קרנות השתלמות | אג""ח ללא מניות",2016,0.8703,7,0.0
gemel,2129,השתלמות שיטת הפניקס סל עוקב מדד J.P.Morgan,קרנות השתלמות,"אג""ח ללא מניות","קרנות השתלמות | אג""ח ללא מניות",2016,5.3486,7,0.0
gemel,2130,השתלמות שיטת הפניקס סל עוקב מדד IBoxx $ Liquid,קרנות השתלמות,"אג""ח ללא מניות","קרנות השתלמות | אג""ח ללא מניות",2016,4.419,7,0.0
gemel,223,"מיטב גמל אשראי ואג""ח",תגמולים ואישית לפיצויים,"אג""ח ללא מניות","תגמולים ואישית לפיצויים | אג""ח ללא מניות",2016,1.8262,12,986.9
gemel,2238,איילון תגמולים ואישית לפיצויים מסלול כהלכה,תגמולים ואישית לפיצויים,כללי/מעורב/גמיש/תלוי גיל,תגמולים ואישית לפיצויים | כללי/מעורב/גמיש/תלוי גיל,2016,0.9332,12,62.0
gemel,2244,"פסגות שיא השתלמות חו""ל",קרנות השתלמות,כללי/מעורב/גמיש/תלוי גיל,קרנות השתלמות | כללי/מעורב/גמיש/תלוי גיל,2016,3.6811,12,37.2
gemel,2246,"תגמולים שיטת הפניקס אג""ח ממשלתי בריבית קבועה 2-5 ש",תגמולים ואישית לפיצויים,"אג""ח ללא מניות","תגמולים ואישית לפיצויים | אג""ח ללא מניות",2016,0.9315,7,0.0
gemel,2248,"השתלמות שיטת הפניקס אג""ח ממשלתי בריבית קבועה 2-5 ש",קרנות השתלמות,"אג""ח ללא מניות","קרנות השתלמות | אג""ח ללא מניות",2016,0.9115,7,0.0
gemel,2252,"אינפיניטי השתלמות אג""ח עד 15% מניות",קרנות השתלמות,עד 25% מניות,קרנות השתלמות | עד 25% מניות,2016,2.5957,12,19.5
gemel,2254,אינפיניטי השתלמות משולב סחיר,קרנות השתלמות,כללי/מעורב/גמיש/תלוי גיל,קרנות השתלמות | כללי/מעורב/גמיש/תלוי גיל,2016,3.8803,12,11.1
gemel,2255,"הלמן-אלדובי גמל מחקה מדד ת""א 35",תגמולים ואישית לפיצויים,מניות פאסיבי,תגמולים ואישית לפיצויים | מניות פאסיבי,2016,-3.2942,12,27.6
gemel,2256,הלמן-אלדובי גמל מחקה מדד S&P500,תגמולים ואישית לפיצויים,מניות פאסיבי,תגמולים ואישית לפיצויים | מניות פאסיבי,2016,10.1532,12,111.3
gemel,2262,אי.בי.אי לתגמולים ופיצויים פאסיבי משולב עד 10% מניות,תגמולים ואישית לפיצויים,עד 25% מניות,תגמולים ואישית לפיצויים | עד 25% מניות,2016,1.022,12,36.1
gemel,2263,הלמן-אלדובי גמל פאסיבי משולב עד 25% מניות,תגמולים ואישית לפיצויים,עד 25% מניות,תגמולים ואישית לפיצויים | עד 25% מניות,2016,1.789,12,193.8
gemel,2264,"הלמן-אלדובי השתלמות מחקה מדד ת""א 35",קרנות השתלמות,מניות פאסיבי,קרנות השתלמות | מניות פאסיבי,2016,-3.7438,12,31.3
gemel,2265,הלמן-אלדובי השתלמות מחקה מדד S&P500,קרנות השתלמות,מניות פאסיבי,קרנות השתלמות | מניות פאסיבי,2016,10.1373,12,98.4
gemel,2270,אי.בי.אי השתלמות פאסיבי משולב עד 10% מניות,קרנות השתלמות,עד 25% מניות,קרנות השתלמות | עד 25% מניות,2016,0.8703,12,19.9
gemel,2271,הלמן-אלדובי השתלמות פאסיבי משולב עד 25% מניות,קרנות השתלמות,עד 25% מניות,קרנות השתלמות | עד 25% מניות,2016,1.789,12,145.6
gemel,253,"כלל תמר אג""ח עד 25% מניות",תגמולים ואישית לפיצויים,עד 25% מניות,תגמולים ואישית לפיצויים | עד 25% מניות,2016,2.2998,12,12504.7
gemel,257,הלמן-אלדובי גמל ישראל,תגמולים ואישית לפיצויים,כללי/מעורב/גמיש/תלוי גיל,תגמולים ואישית לפיצויים | כללי/מעורב/גמיש/תלוי גיל,2016,1.4106,12,3395.8
gemel,259,הלמן-אלדובי גמל כללי (לשעבר קופת פקידי מרכנתיל דיסקונט),תגמולים ואישית לפיצויים,כללי/מעורב/גמיש/תלוי גיל,תגמולים ואישית לפיצויים | כללי/מעורב/גמיש/תלוי גיל,2016,1.6789,12,209.7
gemel,260,מנורה מבטחים אמיר כללי,תגמולים ואישית לפיצויים,כללי/מעורב/גמיש/תלוי גיל,תגמולים ואישית לפיצויים | כללי/מעורב/גמיש/תלוי גיל,2016,4.0717,12,234.7
gemel,263,"בר קרן גמולים קופת גמל לתגמולים ופיצויים בניהול כלל גמל בע""מ",תגמולים ואישית לפיצויים,כללי/מעורב/גמיש/תלוי גיל,תגמולים ואישית לפיצויים | כללי/מעורב/גמיש/תלוי גיל,2016,1.7982,12,3839.7
gemel,270,פסגות גדיש אגח עד 20% מניות,תגמולים ואישית לפיצויים,עד 25% מניות,תגמולים ואישית לפיצויים | עד 25% מניות,2016,1.7891,12,1379.7
gemel,385,"הפניקס גמל אשראי ואג""ח",תגמולים ואישית לפיצויים,"אג""ח ללא מניות","תגמולים ואישית לפיצויים | אג""ח ללא מניות",2016,0.6089,12,1248.1
gemel,395,"הלמן-אלדובי השתלמות אג""ח עד 25% במניות",קרנות השתלמות,עד 25% מניות,קרנות השתלמות | עד 25% מניות,2016,4.0704,12,214.3
gemel,396,פסגות שיא השתלמות כללי,קרנות השתלמות,כללי/מעורב/גמיש/תלוי גיל,קרנות השתלמות | כללי/מעורב/גמיש/תלוי גיל,2016,2.7493,12,9654.6
gemel,398,איילון השתלמות מסלול כללי,קרנות השתלמות,כללי/מעורב/גמיש/תלוי גיל,קרנות השתלמות | כללי/מעורב/גמיש/תלוי גיל,2016,3.4214,12,1454.7
gemel,401,הפניקס גמל לבני 60 ומעלה,תגמולים ואישית לפיצויים,כללי/מעורב/גמיש/תלוי גיל,תגמולים ואישית לפיצויים | כללי/מעורב/גמיש/תלוי גיל,2016,2.9782,12,1025.3
gemel,416,"הראל השתלמות אשראי ואג""ח עם מניות (עד 25% מניות)",קרנות השתלמות,עד 25% מניות,קרנות השתלמות | עד 25% מניות,2016,3.3166,12,1538.9
gemel,456,כלל השתלמות כללי,קרנות השתלמות,כללי/מעורב/גמיש/תלוי גיל,קרנות השתלמות | כללי/מעורב/גמיש/תלוי גיל,2016,1.7172,12,6321.0
gemel,470,מגדל השתלמות לבני 60 ומעלה,קרנות השתלמות,כללי/מעורב/גמיש/תלוי גיל,קרנות השתלמות | כללי/מעורב/גמיש/תלוי גיל,2016,1.9872,11,21.4
gemel,472,"אלטשולר שחם גמל אג""ח עד 15% במניות",תגמולים ואישית לפיצויים,עד 25% מניות,תגמולים ואישית לפיצויים | עד 25% מניות,2016,2.2592,11,245.4
gemel,481,מיטב השתלמות עוקב מדדים גמיש,קרנות השתלמות,כללי/מעורב/גמיש/תלוי גיל,קרנות השתלמות | כללי/מעורב/גמיש/תלוי גיל,2016,2.3307,12,25.1
gemel,502,"הראל גמל מסלול אג""ח עד 20% מניות",תגמולים ואישית לפיצויים,עד 25% מניות,תגמולים ואישית לפיצויים | עד 25% מניות,2016,3.4397,12,1816.8
gemel,517,תלם-חריש,תגמולים ואישית לפיצויים,כללי/מעורב/גמיש/תלוי גיל,תגמולים ואישית לפיצויים | כללי/מעורב/גמיש/תלוי גיל,2016,0.0,1,0.0
gemel,521,"הפניקס תגמולים ופיצויים - מסלול אג""ח עד 25% מניות",תגמולים ואישית לפיצויים,עד 25% מניות,תגמולים ואישית לפיצויים | עד 25% מניות,2016,4.8196,12,58.2
gemel,546,אלטשולר שחם גמל להיט קלאסי,תגמולים ואישית לפיצויים,"אג""ח ללא מניות","תגמולים ואישית לפיצויים | אג""ח ללא מניות",2016,0.0,1,0.0
gemel,548,"פסגות גדיש אג""ח חו""ל",תגמולים ואישית לפיצויים,"אג""ח ללא מניות","תגמולים ואישית לפיצויים | אג""ח ללא מניות",2016,0.0,1,0.0
gemel,551,מיטב גמל לבני 60 ומעלה,תגמולים ואישית לפיצויים,כללי/מעורב/גמיש/תלוי גיל,תגמולים ואישית לפיצויים | כללי/מעורב/גמיש/תלוי גיל,2016,2.5171,12,3125.2
gemel,554,מיטב השתלמות עד 6 שנות וותק,קרנות השתלמות,כללי/מעורב/גמיש/תלוי גיל,קרנות השתלמות | כללי/מעורב/גמיש/תלוי גיל,2016,3.4384,12,9231.5
gemel,558,"אלטשולר שחם השתלמות אשראי ואג""ח עם מניות (עד 25% מניות)",קרנות השתלמות,עד 25% מניות,קרנות השתלמות | עד 25% מניות,2016,3.1261,12,5789.2
gemel,566,הראל השתלמות לטווח ארוך,קרנות השתלמות,כללי/מעורב/גמיש/תלוי גיל,קרנות השתלמות | כללי/מעורב/גמיש/תלוי גיל,2016,4.4193,12,69.7
gemel,567,הראל גמל לגילאי 50 ומטה,תגמולים ואישית לפיצויים,כללי/מעורב/גמיש/תלוי גיל,תגמולים ואישית לפיצויים | כללי/מעורב/גמיש/תלוי גיל,2016,0.0,1,0.0
gemel,579,מגדל השתלמות מסלול כללי,קרנות השתלמות,כללי/מעורב/גמיש/תלוי גיל,קרנות השתלמות | כללי/מעורב/גמיש/תלוי גיל,2016,3.1918,12,11159.6
gemel,592,כלל תמר שקלים,תגמולים ואישית לפיצויים,"אג""ח ללא מניות","תגמולים ואישית לפיצויים | אג""ח ללא מניות",2016,1.1563,12,585.6
gemel,599,"מגדל השתלמות מסלול אג""ח עד 10% מניות",קרנות השתלמות,עד 25% מניות,קרנות השתלמות | עד 25% מניות,2016,2.5851,12,277.1
gemel,600,מיטב דש גמל חכם לבני 40-50,תגמולים ואישית לפיצויים,כללי/מעורב/גמיש/תלוי גיל,תגמולים ואישית לפיצויים | כללי/מעורב/גמיש/תלוי גיל,2016,0.0,1,0.0
gemel,610,"פסגות שיא השתלמות אג""ח",קרנות השתלמות,"אג""ח ללא מניות","קרנות השתלמות | אג""ח ללא מניות",2016,1.6224,12,997.0
gemel,611,פסגות שיא השתלמות כספי,קרנות השתלמות,כספי,קרנות השתלמות | כספי,2016,0.09,12,202.8
gemel,612,פסגות שיא השתלמות מניות,קרנות השתלמות,מניות אקטיבי,קרנות השתלמות | מניות אקטיבי,2016,4.9379,12,416.6
gemel,643,מיטב דש השתלמות חכם עד 3 שנות וותק,קרנות השתלמות,כללי/מעורב/גמיש/תלוי גיל,קרנות השתלמות | כללי/מעורב/גמיש/תלוי גיל,2016,0.0,1,0.0
gemel,681,"הלמן-אלדובי בר-יציב אג""ח עד 20% במניות",תגמולים ואישית לפיצויים,עד 25% מניות,תגמולים ואישית לפיצויים | עד 25% מניות,2016,1.3679,12,169.5
gemel,685,אקסלנס גמל,תגמולים ואישית לפיצויים,כללי/מעורב/גמיש/תלוי גיל,תגמולים ואישית לפיצויים | כללי/מעורב/גמיש/תלוי גיל,2016,0.0,1,0.0
gemel,686,הפניקס השתלמות לטווח קצר,קרנות השתלמות,כללי/מעורב/גמיש/תלוי גיל,קרנות השתלמות | כללי/מעורב/גמיש/תלוי גיל,2016,3.7638,12,5348.3
gemel,715,הפניקס השתלמות כספי (שקלי),קרנות השתלמות,כספי,קרנות השתלמות | כספי,2016,1.0931,12,267.3
gemel,716,"הפניקס השתלמות אשראי ואג""ח",קרנות השתלמות,"אג""ח ללא מניות","קרנות השתלמות | אג""ח ללא מניות",2016,1.0972,12,661.6
gemel,7215,מיטב גמל לבני 50 ומטה,תגמולים ואישית לפיצויים,כללי/מעורב/גמיש/תלוי גיל,תגמולים ואישית לפיצויים | כללי/מעורב/גמיש/תלוי גיל,2016,3.8792,12,593.2
gemel,722,"הלמן-אלדובי בר-יציב אג""ח צמוד מדד",תגמולים ואישית לפיצויים,"אג""ח ללא מניות","תגמולים ואישית לפיצויים | אג""ח ללא מניות",2016,1.9208,12,222.3
gemel,723,הלמן-אלדובי בר-יציב שקלי,תגמולים ואישית לפיצויים,"אג""ח ללא מניות","תגמולים ואישית לפיצויים | אג""ח ללא מניות",2016,0.4605,12,239.9
gemel,7231,אינפיניטי גמל מסלול לבני 50 ומטה,תגמולים ואישית לפיצויים,כללי/מעורב/גמיש/תלוי גיל,תגמולים ואישית לפיצויים | כללי/מעורב/גמיש/תלוי גיל,2016,3.3757,12,6.2
gemel,7232,אינפיניטי גמל מסלול לבני 50 עד 60,תגמולים ואישית לפיצויים,כללי/מעורב/גמיש/תלוי גיל,תגמולים ואישית לפיצויים | כללי/מעורב/גמיש/תלוי גיל,2016,4.5061,12,42.5
gemel,7233,אינפיניטי גמל מסלול לבני 60 ומעלה,תגמולים ואישית לפיצויים,כללי/מעורב/גמיש/תלוי גיל,תגמולים ואישית לפיצויים | כללי/מעורב/גמיש/תלוי גיל,2016,2.6282,12,22.5
gemel,724,הלמן-אלדובי גמל מניות,תגמולים ואישית לפיצויים,מניות אקטיבי,תגמולים ואישית לפיצויים | מניות אקטיבי,2016,1.9809,12,57.8
gemel,7253,מגדל השתלמות מסלול לבני 50 ומטה,קרנות השתלמות,כללי/מעורב/גמיש/תלוי גיל,קרנות השתלמות | כללי/מעורב/גמיש/תלוי גיל,2016,3.1568,11,30.3
gemel,7254,מגדל השתלמות מסלול לבני 50 עד 60,קרנות השתלמות,כללי/מעורב/גמיש/תלוי גיל,קרנות השתלמות | כללי/מעורב/גמיש/תלוי גיל,2016,3.0994,11,12.9
gemel,7256,מגדל השתלמות מסלול עוקב מדדים - גמיש,קרנות השתלמות,כללי/מעורב/גמיש/תלוי גיל,קרנות השתלמות | כללי/מעורב/גמיש/תלוי גיל,2016,3.0982,11,33.6
gemel,736,"הלמן-אלדובי השתלמות אג""ח",קרנות השתלמות,"אג""ח ללא מניות","קרנות השתלמות | אג""ח ללא מניות",2016,1.0375,12,151.4
gemel,737,הלמן-אלדובי השתלמות שקלי,קרנות השתלמות,"אג""ח ללא מניות","קרנות השתלמות | אג""ח ללא מניות",2016,0.4707,12,95.1
gemel,738,הלמן-אלדובי השתלמות מניות,קרנות השתלמות,מניות אקטיבי,קרנות השתלמות | מניות אקטיבי,2016,2.5967,12,43.1
gemel,744,מגדל לתגמולים ולפיצויים מסלול כללי,תגמולים ואישית לפיצויים,כללי/מעורב/גמיש/תלוי גיל,תגמולים ואישית לפיצויים | כללי/מעורב/גמיש/תלוי גיל,2016,3.1609,12,1298.8
gemel,761,הראל גמל מסלול מניות,תגמולים ואישית לפיצויים,מניות אקטיבי,תגמולים ואישית לפיצויים | מניות אקטיבי,2016,4.9653,12,138.9
gemel,762,"הראל גמל מסלול אג""ח עד 10% מניות",תגמולים ואישית לפיצויים,עד 25% מניות,תגמולים ואישית לפיצויים | עד 25% מניות,2016,3.0354,12,1889.0
gemel,763,הראל השתלמות מסלול מניות,קרנות השתלמות,מניות אקטיבי,קרנות השתלמות | מניות אקטיבי,2016,4.8494,12,306.9
gemel,764,"הראל השתלמות אג""ח עד 10% מניות",קרנות השתלמות,עד 25% מניות,קרנות השתלמות | עד 25% מניות,2016,2.9124,12,1413.5
gemel,767,מיטב גמל הלכה,תגמולים ואישית לפיצויים,כללי/מעורב/גמיש/תלוי גיל,תגמולים ואישית לפיצויים | כללי/מעורב/גמיש/תלוי גיל,2016,2.335,12,74.2
gemel,768,מיטב השתלמות הלכה,קרנות השתלמות,כללי/מעורב/גמיש/תלוי גיל,קרנות השתלמות | כללי/מעורב/גמיש/תלוי גיל,2016,2.091,12,89.5
gemel,770,אי.בי.אי תגמולים - כללי,תגמולים ואישית לפיצויים,כללי/מעורב/גמיש/תלוי גיל,תגמולים ואישית לפיצויים | כללי/מעורב/גמיש/תלוי גיל,2016,0.0,1,0.0
gemel,7798,אלטשולר שחם חיסכון פלוס כללי,קופת גמל להשקעה,כללי/מעורב/גמיש/תלוי גיל,קופת גמל להשקעה | כללי/מעורב/גמיש/תלוי גיל,2016,0.61,1,166.2
gemel,7799,אלטשולר שחם חיסכון פלוס מניות,קופת גמל להשקעה,מניות אקטיבי,קופת גמל להשקעה | מניות אקטיבי,2016,1.45,1,9.7
gemel,7800,"אלטשולר שחם חיסכון פלוס אשראי ואג""ח עם מניות (עד 25% במניות)",קופת גמל להשקעה,עד 25% מניות,קופת גמל להשקעה | עד 25% מניות,2016,0.18,1,11.2
gemel,7810,פסגות NEXT גמל להשקעה כללי,קופת גמל להשקעה,כללי/מעורב/גמיש/תלוי גיל,קופת גמל להשקעה | כללי/מעורב/גמיש/תלוי גיל,2016,0.67,1,47.2
gemel,7811,פסגות NEXT גמל להשקעה מניות,קופת גמל להשקעה,מניות אקטיבי,קופת גמל להשקעה | מניות אקטיבי,2016,1.48,1,6.6
gemel,7813,"פסגות NEXT גמל להשקעה חו""ל",קופת גמל להשקעה,כללי/מעורב/גמיש/תלוי גיל,קופת גמל להשקעה | כללי/מעורב/גמיש/תלוי גיל,2016,-0.93,1,1.9
gemel,7814,"פסגות NEXT גמל להשקעה אג""ח עד 10% מניות",קופת גמל להשקעה,עד 25% מניות,קופת גמל להשקעה | עד 25% מניות,2016,0.25,1,6.2
gemel,7815,"פסגות NEXT גמל להשקעה אג""ח קונצרני",קופת גמל להשקעה,"אג""ח ללא מניות","קופת גמל להשקעה | אג""ח ללא מניות",2016,0.25,1,0.4
gemel,7818,"אי.בי.אי קופה לתגמולים ופיצויים מסלול פאסיבי - מדדי אג""ח",תגמולים ואישית לפיצויים,"אג""ח ללא מניות","תגמולים ואישית לפיצויים | אג""ח ללא מניות",2016,0.25,1,2.1
gemel,7819,אי.בי.אי קרן השתלמות מסלול פאסיבי - כללי,קרנות השתלמות,כללי/מעורב/גמיש/תלוי גיל,קרנות השתלמות | כללי/מעורב/גמיש/תלוי גיל,2016,0.57,1,1.4
gemel,7862,"מיטב גמל להשקעה אשראי ואג""ח",קופת גמל להשקעה,"אג""ח ללא מניות","קופת גמל להשקעה | אג""ח ללא מניות",2016,0.32,1,0.5
gemel,7867,מיטב גמל להשקעה עוקב מדדי מניות,קופת גמל להשקעה,מניות פאסיבי,קופת גמל להשקעה | מניות פאסיבי,2016,1.16,1,1.4
gemel,7905,"הפניקס גמל להשקעה אשראי ואג""ח",קופת גמל להשקעה,"אג""ח ללא מניות","קופת גמל להשקעה | אג""ח ללא מניות",2016,-0.02,1,1.1
gemel,7906,"הפניקס גמל להשקעה אשראי ואג""ח עם מניות (עד 25% מניות)",קופת גמל להשקעה,עד 25% מניות,קופת גמל להשקעה | עד 25% מניות,2016,0.16,1,7.7
gemel,7907,הפניקס גמל להשקעה עוקב מדדי מניות,קופת גמל להשקעה,מניות פאסיבי,קופת גמל להשקעה | מניות פאסיבי,2016,1.87,1,7.6
gemel,7908,הפניקס גמל להשקעה כללי,קופת גמל להשקעה,כללי/מעורב/גמיש/תלוי גיל,קופת גמל להשקעה | כללי/מעורב/גמיש/תלוי גיל,2016,0.5,1,11.0
gemel,7909,הפניקס גמל להשקעה עוקב מדדים - גמיש,קופת גמל להשקעה,כללי/מעורב/גמיש/תלוי גיל,קופת גמל להשקעה | כללי/מעורב/גמיש/תלוי גיל,2016,0.86,1,14.5
gemel,792,"אקסלנס גמל אג""ח צמוד מדד",תגמולים ואישית לפיצויים,"אג""ח ללא מניות","תגמולים ואישית לפיצויים | אג""ח ללא מניות",2016,0.6799,12,267.8
gemel,7934,מגדל גמל להשקעה מניות,קופת גמל להשקעה,מניות אקטיבי,קופת גמל להשקעה | מניות אקטיבי,2016,0.24,1,1.5
gemel,7936,מגדל גמל להשקעה כללי,קופת גמל להשקעה,כללי/מעורב/גמיש/תלוי גיל,קופת גמל להשקעה | כללי/מעורב/גמיש/תלוי גיל,2016,0.3,1,3.3
gemel,7937,מגדל גמל להשקעה הלכה,קופת גמל להשקעה,כללי/מעורב/גמיש/תלוי גיל,קופת גמל להשקעה | כללי/מעורב/גמיש/תלוי גיל,2016,0.46,1,0.2
gemel,7957,"מור גמל להשקעה מסלול מחקה מדד ת""א 35",קופת גמל להשקעה,מניות פאסיבי,קופת גמל להשקעה | מניות פאסיבי,2016,2.04,1,0.5
gemel,7958,מור גמל להשקעה - עוקב מדד S&P500,קופת גמל להשקעה,מניות פאסיבי,קופת גמל להשקעה | מניות פאסיבי,2016,2.05,1,1.3
gemel,7960,מור גמל להשקעה מסלול מחקה מדד תל בונד 20,קופת גמל להשקעה,"אג""ח ללא מניות","קופת גמל להשקעה | אג""ח ללא מניות",2016,0.16,1,0.2
gemel,7961,"מור גמל להשקעה מסלול מחקה מדד אג""ח ממשלתי, צמודות מדד ממשלתי לטווח 5-10 שנים",קופת גמל להשקעה,"אג""ח ללא מניות","קופת גמל להשקעה | אג""ח ללא מניות",2016,-0.22,1,0.2
gemel,7962,"מור גמל להשקעה מסלול מחקה מדד אג""ח ממשלתי, לא צמודות בריבית קבועה",קופת גמל להשקעה,"אג""ח ללא מניות","קופת גמל להשקעה | אג""ח ללא מניות",2016,0.48,1,0.3
gemel,797,אקסלנס השתלמות מניות,קרנות השתלמות,מניות אקטיבי,קרנות השתלמות | מניות אקטיבי,2016,0.0,1,0.0
gemel,7978,מיטב גמל להשקעה כללי,קופת גמל להשקעה,כללי/מעורב/גמיש/תלוי גיל,קופת גמל להשקעה | כללי/מעורב/גמיש/תלוי גיל,2016,0.38,1,23.7
gemel,7979,מיטב גמל להשקעה עוקב מדדים גמיש,קופת גמל להשקעה,כללי/מעורב/גמיש/תלוי גיל,קופת גמל להשקעה | כללי/מעורב/גמיש/תלוי גיל,2016,0.69,1,0.7
gemel,799,אקסלנס השתלמות צמוד מדד,קרנות השתלמות,"אג""ח ללא מניות","קרנות השתלמות | אג""ח ללא מניות",2016,0.0,1,0.0
gemel,8012,"מגדל לתגמולים ולפיצויים מסלול אשראי ואג""ח",תגמולים ואישית לפיצויים,"אג""ח ללא מניות","תגמולים ואישית לפיצויים | אג""ח ללא מניות",2016,2.1651,12,67.4
gemel,8057,"הראל גמל מסלול- חו""ל",תגמולים ואישית לפיצויים,כללי/מעורב/גמיש/תלוי גיל,תגמולים ואישית לפיצויים | כללי/מעורב/גמיש/תלוי גיל,2016,4.2198,12,7.8
gemel,8058,"הראל השתלמות אג""ח קונצרני",קרנות השתלמות,"אג""ח ללא מניות","קרנות השתלמות | אג""ח ללא מניות",2016,3.8386,12,8.4
gemel,811,אנליסט מסלולית קופת גמל ישראל,תגמולים ואישית לפיצויים,כללי/מעורב/גמיש/תלוי גיל,תגמולים ואישית לפיצויים | כללי/מעורב/גמיש/תלוי גיל,2016,9.6571,12,657.0
gemel,8128,"אנליסט מסלולית קופת גמל - אג""ח עד 10% מניות",תגמולים ואישית לפיצויים,עד 25% מניות,תגמולים ואישית לפיצויים | עד 25% מניות,2016,3.471,12,28.6
gemel,8129,"אנליסט קרן השתלמות אג""ח עד 10% מניות",קרנות השתלמות,עד 25% מניות,קרנות השתלמות | עד 25% מניות,2016,3.4204,12,36.7
gemel,813,"אנליסט גמל אשראי ואג""ח",תגמולים ואישית לפיצויים,"אג""ח ללא מניות","תגמולים ואישית לפיצויים | אג""ח ללא מניות",2016,3.9464,12,96.4
gemel,814,אנליסט גמל מניות,תגמולים ואישית לפיצויים,מניות אקטיבי,תגמולים ואישית לפיצויים | מניות אקטיבי,2016,8.8399,12,81.3
gemel,815,אנליסט גמל כספי (שקלי),תגמולים ואישית לפיצויים,כספי,תגמולים ואישית לפיצויים | כספי,2016,0.4207,12,36.8
gemel,817,אנליסט גמל מניות סחיר,תגמולים ואישית לפיצויים,מניות אקטיבי,תגמולים ואישית לפיצויים | מניות אקטיבי,2016,7.2339,12,43.8
gemel,818,אנליסט גמל משולב סחיר,תגמולים ואישית לפיצויים,כללי/מעורב/גמיש/תלוי גיל,תגמולים ואישית לפיצויים | כללי/מעורב/גמיש/תלוי גיל,2016,1.7602,12,21.9
gemel,8211,הראל גמל להשקעה כללי,קופת גמל להשקעה,כללי/מעורב/גמיש/תלוי גיל,קופת גמל להשקעה | כללי/מעורב/גמיש/תלוי גיל,2016,0.77,1,17.6
gemel,826,מנורה מבטחים תגמולים ופיצויים מסלול כללי,תגמולים ואישית לפיצויים,כללי/מעורב/גמיש/תלוי גיל,תגמולים ואישית לפיצויים | כללי/מעורב/גמיש/תלוי גיל,2016,-1.24,1,0.0
gemel,828,מנורה מבטחים השתלמות מסלול כללי,קרנות השתלמות,כללי/מעורב/גמיש/תלוי גיל,קרנות השתלמות | כללי/מעורב/גמיש/תלוי גיל,2016,3.4187,12,2887.8
gemel,835,פסגות גדיש אגח צמוד מדד,תגמולים ואישית לפיצויים,"אג""ח ללא מניות","תגמולים ואישית לפיצויים | אג""ח ללא מניות",2016,1.4834,12,484.0
gemel,8520,"הראל גמל להשקעה אג""ח עד 10% מניות",קופת גמל להשקעה,עד 25% מניות,קופת גמל להשקעה | עד 25% מניות,2016,0.34,1,2.7
gemel,8521,"הראל גמל להשקעה אשראי ואג""ח עם מניות (עד 25% מניות)",קופת גמל להשקעה,עד 25% מניות,קופת גמל להשקעה | עד 25% מניות,2016,0.51,1,5.2
gemel,8522,הראל גמל להשקעה מניות,קופת גמל להשקעה,מניות אקטיבי,קופת גמל להשקעה | מניות אקטיבי,2016,1.44,1,2.1
gemel,8523,הראל גמל להשקעה הלכה,קופת גמל להשקעה,כללי/מעורב/גמיש/תלוי גיל,קופת גמל להשקעה | כללי/מעורב/גמיש/תלוי גיל,2016,0.01,1,0.1
gemel,8563,ילין לפידות קרן השתלמות מסלול מניות,קרנות השתלמות,מניות אקטיבי,קרנות השתלמות | מניות אקטיבי,2016,12.5632,12,345.2
gemel,858,מגדל לתגמולים ולפיצויים מסלול כספי (שקלי),תגמולים ואישית לפיצויים,כספי,תגמולים ואישית לפיצויים | כספי,2016,0.1,12,43.4
gemel,859,"מגדל לתגמולים ולפיצויים מסלול אג""ח ממשלות",תגמולים ואישית לפיצויים,"אג""ח ללא מניות","תגמולים ואישית לפיצויים | אג""ח ללא מניות",2016,0.9016,12,135.4
gemel,8597,"הפניקס השתלמות - מסלול אג""ח עד 25% מניות",קרנות השתלמות,עד 25% מניות,קרנות השתלמות | עד 25% מניות,2016,3.4683,11,5.1
gemel,860,מגדל לתגמולים ולפיצויים מסלול צמוד מדד,תגמולים ואישית לפיצויים,"אג""ח ללא מניות","תגמולים ואישית לפיצויים | אג""ח ללא מניות",2016,1.2726,12,33.5
gemel,862,"מגדל לתגמולים ולפיצויים מסלול חו""ל",תגמולים ואישית לפיצויים,כללי/מעורב/גמיש/תלוי גיל,תגמולים ואישית לפיצויים | כללי/מעורב/גמיש/תלוי גיל,2016,0.9465,12,2.2
gemel,8624,הפניקס גמל פאסיבי לבני 60 ומעלה,תגמולים ואישית לפיצויים,כללי/מעורב/גמיש/תלוי גיל,תגמולים ואישית לפיצויים | כללי/מעורב/גמיש/תלוי גיל,2016,2.171,12,361.9
gemel,8625,אקסלנס קסם גמל מחקה מדדים,תגמולים ואישית לפיצויים,כללי/מעורב/גמיש/תלוי גיל,תגמולים ואישית לפיצויים | כללי/מעורב/גמיש/תלוי גיל,2016,0.0,1,0.0
gemel,8626,אקסלנס גמל פאסיבי- מדדי מניות,תגמולים ואישית לפיצויים,מניות פאסיבי,תגמולים ואישית לפיצויים | מניות פאסיבי,2016,4.8775,12,203.5
gemel,8627,"אקסלנס גמל פאסיבי-מדדי אג""ח",תגמולים ואישית לפיצויים,"אג""ח ללא מניות","תגמולים ואישית לפיצויים | אג""ח ללא מניות",2016,1.59,12,59.4
gemel,8628,"אקסלנס השתלמות פאסיבי-מדדי אג""ח עד 25% במדדי מניות",קרנות השתלמות,עד 25% מניות,קרנות השתלמות | עד 25% מניות,2016,2.2016,12,150.1
gemel,8629,הפניקס השתלמות עוקב מדדים גמיש,קרנות השתלמות,כללי/מעורב/גמיש/תלוי גיל,קרנות השתלמות | כללי/מעורב/גמיש/תלוי גיל,2016,2.9822,12,695.6
gemel,863,מגדל לתגמולים ולפיצויים מסלול מניות,תגמולים ואישית לפיצויים,מניות אקטיבי,תגמולים ואישית לפיצויים | מניות אקטיבי,2016,5.4883,12,26.2
gemel,8630,אקסלנס השתלמות פאסיבי-מדדי מניות,קרנות השתלמות,מניות פאסיבי,קרנות השתלמות | מניות פאסיבי,2016,4.8957,12,153.6
gemel,8631,"אקסלנס השתלמות פאסיבי-מדדי אג""ח",קרנות השתלמות,"אג""ח ללא מניות","קרנות השתלמות | אג""ח ללא מניות",2016,1.6204,12,29.4
gemel,864,מגדל השתלמות מסלול כספי (שקלי),קרנות השתלמות,כספי,קרנות השתלמות | כספי,2016,0.1,12,196.1
gemel,865,"מגדל השתלמות מסלול אג""ח ממשלות",קרנות השתלמות,"אג""ח ללא מניות","קרנות השתלמות | אג""ח ללא מניות",2016,0.8807,12,389.5
gemel,8675,מנורה מבטחים גמל להשקעה כללי,קופת גמל להשקעה,כללי/מעורב/גמיש/תלוי גיל,קופת גמל להשקעה | כללי/מעורב/גמיש/תלוי גיל,2016,0.8,1,17.1
gemel,8679,"אנליסט קרן השתלמות - אשראי ואג""ח עד 25% מניות",קרנות השתלמות,עד 25% מניות,קרנות השתלמות | עד 25% מניות,2016,3.1824,12,124.8
gemel,868,"מגדל השתלמות מסלול חו""ל",קרנות השתלמות,כללי/מעורב/גמיש/תלוי גיל,קרנות השתלמות | כללי/מעורב/גמיש/תלוי גיל,2016,3.0879,12,16.3
gemel,8684,"מנורה מבטחים גמל להשקעה עוקב מדדים - אג""ח עם מניות (עד 25% מניות)",קופת גמל להשקעה,עד 25% מניות,קופת גמל להשקעה | עד 25% מניות,2016,0.25,1,4.5
gemel,869,מגדל השתלמות מסלול מניות,קרנות השתלמות,מניות אקטיבי,קרנות השתלמות | מניות אקטיבי,2016,5.6675,12,131.1
gemel,8695,"אלפא מור תגמולים - מסלול עוקב מדד ""מניות תל אביב 35""",תגמולים ואישית לפיצויים,מניות פאסיבי,תגמולים ואישית לפיצויים | מניות פאסיבי,2016,-3.905,12,0.6
gemel,8696,"אלפא מור תגמולים - מסלול עוקב מדד ""מדדיות ממשלתיות לטווח של 5-10 שנים""",תגמולים ואישית לפיצויים,"אג""ח ללא מניות","תגמולים ואישית לפיצויים | אג""ח ללא מניות",2016,-0.4607,12,1.2
gemel,8697,"אלפא מור תגמולים - מסלול עוקב מדד ""שקליות ריבית קבועה ממשלתיות""",תגמולים ואישית לפיצויים,"אג""ח ללא מניות","תגמולים ואישית לפיצויים | אג""ח ללא מניות",2016,1.2343,12,0.2
gemel,8698,"אלפא מור תגמולים - מסלול עוקב מדד ""תל בונד 20""",תגמולים ואישית לפיצויים,"אג""ח ללא מניות","תגמולים ואישית לפיצויים | אג""ח ללא מניות",2016,2.8443,12,0.2
gemel,8699,"אלפא מור קופת גמל לחיסכון, קופת גמל לתגמולים וקופת גמל אישית לפיצויים - כספי (שקלי)",תגמולים ואישית לפיצויים,כספי,תגמולים ואישית לפיצויים | כספי,2016,0.0,11,0.5
gemel,8701,"מור השתלמות -מסלול עוקב מדד ""מניות תל אביב 35""",קרנות השתלמות,מניות פאסיבי,קרנות השתלמות | מניות פאסיבי,2016,-3.5942,12,0.7
gemel,8702,"מור השתלמות - מסלול עוקב מדד ""מדדיות ממשלתיות לטווח של 5-10 שנים""",קרנות השתלמות,"אג""ח ללא מניות","קרנות השתלמות | אג""ח ללא מניות",2016,-0.3604,12,0.2
gemel,8703,"מור השתלמות - מסלול עוקב מדד ""שקליות ריבית קבועה ממשלתיות""",קרנות השתלמות,"אג""ח ללא מניות","קרנות השתלמות | אג""ח ללא מניות",2016,1.2545,12,0.3
gemel,8704,"מור השתלמות - מסלול עוקב מדד ""תל בונד 20""",קרנות השתלמות,"אג""ח ללא מניות","קרנות השתלמות | אג""ח ללא מניות",2016,2.8442,12,0.2
gemel,8705,מור קרן השתלמות לשכירים ולעצמאים - כספי (שקלי),קרנות השתלמות,כספי,קרנות השתלמות | כספי,2016,0.0,11,0.0
gemel,874,"מיטב גמל אג""ח עד 25% מניות",תגמולים ואישית לפיצויים,עד 25% מניות,תגמולים ואישית לפיצויים | עד 25% מניות,2016,3.7204,12,4909.3
gemel,875,"מיטב דש גמל אג""ח צמוד מדד",תגמולים ואישית לפיצויים,"אג""ח ללא מניות","תגמולים ואישית לפיצויים | אג""ח ללא מניות",2016,2.2013,12,227.0
gemel,876,מיטב גמל כספי (שקלי),תגמולים ואישית לפיצויים,כספי,תגמולים ואישית לפיצויים | כספי,2016,1.2291,12,289.2
gemel,877,מיטב גמל מניות,תגמולים ואישית לפיצויים,מניות אקטיבי,תגמולים ואישית לפיצויים | מניות אקטיבי,2016,4.2146,12,268.8
gemel,8779,אנליסט קרן השתלמות משולב סחיר,קרנות השתלמות,כללי/מעורב/גמיש/תלוי גיל,קרנות השתלמות | כללי/מעורב/גמיש/תלוי גיל,2016,2.3235,12,4.5
gemel,880,מיטב השתלמות כללי,קרנות השתלמות,כללי/מעורב/גמיש/תלוי גיל,קרנות השתלמות | כללי/מעורב/גמיש/תלוי גיל,2016,3.2177,12,6190.6
gemel,881,"מיטב השתלמות אג""ח צמוד מדד",קרנות השתלמות,"אג""ח ללא מניות","קרנות השתלמות | אג""ח ללא מניות",2016,2.1202,12,258.7
gemel,882,מיטב דש השתלמות מסלול שקלי,קרנות השתלמות,"אג""ח ללא מניות","קרנות השתלמות | אג""ח ללא מניות",2016,0.0,1,0.0
gemel,883,מיטב השתלמות מניות,קרנות השתלמות,מניות אקטיבי,קרנות השתלמות | מניות אקטיבי,2016,3.5195,12,408.6
gemel,8885,"מיטב השתלמות אשראי ואג""ח עם מניות (עד 25% מניות)",קרנות השתלמות,עד 25% מניות,קרנות השתלמות | עד 25% מניות,2016,1.9392,12,39.9
gemel,923,מיטב בטחון,תגמולים ואישית לפיצויים,כללי/מעורב/גמיש/תלוי גיל,תגמולים ואישית לפיצויים | כללי/מעורב/גמיש/תלוי גיל,2016,2.6973,12,23.1
gemel,9431,"איילון תגמולים ואישית לפיצויים מסלול חו""ל",תגמולים ואישית לפיצויים,כללי/מעורב/גמיש/תלוי גיל,תגמולים ואישית לפיצויים | כללי/מעורב/גמיש/תלוי גיל,2016,3.3902,12,0.4
gemel,9432,"איילון השתלמות מסלול חו""ל",קרנות השתלמות,כללי/מעורב/גמיש/תלוי גיל,קרנות השתלמות | כללי/מעורב/גמיש/תלוי גיל,2016,0.0457,12,0.5
gemel,9451,מור קרן השתלמות לשכירים ולעצמאים - עוקב מדד S&P 500,קרנות השתלמות,מניות פאסיבי,קרנות השתלמות | מניות פאסיבי,2016,12.0468,9,0.7
gemel,9452,"אלפא מור קופת גמל לחיסכון, קופת גמל לתגמולים וקופת גמל אישית לפיצויים - עוקב מדד S&P 500",תגמולים ואישית לפיצויים,מניות פאסיבי,תגמולים ואישית לפיצויים | מניות פאסיבי,2016,9.6017,8,0.6
gemel,948,מיטב גמל שקלי טווח קצר,תגמולים ואישית לפיצויים,כספי,תגמולים ואישית לפיצויים | כספי,2016,0.11,12,76.7
gemel,9528,הפניקס השתלמות הלכה,קרנות השתלמות,כללי/מעורב/גמיש/תלוי גיל,קרנות השתלמות | כללי/מעורב/גמיש/תלוי גיל,2016,0.8439,9,1.2
gemel,9529,הפניקס גמל מסלול לבני 50 עד 60,תגמולים ואישית לפיצויים,כללי/מעורב/גמיש/תלוי גיל,תגמולים ואישית לפיצויים | כללי/מעורב/גמיש/תלוי גיל,2016,6.3108,11,23.0
gemel,9530,הפניקס תגמולים ופיצויים - מסלול לבני 60 ומעלה,תגמולים ואישית לפיצויים,כללי/מעורב/גמיש/תלוי גיל,תגמולים ואישית לפיצויים | כללי/מעורב/גמיש/תלוי גיל,2016,4.3799,11,13.0
gemel,9545,"הפניקס השתלמות - מסלול פאסיבי - מדדי אג""ח",קרנות השתלמות,"אג""ח ללא מניות","קרנות השתלמות | אג""ח ללא מניות",2016,2.4107,11,0.3
gemel,9546,"הפניקס השתלמות - מסלול פאסיבי - מדדי אג""ח חו""ל",קרנות השתלמות,"אג""ח ללא מניות","קרנות השתלמות | אג""ח ללא מניות",2016,1.4711,11,0.1
gemel,9547,הפניקס השתלמות מסלול פאסיבי - מדדי מניות,קרנות השתלמות,מניות פאסיבי,קרנות השתלמות | מניות פאסיבי,2016,4.7992,11,0.2
gemel,9548,"הפניקס השתלמות - מסלול פאסיבי- מדדי מניות חו""ל",קרנות השתלמות,מניות פאסיבי,קרנות השתלמות | מניות פאסיבי,2016,9.0879,11,0.5
gemel,9549,הפניקס השתלמות - מסלול מתמחה שקלי טווח קצר,קרנות השתלמות,כספי,קרנות השתלמות | כספי,2016,-0.0,8,0.2
gemel,9550,איילון תגמולים ואישית לפיצויים מסלולית עד 50,תגמולים ואישית לפיצויים,כללי/מעורב/גמיש/תלוי גיל,תגמולים ואישית לפיצויים | כללי/מעורב/גמיש/תלוי גיל,2016,4.3886,11,1.6
gemel,9551,איילון תגמולים ואישית לפיצויים מסלולית 60 ומעלה,תגמולים ואישית לפיצויים,כללי/מעורב/גמיש/תלוי גיל,תגמולים ואישית לפיצויים | כללי/מעורב/גמיש/תלוי גיל,2016,1.7308,11,13.8
gemel,961,הפניקס גמל מסלול מניות,תגמולים ואישית לפיצויים,מניות אקטיבי,תגמולים ואישית לפיצויים | מניות אקטיבי,2016,7.408,12,14.5
gemel,962,אנליסט השתלמות כללי,קרנות השתלמות,כללי/מעורב/גמיש/תלוי גיל,קרנות השתלמות | כללי/מעורב/גמיש/תלוי גיל,2016,6.168,12,2603.8
gemel,963,אנליסט השתלמות מניות,קרנות השתלמות,מניות אקטיבי,קרנות השתלמות | מניות אקטיבי,2016,8.2386,12,112.9
gemel,9638,אינפיניטי גמל להשקעה כללי,קופת גמל להשקעה,כללי/מעורב/גמיש/תלוי גיל,קופת גמל להשקעה | כללי/מעורב/גמיש/תלוי גיל,2016,1.02,1,8.9
gemel,9639,"אינפיניטי גמל להשקעה אשראי ואג""ח עם מניות (עד 25% מניות)",קופת גמל להשקעה,עד 25% מניות,קופת גמל להשקעה | עד 25% מניות,2016,-0.1,1,2.2
gemel,964,הפניקס השתלמות כללי,קרנות השתלמות,כללי/מעורב/גמיש/תלוי גיל,קרנות השתלמות | כללי/מעורב/גמיש/תלוי גיל,2016,5.1882,12,1121.2
gemel,9651,כלל תמר עד 50,תגמולים ואישית לפיצויים,כללי/מעורב/גמיש/תלוי גיל,תגמולים ואישית לפיצויים | כללי/מעורב/גמיש/תלוי גיל,2016,2.5802,11,268.5
gemel,9652,כלל תמר 50-60,תגמולים ואישית לפיצויים,כללי/מעורב/גמיש/תלוי גיל,תגמולים ואישית לפיצויים | כללי/מעורב/גמיש/תלוי גיל,2016,2.8918,11,371.0
gemel,9653,כלל תמר 60 ומעלה,תגמולים ואישית לפיצויים,כללי/מעורב/גמיש/תלוי גיל,תגמולים ואישית לפיצויים | כללי/מעורב/גמיש/תלוי גיל,2016,2.2349,11,595.3
gemel,9662,"מנורה מבטחים השתלמות מסלול אשראי ואג""ח עם מניות (עד 25% מניות)",קרנות השתלמות,עד 25% מניות,קרנות השתלמות | עד 25% מניות,2016,4.615,11,40.2
gemel,9676,מור השתלמות קרן השתלמות לשכירים ולעצמאים מעורב מחקה מדדים,קרנות השתלמות,כללי/מעורב/גמיש/תלוי גיל,קרנות השתלמות | כללי/מעורב/גמיש/תלוי גיל,2016,-0.4237,12,1.0
gemel,9677,אלפא מור קופת גמל לתגמולים ואישית לפיצויים וקופת גמל לא משלמת לקצבה מעורב מחקה מדדים,תגמולים ואישית לפיצויים,כללי/מעורב/גמיש/תלוי גיל,תגמולים ואישית לפיצויים | כללי/מעורב/גמיש/תלוי גיל,2016,-0.6873,12,1.3
gemel,968,הפניקס השתלמות מניות,קרנות השתלמות,מניות אקטיבי,קרנות השתלמות | מניות אקטיבי,2016,7.999,12,53.9
gemel,972,"אנליסט השתלמות אשראי ואג""ח",קרנות השתלמות,"אג""ח ללא מניות","קרנות השתלמות | אג""ח ללא מניות",2016,4.215,12,128.4
gemel,973,"אנליסט השתלמות אג""ח ממשלות",קרנות השתלמות,"אג""ח ללא מניות","קרנות השתלמות | אג""ח ללא מניות",2016,1.8108,12,68.7
gemel,9730,אנליסט מסלולית קופת גמל - מסלול לבני 50 ומטה,תגמולים ואישית לפיצויים,כללי/מעורב/גמיש/תלוי גיל,תגמולים ואישית לפיצויים | כללי/מעורב/גמיש/תלוי גיל,2016,6.1168,12,535.2
gemel,9731,אנליסט מסלולית קופת גמל - מסלול לבני 50-60,תגמולים ואישית לפיצויים,כללי/מעורב/גמיש/תלוי גיל,תגמולים ואישית לפיצויים | כללי/מעורב/גמיש/תלוי גיל,2016,4.9726,12,114.8
gemel,9732,אנליסט מסלולית קופת גמל - מסלול לבני 60 ומעלה,תגמולים ואישית לפיצויים,כללי/מעורב/גמיש/תלוי גיל,תגמולים ואישית לפיצויים | כללי/מעורב/גמיש/תלוי גיל,2016,2.9041,11,102.8
gemel,9742,הראל גמל מסלול לגילאי 50 עד 60_x000D_,תגמולים ואישית לפיצויים,כללי/מעורב/גמיש/תלוי גיל,תגמולים ואישית לפיצויים | כללי/מעורב/גמיש/תלוי גיל,2016,4.021,12,1342.4
gemel,9744,הראל גמל מסלול לגילאי 50 ומטה_x000D_,תגמולים ואישית לפיצויים,כללי/מעורב/גמיש/תלוי גיל,תגמולים ואישית לפיצויים | כללי/מעורב/גמיש/תלוי גיל,2016,3.9314,12,163.4
gemel,9745,הראל גמל מסלול לגילאי 60 ומעלה_x000D_,תגמולים ואישית לפיצויים,כללי/מעורב/גמיש/תלוי גיל,תגמולים ואישית לפיצויים | כללי/מעורב/גמיש/תלוי גיל,2016,3.3565,12,677.1
gemel,9779,מגדל לתגמולים ולפיצויים מסלול לבני 50 ומטה,תגמולים ואישית לפיצויים,כללי/מעורב/גמיש/תלוי גיל,תגמולים ואישית לפיצויים | כללי/מעורב/גמיש/תלוי גיל,2016,2.7687,11,72.8
gemel,9780,מגדל לתגמולים ולפיצויים מסלול לבני 50 עד 60,תגמולים ואישית לפיצויים,כללי/מעורב/גמיש/תלוי גיל,תגמולים ואישית לפיצויים | כללי/מעורב/גמיש/תלוי גיל,2016,2.0286,11,91.7
gemel,9781,מגדל לתגמולים ולפיצויים מסלול לבני 60 ומעלה,תגמולים ואישית לפיצויים,כללי/מעורב/גמיש/תלוי גיל,תגמולים ואישית לפיצויים | כללי/מעורב/גמיש/תלוי גיל,2016,1.9117,11,72.3
gemel,9792,מנורה מבטחים תגמולים ופיצויים מסלול לבני 50 עד 60,תגמולים ואישית לפיצויים,כללי/מעורב/גמיש/תלוי גיל,תגמולים ואישית לפיצויים | כללי/מעורב/גמיש/תלוי גיל,2016,3.9252,12,3434.2
gemel,9793,מנורה מבטחים תגמולים ופיצויים מסלול לבני 50 ומטה,תגמולים ואישית לפיצויים,כללי/מעורב/גמיש/תלוי גיל,תגמולים ואישית לפיצויים | כללי/מעורב/גמיש/תלוי גיל,2016,5.7171,11,166.5
gemel,9794,מנורה מבטחים תגמולים ופיצויים מסלול לבני 60 ומעלה,תגמולים ואישית לפיצויים,כללי/מעורב/גמיש/תלוי גיל,תגמולים ואישית לפיצויים | כללי/מעורב/גמיש/תלוי גיל,2016,3.3533,11,187.8
gemel,9795,מנורה מבטחים תגמולים ופיצויים מסלול הלכה,תגמולים ואישית לפיצויים,כללי/מעורב/גמיש/תלוי גיל,תגמולים ואישית לפיצויים | כללי/מעורב/גמיש/תלוי גיל,2016,-0.1379,9,2.0
gemel,9808,אי.בי.אי. לתגמולים ופיצויים מסלול לבני 50 עד 60,תגמולים ואישית לפיצויים,כללי/מעורב/גמיש/תלוי גיל,תגמולים ואישית לפיצויים | כללי/מעורב/גמיש/תלוי גיל,2016,2.2275,12,657.1
gemel,9809,אי.בי.אי. לתגמולים ופיצויים מסלול לבני 50 ומטה,תגמולים ואישית לפיצויים,כללי/מעורב/גמיש/תלוי גיל,תגמולים ואישית לפיצויים | כללי/מעורב/גמיש/תלוי גיל,2016,2.6488,12,126.2
gemel,9810,אי.בי.אי. לתגמולים ופיצויים מסלול לבני 60 ומעלה,תגמולים ואישית לפיצויים,כללי/מעורב/גמיש/תלוי גיל,תגמולים ואישית לפיצויים | כללי/מעורב/גמיש/תלוי גיל,2016,1.369,12,430.5
gemel,9855,איילון תגמולים ואישית לפיצויים מסלולית 50 עד 60,תגמולים ואישית לפיצויים,כללי/מעורב/גמיש/תלוי גיל,תגמולים ואישית לפיצויים | כללי/מעורב/גמיש/תלוי גיל,2016,3.6106,12,1250.9
gemel,9869,הלמן-אלדובי השתלמות פאסיבי -כללי,קרנות השתלמות,כללי/מעורב/גמיש/תלוי גיל,קרנות השתלמות | כללי/מעורב/גמיש/תלוי גיל,2016,3.6804,11,134.8
gemel,9870,"הלמן-אלדובי השתלמות חו""ל",קרנות השתלמות,כללי/מעורב/גמיש/תלוי גיל,קרנות השתלמות | כללי/מעורב/גמיש/תלוי גיל,2016,2.5682,11,16.5
gemel,9871,הלמן-אלדובי השתלמות ישראל,קרנות השתלמות,כללי/מעורב/גמיש/תלוי גיל,קרנות השתלמות | כללי/מעורב/גמיש/תלוי גיל,2016,2.5477,11,49.8
gemel,9877,הלמן-אלדובי גמל מסלול לבני 50 ומטה,תגמולים ואישית לפיצויים,כללי/מעורב/גמיש/תלוי גיל,תגמולים ואישית לפיצויים | כללי/מעורב/גמיש/תלוי גיל,2016,2.1689,12,462.0
gemel,9878,הלמן-אלדובי גמל מסלול לבני 50 עד 60,תגמולים ואישית לפיצויים,כללי/מעורב/גמיש/תלוי גיל,תגמולים ואישית לפיצויים | כללי/מעורב/גמיש/תלוי גיל,2016,2.916,11,379.8
gemel,9879,הלמן-אלדובי גמל מסלול לבני 60 ומעלה,תגמולים ואישית לפיצויים,כללי/מעורב/גמיש/תלוי גיל,תגמולים ואישית לפיצויים | כללי/מעורב/גמיש/תלוי גיל,2016,1.2699,11,839.4
gemel,9880,"הלמן-אלדובי בר-יציב חו""ל",תגמולים ואישית לפיצויים,כללי/מעורב/גמיש/תלוי גיל,תגמולים ואישית לפיצויים | כללי/מעורב/גמיש/תלוי גיל,2016,2.097,11,63.2
gemel,9882,"אקסלנס השתלמות אג""ח עד 10% מניות",קרנות השתלמות,עד 25% מניות,קרנות השתלמות | עד 25% מניות,2016,1.1492,11,18.0
gemel,9884,הפניקס תגמולים ופיצויים - מסלול לבני 50 ומטה,תגמולים ואישית לפיצויים,כללי/מעורב/גמיש/תלוי גיל,תגמולים ואישית לפיצויים | כללי/מעורב/גמיש/תלוי גיל,2016,5.5195,12,320.3
gemel,9889,פסגות גדיש לבני 50 ומטה,תגמולים ואישית לפיצויים,כללי/מעורב/גמיש/תלוי גיל,תגמולים ואישית לפיצויים | כללי/מעורב/גמיש/תלוי גיל,2016,3.3478,12,1012.6
gemel,989,אלטשולר שחם עוקב מדדי מניות,תגמולים ואישית לפיצויים,מניות פאסיבי,תגמולים ואישית לפיצויים | מניות פאסיבי,2016,5.2047,12,73.9
gemel,9890,פסגות גדיש לבני 50-60,תגמולים ואישית לפיצויים,כללי/מעורב/גמיש/תלוי גיל,תגמולים ואישית לפיצויים | כללי/מעורב/גמיש/תלוי גיל,2016,2.9039,12,27694.5
gemel,9891,פסגות גדיש לבני 60 ומעלה,תגמולים ואישית לפיצויים,כללי/מעורב/גמיש/תלוי גיל,תגמולים ואישית לפיצויים | כללי/מעורב/גמיש/תלוי גיל,2016,0.8727,12,1089.6
gemel,9905,הפניקס גמל פאסיבי לבני 50 ומטה,תגמולים ואישית לפיצויים,כללי/מעורב/גמיש/תלוי גיל,תגמולים ואישית לפיצויים | כללי/מעורב/גמיש/תלוי גיל,2016,2.4144,11,9.1
gemel,9906,הפניקס גמל כספי (שיקלי),תגמולים ואישית לפיצויים,כספי,תגמולים ואישית לפיצויים | כספי,2016,0.09,11,37.8
gemel,9916,הפניקס גמל לבני 50 ומטה,תגמולים ואישית לפיצויים,כללי/מעורב/גמיש/תלוי גיל,תגמולים ואישית לפיצויים | כללי/מעורב/גמיש/תלוי גיל,2016,3.7525,12,4007.7
gemel,9917,הפניקס גמל פאסיבי לבני 50 עד 60,תגמולים ואישית לפיצויים,כללי/מעורב/גמיש/תלוי גיל,תגמולים ואישית לפיצויים | כללי/מעורב/גמיש/תלוי גיל,2016,3.0953,12,822.5
gemel,9918,אקסלנס גמל לבני 60 ומעלה,תגמולים ואישית לפיצויים,כללי/מעורב/גמיש/תלוי גיל,תגמולים ואישית לפיצויים | כללי/מעורב/גמיש/תלוי גיל,2016,1.4559,11,137.5
gemel,9919,"אקסלנס השתלמות פאסיבי- מדדי חו""ל",קרנות השתלמות,מניות פאסיבי,קרנות השתלמות | מניות פאסיבי,2016,2.8871,11,4.9
gemel,9939,ילין לפידות קופת גמל מסלול לבני 50 ומטה,תגמולים ואישית לפיצויים,כללי/מעורב/גמיש/תלוי גיל,תגמולים ואישית לפיצויים | כללי/מעורב/גמיש/תלוי גיל,2016,9.7411,11,267.9
gemel,9940,ילין לפידות קופת גמל מסלול לבני 50 עד 60,תגמולים ואישית לפיצויים,כללי/מעורב/גמיש/תלוי גיל,תגמולים ואישית לפיצויים | כללי/מעורב/גמיש/תלוי גיל,2016,6.6673,12,4588.9
gemel,9941,ילין לפידות קופת גמל מסלול לבני 60 ומעלה,תגמולים ואישית לפיצויים,כללי/מעורב/גמיש/תלוי גיל,תגמולים ואישית לפיצויים | כללי/מעורב/גמיש/תלוי גיל,2016,4.1199,11,404.9
gemel,9950,אלטשולר שחם גמל לבני 50 ומטה,תגמולים ואישית לפיצויים,כללי/מעורב/גמיש/תלוי גיל,תגמולים ואישית לפיצויים | כללי/מעורב/גמיש/תלוי גיל,2016,5.2061,12,1328.0
gemel,9951,אלטשולר שחם גמל לבני 50 עד 60,תגמולים ואישית לפיצויים,כללי/מעורב/גמיש/תלוי גיל,תגמולים ואישית לפיצויים | כללי/מעורב/גמיש/תלוי גיל,2016,5.0953,12,9888.1
gemel,9952,אלטשולר שחם גמל לבני 60 ומעלה,תגמולים ואישית לפיצויים,כללי/מעורב/גמיש/תלוי גיל,תגמולים ואישית לפיצויים | כללי/מעורב/גמיש/תלוי גיל,2016,3.2179,12,4858.3
gemel,101,"הראל אג""ח עד 25% מניות",תגמולים ואישית לפיצויים,עד 25% מניות,תגמולים ואישית לפיצויים | עד 25% מניות,2017,6.5622,12,11570.9
gemel,103,מיטב גמל לבני 50 עד 60,תגמולים ואישית לפיצויים,כללי/מעורב/גמיש/תלוי גיל,תגמולים ואישית לפיצויים | כללי/מעורב/גמיש/תלוי גיל,2017,7.2023,12,6771.1
gemel,1034,הראל השתלמות משולב סחיר,קרנות השתלמות,כללי/מעורב/גמיש/תלוי גיל,קרנות השתלמות | כללי/מעורב/גמיש/תלוי גיל,2017,5.2036,12,44.2
gemel,1035,"ילין לפידות קופת גמל מסלול אג""ח עד 25% מניות",תגמולים ואישית לפיצויים,עד 25% מניות,תגמולים ואישית לפיצויים | עד 25% מניות,2017,4.5111,12,5874.0
gemel,1036,ילין לפידות קופת גמל מסלול מניות,תגמולים ואישית לפיצויים,מניות אקטיבי,תגמולים ואישית לפיצויים | מניות אקטיבי,2017,13.615,12,1205.6
gemel,1037,"ילין לפידות קופת גמל מסלול אשראי ואג""ח",תגמולים ואישית לפיצויים,"אג""ח ללא מניות","תגמולים ואישית לפיצויים | אג""ח ללא מניות",2017,1.9493,12,594.9
gemel,1038,"ילין לפידות קרן השתלמות מסלול אג""ח עם מניות (עד 25% מניות)",קרנות השתלמות,עד 25% מניות,קרנות השתלמות | עד 25% מניות,2017,4.5429,12,6990.8
gemel,1059,פסגות שיא השתלמות פאסיבי- כללי,קרנות השתלמות,כללי/מעורב/גמיש/תלוי גיל,קרנות השתלמות | כללי/מעורב/גמיש/תלוי גיל,2017,6.3428,12,33.2
gemel,107,"הלמן-אלדובי גמל אג""ח עד 25% במניות",תגמולים ואישית לפיצויים,עד 25% מניות,תגמולים ואישית לפיצויים | עד 25% מניות,2017,6.1552,12,712.1
gemel,1078,"אינפיניטי גמל אשראי ואג""ח",תגמולים ואישית לפיצויים,"אג""ח ללא מניות","תגמולים ואישית לפיצויים | אג""ח ללא מניות",2017,4.3559,12,252.9
gemel,1079,אינפיניטי גמל מניות בישראל,תגמולים ואישית לפיצויים,מניות אקטיבי,תגמולים ואישית לפיצויים | מניות אקטיבי,2017,3.9494,12,49.3
gemel,1083,אינפיניטי השתלמות כללי,קרנות השתלמות,כללי/מעורב/גמיש/תלוי גיל,קרנות השתלמות | כללי/מעורב/גמיש/תלוי גיל,2017,4.4429,12,41.2
gemel,1084,"אינפיניטי השתלמות אשראי ואג""ח",קרנות השתלמות,"אג""ח ללא מניות","קרנות השתלמות | אג""ח ללא מניות",2017,4.4494,12,284.6
gemel,1085,אינפיניטי השתלמות מניות בישראל,קרנות השתלמות,מניות אקטיבי,קרנות השתלמות | מניות אקטיבי,2017,3.2079,12,69.2
gemel,1093,אלטשולר שחם השתלמות כללי,קרנות השתלמות,כללי/מעורב/גמיש/תלוי גיל,קרנות השתלמות | כללי/מעורב/גמיש/תלוי גיל,2017,10.5973,12,19340.9
gemel,1100,"הפניקס השתלמות אשראי ואג""ח עם מניות (עד 25% מניות)",קרנות השתלמות,עד 25% מניות,קרנות השתלמות | עד 25% מניות,2017,5.1885,12,2561.1
gemel,1110,"מנורה מבטחים השתלמות מסלול אג""ח קונצרני",קרנות השתלמות,"אג""ח ללא מניות","קרנות השתלמות | אג""ח ללא מניות",2017,5.6172,12,86.3
gemel,1114,מנורה מבטחים השתלמות כספי (שקלי),קרנות השתלמות,כספי,קרנות השתלמות | כספי,2017,0.1301,12,61.0
gemel,11310,הפניקס חיסכון לילד - חוסכים המעדיפים סיכון מועט,קופת גמל להשקעה - חסכון לילד,עד 25% מניות,קופת גמל להשקעה - חסכון לילד | עד 25% מניות,2017,4.5449,11,72.3
gemel,11311,הפניקס חיסכון לילד - חוסכים המעדיפים סיכון מוגבר,קופת גמל להשקעה - חסכון לילד,מניות אקטיבי,קופת גמל להשקעה - חסכון לילד | מניות אקטיבי,2017,12.0741,11,13.5
gemel,11312,הפניקס חיסכון לילד - חוסכים המעדיפים סיכון בינוני,קופת גמל להשקעה - חסכון לילד,כללי/מעורב/גמיש/תלוי גיל,קופת גמל להשקעה - חסכון לילד | כללי/מעורב/גמיש/תלוי גיל,2017,7.0925,11,13.8
gemel,11320,מנורה מבטחים חסכון לכל ילד מסלול הלכה,קופת גמל להשקעה - חסכון לילד,כללי/מעורב/גמיש/תלוי גיל,קופת גמל להשקעה - חסכון לילד | כללי/מעורב/גמיש/תלוי גיל,2017,6.0519,11,16.9
gemel,11321,מנורה מבטחים חסכון לכל ילד - מסלול חוסכים המעדיפים סיכון מועט,קופת גמל להשקעה - חסכון לילד,עד 25% מניות,קופת גמל להשקעה - חסכון לילד | עד 25% מניות,2017,4.6741,11,82.0
gemel,11322,מנורה מבטחים חסכון לכל ילד - מסלול חוסכים המעדיפים סיכון בינוני,קופת גמל להשקעה - חסכון לילד,כללי/מעורב/גמיש/תלוי גיל,קופת גמל להשקעה - חסכון לילד | כללי/מעורב/גמיש/תלוי גיל,2017,6.4921,11,23.9
gemel,11323,מנורה מבטחים חסכון לכל ילד - מסלול חוסכים המעדיפים סיכון מוגבר,קופת גמל להשקעה - חסכון לילד,מניות אקטיבי,קופת גמל להשקעה - חסכון לילד | מניות אקטיבי,2017,12.1627,11,16.9
gemel,11325,אלטשולר שחם חיסכון לילד לחוסכים המעדיפים סיכון מועט,קופת גמל להשקעה - חסכון לילד,עד 25% מניות,קופת גמל להשקעה - חסכון לילד | עד 25% מניות,2017,4.6351,11,130.5
gemel,11326,אלטשולר שחם חיסכון לילד לחוסכים המעדיפים סיכון בינוני,קופת גמל להשקעה - חסכון לילד,כללי/מעורב/גמיש/תלוי גיל,קופת גמל להשקעה - חסכון לילד | כללי/מעורב/גמיש/תלוי גיל,2017,8.4349,11,298.2
gemel,11327,אלטשולר שחם חיסכון לילד לחוסכים המעדיפים סיכון מוגבר,קופת גמל להשקעה - חסכון לילד,מניות אקטיבי,קופת גמל להשקעה - חסכון לילד | מניות אקטיבי,2017,18.9348,11,660.4
gemel,11328,אלטשולר שחם חיסכון לילד הלכה,קופת גמל להשקעה - חסכון לילד,כללי/מעורב/גמיש/תלוי גיל,קופת גמל להשקעה - חסכון לילד | כללי/מעורב/גמיש/תלוי גיל,2017,6.8376,11,113.2
gemel,11335,הפניקס חיסכון לילד - הלכה,קופת גמל להשקעה - חסכון לילד,כללי/מעורב/גמיש/תלוי גיל,קופת גמל להשקעה - חסכון לילד | כללי/מעורב/גמיש/תלוי גיל,2017,4.8648,11,4.8
gemel,11343,סלייס גמל חסכון לילד - חוסכים המעדיפים סיכון מועט,קופת גמל להשקעה - חסכון לילד,עד 25% מניות,קופת גמל להשקעה - חסכון לילד | עד 25% מניות,2017,3.6167,11,68.0
gemel,11344,סלייס גמל חסכון לילד - חוסכים המעדיפים סיכון בינוני,קופת גמל להשקעה - חסכון לילד,כללי/מעורב/גמיש/תלוי גיל,קופת גמל להשקעה - חסכון לילד | כללי/מעורב/גמיש/תלוי גיל,2017,5.7499,11,0.5
gemel,11345,סלייס גמל חסכון לילד - חוסכים המעדיפים סיכון מוגבר,קופת גמל להשקעה - חסכון לילד,מניות אקטיבי,קופת גמל להשקעה - חסכון לילד | מניות אקטיבי,2017,13.7502,11,0.5
gemel,11352,הפניקס חיסכון לילד- שריעה,קופת גמל להשקעה - חסכון לילד,כללי/מעורב/גמיש/תלוי גיל,קופת גמל להשקעה - חסכון לילד | כללי/מעורב/גמיש/תלוי גיל,2017,-0.2999,11,10.8
gemel,11353,הלמן-אלדובי חיסכון לילד- הלכה,קופת גמל להשקעה - חסכון לילד,כללי/מעורב/גמיש/תלוי גיל,קופת גמל להשקעה - חסכון לילד | כללי/מעורב/גמיש/תלוי גיל,2017,5.676,11,2.7
gemel,11354,הלמן-אלדובי חיסכון לילד- חוסכים המעדיפים סיכון מועט,קופת גמל להשקעה - חסכון לילד,עד 25% מניות,קופת גמל להשקעה - חסכון לילד | עד 25% מניות,2017,3.2806,11,71.2
gemel,11355,הלמן-אלדובי חיסכון לילד- חוסכים המעדיפים סיכון בינוני,קופת גמל להשקעה - חסכון לילד,כללי/מעורב/גמיש/תלוי גיל,קופת גמל להשקעה - חסכון לילד | כללי/מעורב/גמיש/תלוי גיל,2017,5.9132,11,12.7
gemel,11356,הלמן-אלדובי חיסכון לילד- חוסכים המעדיפים סיכון מוגבר,קופת גמל להשקעה - חסכון לילד,מניות אקטיבי,קופת גמל להשקעה - חסכון לילד | מניות אקטיבי,2017,11.0226,11,10.3
gemel,11365,אנליסט מסלולית - קופת גמל להשקעה לחיסכון ארוך טווח לילד - מסלול לחוסכים המעדיפים סיכון מועט,קופת גמל להשקעה - חסכון לילד,עד 25% מניות,קופת גמל להשקעה - חסכון לילד | עד 25% מניות,2017,5.1879,11,69.4
gemel,11366,אנליסט מסלולית - קופת גמל להשקעה לחיסכון ארוך טווח לילד - מסלול לחוסכים המעדיפים סיכון בינוני,קופת גמל להשקעה - חסכון לילד,כללי/מעורב/גמיש/תלוי גיל,קופת גמל להשקעה - חסכון לילד | כללי/מעורב/גמיש/תלוי גיל,2017,7.7545,11,24.2
gemel,11367,אנליסט מסלולית - קופת גמל להשקעה לחיסכון ארוך טווח לילד - מסלול לחוסכים המעדיפים סיכון מוגבר,קופת גמל להשקעה - חסכון לילד,מניות אקטיבי,קופת גמל להשקעה - חסכון לילד | מניות אקטיבי,2017,11.0056,11,22.9
gemel,11372,אינפיניטי חיסכון לילד - חוסכים המעדיפים סיכון בינוני,קופת גמל להשקעה - חסכון לילד,כללי/מעורב/גמיש/תלוי גיל,קופת גמל להשקעה - חסכון לילד | כללי/מעורב/גמיש/תלוי גיל,2017,5.6509,11,2.2
gemel,11373,אינפיניטי חיסכון לילד - חוסכים המעדיפים סיכון מוגבר,קופת גמל להשקעה - חסכון לילד,מניות אקטיבי,קופת גמל להשקעה - חסכון לילד | מניות אקטיבי,2017,8.6827,11,3.8
gemel,11374,אינפיניטי חיסכון לילד - חוסכים המעדיפים סיכון מועט,קופת גמל להשקעה - חסכון לילד,עד 25% מניות,קופת גמל להשקעה - חסכון לילד | עד 25% מניות,2017,4.7504,11,68.2
gemel,11375,הראל חיסכון לילד - חוסכים המעדיפים סיכון מועט,קופת גמל להשקעה - חסכון לילד,עד 25% מניות,קופת גמל להשקעה - חסכון לילד | עד 25% מניות,2017,4.8689,11,101.0
gemel,11376,הראל חיסכון לילד - חוסכים המעדיפים סיכון בינוני,קופת גמל להשקעה - חסכון לילד,כללי/מעורב/גמיש/תלוי גיל,קופת גמל להשקעה - חסכון לילד | כללי/מעורב/גמיש/תלוי גיל,2017,7.3214,11,50.8
gemel,11377,הראל חיסכון לילד - חוסכים המעדיפים סיכון מוגבר,קופת גמל להשקעה - חסכון לילד,מניות אקטיבי,קופת גמל להשקעה - חסכון לילד | מניות אקטיבי,2017,12.2253,11,43.7
gemel,11380,פסגות חיסכון לילד - חוסכים המעדיפים סיכון מועט,קופת גמל להשקעה - חסכון לילד,עד 25% מניות,קופת גמל להשקעה - חסכון לילד | עד 25% מניות,2017,3.6738,11,76.4
gemel,11381,פסגות חיסכון לילד - חוסכים המעדיפים סיכון בינוני,קופת גמל להשקעה - חסכון לילד,כללי/מעורב/גמיש/תלוי גיל,קופת גמל להשקעה - חסכון לילד | כללי/מעורב/גמיש/תלוי גיל,2017,5.2279,11,24.2
gemel,11382,פסגות חיסכון לילד - חוסכים המעדיפים סיכון מוגבר,קופת גמל להשקעה - חסכון לילד,מניות אקטיבי,קופת גמל להשקעה - חסכון לילד | מניות אקטיבי,2017,8.7149,11,49.5
gemel,11383,פסגות חיסכון לילד - הלכה,קופת גמל להשקעה - חסכון לילד,כללי/מעורב/גמיש/תלוי גיל,קופת גמל להשקעה - חסכון לילד | כללי/מעורב/גמיש/תלוי גיל,2017,4.7692,11,292.7
gemel,11385,מיטב קופת גמל להשקעה לחיסכון ארוך טווח לילד אחר חיסכון לכל ילד - חוסכים המעדיפים סיכון מועט,קופת גמל להשקעה - חסכון לילד,עד 25% מניות,קופת גמל להשקעה - חסכון לילד | עד 25% מניות,2017,4.2203,11,78.6
gemel,11386,מיטב קופת גמל להשקעה לחיסכון ארוך טווח לילד אחר חיסכון לכל ילד - חוסכים המעדיפים סיכון בינוני,קופת גמל להשקעה - חסכון לילד,כללי/מעורב/גמיש/תלוי גיל,קופת גמל להשקעה - חסכון לילד | כללי/מעורב/גמיש/תלוי גיל,2017,5.9205,11,39.2
gemel,11387,מיטב קופת גמל להשקעה לחיסכון ארוך טווח לילד אחר חיסכון לכל ילד - חוסכים המעדיפים סיכון מוגבר,קופת גמל להשקעה - חסכון לילד,מניות אקטיבי,קופת גמל להשקעה - חסכון לילד | מניות אקטיבי,2017,9.2168,11,23.9
gemel,11388,מיטב קופת גמל להשקעה לחיסכון ארוך טווח לילד הלכה,קופת גמל להשקעה - חסכון לילד,כללי/מעורב/גמיש/תלוי גיל,קופת גמל להשקעה - חסכון לילד | כללי/מעורב/גמיש/תלוי גיל,2017,5.3142,11,47.5
gemel,11390,ילין לפידות קופת גמל להשקעה מסלול כללי,קופת גמל להשקעה,כללי/מעורב/גמיש/תלוי גיל,קופת גמל להשקעה | כללי/מעורב/גמיש/תלוי גיל,2017,7.7316,12,172.3
gemel,11391,"ילין לפידות קופת גמל להשקעה מסלול אשראי ואג""ח",קופת גמל להשקעה,"אג""ח ללא מניות","קופת גמל להשקעה | אג""ח ללא מניות",2017,3.7116,12,6.8
gemel,11392,"ילין לפידות קופת גמל להשקעה מסלול אשראי ואג""ח עם מניות (עד 25% מניות)",קופת גמל להשקעה,עד 25% מניות,קופת גמל להשקעה | עד 25% מניות,2017,5.3843,12,34.5
gemel,11393,"ילין לפידות קופת גמל להשקעה מסלול אג""ח ממשלות",קופת גמל להשקעה,"אג""ח ללא מניות","קופת גמל להשקעה | אג""ח ללא מניות",2017,2.2356,12,1.3
gemel,11394,ילין לפידות קופת גמל להשקעה מסלול מניות,קופת גמל להשקעה,מניות אקטיבי,קופת גמל להשקעה | מניות אקטיבי,2017,14.0218,12,89.0
gemel,11407,אינפיניטי גמל להשקעה מניות,קופת גמל להשקעה,מניות אקטיבי,קופת גמל להשקעה | מניות אקטיבי,2017,5.5018,12,4.9
gemel,11408,מנורה מבטחים השתלמות עוקב מדדים גמיש,קרנות השתלמות,כללי/מעורב/גמיש/תלוי גיל,קרנות השתלמות | כללי/מעורב/גמיש/תלוי גיל,2017,3.9623,8,10.1
gemel,11409,"מנורה מבטחים השתלמות עוקב מדדים - אג""ח עם מניות (עד 25% מניות)",קרנות השתלמות,עד 25% מניות,קרנות השתלמות | עד 25% מניות,2017,2.7727,7,2.3
gemel,11411,הלמן-אלדובי קופת גמל להשקעה מחקה מדד S&P500,קופת גמל להשקעה,מניות פאסיבי,קופת גמל להשקעה | מניות פאסיבי,2017,8.0194,12,21.6
gemel,1147,"מנורה מבטחים תגמולים ופיצויים אג""ח עד 10% מניות",תגמולים ואישית לפיצויים,עד 25% מניות,תגמולים ואישית לפיצויים | עד 25% מניות,2017,4.3645,12,1123.2
gemel,1149,"מנורה מבטחים השתלמות אג""ח עד 10% מניות",קרנות השתלמות,עד 25% מניות,קרנות השתלמות | עד 25% מניות,2017,4.3127,12,1880.2
gemel,1156,מגדל לתגמולים ולפיצויים מסלול ביג כללי לפחות 30% מניות,תגמולים ואישית לפיצויים,כללי/מעורב/גמיש/תלוי גיל,תגמולים ואישית לפיצויים | כללי/מעורב/גמיש/תלוי גיל,2017,7.1985,12,117.9
gemel,1157,מגדל השתלמות מסלול ביג כללי לפחות 30% מניות,קרנות השתלמות,כללי/מעורב/גמיש/תלוי גיל,קרנות השתלמות | כללי/מעורב/גמיש/תלוי גיל,2017,7.2535,12,540.6
gemel,11578,"אי.בי.אי. גמל קופת גמל להשקעה מחקה מדד נדל""ן מניב ישראל",קופת גמל להשקעה,מניות פאסיבי,קופת גמל להשקעה | מניות פאסיבי,2017,3.5886,8,3.0
gemel,1162,ילין לפידות קרן השתלמות מסלול כללי,קרנות השתלמות,כללי/מעורב/גמיש/תלוי גיל,קרנות השתלמות | כללי/מעורב/גמיש/תלוי גיל,2017,6.2891,12,14303.5
gemel,117,"כלל תמר אשראי ואג""ח",תגמולים ואישית לפיצויים,"אג""ח ללא מניות","תגמולים ואישית לפיצויים | אג""ח ללא מניות",2017,4.086,12,1063.1
gemel,1183,פסגות שיא השתלמות ישראל,קרנות השתלמות,כללי/מעורב/גמיש/תלוי גיל,קרנות השתלמות | כללי/מעורב/גמיש/תלוי גיל,2017,7.094,12,2391.1
gemel,119,מנורה מבטחים יותר מסלול ד',תגמולים ואישית לפיצויים,כללי/מעורב/גמיש/תלוי גיל,תגמולים ואישית לפיצויים | כללי/מעורב/גמיש/תלוי גיל,2017,6.0002,12,927.1
gemel,1190,"הפניקס השתלמות אג""ח עד 25% מניות",קרנות השתלמות,עד 25% מניות,קרנות השתלמות | עד 25% מניות,2017,6.1561,12,358.8
gemel,11914,אינפיניטי חיסכון לילד - הלכה,קופת גמל להשקעה - חסכון לילד,כללי/מעורב/גמיש/תלוי גיל,קופת גמל להשקעה - חסכון לילד | כללי/מעורב/גמיש/תלוי גיל,2017,9.0786,6,1.8
gemel,11979,סלייס גמל קופת גמל לחסכון מדרגות עד 50,תגמולים ואישית לפיצויים,כללי/מעורב/גמיש/תלוי גיל,תגמולים ואישית לפיצויים | כללי/מעורב/גמיש/תלוי גיל,2017,-0.16,1,2.5
gemel,1198,"הלמן-אלדובי גמל מסלול אג""ח ללא מניות",תגמולים ואישית לפיצויים,"אג""ח ללא מניות","תגמולים ואישית לפיצויים | אג""ח ללא מניות",2017,4.3265,12,186.6
gemel,1201,אי.בי.אי לתגמולים ופיצויים מסלול מניות,תגמולים ואישית לפיצויים,מניות אקטיבי,תגמולים ואישית לפיצויים | מניות אקטיבי,2017,13.1478,12,57.2
gemel,1202,"הלמן-אלדובי קרן השתלמות מסלול אג""ח ללא מניות",קרנות השתלמות,"אג""ח ללא מניות","קרנות השתלמות | אג""ח ללא מניות",2017,4.0878,12,199.7
gemel,1203,"הלמן-אלדובי קרן השתלמות מסלול אג""ח עד 10% מניות",קרנות השתלמות,עד 25% מניות,קרנות השתלמות | עד 25% מניות,2017,4.805,12,265.1
gemel,1204,אי.בי.אי קרן השתלמות מסלול כללי,קרנות השתלמות,כללי/מעורב/גמיש/תלוי גיל,קרנות השתלמות | כללי/מעורב/גמיש/תלוי גיל,2017,7.7028,12,720.1
gemel,1205,אי.בי.אי קרן השתלמות מסלול מניות,קרנות השתלמות,מניות אקטיבי,קרנות השתלמות | מניות אקטיבי,2017,13.7989,12,69.5
gemel,1209,"אינפיניטי גמל אג""ח ממשלות",תגמולים ואישית לפיצויים,"אג""ח ללא מניות","תגמולים ואישית לפיצויים | אג""ח ללא מניות",2017,2.0855,12,20.8
gemel,1210,"אינפיניטי השתלמות אג""ח ממשלות",קרנות השתלמות,"אג""ח ללא מניות","קרנות השתלמות | אג""ח ללא מניות",2017,2.126,12,36.7
gemel,1219,אלטשולר שחם קמה,תגמולים ואישית לפיצויים,כללי/מעורב/גמיש/תלוי גיל,תגמולים ואישית לפיצויים | כללי/מעורב/גמיש/תלוי גיל,2017,3.1504,12,201.3
gemel,124,כלל תמר מדד,תגמולים ואישית לפיצויים,"אג""ח ללא מניות","תגמולים ואישית לפיצויים | אג""ח ללא מניות",2017,4.0956,12,1142.1
gemel,1240,"מיטב השתלמות אשראי ואג""ח",קרנות השתלמות,"אג""ח ללא מניות","קרנות השתלמות | אג""ח ללא מניות",2017,3.6965,12,601.1
gemel,1256,מנורה מבטחים השתלמות מסלול מניות,קרנות השתלמות,מניות אקטיבי,קרנות השתלמות | מניות אקטיבי,2017,12.7281,12,75.3
gemel,127,כלל תמר מניות,תגמולים ואישית לפיצויים,מניות אקטיבי,תגמולים ואישית לפיצויים | מניות אקטיבי,2017,15.2773,12,217.8
gemel,128,כלל תמר כספי(שקלי),תגמולים ואישית לפיצויים,כספי,תגמולים ואישית לפיצויים | כספי,2017,0.2102,12,207.5
gemel,1290,אלטשולר שחם השתלמות כללי ב',קרנות השתלמות,כללי/מעורב/גמיש/תלוי גיל,קרנות השתלמות | כללי/מעורב/גמיש/תלוי גיל,2017,13.2516,12,1643.2
gemel,1319,"ילין לפידות קרן השתלמות מסלול אשראי ואג""ח",קרנות השתלמות,"אג""ח ללא מניות","קרנות השתלמות | אג""ח ללא מניות",2017,1.7556,12,462.2
gemel,132,הלמן-אלדובי השתלמות כללי,קרנות השתלמות,כללי/מעורב/גמיש/תלוי גיל,קרנות השתלמות | כללי/מעורב/גמיש/תלוי גיל,2017,6.5552,12,2516.4
gemel,1330,פסגות גדיש מניות,תגמולים ואישית לפיצויים,מניות אקטיבי,תגמולים ואישית לפיצויים | מניות אקטיבי,2017,12.4146,12,573.8
gemel,1331,פסגות גדיש אגח עד 10% מניות,תגמולים ואישית לפיצויים,עד 25% מניות,תגמולים ואישית לפיצויים | עד 25% מניות,2017,4.0883,12,3115.3
gemel,1332,"פסגות גדיש אג""ח",תגמולים ואישית לפיצויים,"אג""ח ללא מניות","תגמולים ואישית לפיצויים | אג""ח ללא מניות",2017,3.0049,12,799.3
gemel,1333,פסגות גדיש כספי,תגמולים ואישית לפיצויים,כספי,תגמולים ואישית לפיצויים | כספי,2017,0.09,12,255.7
gemel,1334,הראל גמל כספי (שקלי),תגמולים ואישית לפיצויים,כספי,תגמולים ואישית לפיצויים | כספי,2017,0.5915,12,198.0
gemel,1335,"הראל גמל מסלול אשראי ואג""ח",תגמולים ואישית לפיצויים,"אג""ח ללא מניות","תגמולים ואישית לפיצויים | אג""ח ללא מניות",2017,4.3091,12,248.0
gemel,1343,מנורה מבטחים תגמולים ופיצויים מסלול כספי (שקלי),תגמולים ואישית לפיצויים,כספי,תגמולים ואישית לפיצויים | כספי,2017,0.1701,12,59.5
gemel,1344,"מנורה מבטחים תגמולים ופיצויים אג""ח ממשלת ישראל",תגמולים ואישית לפיצויים,"אג""ח ללא מניות","תגמולים ואישית לפיצויים | אג""ח ללא מניות",2017,3.5186,12,134.4
gemel,1348,"כלל השתלמות אשראי ואג""ח",קרנות השתלמות,"אג""ח ללא מניות","קרנות השתלמות | אג""ח ללא מניות",2017,4.0726,12,372.6
gemel,1350,כלל השתלמות מניות,קרנות השתלמות,מניות אקטיבי,קרנות השתלמות | מניות אקטיבי,2017,14.8852,12,135.7
gemel,1351,כלל השתלמות כספי(שקלי),קרנות השתלמות,כספי,קרנות השתלמות | כספי,2017,0.1801,12,170.4
gemel,1353,מיטב השתלמות מעל 6 שנות וותק,קרנות השתלמות,כללי/מעורב/גמיש/תלוי גיל,קרנות השתלמות | כללי/מעורב/גמיש/תלוי גיל,2017,4.9631,12,2390.2
gemel,1354,"הפניקס השתלמות - מסלול אג""ח",קרנות השתלמות,"אג""ח ללא מניות","קרנות השתלמות | אג""ח ללא מניות",2017,4.7014,12,90.9
gemel,1355,"הפניקס תגמולים ופיצויים - מסלול אג""ח",תגמולים ואישית לפיצויים,"אג""ח ללא מניות","תגמולים ואישית לפיצויים | אג""ח ללא מניות",2017,4.5353,12,38.7
gemel,1360,"ילין לפידות קופת גמל מסלול אג""ח ממשלות",תגמולים ואישית לפיצויים,"אג""ח ללא מניות","תגמולים ואישית לפיצויים | אג""ח ללא מניות",2017,1.0437,12,78.3
gemel,1361,"ילין לפידות קרן השתלמות מסלול אג""ח ממשלות",קרנות השתלמות,"אג""ח ללא מניות","קרנות השתלמות | אג""ח ללא מניות",2017,1.2354,12,94.5
gemel,1364,מנורה מבטחים תגמולים ופיצויים מסלול מניות,תגמולים ואישית לפיצויים,מניות אקטיבי,תגמולים ואישית לפיצויים | מניות אקטיבי,2017,9.901,12,38.7
gemel,1367,"הלמן-אלדובי השתלמות אג""ח עד 15% במניות",קרנות השתלמות,עד 25% מניות,קרנות השתלמות | עד 25% מניות,2017,3.8244,12,229.1
gemel,1368,הראל גמל מסלול שקלי,תגמולים ואישית לפיצויים,"אג""ח ללא מניות","תגמולים ואישית לפיצויים | אג""ח ללא מניות",2017,5.8913,12,177.8
gemel,1369,הראל השתלמות מסלול שקלי,קרנות השתלמות,"אג""ח ללא מניות","קרנות השתלמות | אג""ח ללא מניות",2017,2.9969,12,259.2
gemel,1370,מיטב השתלמות כספי (שקלי),קרנות השתלמות,כספי,קרנות השתלמות | כספי,2017,0.1601,12,79.9
gemel,1375,אלטשולר שחם גמל מניות,תגמולים ואישית לפיצויים,מניות אקטיבי,תגמולים ואישית לפיצויים | מניות אקטיבי,2017,20.8983,12,729.8
gemel,1376,"אלטשולר שחם גמל אשראי ואג""ח",תגמולים ואישית לפיצויים,"אג""ח ללא מניות","תגמולים ואישית לפיצויים | אג""ח ללא מניות",2017,4.5941,12,334.4
gemel,1377,אלטשולר שחם השתלמות מניות,קרנות השתלמות,מניות אקטיבי,קרנות השתלמות | מניות אקטיבי,2017,20.7441,12,1343.1
gemel,1378,"אלטשולר שחם השתלמות אשראי ואג""ח",קרנות השתלמות,"אג""ח ללא מניות","קרנות השתלמות | אג""ח ללא מניות",2017,4.4373,12,345.9
gemel,1386,"מיטב גמל אג""ח ממשלות",תגמולים ואישית לפיצויים,"אג""ח ללא מניות","תגמולים ואישית לפיצויים | אג""ח ללא מניות",2017,2.8004,12,86.5
gemel,1387,"מיטב השתלמות אג""ח ממשלות",קרנות השתלמות,"אג""ח ללא מניות","קרנות השתלמות | אג""ח ללא מניות",2017,2.8724,12,300.0
gemel,1394,אלטשולר שחם גמל כספי (שקלי),תגמולים ואישית לפיצויים,כספי,תגמולים ואישית לפיצויים | כספי,2017,0.1,12,36.0
gemel,1395,"אלטשולר שחם גמל אג""ח ממשלות",תגמולים ואישית לפיצויים,"אג""ח ללא מניות","תגמולים ואישית לפיצויים | אג""ח ללא מניות",2017,3.3509,12,82.5
gemel,1398,אלטשולר שחם השתלמות כספי (שקלי),קרנות השתלמות,כספי,קרנות השתלמות | כספי,2017,0.09,12,38.0
gemel,1399,"אלטשולר שחם השתלמות אג""ח ממשלות",קרנות השתלמות,"אג""ח ללא מניות","קרנות השתלמות | אג""ח ללא מניות",2017,3.3497,12,117.5
gemel,1408,"מנורה מבטחים השתלמות מסלול אג""ח ממשלת ישראל",קרנות השתלמות,"אג""ח ללא מניות","קרנות השתלמות | אג""ח ללא מניות",2017,3.4155,12,367.5
gemel,1409,מנורה מבטחים השתלמות מסלול מניות סחיר,קרנות השתלמות,מניות אקטיבי,קרנות השתלמות | מניות אקטיבי,2017,9.6189,12,46.3
gemel,1412,"אנליסט גמל אג""ח ממשלות",תגמולים ואישית לפיצויים,"אג""ח ללא מניות","תגמולים ואישית לפיצויים | אג""ח ללא מניות",2017,3.6752,12,18.9
gemel,1424,פסגות שיא השתלמות אגח עד 10% מניות,קרנות השתלמות,עד 25% מניות,קרנות השתלמות | עד 25% מניות,2017,3.7666,12,1063.4
gemel,1429,"פסגות שיא השתלמות אג""ח ממשלת ישראל",קרנות השתלמות,"אג""ח ללא מניות","קרנות השתלמות | אג""ח ללא מניות",2017,2.8521,12,199.2
gemel,1431,"פסגות גדיש אג""ח ממשלת ישראל",תגמולים ואישית לפיצויים,"אג""ח ללא מניות","תגמולים ואישית לפיצויים | אג""ח ללא מניות",2017,2.7805,12,305.4
gemel,1442,"הלמן-אלדובי גמל מסלול פאסיבי - מדדי אג""ח ממשלת ישראל",תגמולים ואישית לפיצויים,"אג""ח ללא מניות","תגמולים ואישית לפיצויים | אג""ח ללא מניות",2017,2.4943,12,44.6
gemel,1443,"הלמן-אלדובי קרן השתלמות מסלול פאסיבי - מדדי אג""ח ממשלת ישראל",קרנות השתלמות,"אג""ח ללא מניות","קרנות השתלמות | אג""ח ללא מניות",2017,2.4738,12,42.9
gemel,1482,הפניקס תגמולים ופיצויים- מסלול שיטת הפניקס,תגמולים ואישית לפיצויים,כללי/מעורב/גמיש/תלוי גיל,תגמולים ואישית לפיצויים | כללי/מעורב/גמיש/תלוי גיל,2017,0.0,12,22.9
gemel,1483,הפניקס השתלמות - מסלול שיטת הפניקס,קרנות השתלמות,כללי/מעורב/גמיש/תלוי גיל,קרנות השתלמות | כללי/מעורב/גמיש/תלוי גיל,2017,0.0,12,112.3
gemel,1484,"הראל גמל מסלול אג""ח קונצרני",תגמולים ואישית לפיצויים,"אג""ח ללא מניות","תגמולים ואישית לפיצויים | אג""ח ללא מניות",2017,6.0361,12,57.2
gemel,1485,"הראל השתלמות אשראי ואג""ח",קרנות השתלמות,"אג""ח ללא מניות","קרנות השתלמות | אג""ח ללא מניות",2017,3.8519,12,85.8
gemel,1490,"אינפיניטי גמל אג""ח קונצרני",תגמולים ואישית לפיצויים,"אג""ח ללא מניות","תגמולים ואישית לפיצויים | אג""ח ללא מניות",2017,6.4618,12,13.2
gemel,1491,"אינפיניטי השתלמות אג""ח קונצרני",קרנות השתלמות,"אג""ח ללא מניות","קרנות השתלמות | אג""ח ללא מניות",2017,6.5683,12,32.4
gemel,1523,הראל השתלמות מסלול הלכה,קרנות השתלמות,כללי/מעורב/גמיש/תלוי גיל,קרנות השתלמות | כללי/מעורב/גמיש/תלוי גיל,2017,4.9806,12,113.6
gemel,1524,הראל גמל מסלול הלכה,תגמולים ואישית לפיצויים,כללי/מעורב/גמיש/תלוי גיל,תגמולים ואישית לפיצויים | כללי/מעורב/גמיש/תלוי גיל,2017,5.3456,12,45.7
gemel,1533,כלל תמר מסלול הלכתי (הוד),תגמולים ואישית לפיצויים,כללי/מעורב/גמיש/תלוי גיל,תגמולים ואישית לפיצויים | כללי/מעורב/גמיש/תלוי גיל,2017,6.3684,12,36.5
gemel,1534,כלל השתלמות הלכה,קרנות השתלמות,כללי/מעורב/גמיש/תלוי גיל,קרנות השתלמות | כללי/מעורב/גמיש/תלוי גיל,2017,6.1589,12,86.2
gemel,1535,אנליסט השתלמות כספי (שקלי),קרנות השתלמות,כספי,קרנות השתלמות | כספי,2017,0.4106,12,24.9
gemel,1536,אינפיניטי גמל מניות,תגמולים ואישית לפיצויים,מניות אקטיבי,תגמולים ואישית לפיצויים | מניות אקטיבי,2017,10.8598,12,39.2
gemel,1537,אינפיניטי השתלמות מניות,קרנות השתלמות,מניות אקטיבי,קרנות השתלמות | מניות אקטיבי,2017,10.8639,12,59.3
gemel,154,הראל השתלמות כללי,קרנות השתלמות,כללי/מעורב/גמיש/תלוי גיל,קרנות השתלמות | כללי/מעורב/גמיש/תלוי גיל,2017,7.9778,12,5547.2
gemel,1543,"הלמן-אלדובי גמל מסלול מדדי מניות חו""ל (פאסיבי)",תגמולים ואישית לפיצויים,מניות פאסיבי,תגמולים ואישית לפיצויים | מניות פאסיבי,2017,12.5769,12,78.2
gemel,1544,"הלמן-אלדובי קרן השתלמות מסלול פאסיבי - מדדי מניות חו""ל",קרנות השתלמות,מניות פאסיבי,קרנות השתלמות | מניות פאסיבי,2017,12.4654,12,63.9
gemel,1689,מיטב גמל עוקב מדדי מניות,תגמולים ואישית לפיצויים,מניות פאסיבי,תגמולים ואישית לפיצויים | מניות פאסיבי,2017,11.487,12,15.6
gemel,1692,"מיטב גמל עוקב מדדי אג""ח",תגמולים ואישית לפיצויים,"אג""ח ללא מניות","תגמולים ואישית לפיצויים | אג""ח ללא מניות",2017,5.4375,12,39.1
gemel,1861,מנורה מבטחים השתלמות מסלול לטווח ארוך,קרנות השתלמות,כללי/מעורב/גמיש/תלוי גיל,קרנות השתלמות | כללי/מעורב/גמיש/תלוי גיל,2017,8.3361,12,0.6
gemel,199,"מגדל השתלמות מסלול אשראי ואג""ח",קרנות השתלמות,"אג""ח ללא מניות","קרנות השתלמות | אג""ח ללא מניות",2017,4.1314,12,281.8
gemel,2017,אלטשולר שחם גמל הלכה,תגמולים ואישית לפיצויים,כללי/מעורב/גמיש/תלוי גיל,תגמולים ואישית לפיצויים | כללי/מעורב/גמיש/תלוי גיל,2017,5.2471,12,144.8
gemel,2018,פסגות שיא השתלמות הלכה,קרנות השתלמות,כללי/מעורב/גמיש/תלוי גיל,קרנות השתלמות | כללי/מעורב/גמיש/תלוי גיל,2017,5.1542,12,125.4
gemel,2048,מגדל השתלמות מסלול הלכה,קרנות השתלמות,כללי/מעורב/גמיש/תלוי גיל,קרנות השתלמות | כללי/מעורב/גמיש/תלוי גיל,2017,5.6523,12,72.3
gemel,2049,הפניקס גמל שריעה,תגמולים ואישית לפיצויים,כללי/מעורב/גמיש/תלוי גיל,תגמולים ואישית לפיצויים | כללי/מעורב/גמיש/תלוי גיל,2017,-0.6311,12,4.8
gemel,205,"פסגות גדיש חו""ל",תגמולים ואישית לפיצויים,כללי/מעורב/גמיש/תלוי גיל,תגמולים ואישית לפיצויים | כללי/מעורב/גמיש/תלוי גיל,2017,1.1241,12,99.6
gemel,2051,"מיטב דש גמל חו""ל",תגמולים ואישית לפיצויים,כללי/מעורב/גמיש/תלוי גיל,תגמולים ואישית לפיצויים | כללי/מעורב/גמיש/תלוי גיל,2017,-0.6011,12,11.1
gemel,2055,"מיטב דש השתלמות חו""ל",קרנות השתלמות,כללי/מעורב/גמיש/תלוי גיל,קרנות השתלמות | כללי/מעורב/גמיש/תלוי גיל,2017,-0.76,12,14.5
gemel,2058,הפניקס השתלמות שריעה,קרנות השתלמות,כללי/מעורב/גמיש/תלוי גיל,קרנות השתלמות | כללי/מעורב/גמיש/תלוי גיל,2017,-0.581,12,6.1
gemel,2089,"אקסלנס גמל אג""ח עד 20% מניות",תגמולים ואישית לפיצויים,עד 25% מניות,תגמולים ואישית לפיצויים | עד 25% מניות,2017,5.9547,12,162.9
gemel,2091,"אקסלנס השתלמות אג""ח עד 20% מניות",קרנות השתלמות,עד 25% מניות,קרנות השתלמות | עד 25% מניות,2017,5.6609,12,363.5
gemel,211,"הפניקס גמל אג""ח עד 15% מניות",תגמולים ואישית לפיצויים,עד 25% מניות,תגמולים ואישית לפיצויים | עד 25% מניות,2017,5.0318,12,2129.8
gemel,2115,"כלל השתלמות אג""ח",קרנות השתלמות,"אג""ח ללא מניות","קרנות השתלמות | אג""ח ללא מניות",2017,3.4247,12,125.3
gemel,223,"מיטב גמל אשראי ואג""ח",תגמולים ואישית לפיצויים,"אג""ח ללא מניות","תגמולים ואישית לפיצויים | אג""ח ללא מניות",2017,3.7264,12,933.2
gemel,2244,"פסגות שיא השתלמות חו""ל",קרנות השתלמות,כללי/מעורב/גמיש/תלוי גיל,קרנות השתלמות | כללי/מעורב/גמיש/תלוי גיל,2017,1.3649,12,35.4
gemel,2252,"אינפיניטי השתלמות אג""ח עד 15% מניות",קרנות השתלמות,עד 25% מניות,קרנות השתלמות | עד 25% מניות,2017,4.6129,12,19.9
gemel,2254,אינפיניטי השתלמות משולב סחיר,קרנות השתלמות,כללי/מעורב/גמיש/תלוי גיל,קרנות השתלמות | כללי/מעורב/גמיש/תלוי גיל,2017,6.164,12,12.1
gemel,2255,"הלמן-אלדובי גמל מחקה מדד ת""א 35",תגמולים ואישית לפיצויים,מניות פאסיבי,תגמולים ואישית לפיצויים | מניות פאסיבי,2017,2.4939,12,29.8
gemel,2256,הלמן-אלדובי גמל מחקה מדד S&P500,תגמולים ואישית לפיצויים,מניות פאסיבי,תגמולים ואישית לפיצויים | מניות פאסיבי,2017,9.0301,12,198.4
gemel,2262,אי.בי.אי לתגמולים ופיצויים פאסיבי משולב עד 10% מניות,תגמולים ואישית לפיצויים,עד 25% מניות,תגמולים ואישית לפיצויים | עד 25% מניות,2017,5.4526,12,41.4
gemel,2263,הלמן-אלדובי גמל פאסיבי משולב עד 25% מניות,תגמולים ואישית לפיצויים,עד 25% מניות,תגמולים ואישית לפיצויים | עד 25% מניות,2017,6.2766,12,158.7
gemel,2264,"הלמן-אלדובי השתלמות מחקה מדד ת""א 35",קרנות השתלמות,מניות פאסיבי,קרנות השתלמות | מניות פאסיבי,2017,2.5324,12,32.1
gemel,2265,הלמן-אלדובי השתלמות מחקה מדד S&P500,קרנות השתלמות,מניות פאסיבי,קרנות השתלמות | מניות פאסיבי,2017,9.0408,12,170.5
gemel,2270,אי.בי.אי השתלמות פאסיבי משולב עד 10% מניות,קרנות השתלמות,עד 25% מניות,קרנות השתלמות | עד 25% מניות,2017,5.4631,12,18.0
gemel,2271,הלמן-אלדובי השתלמות פאסיבי משולב עד 25% מניות,קרנות השתלמות,עד 25% מניות,קרנות השתלמות | עד 25% מניות,2017,6.2879,12,121.4
gemel,253,"כלל תמר אג""ח עד 25% מניות",תגמולים ואישית לפיצויים,עד 25% מניות,תגמולים ואישית לפיצויים | עד 25% מניות,2017,8.0475,12,11799.6
gemel,257,הלמן-אלדובי גמל ישראל,תגמולים ואישית לפיצויים,כללי/מעורב/גמיש/תלוי גיל,תגמולים ואישית לפיצויים | כללי/מעורב/גמיש/תלוי גיל,2017,6.6928,12,3133.3
gemel,259,הלמן-אלדובי גמל כללי (לשעבר קופת פקידי מרכנתיל דיסקונט),תגמולים ואישית לפיצויים,כללי/מעורב/גמיש/תלוי גיל,תגמולים ואישית לפיצויים | כללי/מעורב/גמיש/תלוי גיל,2017,6.3577,12,191.7
gemel,260,מנורה מבטחים אמיר כללי,תגמולים ואישית לפיצויים,כללי/מעורב/גמיש/תלוי גיל,תגמולים ואישית לפיצויים | כללי/מעורב/גמיש/תלוי גיל,2017,7.6535,12,394.0
gemel,263,"בר קרן גמולים קופת גמל לתגמולים ופיצויים בניהול כלל גמל בע""מ",תגמולים ואישית לפיצויים,כללי/מעורב/גמיש/תלוי גיל,תגמולים ואישית לפיצויים | כללי/מעורב/גמיש/תלוי גיל,2017,8.2739,12,3854.2
gemel,270,פסגות גדיש אגח עד 20% מניות,תגמולים ואישית לפיצויים,עד 25% מניות,תגמולים ואישית לפיצויים | עד 25% מניות,2017,4.6464,12,1393.5
gemel,385,"הפניקס גמל אשראי ואג""ח",תגמולים ואישית לפיצויים,"אג""ח ללא מניות","תגמולים ואישית לפיצויים | אג""ח ללא מניות",2017,4.1183,12,1012.3
gemel,395,"הלמן-אלדובי השתלמות אג""ח עד 25% במניות",קרנות השתלמות,עד 25% מניות,קרנות השתלמות | עד 25% מניות,2017,5.955,12,342.4
gemel,396,פסגות שיא השתלמות כללי,קרנות השתלמות,כללי/מעורב/גמיש/תלוי גיל,קרנות השתלמות | כללי/מעורב/גמיש/תלוי גיל,2017,7.1287,12,9934.7
gemel,401,הפניקס גמל לבני 60 ומעלה,תגמולים ואישית לפיצויים,כללי/מעורב/גמיש/תלוי גיל,תגמולים ואישית לפיצויים | כללי/מעורב/גמיש/תלוי גיל,2017,6.1232,12,1020.1
gemel,416,"הראל השתלמות אשראי ואג""ח עם מניות (עד 25% מניות)",קרנות השתלמות,עד 25% מניות,קרנות השתלמות | עד 25% מניות,2017,6.563,12,1834.6
gemel,456,כלל השתלמות כללי,קרנות השתלמות,כללי/מעורב/גמיש/תלוי גיל,קרנות השתלמות | כללי/מעורב/גמיש/תלוי גיל,2017,7.7592,12,6620.0
gemel,470,מגדל השתלמות לבני 60 ומעלה,קרנות השתלמות,כללי/מעורב/גמיש/תלוי גיל,קרנות השתלמות | כללי/מעורב/גמיש/תלוי גיל,2017,5.8703,12,45.2
gemel,472,"אלטשולר שחם גמל אג""ח עד 15% במניות",תגמולים ואישית לפיצויים,עד 25% מניות,תגמולים ואישית לפיצויים | עד 25% מניות,2017,5.3109,12,363.0
gemel,481,מיטב השתלמות עוקב מדדים גמיש,קרנות השתלמות,כללי/מעורב/גמיש/תלוי גיל,קרנות השתלמות | כללי/מעורב/גמיש/תלוי גיל,2017,6.3741,12,29.3
gemel,502,"הראל גמל מסלול אג""ח עד 20% מניות",תגמולים ואישית לפיצויים,עד 25% מניות,תגמולים ואישית לפיצויים | עד 25% מניות,2017,6.6584,12,2242.9
gemel,521,"הפניקס תגמולים ופיצויים - מסלול אג""ח עד 25% מניות",תגמולים ואישית לפיצויים,עד 25% מניות,תגמולים ואישית לפיצויים | עד 25% מניות,2017,6.3582,12,165.2
gemel,551,מיטב גמל לבני 60 ומעלה,תגמולים ואישית לפיצויים,כללי/מעורב/גמיש/תלוי גיל,תגמולים ואישית לפיצויים | כללי/מעורב/גמיש/תלוי גיל,2017,5.2337,12,3224.5
gemel,554,מיטב השתלמות עד 6 שנות וותק,קרנות השתלמות,כללי/מעורב/גמיש/תלוי גיל,קרנות השתלמות | כללי/מעורב/גמיש/תלוי גיל,2017,7.2664,12,8830.0
gemel,558,"אלטשולר שחם השתלמות אשראי ואג""ח עם מניות (עד 25% מניות)",קרנות השתלמות,עד 25% מניות,קרנות השתלמות | עד 25% מניות,2017,7.2269,12,6096.9
gemel,566,הראל השתלמות לטווח ארוך,קרנות השתלמות,כללי/מעורב/גמיש/תלוי גיל,קרנות השתלמות | כללי/מעורב/גמיש/תלוי גיל,2017,9.8415,12,85.3
gemel,579,מגדל השתלמות מסלול כללי,קרנות השתלמות,כללי/מעורב/גמיש/תלוי גיל,קרנות השתלמות | כללי/מעורב/גמיש/תלוי גיל,2017,6.971,12,11246.5
gemel,592,כלל תמר שקלים,תגמולים ואישית לפיצויים,"אג""ח ללא מניות","תגמולים ואישית לפיצויים | אג""ח ללא מניות",2017,3.6839,12,490.1
gemel,599,"מגדל השתלמות מסלול אג""ח עד 10% מניות",קרנות השתלמות,עד 25% מניות,קרנות השתלמות | עד 25% מניות,2017,4.597,12,293.6
gemel,610,"פסגות שיא השתלמות אג""ח",קרנות השתלמות,"אג""ח ללא מניות","קרנות השתלמות | אג""ח ללא מניות",2017,2.995,12,855.1
gemel,611,פסגות שיא השתלמות כספי,קרנות השתלמות,כספי,קרנות השתלמות | כספי,2017,0.09,12,163.8
gemel,612,פסגות שיא השתלמות מניות,קרנות השתלמות,מניות אקטיבי,קרנות השתלמות | מניות אקטיבי,2017,12.277,12,481.4
gemel,681,"הלמן-אלדובי בר-יציב אג""ח עד 20% במניות",תגמולים ואישית לפיצויים,עד 25% מניות,תגמולים ואישית לפיצויים | עד 25% מניות,2017,4.7693,12,145.8
gemel,686,הפניקס השתלמות לטווח קצר,קרנות השתלמות,כללי/מעורב/גמיש/תלוי גיל,קרנות השתלמות | כללי/מעורב/גמיש/תלוי גיל,2017,7.4495,12,5458.0
gemel,715,הפניקס השתלמות כספי (שקלי),קרנות השתלמות,כספי,קרנות השתלמות | כספי,2017,0.2503,12,222.6
gemel,716,"הפניקס השתלמות אשראי ואג""ח",קרנות השתלמות,"אג""ח ללא מניות","קרנות השתלמות | אג""ח ללא מניות",2017,3.921,12,551.6
gemel,7215,מיטב גמל לבני 50 ומטה,תגמולים ואישית לפיצויים,כללי/מעורב/גמיש/תלוי גיל,תגמולים ואישית לפיצויים | כללי/מעורב/גמיש/תלוי גיל,2017,8.2238,12,713.5
gemel,722,"הלמן-אלדובי בר-יציב אג""ח צמוד מדד",תגמולים ואישית לפיצויים,"אג""ח ללא מניות","תגמולים ואישית לפיצויים | אג""ח ללא מניות",2017,2.9336,12,197.6
gemel,723,הלמן-אלדובי בר-יציב שקלי,תגמולים ואישית לפיצויים,"אג""ח ללא מניות","תגמולים ואישית לפיצויים | אג""ח ללא מניות",2017,1.3681,12,188.2
gemel,7231,אינפיניטי גמל מסלול לבני 50 ומטה,תגמולים ואישית לפיצויים,כללי/מעורב/גמיש/תלוי גיל,תגמולים ואישית לפיצויים | כללי/מעורב/גמיש/תלוי גיל,2017,6.0581,12,5.2
gemel,7232,אינפיניטי גמל מסלול לבני 50 עד 60,תגמולים ואישית לפיצויים,כללי/מעורב/גמיש/תלוי גיל,תגמולים ואישית לפיצויים | כללי/מעורב/גמיש/תלוי גיל,2017,5.1356,12,49.7
gemel,7233,אינפיניטי גמל מסלול לבני 60 ומעלה,תגמולים ואישית לפיצויים,כללי/מעורב/גמיש/תלוי גיל,תגמולים ואישית לפיצויים | כללי/מעורב/גמיש/תלוי גיל,2017,4.6869,12,26.8
gemel,724,הלמן-אלדובי גמל מניות,תגמולים ואישית לפיצויים,מניות אקטיבי,תגמולים ואישית לפיצויים | מניות אקטיבי,2017,10.4397,12,56.9
gemel,7253,מגדל השתלמות מסלול לבני 50 ומטה,קרנות השתלמות,כללי/מעורב/גמיש/תלוי גיל,קרנות השתלמות | כללי/מעורב/גמיש/תלוי גיל,2017,7.0318,12,90.5
gemel,7254,מגדל השתלמות מסלול לבני 50 עד 60,קרנות השתלמות,כללי/מעורב/גמיש/תלוי גיל,קרנות השתלמות | כללי/מעורב/גמיש/תלוי גיל,2017,6.0858,12,43.1
gemel,7256,מגדל השתלמות מסלול עוקב מדדים - גמיש,קרנות השתלמות,כללי/מעורב/גמיש/תלוי גיל,קרנות השתלמות | כללי/מעורב/גמיש/תלוי גיל,2017,6.0841,12,50.0
gemel,736,"הלמן-אלדובי השתלמות אג""ח",קרנות השתלמות,"אג""ח ללא מניות","קרנות השתלמות | אג""ח ללא מניות",2017,4.1405,12,130.4
gemel,737,הלמן-אלדובי השתלמות שקלי,קרנות השתלמות,"אג""ח ללא מניות","קרנות השתלמות | אג""ח ללא מניות",2017,1.2165,12,79.0
gemel,738,הלמן-אלדובי השתלמות מניות,קרנות השתלמות,מניות אקטיבי,קרנות השתלמות | מניות אקטיבי,2017,10.3129,12,48.8
gemel,744,מגדל לתגמולים ולפיצויים מסלול כללי,תגמולים ואישית לפיצויים,כללי/מעורב/גמיש/תלוי גיל,תגמולים ואישית לפיצויים | כללי/מעורב/גמיש/תלוי גיל,2017,6.8738,12,1221.3
gemel,761,הראל גמל מסלול מניות,תגמולים ואישית לפיצויים,מניות אקטיבי,תגמולים ואישית לפיצויים | מניות אקטיבי,2017,13.8216,12,190.0
gemel,762,"הראל גמל מסלול אג""ח עד 10% מניות",תגמולים ואישית לפיצויים,עד 25% מניות,תגמולים ואישית לפיצויים | עד 25% מניות,2017,5.352,12,2033.8
gemel,763,הראל השתלמות מסלול מניות,קרנות השתלמות,מניות אקטיבי,קרנות השתלמות | מניות אקטיבי,2017,13.9103,12,404.1
gemel,764,"הראל השתלמות אג""ח עד 10% מניות",קרנות השתלמות,עד 25% מניות,קרנות השתלמות | עד 25% מניות,2017,5.2054,12,1517.3
gemel,767,מיטב גמל הלכה,תגמולים ואישית לפיצויים,כללי/מעורב/גמיש/תלוי גיל,תגמולים ואישית לפיצויים | כללי/מעורב/גמיש/תלוי גיל,2017,5.1391,12,128.8
gemel,768,מיטב השתלמות הלכה,קרנות השתלמות,כללי/מעורב/גמיש/תלוי גיל,קרנות השתלמות | כללי/מעורב/גמיש/תלוי גיל,2017,5.3713,12,279.0
gemel,7704,"אנליסט מסלולית קופת גמל - מסלול פאסיבי מדדי אג""ח",תגמולים ואישית לפיצויים,"אג""ח ללא מניות","תגמולים ואישית לפיצויים | אג""ח ללא מניות",2017,1.7869,6,0.0
gemel,7798,אלטשולר שחם חיסכון פלוס כללי,קופת גמל להשקעה,כללי/מעורב/גמיש/תלוי גיל,קופת גמל להשקעה | כללי/מעורב/גמיש/תלוי גיל,2017,8.6577,12,1171.6
gemel,7799,אלטשולר שחם חיסכון פלוס מניות,קופת גמל להשקעה,מניות אקטיבי,קופת גמל להשקעה | מניות אקטיבי,2017,18.8886,12,369.6
gemel,7800,"אלטשולר שחם חיסכון פלוס אשראי ואג""ח עם מניות (עד 25% במניות)",קופת גמל להשקעה,עד 25% מניות,קופת גמל להשקעה | עד 25% מניות,2017,4.8431,12,161.2
gemel,7801,"אלטשולר שחם חיסכון פלוס אשראי ואג""ח",קופת גמל להשקעה,"אג""ח ללא מניות","קופת גמל להשקעה | אג""ח ללא מניות",2017,2.337,12,16.3
gemel,7802,אלטשולר שחם חיסכון פלוס כספי (שקלי),קופת גמל להשקעה,כספי,קופת גמל להשקעה | כספי,2017,-0.02,12,3.1
gemel,7810,פסגות NEXT גמל להשקעה כללי,קופת גמל להשקעה,כללי/מעורב/גמיש/תלוי גיל,קופת גמל להשקעה | כללי/מעורב/גמיש/תלוי גיל,2017,6.1191,12,182.3
gemel,7811,פסגות NEXT גמל להשקעה מניות,קופת גמל להשקעה,מניות אקטיבי,קופת גמל להשקעה | מניות אקטיבי,2017,9.3154,12,36.8
gemel,7812,"פסגות NEXT גמל להשקעה אג""ח",קופת גמל להשקעה,"אג""ח ללא מניות","קופת גמל להשקעה | אג""ח ללא מניות",2017,2.6862,12,6.2
gemel,7813,"פסגות NEXT גמל להשקעה חו""ל",קופת גמל להשקעה,כללי/מעורב/גמיש/תלוי גיל,קופת גמל להשקעה | כללי/מעורב/גמיש/תלוי גיל,2017,-0.1673,12,3.8
gemel,7814,"פסגות NEXT גמל להשקעה אג""ח עד 10% מניות",קופת גמל להשקעה,עד 25% מניות,קופת גמל להשקעה | עד 25% מניות,2017,3.3525,12,25.3
gemel,7815,"פסגות NEXT גמל להשקעה אג""ח קונצרני",קופת גמל להשקעה,"אג""ח ללא מניות","קופת גמל להשקעה | אג""ח ללא מניות",2017,3.4429,12,0.9
gemel,7818,"אי.בי.אי קופה לתגמולים ופיצויים מסלול פאסיבי - מדדי אג""ח",תגמולים ואישית לפיצויים,"אג""ח ללא מניות","תגמולים ואישית לפיצויים | אג""ח ללא מניות",2017,5.1415,12,10.7
gemel,7819,אי.בי.אי קרן השתלמות מסלול פאסיבי - כללי,קרנות השתלמות,כללי/מעורב/גמיש/תלוי גיל,קרנות השתלמות | כללי/מעורב/גמיש/תלוי גיל,2017,6.7447,12,11.2
gemel,7834,אנליסט מסלולית - קופת גמל להשקעה כללי,קופת גמל להשקעה,כללי/מעורב/גמיש/תלוי גיל,קופת גמל להשקעה | כללי/מעורב/גמיש/תלוי גיל,2017,7.6124,12,99.3
gemel,7836,אנליסט מסלולית - קופת גמל להשקעה מניות,קופת גמל להשקעה,מניות אקטיבי,קופת גמל להשקעה | מניות אקטיבי,2017,12.0004,12,31.2
gemel,7837,"אנליסט מסלולית - קופת גמל להשקעה אשראי ואג""ח",קופת גמל להשקעה,"אג""ח ללא מניות","קופת גמל להשקעה | אג""ח ללא מניות",2017,4.7032,12,5.4
gemel,7839,אנליסט מסלולית - קופת גמל להשקעה כספי (שקלי),קופת גמל להשקעה,כספי,קופת גמל להשקעה | כספי,2017,0.3204,12,0.9
gemel,7842,אנליסט מסלולית - קופת גמל להשקעה משולב סחיר,קופת גמל להשקעה,כללי/מעורב/גמיש/תלוי גיל,קופת גמל להשקעה | כללי/מעורב/גמיש/תלוי גיל,2017,-1.0536,12,2.1
gemel,7843,אנליסט מסלולית - קופת גמל להשקעה עוקב מדדים - גמיש,קופת גמל להשקעה,כללי/מעורב/גמיש/תלוי גיל,קופת גמל להשקעה | כללי/מעורב/גמיש/תלוי גיל,2017,5.4815,12,2.3
gemel,7860,מיטב גמל להשקעה מניות,קופת גמל להשקעה,מניות אקטיבי,קופת גמל להשקעה | מניות אקטיבי,2017,11.5071,12,17.1
gemel,7861,מיטב גמל להשקעה כספי (שקלי),קופת גמל להשקעה,כספי,קופת גמל להשקעה | כספי,2017,0.1401,12,1.4
gemel,7862,"מיטב גמל להשקעה אשראי ואג""ח",קופת גמל להשקעה,"אג""ח ללא מניות","קופת גמל להשקעה | אג""ח ללא מניות",2017,2.747,12,1.9
gemel,7863,מיטב גמל להשקעה הלכה,קופת גמל להשקעה,כללי/מעורב/גמיש/תלוי גיל,קופת גמל להשקעה | כללי/מעורב/גמיש/תלוי גיל,2017,4.6358,12,4.1
gemel,7867,מיטב גמל להשקעה עוקב מדדי מניות,קופת גמל להשקעה,מניות פאסיבי,קופת גמל להשקעה | מניות פאסיבי,2017,10.5134,12,4.3
gemel,7892,סלייס קופת גמל להשקעה מדד מניות,קופת גמל להשקעה,מניות פאסיבי,קופת גמל להשקעה | מניות פאסיבי,2017,5.7043,10,0.2
gemel,7895,סלייס קופת גמל להשקעה מדד ללא מניות,קופת גמל להשקעה,"אג""ח ללא מניות","קופת גמל להשקעה | אג""ח ללא מניות",2017,0.51,1,0.1
gemel,7905,"הפניקס גמל להשקעה אשראי ואג""ח",קופת גמל להשקעה,"אג""ח ללא מניות","קופת גמל להשקעה | אג""ח ללא מניות",2017,4.5867,12,5.2
gemel,7906,"הפניקס גמל להשקעה אשראי ואג""ח עם מניות (עד 25% מניות)",קופת גמל להשקעה,עד 25% מניות,קופת גמל להשקעה | עד 25% מניות,2017,5.8409,12,29.9
gemel,7907,הפניקס גמל להשקעה עוקב מדדי מניות,קופת גמל להשקעה,מניות פאסיבי,קופת גמל להשקעה | מניות פאסיבי,2017,13.1633,12,32.1
gemel,7908,הפניקס גמל להשקעה כללי,קופת גמל להשקעה,כללי/מעורב/גמיש/תלוי גיל,קופת גמל להשקעה | כללי/מעורב/גמיש/תלוי גיל,2017,7.6504,12,96.0
gemel,7909,הפניקס גמל להשקעה עוקב מדדים - גמיש,קופת גמל להשקעה,כללי/מעורב/גמיש/תלוי גיל,קופת גמל להשקעה | כללי/מעורב/גמיש/תלוי גיל,2017,6.4495,12,32.0
gemel,792,"אקסלנס גמל אג""ח צמוד מדד",תגמולים ואישית לפיצויים,"אג""ח ללא מניות","תגמולים ואישית לפיצויים | אג""ח ללא מניות",2017,3.4644,12,206.6
gemel,7931,מגדל גמל להשקעה כספי (שקלי),קופת גמל להשקעה,כספי,קופת גמל להשקעה | כספי,2017,-0.0001,12,0.5
gemel,7932,"מגדל גמל להשקעה אג""ח ממשלות",קופת גמל להשקעה,"אג""ח ללא מניות","קופת גמל להשקעה | אג""ח ללא מניות",2017,2.953,12,2.8
gemel,7933,"מגדל גמל להשקעה חו""ל",קופת גמל להשקעה,כללי/מעורב/גמיש/תלוי גיל,קופת גמל להשקעה | כללי/מעורב/גמיש/תלוי גיל,2017,0.4503,12,2.0
gemel,7934,מגדל גמל להשקעה מניות,קופת גמל להשקעה,מניות אקטיבי,קופת גמל להשקעה | מניות אקטיבי,2017,10.425,12,16.4
gemel,7935,"מגדל גמל להשקעה מסלול אשראי ואג""ח עם מניות (עד 25% מניות)",קופת גמל להשקעה,עד 25% מניות,קופת גמל להשקעה | עד 25% מניות,2017,4.45,12,20.7
gemel,7936,מגדל גמל להשקעה כללי,קופת גמל להשקעה,כללי/מעורב/גמיש/תלוי גיל,קופת גמל להשקעה | כללי/מעורב/גמיש/תלוי גיל,2017,5.2117,12,62.0
gemel,7937,מגדל גמל להשקעה הלכה,קופת גמל להשקעה,כללי/מעורב/גמיש/תלוי גיל,קופת גמל להשקעה | כללי/מעורב/גמיש/תלוי גיל,2017,5.4634,12,5.6
gemel,7957,"מור גמל להשקעה מסלול מחקה מדד ת""א 35",קופת גמל להשקעה,מניות פאסיבי,קופת גמל להשקעה | מניות פאסיבי,2017,2.3371,12,2.7
gemel,7958,מור גמל להשקעה - עוקב מדד S&P500,קופת גמל להשקעה,מניות פאסיבי,קופת גמל להשקעה | מניות פאסיבי,2017,8.6992,12,6.1
gemel,7960,מור גמל להשקעה מסלול מחקה מדד תל בונד 20,קופת גמל להשקעה,"אג""ח ללא מניות","קופת גמל להשקעה | אג""ח ללא מניות",2017,6.7849,12,1.0
gemel,7961,"מור גמל להשקעה מסלול מחקה מדד אג""ח ממשלתי, צמודות מדד ממשלתי לטווח 5-10 שנים",קופת גמל להשקעה,"אג""ח ללא מניות","קופת גמל להשקעה | אג""ח ללא מניות",2017,4.2768,12,1.1
gemel,7962,"מור גמל להשקעה מסלול מחקה מדד אג""ח ממשלתי, לא צמודות בריבית קבועה",קופת גמל להשקעה,"אג""ח ללא מניות","קופת גמל להשקעה | אג""ח ללא מניות",2017,3.907,12,1.1
gemel,7963,מור גמל להשקעה - כספי (שקלי),קופת גמל להשקעה,כספי,קופת גמל להשקעה | כספי,2017,0.0,12,0.4
gemel,7973,הלמן-אלדובי קופת גמל להשקעה כללי,קופת גמל להשקעה,כללי/מעורב/גמיש/תלוי גיל,קופת גמל להשקעה | כללי/מעורב/גמיש/תלוי גיל,2017,5.5135,12,20.8
gemel,7974,הלמן-אלדובי קופת גמל להשקעה פאסיבי - כללי,קופת גמל להשקעה,כללי/מעורב/גמיש/תלוי גיל,קופת גמל להשקעה | כללי/מעורב/גמיש/תלוי גיל,2017,6.2332,12,24.1
gemel,7975,הפניקס גמל להשקעה מניות,קופת גמל להשקעה,מניות אקטיבי,קופת גמל להשקעה | מניות אקטיבי,2017,11.7652,12,10.1
gemel,7976,הלמן-אלדובי קופת גמל להשקעה פאסיבי - מדדי מניות,קופת גמל להשקעה,מניות פאסיבי,קופת גמל להשקעה | מניות פאסיבי,2017,8.8703,12,18.1
gemel,7977,"הלמן-אלדובי קופת גמל להשקעה פאסיבי - מדדי אג""ח עד 10% במדדי מניות",קופת גמל להשקעה,עד 25% מניות,קופת גמל להשקעה | עד 25% מניות,2017,4.7621,12,12.5
gemel,7978,מיטב גמל להשקעה כללי,קופת גמל להשקעה,כללי/מעורב/גמיש/תלוי גיל,קופת גמל להשקעה | כללי/מעורב/גמיש/תלוי גיל,2017,5.5177,12,94.7
gemel,7979,מיטב גמל להשקעה עוקב מדדים גמיש,קופת גמל להשקעה,כללי/מעורב/גמיש/תלוי גיל,קופת גמל להשקעה | כללי/מעורב/גמיש/תלוי גיל,2017,5.8872,12,2.0
gemel,7980,"מיטב גמל להשקעה אשראי ואג""ח עם מניות (עד 25% במניות)",קופת גמל להשקעה,עד 25% מניות,קופת גמל להשקעה | עד 25% מניות,2017,4.8203,12,16.0
gemel,7981,מיטב גמל להשקעה מסלול אג''ח עד 10% מניות,קופת גמל להשקעה,עד 25% מניות,קופת גמל להשקעה | עד 25% מניות,2017,3.6714,12,8.2
gemel,7986,"אנליסט מסלולית - קופת גמל להשקעה אשראי ואג""ח עד 25% מניות",קופת גמל להשקעה,עד 25% מניות,קופת גמל להשקעה | עד 25% מניות,2017,5.8078,12,22.9
gemel,7988,כלל גמל לעתיד כללי,קופת גמל להשקעה,כללי/מעורב/גמיש/תלוי גיל,קופת גמל להשקעה | כללי/מעורב/גמיש/תלוי גיל,2017,6.5692,11,63.2
gemel,7989,"כלל גמל לעתיד אשראי ואג""ח",קופת גמל להשקעה,"אג""ח ללא מניות","קופת גמל להשקעה | אג""ח ללא מניות",2017,4.126,10,1.9
gemel,7990,"כלל גמל לעתיד - קופת גמל להשקעה אג""ח ממשלתי",קופת גמל להשקעה,"אג""ח ללא מניות","קופת גמל להשקעה | אג""ח ללא מניות",2017,3.9082,10,0.7
gemel,7991,כלל גמל לעתיד מניות,קופת גמל להשקעה,מניות אקטיבי,קופת גמל להשקעה | מניות אקטיבי,2017,10.8952,11,11.3
gemel,7992,"כלל גמל לעתיד אשרי ואג""ח עם מניות(עד 25% מניות)",קופת גמל להשקעה,עד 25% מניות,קופת גמל להשקעה | עד 25% מניות,2017,4.9464,11,22.2
gemel,7993,כלל גמל לעתיד כספי(שקלי),קופת גמל להשקעה,כספי,קופת גמל להשקעה | כספי,2017,0.01,9,0.1
gemel,7994,כלל גמל לעתיד הלכה,קופת גמל להשקעה,כללי/מעורב/גמיש/תלוי גיל,קופת גמל להשקעה | כללי/מעורב/גמיש/תלוי גיל,2017,4.8085,10,2.4
gemel,7998,הלמן-אלדובי להשקעה כללי,קופת גמל להשקעה,כללי/מעורב/גמיש/תלוי גיל,קופת גמל להשקעה | כללי/מעורב/גמיש/תלוי גיל,2017,5.8215,12,24.1
gemel,7999,הלמן-אלדובי להשקעה פאסיבי-כללי,קופת גמל להשקעה,כללי/מעורב/גמיש/תלוי גיל,קופת גמל להשקעה | כללי/מעורב/גמיש/תלוי גיל,2017,5.1814,12,5.0
gemel,8003,הלמן-אלדובי להשקעה מניות,קופת גמל להשקעה,מניות אקטיבי,קופת גמל להשקעה | מניות אקטיבי,2017,7.5446,12,2.2
gemel,8004,הפניקס גמל להשקעה שריעה,קופת גמל להשקעה,כללי/מעורב/גמיש/תלוי גיל,קופת גמל להשקעה | כללי/מעורב/גמיש/תלוי גיל,2017,0.0,10,0.1
gemel,8012,"מגדל לתגמולים ולפיצויים מסלול אשראי ואג""ח",תגמולים ואישית לפיצויים,"אג""ח ללא מניות","תגמולים ואישית לפיצויים | אג""ח ללא מניות",2017,4.4191,12,98.5
gemel,8057,"הראל גמל מסלול- חו""ל",תגמולים ואישית לפיצויים,כללי/מעורב/גמיש/תלוי גיל,תגמולים ואישית לפיצויים | כללי/מעורב/גמיש/תלוי גיל,2017,4.7896,12,11.2
gemel,8058,"הראל השתלמות אג""ח קונצרני",קרנות השתלמות,"אג""ח ללא מניות","קרנות השתלמות | אג""ח ללא מניות",2017,6.4481,12,13.0
gemel,811,אנליסט מסלולית קופת גמל ישראל,תגמולים ואישית לפיצויים,כללי/מעורב/גמיש/תלוי גיל,תגמולים ואישית לפיצויים | כללי/מעורב/גמיש/תלוי גיל,2017,8.8839,12,948.4
gemel,8128,"אנליסט מסלולית קופת גמל - אג""ח עד 10% מניות",תגמולים ואישית לפיצויים,עד 25% מניות,תגמולים ואישית לפיצויים | עד 25% מניות,2017,5.255,12,49.8
gemel,8129,"אנליסט קרן השתלמות אג""ח עד 10% מניות",קרנות השתלמות,עד 25% מניות,קרנות השתלמות | עד 25% מניות,2017,5.1503,12,57.9
gemel,813,"אנליסט גמל אשראי ואג""ח",תגמולים ואישית לפיצויים,"אג""ח ללא מניות","תגמולים ואישית לפיצויים | אג""ח ללא מניות",2017,5.0888,12,104.9
gemel,814,אנליסט גמל מניות,תגמולים ואישית לפיצויים,מניות אקטיבי,תגמולים ואישית לפיצויים | מניות אקטיבי,2017,13.1669,12,129.6
gemel,815,אנליסט גמל כספי (שקלי),תגמולים ואישית לפיצויים,כספי,תגמולים ואישית לפיצויים | כספי,2017,0.4106,12,32.5
gemel,817,אנליסט גמל מניות סחיר,תגמולים ואישית לפיצויים,מניות אקטיבי,תגמולים ואישית לפיצויים | מניות אקטיבי,2017,10.7833,12,54.7
gemel,818,אנליסט גמל משולב סחיר,תגמולים ואישית לפיצויים,כללי/מעורב/גמיש/תלוי גיל,תגמולים ואישית לפיצויים | כללי/מעורב/גמיש/תלוי גיל,2017,-0.7093,12,18.1
gemel,8211,הראל גמל להשקעה כללי,קופת גמל להשקעה,כללי/מעורב/גמיש/תלוי גיל,קופת גמל להשקעה | כללי/מעורב/גמיש/תלוי גיל,2017,7.3688,12,99.9
gemel,828,מנורה מבטחים השתלמות מסלול כללי,קרנות השתלמות,כללי/מעורב/גמיש/תלוי גיל,קרנות השתלמות | כללי/מעורב/גמיש/תלוי גיל,2017,7.5467,12,3949.1
gemel,835,פסגות גדיש אגח צמוד מדד,תגמולים ואישית לפיצויים,"אג""ח ללא מניות","תגמולים ואישית לפיצויים | אג""ח ללא מניות",2017,3.4755,12,401.8
gemel,8520,"הראל גמל להשקעה אג""ח עד 10% מניות",קופת גמל להשקעה,עד 25% מניות,קופת גמל להשקעה | עד 25% מניות,2017,4.9639,12,13.5
gemel,8521,"הראל גמל להשקעה אשראי ואג""ח עם מניות (עד 25% מניות)",קופת גמל להשקעה,עד 25% מניות,קופת גמל להשקעה | עד 25% מניות,2017,5.8554,12,27.1
gemel,8522,הראל גמל להשקעה מניות,קופת גמל להשקעה,מניות אקטיבי,קופת גמל להשקעה | מניות אקטיבי,2017,11.8814,12,15.6
gemel,8523,הראל גמל להשקעה הלכה,קופת גמל להשקעה,כללי/מעורב/גמיש/תלוי גיל,קופת גמל להשקעה | כללי/מעורב/גמיש/תלוי גיל,2017,0.1401,12,0.7
gemel,8563,ילין לפידות קרן השתלמות מסלול מניות,קרנות השתלמות,מניות אקטיבי,קרנות השתלמות | מניות אקטיבי,2017,12.9795,12,1041.7
gemel,858,מגדל לתגמולים ולפיצויים מסלול כספי (שקלי),תגמולים ואישית לפיצויים,כספי,תגמולים ואישית לפיצויים | כספי,2017,0.2202,12,35.6
gemel,859,"מגדל לתגמולים ולפיצויים מסלול אג""ח ממשלות",תגמולים ואישית לפיצויים,"אג""ח ללא מניות","תגמולים ואישית לפיצויים | אג""ח ללא מניות",2017,3.1071,12,113.7
gemel,8597,"הפניקס השתלמות - מסלול אג""ח עד 25% מניות",קרנות השתלמות,עד 25% מניות,קרנות השתלמות | עד 25% מניות,2017,6.4967,12,48.3
gemel,860,מגדל לתגמולים ולפיצויים מסלול צמוד מדד,תגמולים ואישית לפיצויים,"אג""ח ללא מניות","תגמולים ואישית לפיצויים | אג""ח ללא מניות",2017,4.2405,12,24.3
gemel,862,"מגדל לתגמולים ולפיצויים מסלול חו""ל",תגמולים ואישית לפיצויים,כללי/מעורב/גמיש/תלוי גיל,תגמולים ואישית לפיצויים | כללי/מעורב/גמיש/תלוי גיל,2017,0.5737,12,1.9
gemel,8624,הפניקס גמל פאסיבי לבני 60 ומעלה,תגמולים ואישית לפיצויים,כללי/מעורב/גמיש/תלוי גיל,תגמולים ואישית לפיצויים | כללי/מעורב/גמיש/תלוי גיל,2017,5.8388,12,294.1
gemel,8626,אקסלנס גמל פאסיבי- מדדי מניות,תגמולים ואישית לפיצויים,מניות פאסיבי,תגמולים ואישית לפיצויים | מניות פאסיבי,2017,13.9303,12,261.0
gemel,8627,"אקסלנס גמל פאסיבי-מדדי אג""ח",תגמולים ואישית לפיצויים,"אג""ח ללא מניות","תגמולים ואישית לפיצויים | אג""ח ללא מניות",2017,4.4626,12,54.3
gemel,8628,"אקסלנס השתלמות פאסיבי-מדדי אג""ח עד 25% במדדי מניות",קרנות השתלמות,עד 25% מניות,קרנות השתלמות | עד 25% מניות,2017,5.8176,12,141.2
gemel,8629,הפניקס השתלמות עוקב מדדים גמיש,קרנות השתלמות,כללי/מעורב/גמיש/תלוי גיל,קרנות השתלמות | כללי/מעורב/גמיש/תלוי גיל,2017,6.5966,12,706.2
gemel,863,מגדל לתגמולים ולפיצויים מסלול מניות,תגמולים ואישית לפיצויים,מניות אקטיבי,תגמולים ואישית לפיצויים | מניות אקטיבי,2017,12.7344,12,48.3
gemel,8630,אקסלנס השתלמות פאסיבי-מדדי מניות,קרנות השתלמות,מניות פאסיבי,קרנות השתלמות | מניות פאסיבי,2017,14.0079,12,202.9
gemel,8631,"אקסלנס השתלמות פאסיבי-מדדי אג""ח",קרנות השתלמות,"אג""ח ללא מניות","קרנות השתלמות | אג""ח ללא מניות",2017,4.5356,12,29.4
gemel,864,מגדל השתלמות מסלול כספי (שקלי),קרנות השתלמות,כספי,קרנות השתלמות | כספי,2017,0.2403,12,168.5
gemel,865,"מגדל השתלמות מסלול אג""ח ממשלות",קרנות השתלמות,"אג""ח ללא מניות","קרנות השתלמות | אג""ח ללא מניות",2017,3.0347,12,329.2
gemel,8675,מנורה מבטחים גמל להשקעה כללי,קופת גמל להשקעה,כללי/מעורב/גמיש/תלוי גיל,קופת גמל להשקעה | כללי/מעורב/גמיש/תלוי גיל,2017,7.4813,12,164.7
gemel,8678,"מנורה מבטחים גמל להשקעה מסלול אשראי ואג""ח עם מניות (עד 25% מניות)",קופת גמל להשקעה,עד 25% מניות,קופת גמל להשקעה | עד 25% מניות,2017,3.8282,12,9.5
gemel,8679,"אנליסט קרן השתלמות - אשראי ואג""ח עד 25% מניות",קרנות השתלמות,עד 25% מניות,קרנות השתלמות | עד 25% מניות,2017,5.6388,12,164.1
gemel,868,"מגדל השתלמות מסלול חו""ל",קרנות השתלמות,כללי/מעורב/גמיש/תלוי גיל,קרנות השתלמות | כללי/מעורב/גמיש/תלוי גיל,2017,0.4699,12,12.8
gemel,8683,מנורה מבטחים גמל להשקעה עוקב מדדי מניות,קופת גמל להשקעה,מניות פאסיבי,קופת גמל להשקעה | מניות פאסיבי,2017,7.4658,12,14.5
gemel,8684,"מנורה מבטחים גמל להשקעה עוקב מדדים - אג""ח עם מניות (עד 25% מניות)",קופת גמל להשקעה,עד 25% מניות,קופת גמל להשקעה | עד 25% מניות,2017,5.0898,12,16.7
gemel,869,מגדל השתלמות מסלול מניות,קרנות השתלמות,מניות אקטיבי,קרנות השתלמות | מניות אקטיבי,2017,13.2813,12,172.0
gemel,8693,מנורה מבטחים גמל להשקעה כספי (שיקלי),קופת גמל להשקעה,כספי,קופת גמל להשקעה | כספי,2017,0.09,12,1.7
gemel,8695,"אלפא מור תגמולים - מסלול עוקב מדד ""מניות תל אביב 35""",תגמולים ואישית לפיצויים,מניות פאסיבי,תגמולים ואישית לפיצויים | מניות פאסיבי,2017,2.5456,12,1.1
gemel,8696,"אלפא מור תגמולים - מסלול עוקב מדד ""מדדיות ממשלתיות לטווח של 5-10 שנים""",תגמולים ואישית לפיצויים,"אג""ח ללא מניות","תגמולים ואישית לפיצויים | אג""ח ללא מניות",2017,4.6519,12,1.7
gemel,8697,"אלפא מור תגמולים - מסלול עוקב מדד ""שקליות ריבית קבועה ממשלתיות""",תגמולים ואישית לפיצויים,"אג""ח ללא מניות","תגמולים ואישית לפיצויים | אג""ח ללא מניות",2017,4.2184,12,0.3
gemel,8698,"אלפא מור תגמולים - מסלול עוקב מדד ""תל בונד 20""",תגמולים ואישית לפיצויים,"אג""ח ללא מניות","תגמולים ואישית לפיצויים | אג""ח ללא מניות",2017,6.9344,12,0.8
gemel,8699,"אלפא מור קופת גמל לחיסכון, קופת גמל לתגמולים וקופת גמל אישית לפיצויים - כספי (שקלי)",תגמולים ואישית לפיצויים,כספי,תגמולים ואישית לפיצויים | כספי,2017,0.0,12,0.1
gemel,8701,"מור השתלמות -מסלול עוקב מדד ""מניות תל אביב 35""",קרנות השתלמות,מניות פאסיבי,קרנות השתלמות | מניות פאסיבי,2017,2.541,12,1.4
gemel,8702,"מור השתלמות - מסלול עוקב מדד ""מדדיות ממשלתיות לטווח של 5-10 שנים""",קרנות השתלמות,"אג""ח ללא מניות","קרנות השתלמות | אג""ח ללא מניות",2017,4.5065,12,0.4
gemel,8703,"מור השתלמות - מסלול עוקב מדד ""שקליות ריבית קבועה ממשלתיות""",קרנות השתלמות,"אג""ח ללא מניות","קרנות השתלמות | אג""ח ללא מניות",2017,4.084,12,0.3
gemel,8704,"מור השתלמות - מסלול עוקב מדד ""תל בונד 20""",קרנות השתלמות,"אג""ח ללא מניות","קרנות השתלמות | אג""ח ללא מניות",2017,6.9133,12,0.5
gemel,8705,מור קרן השתלמות לשכירים ולעצמאים - כספי (שקלי),קרנות השתלמות,כספי,קרנות השתלמות | כספי,2017,0.0,12,0.1
gemel,8716,מנורה מבטחים גמל להשקעה מסלול הלכה,קופת גמל להשקעה,כללי/מעורב/גמיש/תלוי גיל,קופת גמל להשקעה | כללי/מעורב/גמיש/תלוי גיל,2017,5.4264,12,3.2
gemel,874,"מיטב גמל אג""ח עד 25% מניות",תגמולים ואישית לפיצויים,עד 25% מניות,תגמולים ואישית לפיצויים | עד 25% מניות,2017,7.3834,12,4534.1
gemel,875,"מיטב דש גמל אג""ח צמוד מדד",תגמולים ואישית לפיצויים,"אג""ח ללא מניות","תגמולים ואישית לפיצויים | אג""ח ללא מניות",2017,3.8293,12,189.2
gemel,876,מיטב גמל כספי (שקלי),תגמולים ואישית לפיצויים,כספי,תגמולים ואישית לפיצויים | כספי,2017,3.756,12,234.8
gemel,877,מיטב גמל מניות,תגמולים ואישית לפיצויים,מניות אקטיבי,תגמולים ואישית לפיצויים | מניות אקטיבי,2017,13.6569,12,306.3
gemel,8779,אנליסט קרן השתלמות משולב סחיר,קרנות השתלמות,כללי/מעורב/גמיש/תלוי גיל,קרנות השתלמות | כללי/מעורב/גמיש/תלוי גיל,2017,-0.8347,12,4.1
gemel,880,מיטב השתלמות כללי,קרנות השתלמות,כללי/מעורב/גמיש/תלוי גיל,קרנות השתלמות | כללי/מעורב/גמיש/תלוי גיל,2017,7.2021,12,7856.7
gemel,881,"מיטב השתלמות אג""ח צמוד מדד",קרנות השתלמות,"אג""ח ללא מניות","קרנות השתלמות | אג""ח ללא מניות",2017,3.7778,12,212.7
gemel,883,מיטב השתלמות מניות,קרנות השתלמות,מניות אקטיבי,קרנות השתלמות | מניות אקטיבי,2017,13.5199,12,463.9
gemel,8885,"מיטב השתלמות אשראי ואג""ח עם מניות (עד 25% מניות)",קרנות השתלמות,עד 25% מניות,קרנות השתלמות | עד 25% מניות,2017,5.2968,12,35.3
gemel,9113,מור חיסכון לילד - הלכה,קופת גמל להשקעה - חסכון לילד,כללי/מעורב/גמיש/תלוי גיל,קופת גמל להשקעה - חסכון לילד | כללי/מעורב/גמיש/תלוי גיל,2017,0.0,11,12.1
gemel,923,מיטב בטחון,תגמולים ואישית לפיצויים,כללי/מעורב/גמיש/תלוי גיל,תגמולים ואישית לפיצויים | כללי/מעורב/גמיש/תלוי גיל,2017,6.7684,12,21.5
gemel,9303,מור חיסכון לילד - שריעה,קופת גמל להשקעה - חסכון לילד,כללי/מעורב/גמיש/תלוי גיל,קופת גמל להשקעה - חסכון לילד | כללי/מעורב/גמיש/תלוי גיל,2017,0.0,11,3.7
gemel,9414,מור חיסכון לילד - חוסכים המעדיפים סיכון בינוני,קופת גמל להשקעה - חסכון לילד,כללי/מעורב/גמיש/תלוי גיל,קופת גמל להשקעה - חסכון לילד | כללי/מעורב/גמיש/תלוי גיל,2017,6.0191,11,3.8
gemel,9420,מור חיסכון לילד - חוסכים המעדיפים סיכון מוגבר,קופת גמל להשקעה - חסכון לילד,מניות אקטיבי,קופת גמל להשקעה - חסכון לילד | מניות אקטיבי,2017,7.256,11,24.1
gemel,9421,מור חיסכון לילד - חוסכים המעדיפים סיכון מועט,קופת גמל להשקעה - חסכון לילד,עד 25% מניות,קופת גמל להשקעה - חסכון לילד | עד 25% מניות,2017,5.3254,11,69.1
gemel,9451,מור קרן השתלמות לשכירים ולעצמאים - עוקב מדד S&P 500,קרנות השתלמות,מניות פאסיבי,קרנות השתלמות | מניות פאסיבי,2017,8.5374,12,2.4
gemel,9452,"אלפא מור קופת גמל לחיסכון, קופת גמל לתגמולים וקופת גמל אישית לפיצויים - עוקב מדד S&P 500",תגמולים ואישית לפיצויים,מניות פאסיבי,תגמולים ואישית לפיצויים | מניות פאסיבי,2017,8.8483,12,2.4
gemel,948,מיטב גמל שקלי טווח קצר,תגמולים ואישית לפיצויים,כספי,תגמולים ואישית לפיצויים | כספי,2017,0.2202,12,59.9
gemel,9528,הפניקס השתלמות הלכה,קרנות השתלמות,כללי/מעורב/גמיש/תלוי גיל,קרנות השתלמות | כללי/מעורב/גמיש/תלוי גיל,2017,5.4844,12,6.5
gemel,9529,הפניקס גמל מסלול לבני 50 עד 60,תגמולים ואישית לפיצויים,כללי/מעורב/גמיש/תלוי גיל,תגמולים ואישית לפיצויים | כללי/מעורב/גמיש/תלוי גיל,2017,7.4501,12,228.1
gemel,9530,הפניקס תגמולים ופיצויים - מסלול לבני 60 ומעלה,תגמולים ואישית לפיצויים,כללי/מעורב/גמיש/תלוי גיל,תגמולים ואישית לפיצויים | כללי/מעורב/גמיש/תלוי גיל,2017,6.5274,12,171.5
gemel,9545,"הפניקס השתלמות - מסלול פאסיבי - מדדי אג""ח",קרנות השתלמות,"אג""ח ללא מניות","קרנות השתלמות | אג""ח ללא מניות",2017,3.4718,12,0.4
gemel,9546,"הפניקס השתלמות - מסלול פאסיבי - מדדי אג""ח חו""ל",קרנות השתלמות,"אג""ח ללא מניות","קרנות השתלמות | אג""ח ללא מניות",2017,-5.6449,12,0.0
gemel,9547,הפניקס השתלמות מסלול פאסיבי - מדדי מניות,קרנות השתלמות,מניות פאסיבי,קרנות השתלמות | מניות פאסיבי,2017,10.0523,12,0.8
gemel,9548,"הפניקס השתלמות - מסלול פאסיבי- מדדי מניות חו""ל",קרנות השתלמות,מניות פאסיבי,קרנות השתלמות | מניות פאסיבי,2017,11.6089,12,1.7
gemel,9549,הפניקס השתלמות - מסלול מתמחה שקלי טווח קצר,קרנות השתלמות,כספי,קרנות השתלמות | כספי,2017,0.1201,12,1.2
gemel,9555,הראל חיסכון לילד - הלכה,קופת גמל להשקעה - חסכון לילד,כללי/מעורב/גמיש/תלוי גיל,קופת גמל להשקעה - חסכון לילד | כללי/מעורב/גמיש/תלוי גיל,2017,5.3111,11,71.3
gemel,961,הפניקס גמל מסלול מניות,תגמולים ואישית לפיצויים,מניות אקטיבי,תגמולים ואישית לפיצויים | מניות אקטיבי,2017,16.0959,12,49.6
gemel,962,אנליסט השתלמות כללי,קרנות השתלמות,כללי/מעורב/גמיש/תלוי גיל,קרנות השתלמות | כללי/מעורב/גמיש/תלוי גיל,2017,7.9668,12,3338.8
gemel,963,אנליסט השתלמות מניות,קרנות השתלמות,מניות אקטיבי,קרנות השתלמות | מניות אקטיבי,2017,13.292,12,188.1
gemel,9638,אינפיניטי גמל להשקעה כללי,קופת גמל להשקעה,כללי/מעורב/גמיש/תלוי גיל,קופת גמל להשקעה | כללי/מעורב/גמיש/תלוי גיל,2017,4.6912,12,23.2
gemel,9639,"אינפיניטי גמל להשקעה אשראי ואג""ח עם מניות (עד 25% מניות)",קופת גמל להשקעה,עד 25% מניות,קופת גמל להשקעה | עד 25% מניות,2017,4.2509,12,7.4
gemel,964,הפניקס השתלמות כללי,קרנות השתלמות,כללי/מעורב/גמיש/תלוי גיל,קרנות השתלמות | כללי/מעורב/גמיש/תלוי גיל,2017,8.168,12,1833.5
gemel,9651,כלל תמר עד 50,תגמולים ואישית לפיצויים,כללי/מעורב/גמיש/תלוי גיל,תגמולים ואישית לפיצויים | כללי/מעורב/גמיש/תלוי גיל,2017,8.7939,12,446.0
gemel,9652,כלל תמר 50-60,תגמולים ואישית לפיצויים,כללי/מעורב/גמיש/תלוי גיל,תגמולים ואישית לפיצויים | כללי/מעורב/גמיש/תלוי גיל,2017,7.5415,12,556.1
gemel,9653,כלל תמר 60 ומעלה,תגמולים ואישית לפיצויים,כללי/מעורב/גמיש/תלוי גיל,תגמולים ואישית לפיצויים | כללי/מעורב/גמיש/תלוי גיל,2017,6.5349,12,925.6
gemel,9662,"מנורה מבטחים השתלמות מסלול אשראי ואג""ח עם מניות (עד 25% מניות)",קרנות השתלמות,עד 25% מניות,קרנות השתלמות | עד 25% מניות,2017,5.786,12,91.6
gemel,9676,מור השתלמות קרן השתלמות לשכירים ולעצמאים מעורב מחקה מדדים,קרנות השתלמות,כללי/מעורב/גמיש/תלוי גיל,קרנות השתלמות | כללי/מעורב/גמיש/תלוי גיל,2017,4.4794,12,1.4
gemel,9677,אלפא מור קופת גמל לתגמולים ואישית לפיצויים וקופת גמל לא משלמת לקצבה מעורב מחקה מדדים,תגמולים ואישית לפיצויים,כללי/מעורב/גמיש/תלוי גיל,תגמולים ואישית לפיצויים | כללי/מעורב/גמיש/תלוי גיל,2017,4.4894,12,1.6
gemel,968,הפניקס השתלמות מניות,קרנות השתלמות,מניות אקטיבי,קרנות השתלמות | מניות אקטיבי,2017,16.0146,12,88.2
gemel,972,"אנליסט השתלמות אשראי ואג""ח",קרנות השתלמות,"אג""ח ללא מניות","קרנות השתלמות | אג""ח ללא מניות",2017,5.246,12,142.0
gemel,973,"אנליסט השתלמות אג""ח ממשלות",קרנות השתלמות,"אג""ח ללא מניות","קרנות השתלמות | אג""ח ללא מניות",2017,3.665,12,63.0
gemel,9730,אנליסט מסלולית קופת גמל - מסלול לבני 50 ומטה,תגמולים ואישית לפיצויים,כללי/מעורב/גמיש/תלוי גיל,תגמולים ואישית לפיצויים | כללי/מעורב/גמיש/תלוי גיל,2017,9.0385,12,630.7
gemel,9731,אנליסט מסלולית קופת גמל - מסלול לבני 50-60,תגמולים ואישית לפיצויים,כללי/מעורב/גמיש/תלוי גיל,תגמולים ואישית לפיצויים | כללי/מעורב/גמיש/תלוי גיל,2017,8.0092,12,452.2
gemel,9732,אנליסט מסלולית קופת גמל - מסלול לבני 60 ומעלה,תגמולים ואישית לפיצויים,כללי/מעורב/גמיש/תלוי גיל,תגמולים ואישית לפיצויים | כללי/מעורב/גמיש/תלוי גיל,2017,5.6378,12,212.8
gemel,9742,הראל גמל מסלול לגילאי 50 עד 60_x000D_,תגמולים ואישית לפיצויים,כללי/מעורב/גמיש/תלוי גיל,תגמולים ואישית לפיצויים | כללי/מעורב/גמיש/תלוי גיל,2017,8.0851,12,1987.7
gemel,9744,הראל גמל מסלול לגילאי 50 ומטה_x000D_,תגמולים ואישית לפיצויים,כללי/מעורב/גמיש/תלוי גיל,תגמולים ואישית לפיצויים | כללי/מעורב/גמיש/תלוי גיל,2017,8.7489,12,453.0
gemel,9745,הראל גמל מסלול לגילאי 60 ומעלה_x000D_,תגמולים ואישית לפיצויים,כללי/מעורב/גמיש/תלוי גיל,תגמולים ואישית לפיצויים | כללי/מעורב/גמיש/תלוי גיל,2017,5.4567,12,1153.3
gemel,9779,מגדל לתגמולים ולפיצויים מסלול לבני 50 ומטה,תגמולים ואישית לפיצויים,כללי/מעורב/גמיש/תלוי גיל,תגמולים ואישית לפיצויים | כללי/מעורב/גמיש/תלוי גיל,2017,6.9898,12,248.2
gemel,9780,מגדל לתגמולים ולפיצויים מסלול לבני 50 עד 60,תגמולים ואישית לפיצויים,כללי/מעורב/גמיש/תלוי גיל,תגמולים ואישית לפיצויים | כללי/מעורב/גמיש/תלוי גיל,2017,6.2126,12,223.3
gemel,9781,מגדל לתגמולים ולפיצויים מסלול לבני 60 ומעלה,תגמולים ואישית לפיצויים,כללי/מעורב/גמיש/תלוי גיל,תגמולים ואישית לפיצויים | כללי/מעורב/גמיש/תלוי גיל,2017,5.9861,12,158.0
gemel,9792,מנורה מבטחים תגמולים ופיצויים מסלול לבני 50 עד 60,תגמולים ואישית לפיצויים,כללי/מעורב/גמיש/תלוי גיל,תגמולים ואישית לפיצויים | כללי/מעורב/גמיש/תלוי גיל,2017,7.0333,12,3590.8
gemel,9793,מנורה מבטחים תגמולים ופיצויים מסלול לבני 50 ומטה,תגמולים ואישית לפיצויים,כללי/מעורב/גמיש/תלוי גיל,תגמולים ואישית לפיצויים | כללי/מעורב/גמיש/תלוי גיל,2017,7.4655,12,342.8
gemel,9794,מנורה מבטחים תגמולים ופיצויים מסלול לבני 60 ומעלה,תגמולים ואישית לפיצויים,כללי/מעורב/גמיש/תלוי גיל,תגמולים ואישית לפיצויים | כללי/מעורב/גמיש/תלוי גיל,2017,5.0509,12,294.3
gemel,9795,מנורה מבטחים תגמולים ופיצויים מסלול הלכה,תגמולים ואישית לפיצויים,כללי/מעורב/גמיש/תלוי גיל,תגמולים ואישית לפיצויים | כללי/מעורב/גמיש/תלוי גיל,2017,5.8379,12,4.5
gemel,9808,אי.בי.אי. לתגמולים ופיצויים מסלול לבני 50 עד 60,תגמולים ואישית לפיצויים,כללי/מעורב/גמיש/תלוי גיל,תגמולים ואישית לפיצויים | כללי/מעורב/גמיש/תלוי גיל,2017,7.5745,12,697.5
gemel,9809,אי.בי.אי. לתגמולים ופיצויים מסלול לבני 50 ומטה,תגמולים ואישית לפיצויים,כללי/מעורב/גמיש/תלוי גיל,תגמולים ואישית לפיצויים | כללי/מעורב/גמיש/תלוי גיל,2017,9.1942,12,114.7
gemel,9810,אי.בי.אי. לתגמולים ופיצויים מסלול לבני 60 ומעלה,תגמולים ואישית לפיצויים,כללי/מעורב/גמיש/תלוי גיל,תגמולים ואישית לפיצויים | כללי/מעורב/גמיש/תלוי גיל,2017,5.0025,12,373.1
gemel,9869,הלמן-אלדובי השתלמות פאסיבי -כללי,קרנות השתלמות,כללי/מעורב/גמיש/תלוי גיל,קרנות השתלמות | כללי/מעורב/גמיש/תלוי גיל,2017,5.5914,12,136.9
gemel,9870,"הלמן-אלדובי השתלמות חו""ל",קרנות השתלמות,כללי/מעורב/גמיש/תלוי גיל,קרנות השתלמות | כללי/מעורב/גמיש/תלוי גיל,2017,2.0734,12,11.9
gemel,9871,הלמן-אלדובי השתלמות ישראל,קרנות השתלמות,כללי/מעורב/גמיש/תלוי גיל,קרנות השתלמות | כללי/מעורב/גמיש/תלוי גיל,2017,6.2378,12,45.2
gemel,9877,הלמן-אלדובי גמל מסלול לבני 50 ומטה,תגמולים ואישית לפיצויים,כללי/מעורב/גמיש/תלוי גיל,תגמולים ואישית לפיצויים | כללי/מעורב/גמיש/תלוי גיל,2017,7.0125,12,445.0
gemel,9878,הלמן-אלדובי גמל מסלול לבני 50 עד 60,תגמולים ואישית לפיצויים,כללי/מעורב/גמיש/תלוי גיל,תגמולים ואישית לפיצויים | כללי/מעורב/גמיש/תלוי גיל,2017,5.7155,12,354.6
gemel,9879,הלמן-אלדובי גמל מסלול לבני 60 ומעלה,תגמולים ואישית לפיצויים,כללי/מעורב/גמיש/תלוי גיל,תגמולים ואישית לפיצויים | כללי/מעורב/גמיש/תלוי גיל,2017,4.6335,12,802.4
gemel,9880,"הלמן-אלדובי בר-יציב חו""ל",תגמולים ואישית לפיצויים,כללי/מעורב/גמיש/תלוי גיל,תגמולים ואישית לפיצויים | כללי/מעורב/גמיש/תלוי גיל,2017,1.5591,12,39.2
gemel,9882,"אקסלנס השתלמות אג""ח עד 10% מניות",קרנות השתלמות,עד 25% מניות,קרנות השתלמות | עד 25% מניות,2017,4.959,12,19.7
gemel,9884,הפניקס תגמולים ופיצויים - מסלול לבני 50 ומטה,תגמולים ואישית לפיצויים,כללי/מעורב/גמיש/תלוי גיל,תגמולים ואישית לפיצויים | כללי/מעורב/גמיש/תלוי גיל,2017,8.4357,12,545.6
gemel,9889,פסגות גדיש לבני 50 ומטה,תגמולים ואישית לפיצויים,כללי/מעורב/גמיש/תלוי גיל,תגמולים ואישית לפיצויים | כללי/מעורב/גמיש/תלוי גיל,2017,8.2909,12,1166.2
gemel,989,אלטשולר שחם עוקב מדדי מניות,תגמולים ואישית לפיצויים,מניות פאסיבי,תגמולים ואישית לפיצויים | מניות פאסיבי,2017,10.1643,12,70.9
gemel,9890,פסגות גדיש לבני 50-60,תגמולים ואישית לפיצויים,כללי/מעורב/גמיש/תלוי גיל,תגמולים ואישית לפיצויים | כללי/מעורב/גמיש/תלוי גיל,2017,7.1929,12,27455.2
gemel,9891,פסגות גדיש לבני 60 ומעלה,תגמולים ואישית לפיצויים,כללי/מעורב/גמיש/תלוי גיל,תגמולים ואישית לפיצויים | כללי/מעורב/גמיש/תלוי גיל,2017,4.1174,12,1202.9
gemel,9895,מגדל חסכון לילד - הלכה,קופת גמל להשקעה - חסכון לילד,כללי/מעורב/גמיש/תלוי גיל,קופת גמל להשקעה - חסכון לילד | כללי/מעורב/גמיש/תלוי גיל,2017,5.5811,11,17.6
gemel,9896,מגדל חסכון לילד - חוסכים המעדיפים סיכון מועט,קופת גמל להשקעה - חסכון לילד,עד 25% מניות,קופת גמל להשקעה - חסכון לילד | עד 25% מניות,2017,4.9817,11,77.9
gemel,9897,מגדל חסכון לילד - חוסכים המעדיפים סיכון בינוני,קופת גמל להשקעה - חסכון לילד,כללי/מעורב/גמיש/תלוי גיל,קופת גמל להשקעה - חסכון לילד | כללי/מעורב/גמיש/תלוי גיל,2017,6.1506,11,18.7
gemel,9898,מגדל חסכון לילד - חוסכים המעדיפים סיכון מוגבר,קופת גמל להשקעה - חסכון לילד,מניות אקטיבי,קופת גמל להשקעה - חסכון לילד | מניות אקטיבי,2017,9.0639,11,12.0
gemel,9905,הפניקס גמל פאסיבי לבני 50 ומטה,תגמולים ואישית לפיצויים,כללי/מעורב/גמיש/תלוי גיל,תגמולים ואישית לפיצויים | כללי/מעורב/גמיש/תלוי גיל,2017,1.2687,12,8.7
gemel,9906,הפניקס גמל כספי (שיקלי),תגמולים ואישית לפיצויים,כספי,תגמולים ואישית לפיצויים | כספי,2017,0.1701,12,28.8
gemel,9916,הפניקס גמל לבני 50 ומטה,תגמולים ואישית לפיצויים,כללי/מעורב/גמיש/תלוי גיל,תגמולים ואישית לפיצויים | כללי/מעורב/גמיש/תלוי גיל,2017,7.9402,12,4009.5
gemel,9917,הפניקס גמל פאסיבי לבני 50 עד 60,תגמולים ואישית לפיצויים,כללי/מעורב/גמיש/תלוי גיל,תגמולים ואישית לפיצויים | כללי/מעורב/גמיש/תלוי גיל,2017,6.6393,12,850.6
gemel,9918,אקסלנס גמל לבני 60 ומעלה,תגמולים ואישית לפיצויים,כללי/מעורב/גמיש/תלוי גיל,תגמולים ואישית לפיצויים | כללי/מעורב/גמיש/תלוי גיל,2017,5.5634,12,194.5
gemel,9919,"אקסלנס השתלמות פאסיבי- מדדי חו""ל",קרנות השתלמות,מניות פאסיבי,קרנות השתלמות | מניות פאסיבי,2017,1.3539,12,6.7
gemel,9939,ילין לפידות קופת גמל מסלול לבני 50 ומטה,תגמולים ואישית לפיצויים,כללי/מעורב/גמיש/תלוי גיל,תגמולים ואישית לפיצויים | כללי/מעורב/גמיש/תלוי גיל,2017,7.7716,12,1010.0
gemel,9940,ילין לפידות קופת גמל מסלול לבני 50 עד 60,תגמולים ואישית לפיצויים,כללי/מעורב/גמיש/תלוי גיל,תגמולים ואישית לפיצויים | כללי/מעורב/גמיש/תלוי גיל,2017,6.3523,12,7340.6
gemel,9941,ילין לפידות קופת גמל מסלול לבני 60 ומעלה,תגמולים ואישית לפיצויים,כללי/מעורב/גמיש/תלוי גיל,תגמולים ואישית לפיצויים | כללי/מעורב/גמיש/תלוי גיל,2017,2.9898,12,818.1
gemel,9950,אלטשולר שחם גמל לבני 50 ומטה,תגמולים ואישית לפיצויים,כללי/מעורב/גמיש/תלוי גיל,תגמולים ואישית לפיצויים | כללי/מעורב/גמיש/תלוי גיל,2017,12.4043,12,2583.3
gemel,9951,אלטשולר שחם גמל לבני 50 עד 60,תגמולים ואישית לפיצויים,כללי/מעורב/גמיש/תלוי גיל,תגמולים ואישית לפיצויים | כללי/מעורב/גמיש/תלוי גיל,2017,10.9163,12,14386.7
gemel,9952,אלטשולר שחם גמל לבני 60 ומעלה,תגמולים ואישית לפיצויים,כללי/מעורב/גמיש/תלוי גיל,תגמולים ואישית לפיצויים | כללי/מעורב/גמיש/תלוי גיל,2017,6.9623,12,5892.1
gemel,101,"הראל אג""ח עד 25% מניות",תגמולים ואישית לפיצויים,עד 25% מניות,תגמולים ואישית לפיצויים | עד 25% מניות,2018,-1.0098,12,10624.7
gemel,103,מיטב גמל לבני 50 עד 60,תגמולים ואישית לפיצויים,כללי/מעורב/גמיש/תלוי גיל,תגמולים ואישית לפיצויים | כללי/מעורב/גמיש/תלוי גיל,2018,-1.1025,12,6689.9
gemel,1034,הראל השתלמות משולב סחיר,קרנות השתלמות,כללי/מעורב/גמיש/תלוי גיל,קרנות השתלמות | כללי/מעורב/גמיש/תלוי גיל,2018,-0.0433,12,45.6
gemel,1035,"ילין לפידות קופת גמל מסלול אג""ח עד 25% מניות",תגמולים ואישית לפיצויים,עד 25% מניות,תגמולים ואישית לפיצויים | עד 25% מניות,2018,0.6754,12,4929.6
gemel,1036,ילין לפידות קופת גמל מסלול מניות,תגמולים ואישית לפיצויים,מניות אקטיבי,תגמולים ואישית לפיצויים | מניות אקטיבי,2018,-2.8939,12,1168.4
gemel,1037,"ילין לפידות קופת גמל מסלול אשראי ואג""ח",תגמולים ואישית לפיצויים,"אג""ח ללא מניות","תגמולים ואישית לפיצויים | אג""ח ללא מניות",2018,2.1032,12,451.0
gemel,1038,"ילין לפידות קרן השתלמות מסלול אג""ח עם מניות (עד 25% מניות)",קרנות השתלמות,עד 25% מניות,קרנות השתלמות | עד 25% מניות,2018,0.3936,12,6075.8
gemel,1059,פסגות שיא השתלמות פאסיבי- כללי,קרנות השתלמות,כללי/מעורב/גמיש/תלוי גיל,קרנות השתלמות | כללי/מעורב/גמיש/תלוי גיל,2018,-2.5268,12,29.9
gemel,107,"הלמן-אלדובי גמל אג""ח עד 25% במניות",תגמולים ואישית לפיצויים,עד 25% מניות,תגמולים ואישית לפיצויים | עד 25% מניות,2018,-0.9534,12,737.5
gemel,1078,"אינפיניטי גמל אשראי ואג""ח",תגמולים ואישית לפיצויים,"אג""ח ללא מניות","תגמולים ואישית לפיצויים | אג""ח ללא מניות",2018,-2.6432,12,206.0
gemel,1079,אינפיניטי גמל מניות בישראל,תגמולים ואישית לפיצויים,מניות אקטיבי,תגמולים ואישית לפיצויים | מניות אקטיבי,2018,-1.7772,12,39.9
gemel,1083,אינפיניטי השתלמות כללי,קרנות השתלמות,כללי/מעורב/גמיש/תלוי גיל,קרנות השתלמות | כללי/מעורב/גמיש/תלוי גיל,2018,-8.3585,12,27.3
gemel,1084,"אינפיניטי השתלמות אשראי ואג""ח",קרנות השתלמות,"אג""ח ללא מניות","קרנות השתלמות | אג""ח ללא מניות",2018,-2.3266,12,225.4
gemel,1085,אינפיניטי השתלמות מניות בישראל,קרנות השתלמות,מניות אקטיבי,קרנות השתלמות | מניות אקטיבי,2018,-2.1596,12,52.9
gemel,1093,אלטשולר שחם השתלמות כללי,קרנות השתלמות,כללי/מעורב/גמיש/תלוי גיל,קרנות השתלמות | כללי/מעורב/גמיש/תלוי גיל,2018,-1.7847,12,26772.9
gemel,1100,"הפניקס השתלמות אשראי ואג""ח עם מניות (עד 25% מניות)",קרנות השתלמות,עד 25% מניות,קרנות השתלמות | עד 25% מניות,2018,-0.2666,12,2687.8
gemel,1110,"מנורה מבטחים השתלמות מסלול אג""ח קונצרני",קרנות השתלמות,"אג""ח ללא מניות","קרנות השתלמות | אג""ח ללא מניות",2018,-0.533,12,80.1
gemel,1114,מנורה מבטחים השתלמות כספי (שקלי),קרנות השתלמות,כספי,קרנות השתלמות | כספי,2018,0.1301,12,62.5
gemel,11310,הפניקס חיסכון לילד - חוסכים המעדיפים סיכון מועט,קופת גמל להשקעה - חסכון לילד,עד 25% מניות,קופת גמל להשקעה - חסכון לילד | עד 25% מניות,2018,-1.1936,12,120.9
gemel,11311,הפניקס חיסכון לילד - חוסכים המעדיפים סיכון מוגבר,קופת גמל להשקעה - חסכון לילד,מניות אקטיבי,קופת גמל להשקעה - חסכון לילד | מניות אקטיבי,2018,-4.9762,12,21.5
gemel,11312,הפניקס חיסכון לילד - חוסכים המעדיפים סיכון בינוני,קופת גמל להשקעה - חסכון לילד,כללי/מעורב/גמיש/תלוי גיל,קופת גמל להשקעה - חסכון לילד | כללי/מעורב/גמיש/תלוי גיל,2018,-2.2919,12,22.6
gemel,11320,מנורה מבטחים חסכון לכל ילד מסלול הלכה,קופת גמל להשקעה - חסכון לילד,כללי/מעורב/גמיש/תלוי גיל,קופת גמל להשקעה - חסכון לילד | כללי/מעורב/גמיש/תלוי גיל,2018,-1.9219,12,28.4
gemel,11321,מנורה מבטחים חסכון לכל ילד - מסלול חוסכים המעדיפים סיכון מועט,קופת גמל להשקעה - חסכון לילד,עד 25% מניות,קופת גמל להשקעה - חסכון לילד | עד 25% מניות,2018,-0.919,12,138.2
gemel,11322,מנורה מבטחים חסכון לכל ילד - מסלול חוסכים המעדיפים סיכון בינוני,קופת גמל להשקעה - חסכון לילד,כללי/מעורב/גמיש/תלוי גיל,קופת גמל להשקעה - חסכון לילד | כללי/מעורב/גמיש/תלוי גיל,2018,-1.692,12,40.0
gemel,11323,מנורה מבטחים חסכון לכל ילד - מסלול חוסכים המעדיפים סיכון מוגבר,קופת גמל להשקעה - חסכון לילד,מניות אקטיבי,קופת גמל להשקעה - חסכון לילד | מניות אקטיבי,2018,-3.8404,12,27.4
gemel,11325,אלטשולר שחם חיסכון לילד לחוסכים המעדיפים סיכון מועט,קופת גמל להשקעה - חסכון לילד,עד 25% מניות,קופת גמל להשקעה - חסכון לילד | עד 25% מניות,2018,-1.5932,12,228.9
gemel,11326,אלטשולר שחם חיסכון לילד לחוסכים המעדיפים סיכון בינוני,קופת גמל להשקעה - חסכון לילד,כללי/מעורב/גמיש/תלוי גיל,קופת גמל להשקעה - חסכון לילד | כללי/מעורב/גמיש/תלוי גיל,2018,-2.3717,12,497.5
gemel,11327,אלטשולר שחם חיסכון לילד לחוסכים המעדיפים סיכון מוגבר,קופת גמל להשקעה - חסכון לילד,מניות אקטיבי,קופת גמל להשקעה - חסכון לילד | מניות אקטיבי,2018,-5.2357,12,1075.7
gemel,11328,אלטשולר שחם חיסכון לילד הלכה,קופת גמל להשקעה - חסכון לילד,כללי/מעורב/גמיש/תלוי גיל,קופת גמל להשקעה - חסכון לילד | כללי/מעורב/גמיש/תלוי גיל,2018,-2.193,12,193.8
gemel,11335,הפניקס חיסכון לילד - הלכה,קופת גמל להשקעה - חסכון לילד,כללי/מעורב/גמיש/תלוי גיל,קופת גמל להשקעה - חסכון לילד | כללי/מעורב/גמיש/תלוי גיל,2018,-0.9283,12,8.2
gemel,11343,סלייס גמל חסכון לילד - חוסכים המעדיפים סיכון מועט,קופת גמל להשקעה - חסכון לילד,עד 25% מניות,קופת גמל להשקעה - חסכון לילד | עד 25% מניות,2018,-3.7455,12,111.2
gemel,11344,סלייס גמל חסכון לילד - חוסכים המעדיפים סיכון בינוני,קופת גמל להשקעה - חסכון לילד,כללי/מעורב/גמיש/תלוי גיל,קופת גמל להשקעה - חסכון לילד | כללי/מעורב/גמיש/תלוי גיל,2018,-2.9325,12,0.8
gemel,11345,סלייס גמל חסכון לילד - חוסכים המעדיפים סיכון מוגבר,קופת גמל להשקעה - חסכון לילד,מניות אקטיבי,קופת גמל להשקעה - חסכון לילד | מניות אקטיבי,2018,-4.6458,12,0.8
gemel,11352,הפניקס חיסכון לילד- שריעה,קופת גמל להשקעה - חסכון לילד,כללי/מעורב/גמיש/תלוי גיל,קופת גמל להשקעה - חסכון לילד | כללי/מעורב/גמיש/תלוי גיל,2018,1.0521,12,18.4
gemel,11353,הלמן-אלדובי חיסכון לילד- הלכה,קופת גמל להשקעה - חסכון לילד,כללי/מעורב/גמיש/תלוי גיל,קופת גמל להשקעה - חסכון לילד | כללי/מעורב/גמיש/תלוי גיל,2018,-2.1735,12,4.5
gemel,11354,הלמן-אלדובי חיסכון לילד- חוסכים המעדיפים סיכון מועט,קופת גמל להשקעה - חסכון לילד,עד 25% מניות,קופת גמל להשקעה - חסכון לילד | עד 25% מניות,2018,-1.2418,12,119.2
gemel,11355,הלמן-אלדובי חיסכון לילד- חוסכים המעדיפים סיכון בינוני,קופת גמל להשקעה - חסכון לילד,כללי/מעורב/גמיש/תלוי גיל,קופת גמל להשקעה - חסכון לילד | כללי/מעורב/גמיש/תלוי גיל,2018,-2.0644,12,20.8
gemel,11356,הלמן-אלדובי חיסכון לילד- חוסכים המעדיפים סיכון מוגבר,קופת גמל להשקעה - חסכון לילד,מניות אקטיבי,קופת גמל להשקעה - חסכון לילד | מניות אקטיבי,2018,-4.2825,12,16.5
gemel,11365,אנליסט מסלולית - קופת גמל להשקעה לחיסכון ארוך טווח לילד - מסלול לחוסכים המעדיפים סיכון מועט,קופת גמל להשקעה - חסכון לילד,עד 25% מניות,קופת גמל להשקעה - חסכון לילד | עד 25% מניות,2018,-1.6774,12,115.5
gemel,11366,אנליסט מסלולית - קופת גמל להשקעה לחיסכון ארוך טווח לילד - מסלול לחוסכים המעדיפים סיכון בינוני,קופת גמל להשקעה - חסכון לילד,כללי/מעורב/גמיש/תלוי גיל,קופת גמל להשקעה - חסכון לילד | כללי/מעורב/גמיש/תלוי גיל,2018,-1.9252,12,40.2
gemel,11367,אנליסט מסלולית - קופת גמל להשקעה לחיסכון ארוך טווח לילד - מסלול לחוסכים המעדיפים סיכון מוגבר,קופת גמל להשקעה - חסכון לילד,מניות אקטיבי,קופת גמל להשקעה - חסכון לילד | מניות אקטיבי,2018,-4.0759,12,37.4
gemel,11372,אינפיניטי חיסכון לילד - חוסכים המעדיפים סיכון בינוני,קופת גמל להשקעה - חסכון לילד,כללי/מעורב/גמיש/תלוי גיל,קופת גמל להשקעה - חסכון לילד | כללי/מעורב/גמיש/תלוי גיל,2018,-3.9988,12,3.6
gemel,11373,אינפיניטי חיסכון לילד - חוסכים המעדיפים סיכון מוגבר,קופת גמל להשקעה - חסכון לילד,מניות אקטיבי,קופת גמל להשקעה - חסכון לילד | מניות אקטיבי,2018,-2.3729,12,6.3
gemel,11374,אינפיניטי חיסכון לילד - חוסכים המעדיפים סיכון מועט,קופת גמל להשקעה - חסכון לילד,עד 25% מניות,קופת גמל להשקעה - חסכון לילד | עד 25% מניות,2018,-2.8868,12,111.8
gemel,11375,הראל חיסכון לילד - חוסכים המעדיפים סיכון מועט,קופת גמל להשקעה - חסכון לילד,עד 25% מניות,קופת גמל להשקעה - חסכון לילד | עד 25% מניות,2018,-0.9679,12,171.2
gemel,11376,הראל חיסכון לילד - חוסכים המעדיפים סיכון בינוני,קופת גמל להשקעה - חסכון לילד,כללי/מעורב/גמיש/תלוי גיל,קופת גמל להשקעה - חסכון לילד | כללי/מעורב/גמיש/תלוי גיל,2018,-2.4192,12,84.0
gemel,11377,הראל חיסכון לילד - חוסכים המעדיפים סיכון מוגבר,קופת גמל להשקעה - חסכון לילד,מניות אקטיבי,קופת גמל להשקעה - חסכון לילד | מניות אקטיבי,2018,-6.6134,12,70.3
gemel,11380,פסגות חיסכון לילד - חוסכים המעדיפים סיכון מועט,קופת גמל להשקעה - חסכון לילד,עד 25% מניות,קופת גמל להשקעה - חסכון לילד | עד 25% מניות,2018,-0.9569,12,132.6
gemel,11381,פסגות חיסכון לילד - חוסכים המעדיפים סיכון בינוני,קופת גמל להשקעה - חסכון לילד,כללי/מעורב/גמיש/תלוי גיל,קופת גמל להשקעה - חסכון לילד | כללי/מעורב/גמיש/תלוי גיל,2018,-1.5335,12,40.0
gemel,11382,פסגות חיסכון לילד - חוסכים המעדיפים סיכון מוגבר,קופת גמל להשקעה - חסכון לילד,מניות אקטיבי,קופת גמל להשקעה - חסכון לילד | מניות אקטיבי,2018,-3.025,12,80.6
gemel,11383,פסגות חיסכון לילד - הלכה,קופת גמל להשקעה - חסכון לילד,כללי/מעורב/גמיש/תלוי גיל,קופת גמל להשקעה - חסכון לילד | כללי/מעורב/גמיש/תלוי גיל,2018,-2.1186,12,482.4
gemel,11385,מיטב קופת גמל להשקעה לחיסכון ארוך טווח לילד אחר חיסכון לכל ילד - חוסכים המעדיפים סיכון מועט,קופת גמל להשקעה - חסכון לילד,עד 25% מניות,קופת גמל להשקעה - חסכון לילד | עד 25% מניות,2018,-0.9245,12,132.2
gemel,11386,מיטב קופת גמל להשקעה לחיסכון ארוך טווח לילד אחר חיסכון לכל ילד - חוסכים המעדיפים סיכון בינוני,קופת גמל להשקעה - חסכון לילד,כללי/מעורב/גמיש/תלוי גיל,קופת גמל להשקעה - חסכון לילד | כללי/מעורב/גמיש/תלוי גיל,2018,-1.6516,12,64.8
gemel,11387,מיטב קופת גמל להשקעה לחיסכון ארוך טווח לילד אחר חיסכון לכל ילד - חוסכים המעדיפים סיכון מוגבר,קופת גמל להשקעה - חסכון לילד,מניות אקטיבי,קופת גמל להשקעה - חסכון לילד | מניות אקטיבי,2018,-4.1248,12,38.8
gemel,11388,מיטב קופת גמל להשקעה לחיסכון ארוך טווח לילד הלכה,קופת גמל להשקעה - חסכון לילד,כללי/מעורב/גמיש/תלוי גיל,קופת גמל להשקעה - חסכון לילד | כללי/מעורב/גמיש/תלוי גיל,2018,-2.0154,12,79.5
gemel,11390,ילין לפידות קופת גמל להשקעה מסלול כללי,קופת גמל להשקעה,כללי/מעורב/גמיש/תלוי גיל,קופת גמל להשקעה | כללי/מעורב/גמיש/תלוי גיל,2018,-0.4985,12,285.8
gemel,11391,"ילין לפידות קופת גמל להשקעה מסלול אשראי ואג""ח",קופת גמל להשקעה,"אג""ח ללא מניות","קופת גמל להשקעה | אג""ח ללא מניות",2018,1.9166,12,16.4
gemel,11392,"ילין לפידות קופת גמל להשקעה מסלול אשראי ואג""ח עם מניות (עד 25% מניות)",קופת גמל להשקעה,עד 25% מניות,קופת גמל להשקעה | עד 25% מניות,2018,0.6674,12,57.6
gemel,11393,"ילין לפידות קופת גמל להשקעה מסלול אג""ח ממשלות",קופת גמל להשקעה,"אג""ח ללא מניות","קופת גמל להשקעה | אג""ח ללא מניות",2018,-0.3609,12,6.4
gemel,11394,ילין לפידות קופת גמל להשקעה מסלול מניות,קופת גמל להשקעה,מניות אקטיבי,קופת גמל להשקעה | מניות אקטיבי,2018,-3.4287,12,141.4
gemel,11407,אינפיניטי גמל להשקעה מניות,קופת גמל להשקעה,מניות אקטיבי,קופת גמל להשקעה | מניות אקטיבי,2018,-4.287,12,8.1
gemel,11408,מנורה מבטחים השתלמות עוקב מדדים גמיש,קרנות השתלמות,כללי/מעורב/גמיש/תלוי גיל,קרנות השתלמות | כללי/מעורב/גמיש/תלוי גיל,2018,-1.997,12,15.5
gemel,11409,"מנורה מבטחים השתלמות עוקב מדדים - אג""ח עם מניות (עד 25% מניות)",קרנות השתלמות,עד 25% מניות,קרנות השתלמות | עד 25% מניות,2018,-1.1277,12,4.6
gemel,11411,הלמן-אלדובי קופת גמל להשקעה מחקה מדד S&P500,קופת גמל להשקעה,מניות פאסיבי,קופת גמל להשקעה | מניות פאסיבי,2018,2.7137,12,46.9
gemel,1147,"מנורה מבטחים תגמולים ופיצויים אג""ח עד 10% מניות",תגמולים ואישית לפיצויים,עד 25% מניות,תגמולים ואישית לפיצויים | עד 25% מניות,2018,-0.3234,12,1022.0
gemel,1149,"מנורה מבטחים השתלמות אג""ח עד 10% מניות",קרנות השתלמות,עד 25% מניות,קרנות השתלמות | עד 25% מניות,2018,-0.3622,12,1890.8
gemel,1156,מגדל לתגמולים ולפיצויים מסלול ביג כללי לפחות 30% מניות,תגמולים ואישית לפיצויים,כללי/מעורב/גמיש/תלוי גיל,תגמולים ואישית לפיצויים | כללי/מעורב/גמיש/תלוי גיל,2018,-1.6037,12,98.0
gemel,1157,מגדל השתלמות מסלול ביג כללי לפחות 30% מניות,קרנות השתלמות,כללי/מעורב/גמיש/תלוי גיל,קרנות השתלמות | כללי/מעורב/גמיש/תלוי גיל,2018,-0.6091,3,0.0
gemel,11578,"אי.בי.אי. גמל קופת גמל להשקעה מחקה מדד נדל""ן מניב ישראל",קופת גמל להשקעה,מניות פאסיבי,קופת גמל להשקעה | מניות פאסיבי,2018,-4.4637,12,2.5
gemel,1162,ילין לפידות קרן השתלמות מסלול כללי,קרנות השתלמות,כללי/מעורב/גמיש/תלוי גיל,קרנות השתלמות | כללי/מעורב/גמיש/תלוי גיל,2018,-0.5529,12,13549.0
gemel,117,"כלל תמר אשראי ואג""ח",תגמולים ואישית לפיצויים,"אג""ח ללא מניות","תגמולים ואישית לפיצויים | אג""ח ללא מניות",2018,-0.8522,12,894.5
gemel,1183,פסגות שיא השתלמות ישראל,קרנות השתלמות,כללי/מעורב/גמיש/תלוי גיל,קרנות השתלמות | כללי/מעורב/גמיש/תלוי גיל,2018,-1.0574,12,2168.1
gemel,119,מנורה מבטחים יותר מסלול ד',תגמולים ואישית לפיצויים,כללי/מעורב/גמיש/תלוי גיל,תגמולים ואישית לפיצויים | כללי/מעורב/גמיש/תלוי גיל,2018,-0.9439,12,988.2
gemel,1190,"הפניקס השתלמות אג""ח עד 25% מניות",קרנות השתלמות,עד 25% מניות,קרנות השתלמות | עד 25% מניות,2018,-0.7741,12,412.1
gemel,11914,אינפיניטי חיסכון לילד - הלכה,קופת גמל להשקעה - חסכון לילד,כללי/מעורב/גמיש/תלוי גיל,קופת גמל להשקעה - חסכון לילד | כללי/מעורב/גמיש/תלוי גיל,2018,-2.7584,12,3.3
gemel,11957,"אינפיניטי השתלמות אשראי ואג""ח עם מניות (עד 25% מניות)",קרנות השתלמות,עד 25% מניות,קרנות השתלמות | עד 25% מניות,2018,-3.283,12,15.1
gemel,11979,סלייס גמל קופת גמל לחסכון מדרגות עד 50,תגמולים ואישית לפיצויים,כללי/מעורב/גמיש/תלוי גיל,תגמולים ואישית לפיצויים | כללי/מעורב/גמיש/תלוי גיל,2018,0.5657,12,2.5
gemel,1198,"הלמן-אלדובי גמל מסלול אג""ח ללא מניות",תגמולים ואישית לפיצויים,"אג""ח ללא מניות","תגמולים ואישית לפיצויים | אג""ח ללא מניות",2018,-0.014,12,176.2
gemel,1201,אי.בי.אי לתגמולים ופיצויים מסלול מניות,תגמולים ואישית לפיצויים,מניות אקטיבי,תגמולים ואישית לפיצויים | מניות אקטיבי,2018,-2.8555,12,50.7
gemel,1202,"הלמן-אלדובי קרן השתלמות מסלול אג""ח ללא מניות",קרנות השתלמות,"אג""ח ללא מניות","קרנות השתלמות | אג""ח ללא מניות",2018,-0.0544,12,178.3
gemel,1203,"הלמן-אלדובי קרן השתלמות מסלול אג""ח עד 10% מניות",קרנות השתלמות,עד 25% מניות,קרנות השתלמות | עד 25% מניות,2018,-0.4156,12,222.1
gemel,1204,אי.בי.אי קרן השתלמות מסלול כללי,קרנות השתלמות,כללי/מעורב/גמיש/תלוי גיל,קרנות השתלמות | כללי/מעורב/גמיש/תלוי גיל,2018,-0.8052,12,633.8
gemel,1205,אי.בי.אי קרן השתלמות מסלול מניות,קרנות השתלמות,מניות אקטיבי,קרנות השתלמות | מניות אקטיבי,2018,-2.9955,12,58.3
gemel,1209,"אינפיניטי גמל אג""ח ממשלות",תגמולים ואישית לפיצויים,"אג""ח ללא מניות","תגמולים ואישית לפיצויים | אג""ח ללא מניות",2018,0.0181,12,20.6
gemel,1210,"אינפיניטי השתלמות אג""ח ממשלות",קרנות השתלמות,"אג""ח ללא מניות","קרנות השתלמות | אג""ח ללא מניות",2018,0.0982,12,32.6
gemel,1219,אלטשולר שחם קמה,תגמולים ואישית לפיצויים,כללי/מעורב/גמיש/תלוי גיל,תגמולים ואישית לפיצויים | כללי/מעורב/גמיש/תלוי גיל,2018,-0.6031,12,199.8
gemel,12256,אלטשולר שחם השתלמות הלכה,קרנות השתלמות,כללי/מעורב/גמיש/תלוי גיל,קרנות השתלמות | כללי/מעורב/גמיש/תלוי גיל,2018,-3.3949,5,3.3
gemel,12257,אלטשולר שחם חיסכון פלוס הלכה,קופת גמל להשקעה,כללי/מעורב/גמיש/תלוי גיל,קופת גמל להשקעה | כללי/מעורב/גמיש/תלוי גיל,2018,-3.121,5,6.7
gemel,124,כלל תמר מדד,תגמולים ואישית לפיצויים,"אג""ח ללא מניות","תגמולים ואישית לפיצויים | אג""ח ללא מניות",2018,-0.9583,12,954.9
gemel,1240,"מיטב השתלמות אשראי ואג""ח",קרנות השתלמות,"אג""ח ללא מניות","קרנות השתלמות | אג""ח ללא מניות",2018,0.0864,12,545.3
gemel,1256,מנורה מבטחים השתלמות מסלול מניות,קרנות השתלמות,מניות אקטיבי,קרנות השתלמות | מניות אקטיבי,2018,-3.8898,12,104.4
gemel,127,כלל תמר מניות,תגמולים ואישית לפיצויים,מניות אקטיבי,תגמולים ואישית לפיצויים | מניות אקטיבי,2018,-4.5185,12,231.3
gemel,128,כלל תמר כספי(שקלי),תגמולים ואישית לפיצויים,כספי,תגמולים ואישית לפיצויים | כספי,2018,0.06,12,169.7
gemel,1290,אלטשולר שחם השתלמות כללי ב',קרנות השתלמות,כללי/מעורב/גמיש/תלוי גיל,קרנות השתלמות | כללי/מעורב/גמיש/תלוי גיל,2018,-1.9107,12,1613.2
gemel,1319,"ילין לפידות קרן השתלמות מסלול אשראי ואג""ח",קרנות השתלמות,"אג""ח ללא מניות","קרנות השתלמות | אג""ח ללא מניות",2018,1.6684,12,386.8
gemel,132,הלמן-אלדובי השתלמות כללי,קרנות השתלמות,כללי/מעורב/גמיש/תלוי גיל,קרנות השתלמות | כללי/מעורב/גמיש/תלוי גיל,2018,0.1592,12,2432.1
gemel,1330,פסגות גדיש מניות,תגמולים ואישית לפיצויים,מניות אקטיבי,תגמולים ואישית לפיצויים | מניות אקטיבי,2018,-3.5952,12,532.6
gemel,1331,פסגות גדיש אגח עד 10% מניות,תגמולים ואישית לפיצויים,עד 25% מניות,תגמולים ואישית לפיצויים | עד 25% מניות,2018,-0.2595,12,2817.6
gemel,1332,"פסגות גדיש אג""ח",תגמולים ואישית לפיצויים,"אג""ח ללא מניות","תגמולים ואישית לפיצויים | אג""ח ללא מניות",2018,-0.8599,12,659.0
gemel,1333,פסגות גדיש כספי,תגמולים ואישית לפיצויים,כספי,תגמולים ואישית לפיצויים | כספי,2018,0.06,12,235.9
gemel,1334,הראל גמל כספי (שקלי),תגמולים ואישית לפיצויים,כספי,תגמולים ואישית לפיצויים | כספי,2018,0.2703,12,241.9
gemel,1335,"הראל גמל מסלול אשראי ואג""ח",תגמולים ואישית לפיצויים,"אג""ח ללא מניות","תגמולים ואישית לפיצויים | אג""ח ללא מניות",2018,0.106,12,244.7
gemel,1343,מנורה מבטחים תגמולים ופיצויים מסלול כספי (שקלי),תגמולים ואישית לפיצויים,כספי,תגמולים ואישית לפיצויים | כספי,2018,0.04,12,60.2
gemel,1344,"מנורה מבטחים תגמולים ופיצויים אג""ח ממשלת ישראל",תגמולים ואישית לפיצויים,"אג""ח ללא מניות","תגמולים ואישית לפיצויים | אג""ח ללא מניות",2018,-0.5634,12,116.5
gemel,1348,"כלל השתלמות אשראי ואג""ח",קרנות השתלמות,"אג""ח ללא מניות","קרנות השתלמות | אג""ח ללא מניות",2018,-1.0173,12,326.0
gemel,1350,כלל השתלמות מניות,קרנות השתלמות,מניות אקטיבי,קרנות השתלמות | מניות אקטיבי,2018,-4.5253,12,165.2
gemel,1351,כלל השתלמות כספי(שקלי),קרנות השתלמות,כספי,קרנות השתלמות | כספי,2018,0.1601,12,151.8
gemel,1353,מיטב השתלמות מעל 6 שנות וותק,קרנות השתלמות,כללי/מעורב/גמיש/תלוי גיל,קרנות השתלמות | כללי/מעורב/גמיש/תלוי גיל,2018,-0.4328,12,2258.2
gemel,1360,"ילין לפידות קופת גמל מסלול אג""ח ממשלות",תגמולים ואישית לפיצויים,"אג""ח ללא מניות","תגמולים ואישית לפיצויים | אג""ח ללא מניות",2018,-0.6406,12,107.8
gemel,1361,"ילין לפידות קרן השתלמות מסלול אג""ח ממשלות",קרנות השתלמות,"אג""ח ללא מניות","קרנות השתלמות | אג""ח ללא מניות",2018,-0.6407,12,144.5
gemel,1364,מנורה מבטחים תגמולים ופיצויים מסלול מניות,תגמולים ואישית לפיצויים,מניות אקטיבי,תגמולים ואישית לפיצויים | מניות אקטיבי,2018,-4.1786,12,58.1
gemel,1367,"הלמן-אלדובי השתלמות אג""ח עד 15% במניות",קרנות השתלמות,עד 25% מניות,קרנות השתלמות | עד 25% מניות,2018,-0.0271,12,209.4
gemel,1368,הראל גמל מסלול שקלי,תגמולים ואישית לפיצויים,"אג""ח ללא מניות","תגמולים ואישית לפיצויים | אג""ח ללא מניות",2018,-1.2804,12,157.3
gemel,1369,הראל השתלמות מסלול שקלי,קרנות השתלמות,"אג""ח ללא מניות","קרנות השתלמות | אג""ח ללא מניות",2018,-0.9894,12,247.5
gemel,1370,מיטב השתלמות כספי (שקלי),קרנות השתלמות,כספי,קרנות השתלמות | כספי,2018,0.1901,12,91.3
gemel,1375,אלטשולר שחם גמל מניות,תגמולים ואישית לפיצויים,מניות אקטיבי,תגמולים ואישית לפיצויים | מניות אקטיבי,2018,-5.2857,12,1185.4
gemel,1376,"אלטשולר שחם גמל אשראי ואג""ח",תגמולים ואישית לפיצויים,"אג""ח ללא מניות","תגמולים ואישית לפיצויים | אג""ח ללא מניות",2018,-0.4257,12,337.8
gemel,1377,אלטשולר שחם השתלמות מניות,קרנות השתלמות,מניות אקטיבי,קרנות השתלמות | מניות אקטיבי,2018,-5.1331,12,2348.7
gemel,1378,"אלטשולר שחם השתלמות אשראי ואג""ח",קרנות השתלמות,"אג""ח ללא מניות","קרנות השתלמות | אג""ח ללא מניות",2018,-0.4952,12,367.3
gemel,1386,"מיטב גמל אג""ח ממשלות",תגמולים ואישית לפיצויים,"אג""ח ללא מניות","תגמולים ואישית לפיצויים | אג""ח ללא מניות",2018,-0.253,12,78.8
gemel,1387,"מיטב השתלמות אג""ח ממשלות",קרנות השתלמות,"אג""ח ללא מניות","קרנות השתלמות | אג""ח ללא מניות",2018,-0.2932,12,262.2
gemel,1394,אלטשולר שחם גמל כספי (שקלי),תגמולים ואישית לפיצויים,כספי,תגמולים ואישית לפיצויים | כספי,2018,0.06,12,92.3
gemel,1395,"אלטשולר שחם גמל אג""ח ממשלות",תגמולים ואישית לפיצויים,"אג""ח ללא מניות","תגמולים ואישית לפיצויים | אג""ח ללא מניות",2018,-0.8045,12,101.3
gemel,1398,אלטשולר שחם השתלמות כספי (שקלי),קרנות השתלמות,כספי,קרנות השתלמות | כספי,2018,0.09,12,97.7
gemel,1399,"אלטשולר שחם השתלמות אג""ח ממשלות",קרנות השתלמות,"אג""ח ללא מניות","קרנות השתלמות | אג""ח ללא מניות",2018,-0.8845,12,148.3
gemel,1408,"מנורה מבטחים השתלמות מסלול אג""ח ממשלת ישראל",קרנות השתלמות,"אג""ח ללא מניות","קרנות השתלמות | אג""ח ללא מניות",2018,-0.6735,12,355.7
gemel,1409,מנורה מבטחים השתלמות מסלול מניות סחיר,קרנות השתלמות,מניות אקטיבי,קרנות השתלמות | מניות אקטיבי,2018,-2.8241,12,53.6
gemel,1412,"אנליסט גמל אג""ח ממשלות",תגמולים ואישית לפיצויים,"אג""ח ללא מניות","תגמולים ואישית לפיצויים | אג""ח ללא מניות",2018,-1.4346,12,18.8
gemel,1424,פסגות שיא השתלמות אגח עד 10% מניות,קרנות השתלמות,עד 25% מניות,קרנות השתלמות | עד 25% מניות,2018,-0.5395,12,1023.1
gemel,1429,"פסגות שיא השתלמות אג""ח ממשלת ישראל",קרנות השתלמות,"אג""ח ללא מניות","קרנות השתלמות | אג""ח ללא מניות",2018,-0.6622,12,172.2
gemel,1431,"פסגות גדיש אג""ח ממשלת ישראל",תגמולים ואישית לפיצויים,"אג""ח ללא מניות","תגמולים ואישית לפיצויים | אג""ח ללא מניות",2018,-0.6222,12,269.4
gemel,1442,"הלמן-אלדובי גמל מסלול פאסיבי - מדדי אג""ח ממשלת ישראל",תגמולים ואישית לפיצויים,"אג""ח ללא מניות","תגמולים ואישית לפיצויים | אג""ח ללא מניות",2018,-0.6115,12,76.0
gemel,1443,"הלמן-אלדובי קרן השתלמות מסלול פאסיבי - מדדי אג""ח ממשלת ישראל",קרנות השתלמות,"אג""ח ללא מניות","קרנות השתלמות | אג""ח ללא מניות",2018,-0.6115,12,59.0
gemel,1484,"הראל גמל מסלול אג""ח קונצרני",תגמולים ואישית לפיצויים,"אג""ח ללא מניות","תגמולים ואישית לפיצויים | אג""ח ללא מניות",2018,-2.1238,12,51.4
gemel,1485,"הראל השתלמות אשראי ואג""ח",קרנות השתלמות,"אג""ח ללא מניות","קרנות השתלמות | אג""ח ללא מניות",2018,-0.5524,12,101.0
gemel,1490,"אינפיניטי גמל אג""ח קונצרני",תגמולים ואישית לפיצויים,"אג""ח ללא מניות","תגמולים ואישית לפיצויים | אג""ח ללא מניות",2018,-3.7028,12,11.7
gemel,1491,"אינפיניטי השתלמות אג""ח קונצרני",קרנות השתלמות,"אג""ח ללא מניות","קרנות השתלמות | אג""ח ללא מניות",2018,-4.0155,12,26.9
gemel,1523,הראל השתלמות מסלול הלכה,קרנות השתלמות,כללי/מעורב/גמיש/תלוי גיל,קרנות השתלמות | כללי/מעורב/גמיש/תלוי גיל,2018,-1.9035,12,138.3
gemel,1524,הראל גמל מסלול הלכה,תגמולים ואישית לפיצויים,כללי/מעורב/גמיש/תלוי גיל,תגמולים ואישית לפיצויים | כללי/מעורב/גמיש/תלוי גיל,2018,-2.0231,12,60.8
gemel,1533,כלל תמר מסלול הלכתי (הוד),תגמולים ואישית לפיצויים,כללי/מעורב/גמיש/תלוי גיל,תגמולים ואישית לפיצויים | כללי/מעורב/גמיש/תלוי גיל,2018,-2.3597,12,46.9
gemel,1534,כלל השתלמות הלכה,קרנות השתלמות,כללי/מעורב/גמיש/תלוי גיל,קרנות השתלמות | כללי/מעורב/גמיש/תלוי גיל,2018,-2.0359,12,106.1
gemel,1535,אנליסט השתלמות כספי (שקלי),קרנות השתלמות,כספי,קרנות השתלמות | כספי,2018,0.18,12,35.5
gemel,1536,אינפיניטי גמל מניות,תגמולים ואישית לפיצויים,מניות אקטיבי,תגמולים ואישית לפיצויים | מניות אקטיבי,2018,-3.2155,12,40.4
gemel,1537,אינפיניטי השתלמות מניות,קרנות השתלמות,מניות אקטיבי,קרנות השתלמות | מניות אקטיבי,2018,-2.9483,12,55.1
gemel,154,הראל השתלמות כללי,קרנות השתלמות,כללי/מעורב/גמיש/תלוי גיל,קרנות השתלמות | כללי/מעורב/גמיש/תלוי גיל,2018,-1.4418,12,6777.7
gemel,1543,"הלמן-אלדובי גמל מסלול מדדי מניות חו""ל (פאסיבי)",תגמולים ואישית לפיצויים,מניות פאסיבי,תגמולים ואישית לפיצויים | מניות פאסיבי,2018,-2.6962,12,87.3
gemel,1544,"הלמן-אלדובי קרן השתלמות מסלול פאסיבי - מדדי מניות חו""ל",קרנות השתלמות,מניות פאסיבי,קרנות השתלמות | מניות פאסיבי,2018,-2.7491,12,72.9
gemel,1689,מיטב גמל עוקב מדדי מניות,תגמולים ואישית לפיצויים,מניות פאסיבי,תגמולים ואישית לפיצויים | מניות פאסיבי,2018,-5.2589,12,17.9
gemel,1692,"מיטב גמל עוקב מדדי אג""ח",תגמולים ואישית לפיצויים,"אג""ח ללא מניות","תגמולים ואישית לפיצויים | אג""ח ללא מניות",2018,-1.4856,12,36.8
gemel,1861,מנורה מבטחים השתלמות מסלול לטווח ארוך,קרנות השתלמות,כללי/מעורב/גמיש/תלוי גיל,קרנות השתלמות | כללי/מעורב/גמיש/תלוי גיל,2018,-2.4237,12,1.5
gemel,199,"מגדל השתלמות מסלול אשראי ואג""ח",קרנות השתלמות,"אג""ח ללא מניות","קרנות השתלמות | אג""ח ללא מניות",2018,-0.2442,12,254.7
gemel,2017,אלטשולר שחם גמל הלכה,תגמולים ואישית לפיצויים,כללי/מעורב/גמיש/תלוי גיל,תגמולים ואישית לפיצויים | כללי/מעורב/גמיש/תלוי גיל,2018,-2.2885,12,144.3
gemel,2018,פסגות שיא השתלמות הלכה,קרנות השתלמות,כללי/מעורב/גמיש/תלוי גיל,קרנות השתלמות | כללי/מעורב/גמיש/תלוי גיל,2018,-2.3076,12,137.1
gemel,2048,מגדל השתלמות מסלול הלכה,קרנות השתלמות,כללי/מעורב/גמיש/תלוי גיל,קרנות השתלמות | כללי/מעורב/גמיש/תלוי גיל,2018,-1.6225,12,97.5
gemel,2049,הפניקס גמל שריעה,תגמולים ואישית לפיצויים,כללי/מעורב/גמיש/תלוי גיל,תגמולים ואישית לפיצויים | כללי/מעורב/גמיש/תלוי גיל,2018,2.7911,12,6.6
gemel,205,"פסגות גדיש חו""ל",תגמולים ואישית לפיצויים,כללי/מעורב/גמיש/תלוי גיל,תגמולים ואישית לפיצויים | כללי/מעורב/גמיש/תלוי גיל,2018,3.0259,12,99.0
gemel,2051,"מיטב דש גמל חו""ל",תגמולים ואישית לפיצויים,כללי/מעורב/גמיש/תלוי גיל,תגמולים ואישית לפיצויים | כללי/מעורב/גמיש/תלוי גיל,2018,3.0729,12,8.8
gemel,2055,"מיטב דש השתלמות חו""ל",קרנות השתלמות,כללי/מעורב/גמיש/תלוי גיל,קרנות השתלמות | כללי/מעורב/גמיש/תלוי גיל,2018,3.8633,12,15.0
gemel,2058,הפניקס השתלמות שריעה,קרנות השתלמות,כללי/מעורב/גמיש/תלוי גיל,קרנות השתלמות | כללי/מעורב/גמיש/תלוי גיל,2018,2.0612,12,7.9
gemel,2089,"אקסלנס גמל אג""ח עד 20% מניות",תגמולים ואישית לפיצויים,עד 25% מניות,תגמולים ואישית לפיצויים | עד 25% מניות,2018,-1.2115,12,179.9
gemel,211,"הפניקס גמל אג""ח עד 15% מניות",תגמולים ואישית לפיצויים,עד 25% מניות,תגמולים ואישית לפיצויים | עד 25% מניות,2018,-0.1748,12,1979.4
gemel,2115,"כלל השתלמות אג""ח",קרנות השתלמות,"אג""ח ללא מניות","קרנות השתלמות | אג""ח ללא מניות",2018,-0.7623,12,137.9
gemel,223,"מיטב גמל אשראי ואג""ח",תגמולים ואישית לפיצויים,"אג""ח ללא מניות","תגמולים ואישית לפיצויים | אג""ח ללא מניות",2018,0.0254,12,818.8
gemel,2244,"פסגות שיא השתלמות חו""ל",קרנות השתלמות,כללי/מעורב/גמיש/תלוי גיל,קרנות השתלמות | כללי/מעורב/גמיש/תלוי גיל,2018,3.1475,12,32.9
gemel,2252,"אינפיניטי השתלמות אג""ח עד 15% מניות",קרנות השתלמות,עד 25% מניות,קרנות השתלמות | עד 25% מניות,2018,-2.8002,12,17.8
gemel,2254,אינפיניטי השתלמות משולב סחיר,קרנות השתלמות,כללי/מעורב/גמיש/תלוי גיל,קרנות השתלמות | כללי/מעורב/גמיש/תלוי גיל,2018,-4.079,12,11.6
gemel,2255,"הלמן-אלדובי גמל מחקה מדד ת""א 35",תגמולים ואישית לפיצויים,מניות פאסיבי,תגמולים ואישית לפיצויים | מניות פאסיבי,2018,-2.3414,12,28.6
gemel,2256,הלמן-אלדובי גמל מחקה מדד S&P500,תגמולים ואישית לפיצויים,מניות פאסיבי,תגמולים ואישית לפיצויים | מניות פאסיבי,2018,2.4786,12,270.2
gemel,2262,אי.בי.אי לתגמולים ופיצויים פאסיבי משולב עד 10% מניות,תגמולים ואישית לפיצויים,עד 25% מניות,תגמולים ואישית לפיצויים | עד 25% מניות,2018,-1.8385,12,42.1
gemel,2263,הלמן-אלדובי גמל פאסיבי משולב עד 25% מניות,תגמולים ואישית לפיצויים,עד 25% מניות,תגמולים ואישית לפיצויים | עד 25% מניות,2018,-1.8764,12,132.1
gemel,2264,"הלמן-אלדובי השתלמות מחקה מדד ת""א 35",קרנות השתלמות,מניות פאסיבי,קרנות השתלמות | מניות פאסיבי,2018,-2.5352,12,29.6
gemel,2265,הלמן-אלדובי השתלמות מחקה מדד S&P500,קרנות השתלמות,מניות פאסיבי,קרנות השתלמות | מניות פאסיבי,2018,2.5174,12,245.2
gemel,2270,אי.בי.אי השתלמות פאסיבי משולב עד 10% מניות,קרנות השתלמות,עד 25% מניות,קרנות השתלמות | עד 25% מניות,2018,-1.8583,12,22.1
gemel,2271,הלמן-אלדובי השתלמות פאסיבי משולב עד 25% מניות,קרנות השתלמות,עד 25% מניות,קרנות השתלמות | עד 25% מניות,2018,-1.8468,12,104.0
gemel,253,"כלל תמר אג""ח עד 25% מניות",תגמולים ואישית לפיצויים,עד 25% מניות,תגמולים ואישית לפיצויים | עד 25% מניות,2018,0.3376,12,11041.9
gemel,257,הלמן-אלדובי גמל ישראל,תגמולים ואישית לפיצויים,כללי/מעורב/גמיש/תלוי גיל,תגמולים ואישית לפיצויים | כללי/מעורב/גמיש/תלוי גיל,2018,0.6293,12,2936.2
gemel,259,הלמן-אלדובי גמל כללי (לשעבר קופת פקידי מרכנתיל דיסקונט),תגמולים ואישית לפיצויים,כללי/מעורב/גמיש/תלוי גיל,תגמולים ואישית לפיצויים | כללי/מעורב/גמיש/תלוי גיל,2018,0.5351,12,183.5
gemel,260,מנורה מבטחים אמיר כללי,תגמולים ואישית לפיצויים,כללי/מעורב/גמיש/תלוי גיל,תגמולים ואישית לפיצויים | כללי/מעורב/גמיש/תלוי גיל,2018,-1.5329,12,485.0
gemel,263,"בר קרן גמולים קופת גמל לתגמולים ופיצויים בניהול כלל גמל בע""מ",תגמולים ואישית לפיצויים,כללי/מעורב/גמיש/תלוי גיל,תגמולים ואישית לפיצויים | כללי/מעורב/גמיש/תלוי גיל,2018,-0.4527,12,3760.1
gemel,270,פסגות גדיש אגח עד 20% מניות,תגמולים ואישית לפיצויים,עד 25% מניות,תגמולים ואישית לפיצויים | עד 25% מניות,2018,-1.1369,12,1305.2
gemel,385,"הפניקס גמל אשראי ואג""ח",תגמולים ואישית לפיצויים,"אג""ח ללא מניות","תגמולים ואישית לפיצויים | אג""ח ללא מניות",2018,-0.8641,12,1159.3
gemel,395,"הלמן-אלדובי השתלמות אג""ח עד 25% במניות",קרנות השתלמות,עד 25% מניות,קרנות השתלמות | עד 25% מניות,2018,-0.9044,12,366.4
gemel,396,פסגות שיא השתלמות כללי,קרנות השתלמות,כללי/מעורב/גמיש/תלוי גיל,קרנות השתלמות | כללי/מעורב/גמיש/תלוי גיל,2018,-0.7522,12,9495.0
gemel,401,הפניקס גמל לבני 60 ומעלה,תגמולים ואישית לפיצויים,כללי/מעורב/גמיש/תלוי גיל,תגמולים ואישית לפיצויים | כללי/מעורב/גמיש/תלוי גיל,2018,-1.3413,12,2049.7
gemel,416,"הראל השתלמות אשראי ואג""ח עם מניות (עד 25% מניות)",קרנות השתלמות,עד 25% מניות,קרנות השתלמות | עד 25% מניות,2018,-0.3333,12,2015.1
gemel,456,כלל השתלמות כללי,קרנות השתלמות,כללי/מעורב/גמיש/תלוי גיל,קרנות השתלמות | כללי/מעורב/גמיש/תלוי גיל,2018,-0.6362,12,7051.7
gemel,470,מגדל השתלמות לבני 60 ומעלה,קרנות השתלמות,כללי/מעורב/גמיש/תלוי גיל,קרנות השתלמות | כללי/מעורב/גמיש/תלוי גיל,2018,-1.1598,12,93.2
gemel,472,"אלטשולר שחם גמל אג""ח עד 15% במניות",תגמולים ואישית לפיצויים,עד 25% מניות,תגמולים ואישית לפיצויים | עד 25% מניות,2018,-1.1024,12,435.1
gemel,481,מיטב השתלמות עוקב מדדים גמיש,קרנות השתלמות,כללי/מעורב/גמיש/תלוי גיל,קרנות השתלמות | כללי/מעורב/גמיש/תלוי גיל,2018,-1.6575,12,30.4
gemel,502,"הראל גמל מסלול אג""ח עד 20% מניות",תגמולים ואישית לפיצויים,עד 25% מניות,תגמולים ואישית לפיצויים | עד 25% מניות,2018,-0.3525,12,2560.9
gemel,551,מיטב גמל לבני 60 ומעלה,תגמולים ואישית לפיצויים,כללי/מעורב/גמיש/תלוי גיל,תגמולים ואישית לפיצויים | כללי/מעורב/גמיש/תלוי גיל,2018,-0.6919,12,3222.8
gemel,554,מיטב השתלמות עד 6 שנות וותק,קרנות השתלמות,כללי/מעורב/גמיש/תלוי גיל,קרנות השתלמות | כללי/מעורב/גמיש/תלוי גיל,2018,-1.124,12,8148.1
gemel,558,"אלטשולר שחם השתלמות אשראי ואג""ח עם מניות (עד 25% מניות)",קרנות השתלמות,עד 25% מניות,קרנות השתלמות | עד 25% מניות,2018,-0.6554,12,6324.6
gemel,566,הראל השתלמות לטווח ארוך,קרנות השתלמות,כללי/מעורב/גמיש/תלוי גיל,קרנות השתלמות | כללי/מעורב/גמיש/תלוי גיל,2018,-3.1653,12,98.5
gemel,579,מגדל השתלמות מסלול כללי,קרנות השתלמות,כללי/מעורב/גמיש/תלוי גיל,קרנות השתלמות | כללי/מעורב/גמיש/תלוי גיל,2018,-0.7831,12,11469.2
gemel,592,כלל תמר שקלים,תגמולים ואישית לפיצויים,"אג""ח ללא מניות","תגמולים ואישית לפיצויים | אג""ח ללא מניות",2018,-1.1708,12,384.7
gemel,599,"מגדל השתלמות מסלול אג""ח עד 10% מניות",קרנות השתלמות,עד 25% מניות,קרנות השתלמות | עד 25% מניות,2018,-0.8118,12,279.1
gemel,610,"פסגות שיא השתלמות אג""ח",קרנות השתלמות,"אג""ח ללא מניות","קרנות השתלמות | אג""ח ללא מניות",2018,-0.8595,12,697.1
gemel,611,פסגות שיא השתלמות כספי,קרנות השתלמות,כספי,קרנות השתלמות | כספי,2018,0.06,12,150.7
gemel,612,פסגות שיא השתלמות מניות,קרנות השתלמות,מניות אקטיבי,קרנות השתלמות | מניות אקטיבי,2018,-3.6748,12,457.6
gemel,681,"הלמן-אלדובי בר-יציב אג""ח עד 20% במניות",תגמולים ואישית לפיצויים,עד 25% מניות,תגמולים ואישית לפיצויים | עד 25% מניות,2018,0.5345,12,139.4
gemel,686,הפניקס השתלמות לטווח קצר,קרנות השתלמות,כללי/מעורב/גמיש/תלוי גיל,קרנות השתלמות | כללי/מעורב/גמיש/תלוי גיל,2018,-0.4072,12,5097.2
gemel,715,הפניקס השתלמות כספי (שקלי),קרנות השתלמות,כספי,קרנות השתלמות | כספי,2018,0.05,12,206.9
gemel,716,"הפניקס השתלמות אשראי ואג""ח",קרנות השתלמות,"אג""ח ללא מניות","קרנות השתלמות | אג""ח ללא מניות",2018,-0.875,12,627.5
gemel,7215,מיטב גמל לבני 50 ומטה,תגמולים ואישית לפיצויים,כללי/מעורב/גמיש/תלוי גיל,תגמולים ואישית לפיצויים | כללי/מעורב/גמיש/תלוי גיל,2018,-1.8376,12,778.1
gemel,722,"הלמן-אלדובי בר-יציב אג""ח צמוד מדד",תגמולים ואישית לפיצויים,"אג""ח ללא מניות","תגמולים ואישית לפיצויים | אג""ח ללא מניות",2018,0.195,12,186.4
gemel,723,הלמן-אלדובי בר-יציב שקלי,תגמולים ואישית לפיצויים,"אג""ח ללא מניות","תגמולים ואישית לפיצויים | אג""ח ללא מניות",2018,-0.2003,12,161.6
gemel,7231,אינפיניטי גמל מסלול לבני 50 ומטה,תגמולים ואישית לפיצויים,כללי/מעורב/גמיש/תלוי גיל,תגמולים ואישית לפיצויים | כללי/מעורב/גמיש/תלוי גיל,2018,-3.4952,12,3.6
gemel,7232,אינפיניטי גמל מסלול לבני 50 עד 60,תגמולים ואישית לפיצויים,כללי/מעורב/גמיש/תלוי גיל,תגמולים ואישית לפיצויים | כללי/מעורב/גמיש/תלוי גיל,2018,-4.3069,12,39.1
gemel,7233,אינפיניטי גמל מסלול לבני 60 ומעלה,תגמולים ואישית לפיצויים,כללי/מעורב/גמיש/תלוי גיל,תגמולים ואישית לפיצויים | כללי/מעורב/גמיש/תלוי גיל,2018,-3.3967,12,20.7
gemel,724,הלמן-אלדובי גמל מניות,תגמולים ואישית לפיצויים,מניות אקטיבי,תגמולים ואישית לפיצויים | מניות אקטיבי,2018,-3.2874,12,54.1
gemel,7253,מגדל השתלמות מסלול לבני 50 ומטה,קרנות השתלמות,כללי/מעורב/גמיש/תלוי גיל,קרנות השתלמות | כללי/מעורב/גמיש/תלוי גיל,2018,-1.6277,12,176.6
gemel,7254,מגדל השתלמות מסלול לבני 50 עד 60,קרנות השתלמות,כללי/מעורב/גמיש/תלוי גיל,קרנות השתלמות | כללי/מעורב/גמיש/תלוי גיל,2018,-1.4511,12,81.4
gemel,7256,מגדל השתלמות מסלול עוקב מדדים - גמיש,קרנות השתלמות,כללי/מעורב/גמיש/תלוי גיל,קרנות השתלמות | כללי/מעורב/גמיש/תלוי גיל,2018,-1.7935,12,49.4
gemel,736,"הלמן-אלדובי השתלמות אג""ח",קרנות השתלמות,"אג""ח ללא מניות","קרנות השתלמות | אג""ח ללא מניות",2018,-0.4422,12,119.0
gemel,737,הלמן-אלדובי השתלמות שקלי,קרנות השתלמות,"אג""ח ללא מניות","קרנות השתלמות | אג""ח ללא מניות",2018,-0.0903,12,77.0
gemel,738,הלמן-אלדובי השתלמות מניות,קרנות השתלמות,מניות אקטיבי,קרנות השתלמות | מניות אקטיבי,2018,-3.3606,12,48.8
gemel,744,מגדל לתגמולים ולפיצויים מסלול כללי,תגמולים ואישית לפיצויים,כללי/מעורב/גמיש/תלוי גיל,תגמולים ואישית לפיצויים | כללי/מעורב/גמיש/תלוי גיל,2018,-0.9742,12,1096.4
gemel,761,הראל גמל מסלול מניות,תגמולים ואישית לפיצויים,מניות אקטיבי,תגמולים ואישית לפיצויים | מניות אקטיבי,2018,-6.4214,12,220.5
gemel,762,"הראל גמל מסלול אג""ח עד 10% מניות",תגמולים ואישית לפיצויים,עד 25% מניות,תגמולים ואישית לפיצויים | עד 25% מניות,2018,0.1271,12,2101.6
gemel,763,הראל השתלמות מסלול מניות,קרנות השתלמות,מניות אקטיבי,קרנות השתלמות | מניות אקטיבי,2018,-6.5065,12,425.4
gemel,764,"הראל השתלמות אג""ח עד 10% מניות",קרנות השתלמות,עד 25% מניות,קרנות השתלמות | עד 25% מניות,2018,0.1071,12,1527.3
gemel,767,מיטב גמל הלכה,תגמולים ואישית לפיצויים,כללי/מעורב/גמיש/תלוי גיל,תגמולים ואישית לפיצויים | כללי/מעורב/גמיש/תלוי גיל,2018,-1.765,12,128.6
gemel,768,מיטב השתלמות הלכה,קרנות השתלמות,כללי/מעורב/גמיש/תלוי גיל,קרנות השתלמות | כללי/מעורב/גמיש/תלוי גיל,2018,-1.7718,12,286.6
gemel,7798,אלטשולר שחם חיסכון פלוס כללי,קופת גמל להשקעה,כללי/מעורב/גמיש/תלוי גיל,קופת גמל להשקעה | כללי/מעורב/גמיש/תלוי גיל,2018,-2.4117,12,2311.3
gemel,7799,אלטשולר שחם חיסכון פלוס מניות,קופת גמל להשקעה,מניות אקטיבי,קופת גמל להשקעה | מניות אקטיבי,2018,-5.3228,12,982.4
gemel,7800,"אלטשולר שחם חיסכון פלוס אשראי ואג""ח עם מניות (עד 25% במניות)",קופת גמל להשקעה,עד 25% מניות,קופת גמל להשקעה | עד 25% מניות,2018,-1.3716,12,330.1
gemel,7801,"אלטשולר שחם חיסכון פלוס אשראי ואג""ח",קופת גמל להשקעה,"אג""ח ללא מניות","קופת גמל להשקעה | אג""ח ללא מניות",2018,-0.9942,12,48.2
gemel,7802,אלטשולר שחם חיסכון פלוס כספי (שקלי),קופת גמל להשקעה,כספי,קופת גמל להשקעה | כספי,2018,0.04,12,21.6
gemel,7810,פסגות NEXT גמל להשקעה כללי,קופת גמל להשקעה,כללי/מעורב/גמיש/תלוי גיל,קופת גמל להשקעה | כללי/מעורב/גמיש/תלוי גיל,2018,-1.5717,12,337.6
gemel,7811,פסגות NEXT גמל להשקעה מניות,קופת גמל להשקעה,מניות אקטיבי,קופת גמל להשקעה | מניות אקטיבי,2018,-3.4204,12,69.8
gemel,7812,"פסגות NEXT גמל להשקעה אג""ח",קופת גמל להשקעה,"אג""ח ללא מניות","קופת גמל להשקעה | אג""ח ללא מניות",2018,-1.1475,12,12.2
gemel,7813,"פסגות NEXT גמל להשקעה חו""ל",קופת גמל להשקעה,כללי/מעורב/גמיש/תלוי גיל,קופת גמל להשקעה | כללי/מעורב/גמיש/תלוי גיל,2018,2.5349,12,5.6
gemel,7814,"פסגות NEXT גמל להשקעה אג""ח עד 10% מניות",קופת גמל להשקעה,עד 25% מניות,קופת גמל להשקעה | עד 25% מניות,2018,-0.918,12,42.6
gemel,7815,"פסגות NEXT גמל להשקעה אג""ח קונצרני",קופת גמל להשקעה,"אג""ח ללא מניות","קופת גמל להשקעה | אג""ח ללא מניות",2018,-0.9677,12,1.9
gemel,7818,"אי.בי.אי קופה לתגמולים ופיצויים מסלול פאסיבי - מדדי אג""ח",תגמולים ואישית לפיצויים,"אג""ח ללא מניות","תגמולים ואישית לפיצויים | אג""ח ללא מניות",2018,-3.0497,12,14.8
gemel,7819,אי.בי.אי קרן השתלמות מסלול פאסיבי - כללי,קרנות השתלמות,כללי/מעורב/גמיש/תלוי גיל,קרנות השתלמות | כללי/מעורב/גמיש/תלוי גיל,2018,-2.0379,12,15.8
gemel,7834,אנליסט מסלולית - קופת גמל להשקעה כללי,קופת גמל להשקעה,כללי/מעורב/גמיש/תלוי גיל,קופת גמל להשקעה | כללי/מעורב/גמיש/תלוי גיל,2018,-2.0482,12,131.2
gemel,7836,אנליסט מסלולית - קופת גמל להשקעה מניות,קופת גמל להשקעה,מניות אקטיבי,קופת גמל להשקעה | מניות אקטיבי,2018,-3.6517,12,42.5
gemel,7837,"אנליסט מסלולית - קופת גמל להשקעה אשראי ואג""ח",קופת גמל להשקעה,"אג""ח ללא מניות","קופת גמל להשקעה | אג""ח ללא מניות",2018,-2.6755,12,5.6
gemel,7839,אנליסט מסלולית - קופת גמל להשקעה כספי (שקלי),קופת גמל להשקעה,כספי,קופת גמל להשקעה | כספי,2018,-0.0002,12,3.9
gemel,7842,אנליסט מסלולית - קופת גמל להשקעה משולב סחיר,קופת גמל להשקעה,כללי/מעורב/גמיש/תלוי גיל,קופת גמל להשקעה | כללי/מעורב/גמיש/תלוי גיל,2018,4.5744,12,4.1
gemel,7843,אנליסט מסלולית - קופת גמל להשקעה עוקב מדדים - גמיש,קופת גמל להשקעה,כללי/מעורב/גמיש/תלוי גיל,קופת גמל להשקעה | כללי/מעורב/גמיש/תלוי גיל,2018,-1.4197,12,1.7
gemel,7860,מיטב גמל להשקעה מניות,קופת גמל להשקעה,מניות אקטיבי,קופת גמל להשקעה | מניות אקטיבי,2018,-4.2519,12,35.3
gemel,7861,מיטב גמל להשקעה כספי (שקלי),קופת גמל להשקעה,כספי,קופת גמל להשקעה | כספי,2018,-0.01,12,5.1
gemel,7862,"מיטב גמל להשקעה אשראי ואג""ח",קופת גמל להשקעה,"אג""ח ללא מניות","קופת גמל להשקעה | אג""ח ללא מניות",2018,-0.6816,12,4.1
gemel,7863,מיטב גמל להשקעה הלכה,קופת גמל להשקעה,כללי/מעורב/גמיש/תלוי גיל,קופת גמל להשקעה | כללי/מעורב/גמיש/תלוי גיל,2018,-2.9769,12,7.7
gemel,7867,מיטב גמל להשקעה עוקב מדדי מניות,קופת גמל להשקעה,מניות פאסיבי,קופת גמל להשקעה | מניות פאסיבי,2018,-6.0272,12,6.8
gemel,7892,סלייס קופת גמל להשקעה מדד מניות,קופת גמל להשקעה,מניות פאסיבי,קופת גמל להשקעה | מניות פאסיבי,2018,-2.6903,12,0.2
gemel,7895,סלייס קופת גמל להשקעה מדד ללא מניות,קופת גמל להשקעה,"אג""ח ללא מניות","קופת גמל להשקעה | אג""ח ללא מניות",2018,-1.262,12,0.1
gemel,7905,"הפניקס גמל להשקעה אשראי ואג""ח",קופת גמל להשקעה,"אג""ח ללא מניות","קופת גמל להשקעה | אג""ח ללא מניות",2018,-1.2233,12,18.5
gemel,7906,"הפניקס גמל להשקעה אשראי ואג""ח עם מניות (עד 25% מניות)",קופת גמל להשקעה,עד 25% מניות,קופת גמל להשקעה | עד 25% מניות,2018,-1.3925,12,57.9
gemel,7907,הפניקס גמל להשקעה עוקב מדדי מניות,קופת גמל להשקעה,מניות פאסיבי,קופת גמל להשקעה | מניות פאסיבי,2018,-5.2948,12,55.1
gemel,7908,הפניקס גמל להשקעה כללי,קופת גמל להשקעה,כללי/מעורב/גמיש/תלוי גיל,קופת גמל להשקעה | כללי/מעורב/גמיש/תלוי גיל,2018,-1.9988,12,251.8
gemel,7909,הפניקס גמל להשקעה עוקב מדדים - גמיש,קופת גמל להשקעה,כללי/מעורב/גמיש/תלוי גיל,קופת גמל להשקעה | כללי/מעורב/גמיש/תלוי גיל,2018,-2.8988,12,29.1
gemel,7931,מגדל גמל להשקעה כספי (שקלי),קופת גמל להשקעה,כספי,קופת גמל להשקעה | כספי,2018,0.02,12,1.3
gemel,7932,"מגדל גמל להשקעה אג""ח ממשלות",קופת גמל להשקעה,"אג""ח ללא מניות","קופת גמל להשקעה | אג""ח ללא מניות",2018,-0.7641,12,5.7
gemel,7933,"מגדל גמל להשקעה חו""ל",קופת גמל להשקעה,כללי/מעורב/גמיש/תלוי גיל,קופת גמל להשקעה | כללי/מעורב/גמיש/תלוי גיל,2018,3.4176,12,3.3
gemel,7934,מגדל גמל להשקעה מניות,קופת גמל להשקעה,מניות אקטיבי,קופת גמל להשקעה | מניות אקטיבי,2018,-3.7166,12,31.7
gemel,7935,"מגדל גמל להשקעה מסלול אשראי ואג""ח עם מניות (עד 25% מניות)",קופת גמל להשקעה,עד 25% מניות,קופת גמל להשקעה | עד 25% מניות,2018,-0.862,12,29.2
gemel,7936,מגדל גמל להשקעה כללי,קופת גמל להשקעה,כללי/מעורב/גמיש/תלוי גיל,קופת גמל להשקעה | כללי/מעורב/גמיש/תלוי גיל,2018,-1.166,12,123.1
gemel,7937,מגדל גמל להשקעה הלכה,קופת גמל להשקעה,כללי/מעורב/גמיש/תלוי גיל,קופת גמל להשקעה | כללי/מעורב/גמיש/תלוי גיל,2018,-1.664,12,12.7
gemel,7957,"מור גמל להשקעה מסלול מחקה מדד ת""א 35",קופת גמל להשקעה,מניות פאסיבי,קופת גמל להשקעה | מניות פאסיבי,2018,-2.598,12,6.9
gemel,7958,מור גמל להשקעה - עוקב מדד S&P500,קופת גמל להשקעה,מניות פאסיבי,קופת גמל להשקעה | מניות פאסיבי,2018,1.458,12,18.7
gemel,7960,מור גמל להשקעה מסלול מחקה מדד תל בונד 20,קופת גמל להשקעה,"אג""ח ללא מניות","קופת גמל להשקעה | אג""ח ללא מניות",2018,-1.1685,12,1.7
gemel,7961,"מור גמל להשקעה מסלול מחקה מדד אג""ח ממשלתי, צמודות מדד ממשלתי לטווח 5-10 שנים",קופת גמל להשקעה,"אג""ח ללא מניות","קופת גמל להשקעה | אג""ח ללא מניות",2018,-1.5161,12,2.4
gemel,7962,"מור גמל להשקעה מסלול מחקה מדד אג""ח ממשלתי, לא צמודות בריבית קבועה",קופת גמל להשקעה,"אג""ח ללא מניות","קופת גמל להשקעה | אג""ח ללא מניות",2018,-1.5218,12,2.2
gemel,7963,מור גמל להשקעה - כספי (שקלי),קופת גמל להשקעה,כספי,קופת גמל להשקעה | כספי,2018,0.0,12,2.0
gemel,7973,הלמן-אלדובי קופת גמל להשקעה כללי,קופת גמל להשקעה,כללי/מעורב/גמיש/תלוי גיל,קופת גמל להשקעה | כללי/מעורב/גמיש/תלוי גיל,2018,-0.533,12,36.6
gemel,7974,הלמן-אלדובי קופת גמל להשקעה פאסיבי - כללי,קופת גמל להשקעה,כללי/מעורב/גמיש/תלוי גיל,קופת גמל להשקעה | כללי/מעורב/גמיש/תלוי גיל,2018,-1.758,12,35.8
gemel,7975,הפניקס גמל להשקעה מניות,קופת גמל להשקעה,מניות אקטיבי,קופת גמל להשקעה | מניות אקטיבי,2018,-1.9454,12,14.5
gemel,7976,הלמן-אלדובי קופת גמל להשקעה פאסיבי - מדדי מניות,קופת גמל להשקעה,מניות פאסיבי,קופת גמל להשקעה | מניות פאסיבי,2018,-2.3974,12,28.2
gemel,7977,"הלמן-אלדובי קופת גמל להשקעה פאסיבי - מדדי אג""ח עד 10% במדדי מניות",קופת גמל להשקעה,עד 25% מניות,קופת גמל להשקעה | עד 25% מניות,2018,-1.6419,12,20.6
gemel,7978,מיטב גמל להשקעה כללי,קופת גמל להשקעה,כללי/מעורב/גמיש/תלוי גיל,קופת גמל להשקעה | כללי/מעורב/גמיש/תלוי גיל,2018,-1.072,12,208.0
gemel,7979,מיטב גמל להשקעה עוקב מדדים גמיש,קופת גמל להשקעה,כללי/מעורב/גמיש/תלוי גיל,קופת גמל להשקעה | כללי/מעורב/גמיש/תלוי גיל,2018,-1.8939,12,3.5
gemel,7980,"מיטב גמל להשקעה אשראי ואג""ח עם מניות (עד 25% במניות)",קופת גמל להשקעה,עד 25% מניות,קופת גמל להשקעה | עד 25% מניות,2018,-1.1266,12,27.6
gemel,7981,מיטב גמל להשקעה מסלול אג''ח עד 10% מניות,קופת גמל להשקעה,עד 25% מניות,קופת גמל להשקעה | עד 25% מניות,2018,-0.7025,12,13.3
gemel,7986,"אנליסט מסלולית - קופת גמל להשקעה אשראי ואג""ח עד 25% מניות",קופת גמל להשקעה,עד 25% מניות,קופת גמל להשקעה | עד 25% מניות,2018,-1.4413,12,26.5
gemel,7988,כלל גמל לעתיד כללי,קופת גמל להשקעה,כללי/מעורב/גמיש/תלוי גיל,קופת גמל להשקעה | כללי/מעורב/גמיש/תלוי גיל,2018,-1.4415,12,152.9
gemel,7989,"כלל גמל לעתיד אשראי ואג""ח",קופת גמל להשקעה,"אג""ח ללא מניות","קופת גמל להשקעה | אג""ח ללא מניות",2018,-0.7537,12,3.5
gemel,7990,"כלל גמל לעתיד - קופת גמל להשקעה אג""ח ממשלתי",קופת גמל להשקעה,"אג""ח ללא מניות","קופת גמל להשקעה | אג""ח ללא מניות",2018,-0.4155,12,1.7
gemel,7991,כלל גמל לעתיד מניות,קופת גמל להשקעה,מניות אקטיבי,קופת גמל להשקעה | מניות אקטיבי,2018,-4.9581,12,27.1
gemel,7992,"כלל גמל לעתיד אשרי ואג""ח עם מניות(עד 25% מניות)",קופת גמל להשקעה,עד 25% מניות,קופת גמל להשקעה | עד 25% מניות,2018,-1.1783,12,46.2
gemel,7993,כלל גמל לעתיד כספי(שקלי),קופת גמל להשקעה,כספי,קופת גמל להשקעה | כספי,2018,-0.07,12,0.8
gemel,7994,כלל גמל לעתיד הלכה,קופת גמל להשקעה,כללי/מעורב/גמיש/תלוי גיל,קופת גמל להשקעה | כללי/מעורב/גמיש/תלוי גיל,2018,-2.607,12,6.2
gemel,7998,הלמן-אלדובי להשקעה כללי,קופת גמל להשקעה,כללי/מעורב/גמיש/תלוי גיל,קופת גמל להשקעה | כללי/מעורב/גמיש/תלוי גיל,2018,-1.8295,12,53.2
gemel,7999,הלמן-אלדובי להשקעה פאסיבי-כללי,קופת גמל להשקעה,כללי/מעורב/גמיש/תלוי גיל,קופת גמל להשקעה | כללי/מעורב/גמיש/תלוי גיל,2018,-1.5941,12,7.0
gemel,8003,הלמן-אלדובי להשקעה מניות,קופת גמל להשקעה,מניות אקטיבי,קופת גמל להשקעה | מניות אקטיבי,2018,-4.8132,12,4.4
gemel,8004,הפניקס גמל להשקעה שריעה,קופת גמל להשקעה,כללי/מעורב/גמיש/תלוי גיל,קופת גמל להשקעה | כללי/מעורב/גמיש/תלוי גיל,2018,0.3195,12,0.4
gemel,8012,"מגדל לתגמולים ולפיצויים מסלול אשראי ואג""ח",תגמולים ואישית לפיצויים,"אג""ח ללא מניות","תגמולים ואישית לפיצויים | אג""ח ללא מניות",2018,-0.8018,12,124.8
gemel,8057,"הראל גמל מסלול- חו""ל",תגמולים ואישית לפיצויים,כללי/מעורב/גמיש/תלוי גיל,תגמולים ואישית לפיצויים | כללי/מעורב/גמיש/תלוי גיל,2018,-0.4461,12,16.8
gemel,8058,"הראל השתלמות אג""ח קונצרני",קרנות השתלמות,"אג""ח ללא מניות","קרנות השתלמות | אג""ח ללא מניות",2018,-3.1334,12,11.8
gemel,811,אנליסט מסלולית קופת גמל ישראל,תגמולים ואישית לפיצויים,כללי/מעורב/גמיש/תלוי גיל,תגמולים ואישית לפיצויים | כללי/מעורב/גמיש/תלוי גיל,2018,-2.3382,12,918.1
gemel,8128,"אנליסט מסלולית קופת גמל - אג""ח עד 10% מניות",תגמולים ואישית לפיצויים,עד 25% מניות,תגמולים ואישית לפיצויים | עד 25% מניות,2018,-1.9324,12,51.4
gemel,8129,"אנליסט קרן השתלמות אג""ח עד 10% מניות",קרנות השתלמות,עד 25% מניות,קרנות השתלמות | עד 25% מניות,2018,-1.7445,12,61.6
gemel,813,"אנליסט גמל אשראי ואג""ח",תגמולים ואישית לפיצויים,"אג""ח ללא מניות","תגמולים ואישית לפיצויים | אג""ח ללא מניות",2018,-3.2445,12,96.8
gemel,814,אנליסט גמל מניות,תגמולים ואישית לפיצויים,מניות אקטיבי,תגמולים ואישית לפיצויים | מניות אקטיבי,2018,-4.2733,12,130.9
gemel,815,אנליסט גמל כספי (שקלי),תגמולים ואישית לפיצויים,כספי,תגמולים ואישית לפיצויים | כספי,2018,0.19,12,48.1
gemel,817,אנליסט גמל מניות סחיר,תגמולים ואישית לפיצויים,מניות אקטיבי,תגמולים ואישית לפיצויים | מניות אקטיבי,2018,2.3763,12,58.9
gemel,818,אנליסט גמל משולב סחיר,תגמולים ואישית לפיצויים,כללי/מעורב/גמיש/תלוי גיל,תגמולים ואישית לפיצויים | כללי/מעורב/גמיש/תלוי גיל,2018,5.2649,12,17.5
gemel,8211,הראל גמל להשקעה כללי,קופת גמל להשקעה,כללי/מעורב/גמיש/תלוי גיל,קופת גמל להשקעה | כללי/מעורב/גמיש/תלוי גיל,2018,-2.3105,12,165.7
gemel,828,מנורה מבטחים השתלמות מסלול כללי,קרנות השתלמות,כללי/מעורב/גמיש/תלוי גיל,קרנות השתלמות | כללי/מעורב/גמיש/תלוי גיל,2018,-1.1185,12,5080.1
gemel,835,פסגות גדיש אגח צמוד מדד,תגמולים ואישית לפיצויים,"אג""ח ללא מניות","תגמולים ואישית לפיצויים | אג""ח ללא מניות",2018,-0.9157,12,334.4
gemel,8520,"הראל גמל להשקעה אג""ח עד 10% מניות",קופת גמל להשקעה,עד 25% מניות,קופת גמל להשקעה | עד 25% מניות,2018,-1.5438,12,20.3
gemel,8521,"הראל גמל להשקעה אשראי ואג""ח עם מניות (עד 25% מניות)",קופת גמל להשקעה,עד 25% מניות,קופת גמל להשקעה | עד 25% מניות,2018,-1.4718,12,44.0
gemel,8522,הראל גמל להשקעה מניות,קופת גמל להשקעה,מניות אקטיבי,קופת גמל להשקעה | מניות אקטיבי,2018,-6.5569,12,27.6
gemel,8523,הראל גמל להשקעה הלכה,קופת גמל להשקעה,כללי/מעורב/גמיש/תלוי גיל,קופת גמל להשקעה | כללי/מעורב/גמיש/תלוי גיל,2018,-0.1101,12,3.6
gemel,8563,ילין לפידות קרן השתלמות מסלול מניות,קרנות השתלמות,מניות אקטיבי,קרנות השתלמות | מניות אקטיבי,2018,-3.263,12,1208.1
gemel,858,מגדל לתגמולים ולפיצויים מסלול כספי (שקלי),תגמולים ואישית לפיצויים,כספי,תגמולים ואישית לפיצויים | כספי,2018,0.1501,12,33.4
gemel,859,"מגדל לתגמולים ולפיצויים מסלול אג""ח ממשלות",תגמולים ואישית לפיצויים,"אג""ח ללא מניות","תגמולים ואישית לפיצויים | אג""ח ללא מניות",2018,-0.6747,12,104.2
gemel,860,מגדל לתגמולים ולפיצויים מסלול צמוד מדד,תגמולים ואישית לפיצויים,"אג""ח ללא מניות","תגמולים ואישית לפיצויים | אג""ח ללא מניות",2018,0.1574,3,0.0
gemel,862,"מגדל לתגמולים ולפיצויים מסלול חו""ל",תגמולים ואישית לפיצויים,כללי/מעורב/גמיש/תלוי גיל,תגמולים ואישית לפיצויים | כללי/מעורב/גמיש/תלוי גיל,2018,3.2118,12,2.8
gemel,8624,הפניקס גמל פאסיבי לבני 60 ומעלה,תגמולים ואישית לפיצויים,כללי/מעורב/גמיש/תלוי גיל,תגמולים ואישית לפיצויים | כללי/מעורב/גמיש/תלוי גיל,2018,-2.591,12,232.2
gemel,8626,אקסלנס גמל פאסיבי- מדדי מניות,תגמולים ואישית לפיצויים,מניות פאסיבי,תגמולים ואישית לפיצויים | מניות פאסיבי,2018,-5.4291,12,216.1
gemel,8628,"אקסלנס השתלמות פאסיבי-מדדי אג""ח עד 25% במדדי מניות",קרנות השתלמות,עד 25% מניות,קרנות השתלמות | עד 25% מניות,2018,-2.1601,12,123.9
gemel,8629,הפניקס השתלמות עוקב מדדים גמיש,קרנות השתלמות,כללי/מעורב/גמיש/תלוי גיל,קרנות השתלמות | כללי/מעורב/גמיש/תלוי גיל,2018,-2.8004,12,552.9
gemel,863,מגדל לתגמולים ולפיצויים מסלול מניות,תגמולים ואישית לפיצויים,מניות אקטיבי,תגמולים ואישית לפיצויים | מניות אקטיבי,2018,-4.041,12,60.8
gemel,8630,אקסלנס השתלמות פאסיבי-מדדי מניות,קרנות השתלמות,מניות פאסיבי,קרנות השתלמות | מניות פאסיבי,2018,-5.4964,12,174.1
gemel,864,מגדל השתלמות מסלול כספי (שקלי),קרנות השתלמות,כספי,קרנות השתלמות | כספי,2018,0.1601,12,155.5
gemel,865,"מגדל השתלמות מסלול אג""ח ממשלות",קרנות השתלמות,"אג""ח ללא מניות","קרנות השתלמות | אג""ח ללא מניות",2018,-0.7343,12,279.0
gemel,8675,מנורה מבטחים גמל להשקעה כללי,קופת גמל להשקעה,כללי/מעורב/גמיש/תלוי גיל,קופת גמל להשקעה | כללי/מעורב/גמיש/תלוי גיל,2018,-1.8226,12,387.3
gemel,8678,"מנורה מבטחים גמל להשקעה מסלול אשראי ואג""ח עם מניות (עד 25% מניות)",קופת גמל להשקעה,עד 25% מניות,קופת גמל להשקעה | עד 25% מניות,2018,-0.4625,12,18.0
gemel,8679,"אנליסט קרן השתלמות - אשראי ואג""ח עד 25% מניות",קרנות השתלמות,עד 25% מניות,קרנות השתלמות | עד 25% מניות,2018,-1.5919,12,170.6
gemel,868,"מגדל השתלמות מסלול חו""ל",קרנות השתלמות,כללי/מעורב/גמיש/תלוי גיל,קרנות השתלמות | כללי/מעורב/גמיש/תלוי גיל,2018,3.1505,12,14.6
gemel,8683,מנורה מבטחים גמל להשקעה עוקב מדדי מניות,קופת גמל להשקעה,מניות פאסיבי,קופת גמל להשקעה | מניות פאסיבי,2018,-4.3782,12,43.1
gemel,8684,"מנורה מבטחים גמל להשקעה עוקב מדדים - אג""ח עם מניות (עד 25% מניות)",קופת גמל להשקעה,עד 25% מניות,קופת גמל להשקעה | עד 25% מניות,2018,-1.5601,12,28.7
gemel,869,מגדל השתלמות מסלול מניות,קרנות השתלמות,מניות אקטיבי,קרנות השתלמות | מניות אקטיבי,2018,-4.7653,12,189.8
gemel,8693,מנורה מבטחים גמל להשקעה כספי (שיקלי),קופת גמל להשקעה,כספי,קופת גמל להשקעה | כספי,2018,0.05,12,5.6
gemel,8695,"אלפא מור תגמולים - מסלול עוקב מדד ""מניות תל אביב 35""",תגמולים ואישית לפיצויים,מניות פאסיבי,תגמולים ואישית לפיצויים | מניות פאסיבי,2018,-2.872,12,1.1
gemel,8696,"אלפא מור תגמולים - מסלול עוקב מדד ""מדדיות ממשלתיות לטווח של 5-10 שנים""",תגמולים ואישית לפיצויים,"אג""ח ללא מניות","תגמולים ואישית לפיצויים | אג""ח ללא מניות",2018,-1.2598,12,1.6
gemel,8697,"אלפא מור תגמולים - מסלול עוקב מדד ""שקליות ריבית קבועה ממשלתיות""",תגמולים ואישית לפיצויים,"אג""ח ללא מניות","תגמולים ואישית לפיצויים | אג""ח ללא מניות",2018,-1.4716,12,0.5
gemel,8698,"אלפא מור תגמולים - מסלול עוקב מדד ""תל בונד 20""",תגמולים ואישית לפיצויים,"אג""ח ללא מניות","תגמולים ואישית לפיצויים | אג""ח ללא מניות",2018,-1.0792,12,0.9
gemel,8699,"אלפא מור קופת גמל לחיסכון, קופת גמל לתגמולים וקופת גמל אישית לפיצויים - כספי (שקלי)",תגמולים ואישית לפיצויים,כספי,תגמולים ואישית לפיצויים | כספי,2018,0.0,12,0.9
gemel,8701,"מור השתלמות -מסלול עוקב מדד ""מניות תל אביב 35""",קרנות השתלמות,מניות פאסיבי,קרנות השתלמות | מניות פאסיבי,2018,-1.9797,12,2.2
gemel,8702,"מור השתלמות - מסלול עוקב מדד ""מדדיות ממשלתיות לטווח של 5-10 שנים""",קרנות השתלמות,"אג""ח ללא מניות","קרנות השתלמות | אג""ח ללא מניות",2018,-1.3677,12,0.5
gemel,8703,"מור השתלמות - מסלול עוקב מדד ""שקליות ריבית קבועה ממשלתיות""",קרנות השתלמות,"אג""ח ללא מניות","קרנות השתלמות | אג""ח ללא מניות",2018,-1.4127,12,0.5
gemel,8704,"מור השתלמות - מסלול עוקב מדד ""תל בונד 20""",קרנות השתלמות,"אג""ח ללא מניות","קרנות השתלמות | אג""ח ללא מניות",2018,-0.9594,12,0.5
gemel,8705,מור קרן השתלמות לשכירים ולעצמאים - כספי (שקלי),קרנות השתלמות,כספי,קרנות השתלמות | כספי,2018,0.0,12,0.4
gemel,8716,מנורה מבטחים גמל להשקעה מסלול הלכה,קופת גמל להשקעה,כללי/מעורב/גמיש/תלוי גיל,קופת גמל להשקעה | כללי/מעורב/גמיש/תלוי גיל,2018,-1.8386,12,10.1
gemel,874,"מיטב גמל אג""ח עד 25% מניות",תגמולים ואישית לפיצויים,עד 25% מניות,תגמולים ואישית לפיצויים | עד 25% מניות,2018,-1.2841,12,4057.2
gemel,875,"מיטב דש גמל אג""ח צמוד מדד",תגמולים ואישית לפיצויים,"אג""ח ללא מניות","תגמולים ואישית לפיצויים | אג""ח ללא מניות",2018,-0.4693,12,159.5
gemel,876,מיטב גמל כספי (שקלי),תגמולים ואישית לפיצויים,כספי,תגמולים ואישית לפיצויים | כספי,2018,-0.4613,12,190.0
gemel,877,מיטב גמל מניות,תגמולים ואישית לפיצויים,מניות אקטיבי,תגמולים ואישית לפיצויים | מניות אקטיבי,2018,-5.8574,12,304.3
gemel,8779,אנליסט קרן השתלמות משולב סחיר,קרנות השתלמות,כללי/מעורב/גמיש/תלוי גיל,קרנות השתלמות | כללי/מעורב/גמיש/תלוי גיל,2018,4.4673,12,6.0
gemel,880,מיטב השתלמות כללי,קרנות השתלמות,כללי/מעורב/גמיש/תלוי גיל,קרנות השתלמות | כללי/מעורב/גמיש/תלוי גיל,2018,-1.0558,12,7807.1
gemel,881,"מיטב השתלמות אג""ח צמוד מדד",קרנות השתלמות,"אג""ח ללא מניות","קרנות השתלמות | אג""ח ללא מניות",2018,-0.4698,12,187.8
gemel,883,מיטב השתלמות מניות,קרנות השתלמות,מניות אקטיבי,קרנות השתלמות | מניות אקטיבי,2018,-5.6986,12,480.1
gemel,8885,"מיטב השתלמות אשראי ואג""ח עם מניות (עד 25% מניות)",קרנות השתלמות,עד 25% מניות,קרנות השתלמות | עד 25% מניות,2018,-1.6919,12,36.6
gemel,9113,מור חיסכון לילד - הלכה,קופת גמל להשקעה - חסכון לילד,כללי/מעורב/גמיש/תלוי גיל,קופת גמל להשקעה - חסכון לילד | כללי/מעורב/גמיש/תלוי גיל,2018,0.0,12,19.8
gemel,923,מיטב בטחון,תגמולים ואישית לפיצויים,כללי/מעורב/גמיש/תלוי גיל,תגמולים ואישית לפיצויים | כללי/מעורב/גמיש/תלוי גיל,2018,-1.446,12,18.9
gemel,9303,מור חיסכון לילד - שריעה,קופת גמל להשקעה - חסכון לילד,כללי/מעורב/גמיש/תלוי גיל,קופת גמל להשקעה - חסכון לילד | כללי/מעורב/גמיש/תלוי גיל,2018,0.0,12,6.1
gemel,9414,מור חיסכון לילד - חוסכים המעדיפים סיכון בינוני,קופת גמל להשקעה - חסכון לילד,כללי/מעורב/גמיש/תלוי גיל,קופת גמל להשקעה - חסכון לילד | כללי/מעורב/גמיש/תלוי גיל,2018,-0.8709,12,6.4
gemel,9420,מור חיסכון לילד - חוסכים המעדיפים סיכון מוגבר,קופת גמל להשקעה - חסכון לילד,מניות אקטיבי,קופת גמל להשקעה - חסכון לילד | מניות אקטיבי,2018,-0.7108,12,41.5
gemel,9421,מור חיסכון לילד - חוסכים המעדיפים סיכון מועט,קופת גמל להשקעה - חסכון לילד,עד 25% מניות,קופת גמל להשקעה - חסכון לילד | עד 25% מניות,2018,-1.016,12,115.5
gemel,9451,מור קרן השתלמות לשכירים ולעצמאים - עוקב מדד S&P 500,קרנות השתלמות,מניות פאסיבי,קרנות השתלמות | מניות פאסיבי,2018,1.328,12,7.3
gemel,9452,"אלפא מור קופת גמל לחיסכון, קופת גמל לתגמולים וקופת גמל אישית לפיצויים - עוקב מדד S&P 500",תגמולים ואישית לפיצויים,מניות פאסיבי,תגמולים ואישית לפיצויים | מניות פאסיבי,2018,1.555,12,3.5
gemel,948,מיטב גמל שקלי טווח קצר,תגמולים ואישית לפיצויים,כספי,תגמולים ואישית לפיצויים | כספי,2018,0.1,12,74.5
gemel,9528,הפניקס השתלמות הלכה,קרנות השתלמות,כללי/מעורב/גמיש/תלוי גיל,קרנות השתלמות | כללי/מעורב/גמיש/תלוי גיל,2018,-1.3038,12,33.9
gemel,9529,הפניקס גמל מסלול לבני 50 עד 60,תגמולים ואישית לפיצויים,כללי/מעורב/גמיש/תלוי גיל,תגמולים ואישית לפיצויים | כללי/מעורב/גמיש/תלוי גיל,2018,-2.3714,12,740.4
gemel,9555,הראל חיסכון לילד - הלכה,קופת גמל להשקעה - חסכון לילד,כללי/מעורב/גמיש/תלוי גיל,קופת גמל להשקעה - חסכון לילד | כללי/מעורב/גמיש/תלוי גיל,2018,-1.6653,12,118.9
gemel,961,הפניקס גמל מסלול מניות,תגמולים ואישית לפיצויים,מניות אקטיבי,תגמולים ואישית לפיצויים | מניות אקטיבי,2018,-5.403,12,148.7
gemel,962,אנליסט השתלמות כללי,קרנות השתלמות,כללי/מעורב/גמיש/תלוי גיל,קרנות השתלמות | כללי/מעורב/גמיש/תלוי גיל,2018,-1.8368,12,3361.3
gemel,963,אנליסט השתלמות מניות,קרנות השתלמות,מניות אקטיבי,קרנות השתלמות | מניות אקטיבי,2018,-4.3314,12,191.4
gemel,9638,אינפיניטי גמל להשקעה כללי,קופת גמל להשקעה,כללי/מעורב/גמיש/תלוי גיל,קופת גמל להשקעה | כללי/מעורב/גמיש/תלוי גיל,2018,-6.8565,12,20.8
gemel,9639,"אינפיניטי גמל להשקעה אשראי ואג""ח עם מניות (עד 25% מניות)",קופת גמל להשקעה,עד 25% מניות,קופת גמל להשקעה | עד 25% מניות,2018,-3.0024,12,11.9
gemel,964,הפניקס השתלמות כללי,קרנות השתלמות,כללי/מעורב/גמיש/תלוי גיל,קרנות השתלמות | כללי/מעורב/גמיש/תלוי גיל,2018,-1.2003,12,3233.8
gemel,9651,כלל תמר עד 50,תגמולים ואישית לפיצויים,כללי/מעורב/גמיש/תלוי גיל,תגמולים ואישית לפיצויים | כללי/מעורב/גמיש/תלוי גיל,2018,-1.9604,12,650.1
gemel,9652,כלל תמר 50-60,תגמולים ואישית לפיצויים,כללי/מעורב/גמיש/תלוי גיל,תגמולים ואישית לפיצויים | כללי/מעורב/גמיש/תלוי גיל,2018,-1.7354,12,741.2
gemel,9653,כלל תמר 60 ומעלה,תגמולים ואישית לפיצויים,כללי/מעורב/גמיש/תלוי גיל,תגמולים ואישית לפיצויים | כללי/מעורב/גמיש/תלוי גיל,2018,-1.1682,12,1205.5
gemel,9662,"מנורה מבטחים השתלמות מסלול אשראי ואג""ח עם מניות (עד 25% מניות)",קרנות השתלמות,עד 25% מניות,קרנות השתלמות | עד 25% מניות,2018,-1.0967,12,126.9
gemel,9676,מור השתלמות קרן השתלמות לשכירים ולעצמאים מעורב מחקה מדדים,קרנות השתלמות,כללי/מעורב/גמיש/תלוי גיל,קרנות השתלמות | כללי/מעורב/גמיש/תלוי גיל,2018,-1.9217,12,1.8
gemel,9677,אלפא מור קופת גמל לתגמולים ואישית לפיצויים וקופת גמל לא משלמת לקצבה מעורב מחקה מדדים,תגמולים ואישית לפיצויים,כללי/מעורב/גמיש/תלוי גיל,תגמולים ואישית לפיצויים | כללי/מעורב/גמיש/תלוי גיל,2018,-2.2445,12,1.7
gemel,968,הפניקס השתלמות מניות,קרנות השתלמות,מניות אקטיבי,קרנות השתלמות | מניות אקטיבי,2018,-5.3035,12,224.8
gemel,972,"אנליסט השתלמות אשראי ואג""ח",קרנות השתלמות,"אג""ח ללא מניות","קרנות השתלמות | אג""ח ללא מניות",2018,-3.4115,12,118.5
gemel,973,"אנליסט השתלמות אג""ח ממשלות",קרנות השתלמות,"אג""ח ללא מניות","קרנות השתלמות | אג""ח ללא מניות",2018,-1.4843,12,56.9
gemel,9730,אנליסט מסלולית קופת גמל - מסלול לבני 50 ומטה,תגמולים ואישית לפיצויים,כללי/מעורב/גמיש/תלוי גיל,תגמולים ואישית לפיצויים | כללי/מעורב/גמיש/תלוי גיל,2018,-2.4823,12,598.9
gemel,9731,אנליסט מסלולית קופת גמל - מסלול לבני 50-60,תגמולים ואישית לפיצויים,כללי/מעורב/גמיש/תלוי גיל,תגמולים ואישית לפיצויים | כללי/מעורב/גמיש/תלוי גיל,2018,-2.154,12,503.6
gemel,9732,אנליסט מסלולית קופת גמל - מסלול לבני 60 ומעלה,תגמולים ואישית לפיצויים,כללי/מעורב/גמיש/תלוי גיל,תגמולים ואישית לפיצויים | כללי/מעורב/גמיש/תלוי גיל,2018,-1.7411,12,222.8
gemel,9742,הראל גמל מסלול לגילאי 50 עד 60_x000D_,תגמולים ואישית לפיצויים,כללי/מעורב/גמיש/תלוי גיל,תגמולים ואישית לפיצויים | כללי/מעורב/גמיש/תלוי גיל,2018,-1.7291,12,2636.1
gemel,9744,הראל גמל מסלול לגילאי 50 ומטה_x000D_,תגמולים ואישית לפיצויים,כללי/מעורב/גמיש/תלוי גיל,תגמולים ואישית לפיצויים | כללי/מעורב/גמיש/תלוי גיל,2018,-2.9821,12,726.1
gemel,9745,הראל גמל מסלול לגילאי 60 ומעלה_x000D_,תגמולים ואישית לפיצויים,כללי/מעורב/גמיש/תלוי גיל,תגמולים ואישית לפיצויים | כללי/מעורב/גמיש/תלוי גיל,2018,-0.6716,12,1513.0
gemel,9779,מגדל לתגמולים ולפיצויים מסלול לבני 50 ומטה,תגמולים ואישית לפיצויים,כללי/מעורב/גמיש/תלוי גיל,תגמולים ואישית לפיצויים | כללי/מעורב/גמיש/תלוי גיל,2018,-1.808,12,456.4
gemel,9780,מגדל לתגמולים ולפיצויים מסלול לבני 50 עד 60,תגמולים ואישית לפיצויים,כללי/מעורב/גמיש/תלוי גיל,תגמולים ואישית לפיצויים | כללי/מעורב/גמיש/תלוי גיל,2018,-1.876,12,412.2
gemel,9781,מגדל לתגמולים ולפיצויים מסלול לבני 60 ומעלה,תגמולים ואישית לפיצויים,כללי/מעורב/גמיש/תלוי גיל,תגמולים ואישית לפיצויים | כללי/מעורב/גמיש/תלוי גיל,2018,-1.04,12,317.7
gemel,9792,מנורה מבטחים תגמולים ופיצויים מסלול לבני 50 עד 60,תגמולים ואישית לפיצויים,כללי/מעורב/גמיש/תלוי גיל,תגמולים ואישית לפיצויים | כללי/מעורב/גמיש/תלוי גיל,2018,-0.4382,12,3992.2
gemel,9793,מנורה מבטחים תגמולים ופיצויים מסלול לבני 50 ומטה,תגמולים ואישית לפיצויים,כללי/מעורב/גמיש/תלוי גיל,תגמולים ואישית לפיצויים | כללי/מעורב/גמיש/תלוי גיל,2018,-2.5128,12,539.1
gemel,9794,מנורה מבטחים תגמולים ופיצויים מסלול לבני 60 ומעלה,תגמולים ואישית לפיצויים,כללי/מעורב/גמיש/תלוי גיל,תגמולים ואישית לפיצויים | כללי/מעורב/גמיש/תלוי גיל,2018,-1.4,12,414.8
gemel,9795,מנורה מבטחים תגמולים ופיצויים מסלול הלכה,תגמולים ואישית לפיצויים,כללי/מעורב/גמיש/תלוי גיל,תגמולים ואישית לפיצויים | כללי/מעורב/גמיש/תלוי גיל,2018,-1.8383,12,12.6
gemel,9808,אי.בי.אי. לתגמולים ופיצויים מסלול לבני 50 עד 60,תגמולים ואישית לפיצויים,כללי/מעורב/גמיש/תלוי גיל,תגמולים ואישית לפיצויים | כללי/מעורב/גמיש/תלוי גיל,2018,-0.7992,12,588.5
gemel,9809,אי.בי.אי. לתגמולים ופיצויים מסלול לבני 50 ומטה,תגמולים ואישית לפיצויים,כללי/מעורב/גמיש/תלוי גיל,תגמולים ואישית לפיצויים | כללי/מעורב/גמיש/תלוי גיל,2018,-0.9959,12,97.7
gemel,9810,אי.בי.אי. לתגמולים ופיצויים מסלול לבני 60 ומעלה,תגמולים ואישית לפיצויים,כללי/מעורב/גמיש/תלוי גיל,תגמולים ואישית לפיצויים | כללי/מעורב/גמיש/תלוי גיל,2018,-0.3813,12,323.5
gemel,9869,הלמן-אלדובי השתלמות פאסיבי -כללי,קרנות השתלמות,כללי/מעורב/גמיש/תלוי גיל,קרנות השתלמות | כללי/מעורב/גמיש/תלוי גיל,2018,-1.6317,12,101.6
gemel,9870,"הלמן-אלדובי השתלמות חו""ל",קרנות השתלמות,כללי/מעורב/גמיש/תלוי גיל,קרנות השתלמות | כללי/מעורב/גמיש/תלוי גיל,2018,3.3272,12,9.4
gemel,9871,הלמן-אלדובי השתלמות ישראל,קרנות השתלמות,כללי/מעורב/גמיש/תלוי גיל,קרנות השתלמות | כללי/מעורב/גמיש/תלוי גיל,2018,-1.2096,12,35.0
gemel,9877,הלמן-אלדובי גמל מסלול לבני 50 ומטה,תגמולים ואישית לפיצויים,כללי/מעורב/גמיש/תלוי גיל,תגמולים ואישית לפיצויים | כללי/מעורב/גמיש/תלוי גיל,2018,-1.1198,12,405.3
gemel,9878,הלמן-אלדובי גמל מסלול לבני 50 עד 60,תגמולים ואישית לפיצויים,כללי/מעורב/גמיש/תלוי גיל,תגמולים ואישית לפיצויים | כללי/מעורב/גמיש/תלוי גיל,2018,-0.5728,12,339.5
gemel,9879,הלמן-אלדובי גמל מסלול לבני 60 ומעלה,תגמולים ואישית לפיצויים,כללי/מעורב/גמיש/תלוי גיל,תגמולים ואישית לפיצויים | כללי/מעורב/גמיש/תלוי גיל,2018,-0.4811,12,764.3
gemel,9880,"הלמן-אלדובי בר-יציב חו""ל",תגמולים ואישית לפיצויים,כללי/מעורב/גמיש/תלוי גיל,תגמולים ואישית לפיצויים | כללי/מעורב/גמיש/תלוי גיל,2018,3.466,12,32.4
gemel,9889,פסגות גדיש לבני 50 ומטה,תגמולים ואישית לפיצויים,כללי/מעורב/גמיש/תלוי גיל,תגמולים ואישית לפיצויים | כללי/מעורב/גמיש/תלוי גיל,2018,-2.8649,12,1104.4
gemel,989,אלטשולר שחם עוקב מדדי מניות,תגמולים ואישית לפיצויים,מניות פאסיבי,תגמולים ואישית לפיצויים | מניות פאסיבי,2018,-5.4812,12,60.8
gemel,9890,פסגות גדיש לבני 50-60,תגמולים ואישית לפיצויים,כללי/מעורב/גמיש/תלוי גיל,תגמולים ואישית לפיצויים | כללי/מעורב/גמיש/תלוי גיל,2018,-0.7239,12,25428.5
gemel,9891,פסגות גדיש לבני 60 ומעלה,תגמולים ואישית לפיצויים,כללי/מעורב/גמיש/תלוי גיל,תגמולים ואישית לפיצויים | כללי/מעורב/גמיש/תלוי גיל,2018,-1.1666,12,1324.7
gemel,9895,מגדל חסכון לילד - הלכה,קופת גמל להשקעה - חסכון לילד,כללי/מעורב/גמיש/תלוי גיל,קופת גמל להשקעה - חסכון לילד | כללי/מעורב/גמיש/תלוי גיל,2018,-1.5839,12,29.6
gemel,9896,מגדל חסכון לילד - חוסכים המעדיפים סיכון מועט,קופת גמל להשקעה - חסכון לילד,עד 25% מניות,קופת גמל להשקעה - חסכון לילד | עד 25% מניות,2018,-1.2604,12,130.1
gemel,9897,מגדל חסכון לילד - חוסכים המעדיפים סיכון בינוני,קופת גמל להשקעה - חסכון לילד,כללי/מעורב/גמיש/תלוי גיל,קופת גמל להשקעה - חסכון לילד | כללי/מעורב/גמיש/תלוי גיל,2018,-1.1708,12,31.2
gemel,9898,מגדל חסכון לילד - חוסכים המעדיפים סיכון מוגבר,קופת גמל להשקעה - חסכון לילד,מניות אקטיבי,קופת גמל להשקעה - חסכון לילד | מניות אקטיבי,2018,-2.491,12,19.8
gemel,9905,הפניקס גמל פאסיבי לבני 50 ומטה,תגמולים ואישית לפיצויים,כללי/מעורב/גמיש/תלוי גיל,תגמולים ואישית לפיצויים | כללי/מעורב/גמיש/תלוי גיל,2018,-3.4208,12,25.4
gemel,9906,הפניקס גמל כספי (שיקלי),תגמולים ואישית לפיצויים,כספי,תגמולים ואישית לפיצויים | כספי,2018,0.09,12,61.3
gemel,9916,הפניקס גמל לבני 50 ומטה,תגמולים ואישית לפיצויים,כללי/מעורב/גמיש/תלוי גיל,תגמולים ואישית לפיצויים | כללי/מעורב/גמיש/תלוי גיל,2018,-1.3977,12,4568.6
gemel,9917,הפניקס גמל פאסיבי לבני 50 עד 60,תגמולים ואישית לפיצויים,כללי/מעורב/גמיש/תלוי גיל,תגמולים ואישית לפיצויים | כללי/מעורב/גמיש/תלוי גיל,2018,-2.8666,12,600.3
gemel,9939,ילין לפידות קופת גמל מסלול לבני 50 ומטה,תגמולים ואישית לפיצויים,כללי/מעורב/גמיש/תלוי גיל,תגמולים ואישית לפיצויים | כללי/מעורב/גמיש/תלוי גיל,2018,-0.5829,12,1086.3
gemel,9940,ילין לפידות קופת גמל מסלול לבני 50 עד 60,תגמולים ואישית לפיצויים,כללי/מעורב/גמיש/תלוי גיל,תגמולים ואישית לפיצויים | כללי/מעורב/גמיש/תלוי גיל,2018,-0.6157,12,6584.0
gemel,9941,ילין לפידות קופת גמל מסלול לבני 60 ומעלה,תגמולים ואישית לפיצויים,כללי/מעורב/גמיש/תלוי גיל,תגמולים ואישית לפיצויים | כללי/מעורב/גמיש/תלוי גיל,2018,1.0935,12,798.2
gemel,9950,אלטשולר שחם גמל לבני 50 ומטה,תגמולים ואישית לפיצויים,כללי/מעורב/גמיש/תלוי גיל,תגמולים ואישית לפיצויים | כללי/מעורב/גמיש/תלוי גיל,2018,-2.554,12,3916.5
gemel,9951,אלטשולר שחם גמל לבני 50 עד 60,תגמולים ואישית לפיצויים,כללי/מעורב/גמיש/תלוי גיל,תגמולים ואישית לפיצויים | כללי/מעורב/גמיש/תלוי גיל,2018,-1.6471,12,18441.5
gemel,9952,אלטשולר שחם גמל לבני 60 ומעלה,תגמולים ואישית לפיצויים,כללי/מעורב/גמיש/תלוי גיל,תגמולים ואישית לפיצויים | כללי/מעורב/גמיש/תלוי גיל,2018,-1.0214,12,7059.1
gemel,101,"הראל אג""ח עד 25% מניות",תגמולים ואישית לפיצויים,עד 25% מניות,תגמולים ואישית לפיצויים | עד 25% מניות,2019,9.3233,12,10569.4
gemel,103,מיטב גמל לבני 50 עד 60,תגמולים ואישית לפיצויים,כללי/מעורב/גמיש/תלוי גיל,תגמולים ואישית לפיצויים | כללי/מעורב/גמיש/תלוי גיל,2019,11.7036,12,7228.2
gemel,1034,הראל השתלמות משולב סחיר,קרנות השתלמות,כללי/מעורב/גמיש/תלוי גיל,קרנות השתלמות | כללי/מעורב/גמיש/תלוי גיל,2019,8.9173,12,47.3
gemel,1035,"ילין לפידות קופת גמל מסלול אג""ח עד 25% מניות",תגמולים ואישית לפיצויים,עד 25% מניות,תגמולים ואישית לפיצויים | עד 25% מניות,2019,8.9036,12,5094.5
gemel,1036,ילין לפידות קופת גמל מסלול מניות,תגמולים ואישית לפיצויים,מניות אקטיבי,תגמולים ואישית לפיצויים | מניות אקטיבי,2019,21.7234,12,1462.6
gemel,1037,"ילין לפידות קופת גמל מסלול אשראי ואג""ח",תגמולים ואישית לפיצויים,"אג""ח ללא מניות","תגמולים ואישית לפיצויים | אג""ח ללא מניות",2019,4.8636,12,432.4
gemel,1038,"ילין לפידות קרן השתלמות מסלול אג""ח עם מניות (עד 25% מניות)",קרנות השתלמות,עד 25% מניות,קרנות השתלמות | עד 25% מניות,2019,8.9695,12,6185.5
gemel,1059,פסגות שיא השתלמות פאסיבי- כללי,קרנות השתלמות,כללי/מעורב/גמיש/תלוי גיל,קרנות השתלמות | כללי/מעורב/גמיש/תלוי גיל,2019,11.9821,12,31.7
gemel,107,"הלמן-אלדובי גמל אג""ח עד 25% במניות",תגמולים ואישית לפיצויים,עד 25% מניות,תגמולים ואישית לפיצויים | עד 25% מניות,2019,8.7146,12,985.2
gemel,1078,"אינפיניטי גמל אשראי ואג""ח",תגמולים ואישית לפיצויים,"אג""ח ללא מניות","תגמולים ואישית לפיצויים | אג""ח ללא מניות",2019,6.4693,12,177.0
gemel,1079,אינפיניטי גמל מניות בישראל,תגמולים ואישית לפיצויים,מניות אקטיבי,תגמולים ואישית לפיצויים | מניות אקטיבי,2019,22.3306,12,46.1
gemel,1083,אינפיניטי השתלמות כללי,קרנות השתלמות,כללי/מעורב/גמיש/תלוי גיל,קרנות השתלמות | כללי/מעורב/גמיש/תלוי גיל,2019,4.9749,4,0.0
gemel,1084,"אינפיניטי השתלמות אשראי ואג""ח",קרנות השתלמות,"אג""ח ללא מניות","קרנות השתלמות | אג""ח ללא מניות",2019,6.8192,12,221.7
gemel,1085,אינפיניטי השתלמות מניות בישראל,קרנות השתלמות,מניות אקטיבי,קרנות השתלמות | מניות אקטיבי,2019,22.1325,12,55.6
gemel,1093,אלטשולר שחם השתלמות כללי,קרנות השתלמות,כללי/מעורב/גמיש/תלוי גיל,קרנות השתלמות | כללי/מעורב/גמיש/תלוי גיל,2019,15.2593,12,38880.3
gemel,1100,"הפניקס השתלמות אשראי ואג""ח עם מניות (עד 25% מניות)",קרנות השתלמות,עד 25% מניות,קרנות השתלמות | עד 25% מניות,2019,9.7197,12,2794.0
gemel,1110,"מנורה מבטחים השתלמות מסלול אג""ח קונצרני",קרנות השתלמות,"אג""ח ללא מניות","קרנות השתלמות | אג""ח ללא מניות",2019,7.428,12,82.4
gemel,1114,מנורה מבטחים השתלמות כספי (שקלי),קרנות השתלמות,כספי,קרנות השתלמות | כספי,2019,0.3606,12,56.2
gemel,11310,הפניקס חיסכון לילד - חוסכים המעדיפים סיכון מועט,קופת גמל להשקעה - חסכון לילד,עד 25% מניות,קופת גמל להשקעה - חסכון לילד | עד 25% מניות,2019,8.9474,12,199.8
gemel,11311,הפניקס חיסכון לילד - חוסכים המעדיפים סיכון מוגבר,קופת גמל להשקעה - חסכון לילד,מניות אקטיבי,קופת גמל להשקעה - חסכון לילד | מניות אקטיבי,2019,21.0411,12,37.9
gemel,11312,הפניקס חיסכון לילד - חוסכים המעדיפים סיכון בינוני,קופת גמל להשקעה - חסכון לילד,כללי/מעורב/גמיש/תלוי גיל,קופת גמל להשקעה - חסכון לילד | כללי/מעורב/גמיש/תלוי גיל,2019,13.9904,12,37.1
gemel,11320,מנורה מבטחים חסכון לכל ילד מסלול הלכה,קופת גמל להשקעה - חסכון לילד,כללי/מעורב/גמיש/תלוי גיל,קופת גמל להשקעה - חסכון לילד | כללי/מעורב/גמיש/תלוי גיל,2019,10.4764,12,46.6
gemel,11321,מנורה מבטחים חסכון לכל ילד - מסלול חוסכים המעדיפים סיכון מועט,קופת גמל להשקעה - חסכון לילד,עד 25% מניות,קופת גמל להשקעה - חסכון לילד | עד 25% מניות,2019,7.4724,12,225.6
gemel,11322,מנורה מבטחים חסכון לכל ילד - מסלול חוסכים המעדיפים סיכון בינוני,קופת גמל להשקעה - חסכון לילד,כללי/מעורב/גמיש/תלוי גיל,קופת גמל להשקעה - חסכון לילד | כללי/מעורב/גמיש/תלוי גיל,2019,11.3008,12,65.0
gemel,11323,מנורה מבטחים חסכון לכל ילד - מסלול חוסכים המעדיפים סיכון מוגבר,קופת גמל להשקעה - חסכון לילד,מניות אקטיבי,קופת גמל להשקעה - חסכון לילד | מניות אקטיבי,2019,23.6191,12,49.2
gemel,11325,אלטשולר שחם חיסכון לילד לחוסכים המעדיפים סיכון מועט,קופת גמל להשקעה - חסכון לילד,עד 25% מניות,קופת גמל להשקעה - חסכון לילד | עד 25% מניות,2019,12.1142,12,395.9
gemel,11326,אלטשולר שחם חיסכון לילד לחוסכים המעדיפים סיכון בינוני,קופת גמל להשקעה - חסכון לילד,כללי/מעורב/גמיש/תלוי גיל,קופת גמל להשקעה - חסכון לילד | כללי/מעורב/גמיש/תלוי גיל,2019,14.8922,12,830.8
gemel,11327,אלטשולר שחם חיסכון לילד לחוסכים המעדיפים סיכון מוגבר,קופת גמל להשקעה - חסכון לילד,מניות אקטיבי,קופת גמל להשקעה - חסכון לילד | מניות אקטיבי,2019,25.6587,12,1982.5
gemel,11328,אלטשולר שחם חיסכון לילד הלכה,קופת גמל להשקעה - חסכון לילד,כללי/מעורב/גמיש/תלוי גיל,קופת גמל להשקעה - חסכון לילד | כללי/מעורב/גמיש/תלוי גיל,2019,14.1535,12,330.4
gemel,11335,הפניקס חיסכון לילד - הלכה,קופת גמל להשקעה - חסכון לילד,כללי/מעורב/גמיש/תלוי גיל,קופת גמל להשקעה - חסכון לילד | כללי/מעורב/גמיש/תלוי גיל,2019,11.0918,12,13.4
gemel,11343,סלייס גמל חסכון לילד - חוסכים המעדיפים סיכון מועט,קופת גמל להשקעה - חסכון לילד,עד 25% מניות,קופת גמל להשקעה - חסכון לילד | עד 25% מניות,2019,10.8226,12,188.6
gemel,11344,סלייס גמל חסכון לילד - חוסכים המעדיפים סיכון בינוני,קופת גמל להשקעה - חסכון לילד,כללי/מעורב/גמיש/תלוי גיל,קופת גמל להשקעה - חסכון לילד | כללי/מעורב/גמיש/תלוי גיל,2019,10.7153,12,1.3
gemel,11345,סלייס גמל חסכון לילד - חוסכים המעדיפים סיכון מוגבר,קופת גמל להשקעה - חסכון לילד,מניות אקטיבי,קופת גמל להשקעה - חסכון לילד | מניות אקטיבי,2019,18.206,12,1.4
gemel,11352,הפניקס חיסכון לילד- שריעה,קופת גמל להשקעה - חסכון לילד,כללי/מעורב/גמיש/תלוי גיל,קופת גמל להשקעה - חסכון לילד | כללי/מעורב/גמיש/תלוי גיל,2019,-0.3407,12,26.9
gemel,11353,הלמן-אלדובי חיסכון לילד- הלכה,קופת גמל להשקעה - חסכון לילד,כללי/מעורב/גמיש/תלוי גיל,קופת גמל להשקעה - חסכון לילד | כללי/מעורב/גמיש/תלוי גיל,2019,9.9255,12,7.3
gemel,11354,הלמן-אלדובי חיסכון לילד- חוסכים המעדיפים סיכון מועט,קופת גמל להשקעה - חסכון לילד,עד 25% מניות,קופת גמל להשקעה - חסכון לילד | עד 25% מניות,2019,6.9018,12,194.4
gemel,11355,הלמן-אלדובי חיסכון לילד- חוסכים המעדיפים סיכון בינוני,קופת גמל להשקעה - חסכון לילד,כללי/מעורב/גמיש/תלוי גיל,קופת גמל להשקעה - חסכון לילד | כללי/מעורב/גמיש/תלוי גיל,2019,9.7399,12,32.8
gemel,11356,הלמן-אלדובי חיסכון לילד- חוסכים המעדיפים סיכון מוגבר,קופת גמל להשקעה - חסכון לילד,מניות אקטיבי,קופת גמל להשקעה - חסכון לילד | מניות אקטיבי,2019,21.1063,12,28.8
gemel,11365,אנליסט מסלולית - קופת גמל להשקעה לחיסכון ארוך טווח לילד - מסלול לחוסכים המעדיפים סיכון מועט,קופת גמל להשקעה - חסכון לילד,עד 25% מניות,קופת גמל להשקעה - חסכון לילד | עד 25% מניות,2019,9.8392,12,192.8
gemel,11366,אנליסט מסלולית - קופת גמל להשקעה לחיסכון ארוך טווח לילד - מסלול לחוסכים המעדיפים סיכון בינוני,קופת גמל להשקעה - חסכון לילד,כללי/מעורב/גמיש/תלוי גיל,קופת גמל להשקעה - חסכון לילד | כללי/מעורב/גמיש/תלוי גיל,2019,16.2816,12,67.1
gemel,11367,אנליסט מסלולית - קופת גמל להשקעה לחיסכון ארוך טווח לילד - מסלול לחוסכים המעדיפים סיכון מוגבר,קופת גמל להשקעה - חסכון לילד,מניות אקטיבי,קופת גמל להשקעה - חסכון לילד | מניות אקטיבי,2019,29.9568,12,70.1
gemel,11372,אינפיניטי חיסכון לילד - חוסכים המעדיפים סיכון בינוני,קופת גמל להשקעה - חסכון לילד,כללי/מעורב/גמיש/תלוי גיל,קופת גמל להשקעה - חסכון לילד | כללי/מעורב/גמיש/תלוי גיל,2019,12.9913,12,5.8
gemel,11373,אינפיניטי חיסכון לילד - חוסכים המעדיפים סיכון מוגבר,קופת גמל להשקעה - חסכון לילד,מניות אקטיבי,קופת גמל להשקעה - חסכון לילד | מניות אקטיבי,2019,18.9937,12,11.0
gemel,11374,אינפיניטי חיסכון לילד - חוסכים המעדיפים סיכון מועט,קופת גמל להשקעה - חסכון לילד,עד 25% מניות,קופת גמל להשקעה - חסכון לילד | עד 25% מניות,2019,8.5776,12,185.6
gemel,11375,הראל חיסכון לילד - חוסכים המעדיפים סיכון מועט,קופת גמל להשקעה - חסכון לילד,עד 25% מניות,קופת גמל להשקעה - חסכון לילד | עד 25% מניות,2019,7.0373,12,280.3
gemel,11376,הראל חיסכון לילד - חוסכים המעדיפים סיכון בינוני,קופת גמל להשקעה - חסכון לילד,כללי/מעורב/גמיש/תלוי גיל,קופת גמל להשקעה - חסכון לילד | כללי/מעורב/גמיש/תלוי גיל,2019,11.5298,12,135.0
gemel,11377,הראל חיסכון לילד - חוסכים המעדיפים סיכון מוגבר,קופת גמל להשקעה - חסכון לילד,מניות אקטיבי,קופת גמל להשקעה - חסכון לילד | מניות אקטיבי,2019,21.279,12,125.0
gemel,11380,פסגות חיסכון לילד - חוסכים המעדיפים סיכון מועט,קופת גמל להשקעה - חסכון לילד,עד 25% מניות,קופת גמל להשקעה - חסכון לילד | עד 25% מניות,2019,7.7929,12,222.3
gemel,11381,פסגות חיסכון לילד - חוסכים המעדיפים סיכון בינוני,קופת גמל להשקעה - חסכון לילד,כללי/מעורב/גמיש/תלוי גיל,קופת גמל להשקעה - חסכון לילד | כללי/מעורב/גמיש/תלוי גיל,2019,12.1612,12,64.7
gemel,11382,פסגות חיסכון לילד - חוסכים המעדיפים סיכון מוגבר,קופת גמל להשקעה - חסכון לילד,מניות אקטיבי,קופת גמל להשקעה - חסכון לילד | מניות אקטיבי,2019,21.2185,12,141.3
gemel,11383,פסגות חיסכון לילד - הלכה,קופת גמל להשקעה - חסכון לילד,כללי/מעורב/גמיש/תלוי גיל,קופת גמל להשקעה - חסכון לילד | כללי/מעורב/גמיש/תלוי גיל,2019,11.1697,12,785.0
gemel,11385,מיטב קופת גמל להשקעה לחיסכון ארוך טווח לילד אחר חיסכון לכל ילד - חוסכים המעדיפים סיכון מועט,קופת גמל להשקעה - חסכון לילד,עד 25% מניות,קופת גמל להשקעה - חסכון לילד | עד 25% מניות,2019,8.988,12,219.1
gemel,11386,מיטב קופת גמל להשקעה לחיסכון ארוך טווח לילד אחר חיסכון לכל ילד - חוסכים המעדיפים סיכון בינוני,קופת גמל להשקעה - חסכון לילד,כללי/מעורב/גמיש/תלוי גיל,קופת גמל להשקעה - חסכון לילד | כללי/מעורב/גמיש/תלוי גיל,2019,11.924,12,104.5
gemel,11387,מיטב קופת גמל להשקעה לחיסכון ארוך טווח לילד אחר חיסכון לכל ילד - חוסכים המעדיפים סיכון מוגבר,קופת גמל להשקעה - חסכון לילד,מניות אקטיבי,קופת גמל להשקעה - חסכון לילד | מניות אקטיבי,2019,20.8857,12,68.1
gemel,11388,מיטב קופת גמל להשקעה לחיסכון ארוך טווח לילד הלכה,קופת גמל להשקעה - חסכון לילד,כללי/מעורב/גמיש/תלוי גיל,קופת גמל להשקעה - חסכון לילד | כללי/מעורב/גמיש/תלוי גיל,2019,11.1656,12,130.8
gemel,11390,ילין לפידות קופת גמל להשקעה מסלול כללי,קופת גמל להשקעה,כללי/מעורב/גמיש/תלוי גיל,קופת גמל להשקעה | כללי/מעורב/גמיש/תלוי גיל,2019,12.2601,12,505.7
gemel,11391,"ילין לפידות קופת גמל להשקעה מסלול אשראי ואג""ח",קופת גמל להשקעה,"אג""ח ללא מניות","קופת גמל להשקעה | אג""ח ללא מניות",2019,7.0103,12,35.6
gemel,11392,"ילין לפידות קופת גמל להשקעה מסלול אשראי ואג""ח עם מניות (עד 25% מניות)",קופת גמל להשקעה,עד 25% מניות,קופת גמל להשקעה | עד 25% מניות,2019,8.8308,12,102.7
gemel,11393,"ילין לפידות קופת גמל להשקעה מסלול אג""ח ממשלות",קופת גמל להשקעה,"אג""ח ללא מניות","קופת גמל להשקעה | אג""ח ללא מניות",2019,3.1439,12,6.4
gemel,11394,ילין לפידות קופת גמל להשקעה מסלול מניות,קופת גמל להשקעה,מניות אקטיבי,קופת גמל להשקעה | מניות אקטיבי,2019,23.4427,12,266.5
gemel,11407,אינפיניטי גמל להשקעה מניות,קופת גמל להשקעה,מניות אקטיבי,קופת גמל להשקעה | מניות אקטיבי,2019,22.1625,12,13.2
gemel,11408,מנורה מבטחים השתלמות עוקב מדדים גמיש,קרנות השתלמות,כללי/מעורב/גמיש/תלוי גיל,קרנות השתלמות | כללי/מעורב/גמיש/תלוי גיל,2019,11.4179,12,19.6
gemel,11409,"מנורה מבטחים השתלמות עוקב מדדים - אג""ח עם מניות (עד 25% מניות)",קרנות השתלמות,עד 25% מניות,קרנות השתלמות | עד 25% מניות,2019,9.4323,12,7.8
gemel,11411,הלמן-אלדובי קופת גמל להשקעה מחקה מדד S&P500,קופת גמל להשקעה,מניות פאסיבי,קופת גמל להשקעה | מניות פאסיבי,2019,20.0113,12,129.6
gemel,1147,"מנורה מבטחים תגמולים ופיצויים אג""ח עד 10% מניות",תגמולים ואישית לפיצויים,עד 25% מניות,תגמולים ואישית לפיצויים | עד 25% מניות,2019,7.5257,12,1050.9
gemel,1149,"מנורה מבטחים השתלמות אג""ח עד 10% מניות",קרנות השתלמות,עד 25% מניות,קרנות השתלמות | עד 25% מניות,2019,7.472,12,1980.3
gemel,1156,מגדל לתגמולים ולפיצויים מסלול ביג כללי לפחות 30% מניות,תגמולים ואישית לפיצויים,כללי/מעורב/גמיש/תלוי גיל,תגמולים ואישית לפיצויים | כללי/מעורב/גמיש/תלוי גיל,2019,5.3177,3,0.0
gemel,1162,ילין לפידות קרן השתלמות מסלול כללי,קרנות השתלמות,כללי/מעורב/גמיש/תלוי גיל,קרנות השתלמות | כללי/מעורב/גמיש/תלוי גיל,2019,12.5634,12,15659.7
gemel,117,"כלל תמר אשראי ואג""ח",תגמולים ואישית לפיצויים,"אג""ח ללא מניות","תגמולים ואישית לפיצויים | אג""ח ללא מניות",2019,7.3288,12,855.6
gemel,1183,פסגות שיא השתלמות ישראל,קרנות השתלמות,כללי/מעורב/גמיש/תלוי גיל,קרנות השתלמות | כללי/מעורב/גמיש/תלוי גיל,2019,12.4989,12,2310.9
gemel,119,מנורה מבטחים יותר מסלול ד',תגמולים ואישית לפיצויים,כללי/מעורב/גמיש/תלוי גיל,תגמולים ואישית לפיצויים | כללי/מעורב/גמיש/תלוי גיל,2019,9.4595,12,1079.4
gemel,1190,"הפניקס השתלמות אג""ח עד 25% מניות",קרנות השתלמות,עד 25% מניות,קרנות השתלמות | עד 25% מניות,2019,9.9185,12,453.0
gemel,11914,אינפיניטי חיסכון לילד - הלכה,קופת גמל להשקעה - חסכון לילד,כללי/מעורב/גמיש/תלוי גיל,קופת גמל להשקעה - חסכון לילד | כללי/מעורב/גמיש/תלוי גיל,2019,16.1301,12,6.6
gemel,11926,סלייס השתלמות כללי,קרנות השתלמות,כללי/מעורב/גמיש/תלוי גיל,קרנות השתלמות | כללי/מעורב/גמיש/תלוי גיל,2019,5.4292,10,0.4
gemel,11928,"סלייס השתלמות אג""ח אג""ח",קרנות השתלמות,"אג""ח ללא מניות","קרנות השתלמות | אג""ח ללא מניות",2019,2.965,7,27.1
gemel,11942,"סלייס גמל קופת גמל לחסכון אג""ח אג""ח",תגמולים ואישית לפיצויים,"אג""ח ללא מניות","תגמולים ואישית לפיצויים | אג""ח ללא מניות",2019,3.0066,7,64.8
gemel,11957,"אינפיניטי השתלמות אשראי ואג""ח עם מניות (עד 25% מניות)",קרנות השתלמות,עד 25% מניות,קרנות השתלמות | עד 25% מניות,2019,9.8188,12,25.5
gemel,11979,סלייס גמל קופת גמל לחסכון מדרגות עד 50,תגמולים ואישית לפיצויים,כללי/מעורב/גמיש/תלוי גיל,תגמולים ואישית לפיצויים | כללי/מעורב/גמיש/תלוי גיל,2019,7.5022,12,2.7
gemel,1198,"הלמן-אלדובי גמל מסלול אג""ח ללא מניות",תגמולים ואישית לפיצויים,"אג""ח ללא מניות","תגמולים ואישית לפיצויים | אג""ח ללא מניות",2019,5.9951,12,507.1
gemel,1202,"הלמן-אלדובי קרן השתלמות מסלול אג""ח ללא מניות",קרנות השתלמות,"אג""ח ללא מניות","קרנות השתלמות | אג""ח ללא מניות",2019,6.5966,12,360.6
gemel,1203,"הלמן-אלדובי קרן השתלמות מסלול אג""ח עד 10% מניות",קרנות השתלמות,עד 25% מניות,קרנות השתלמות | עד 25% מניות,2019,7.958,12,458.9
gemel,1209,"אינפיניטי גמל אג""ח ממשלות",תגמולים ואישית לפיצויים,"אג""ח ללא מניות","תגמולים ואישית לפיצויים | אג""ח ללא מניות",2019,2.6898,12,28.7
gemel,1210,"אינפיניטי השתלמות אג""ח ממשלות",קרנות השתלמות,"אג""ח ללא מניות","קרנות השתלמות | אג""ח ללא מניות",2019,2.7821,12,25.1
gemel,1219,אלטשולר שחם קמה,תגמולים ואישית לפיצויים,כללי/מעורב/גמיש/תלוי גיל,תגמולים ואישית לפיצויים | כללי/מעורב/גמיש/תלוי גיל,2019,6.8705,12,213.0
gemel,12256,אלטשולר שחם השתלמות הלכה,קרנות השתלמות,כללי/מעורב/גמיש/תלוי גיל,קרנות השתלמות | כללי/מעורב/גמיש/תלוי גיל,2019,12.5024,12,30.4
gemel,12257,אלטשולר שחם חיסכון פלוס הלכה,קופת גמל להשקעה,כללי/מעורב/גמיש/תלוי גיל,קופת גמל להשקעה | כללי/מעורב/גמיש/תלוי גיל,2019,13.5199,12,34.0
gemel,124,כלל תמר מדד,תגמולים ואישית לפיצויים,"אג""ח ללא מניות","תגמולים ואישית לפיצויים | אג""ח ללא מניות",2019,7.4966,12,883.8
gemel,1240,"מיטב השתלמות אשראי ואג""ח",קרנות השתלמות,"אג""ח ללא מניות","קרנות השתלמות | אג""ח ללא מניות",2019,7.0656,12,519.9
gemel,12530,"ילין לפידות קרן השתלמות מסלול אג""ח עד 15% מניות",קרנות השתלמות,עד 25% מניות,קרנות השתלמות | עד 25% מניות,2019,7.9034,12,82.6
gemel,12531,"אלפא מור קופת גמל לחיסכון, קופת גמל לתגמולים וקופת גמל אישית לפיצויים - מניות",תגמולים ואישית לפיצויים,מניות אקטיבי,תגמולים ואישית לפיצויים | מניות אקטיבי,2019,52.0269,12,23.3
gemel,12532,"אלפא מור קופת גמל לחיסכון, קופת גמל לתגמולים וקופת גמל אישית לפיצויים - לבני 50 ומטה",תגמולים ואישית לפיצויים,כללי/מעורב/גמיש/תלוי גיל,תגמולים ואישית לפיצויים | כללי/מעורב/גמיש/תלוי גיל,2019,27.7053,12,23.1
gemel,12533,"אלפא מור קופת גמל לחיסכון, קופת גמל לתגמולים וקופת גמל אישית לפיצויים - לבני 50 עד 60",תגמולים ואישית לפיצויים,כללי/מעורב/גמיש/תלוי גיל,תגמולים ואישית לפיצויים | כללי/מעורב/גמיש/תלוי גיל,2019,24.6443,12,39.9
gemel,12534,"אלפא מור קופת גמל לחיסכון, קופת גמל לתגמולים וקופת גמל אישית לפיצויים - לבני 60 ומעלה",תגמולים ואישית לפיצויים,כללי/מעורב/גמיש/תלוי גיל,תגמולים ואישית לפיצויים | כללי/מעורב/גמיש/תלוי גיל,2019,20.2488,12,22.2
gemel,12535,מור קרן השתלמות לשכירים ולעצמאים - כללי,קרנות השתלמות,כללי/מעורב/גמיש/תלוי גיל,קרנות השתלמות | כללי/מעורב/גמיש/תלוי גיל,2019,22.0656,12,41.5
gemel,12536,מור קרן השתלמות לשכירים ולעצמאים - מניות,קרנות השתלמות,מניות אקטיבי,קרנות השתלמות | מניות אקטיבי,2019,50.6097,12,27.8
gemel,12537,מור גמל להשקעה - מניות,קופת גמל להשקעה,מניות אקטיבי,קופת גמל להשקעה | מניות אקטיבי,2019,49.4862,12,15.0
gemel,12538,מור גמל להשקעה - כללי,קופת גמל להשקעה,כללי/מעורב/גמיש/תלוי גיל,קופת גמל להשקעה | כללי/מעורב/גמיש/תלוי גיל,2019,21.3854,12,19.4
gemel,12540,אינפיניטי גמל להשקעה הלכה,קופת גמל להשקעה,כללי/מעורב/גמיש/תלוי גיל,קופת גמל להשקעה | כללי/מעורב/גמיש/תלוי גיל,2019,15.053,12,2.8
gemel,12541,"כלל תמר אג""ח עד 15% מניות",תגמולים ואישית לפיצויים,עד 25% מניות,תגמולים ואישית לפיצויים | עד 25% מניות,2019,4.2424,7,16.1
gemel,1256,מנורה מבטחים השתלמות מסלול מניות,קרנות השתלמות,מניות אקטיבי,קרנות השתלמות | מניות אקטיבי,2019,23.3147,12,177.7
gemel,12599,"כלל השתלמות אשראי ואג""ח עם מניות(עד 25% מניות)",קרנות השתלמות,עד 25% מניות,קרנות השתלמות | עד 25% מניות,2019,4.0049,7,19.5
gemel,127,כלל תמר מניות,תגמולים ואישית לפיצויים,מניות אקטיבי,תגמולים ואישית לפיצויים | מניות אקטיבי,2019,23.2402,12,325.4
gemel,128,כלל תמר כספי(שקלי),תגמולים ואישית לפיצויים,כספי,תגמולים ואישית לפיצויים | כספי,2019,0.4509,12,144.9
gemel,1290,אלטשולר שחם השתלמות כללי ב',קרנות השתלמות,כללי/מעורב/גמיש/תלוי גיל,קרנות השתלמות | כללי/מעורב/גמיש/תלוי גיל,2019,17.1257,12,1788.6
gemel,1319,"ילין לפידות קרן השתלמות מסלול אשראי ואג""ח",קרנות השתלמות,"אג""ח ללא מניות","קרנות השתלמות | אג""ח ללא מניות",2019,5.0821,12,362.7
gemel,132,הלמן-אלדובי השתלמות כללי,קרנות השתלמות,כללי/מעורב/גמיש/תלוי גיל,קרנות השתלמות | כללי/מעורב/גמיש/תלוי גיל,2019,11.8621,12,3392.2
gemel,1330,פסגות גדיש מניות,תגמולים ואישית לפיצויים,מניות אקטיבי,תגמולים ואישית לפיצויים | מניות אקטיבי,2019,21.0777,12,639.4
gemel,1331,פסגות גדיש אגח עד 10% מניות,תגמולים ואישית לפיצויים,עד 25% מניות,תגמולים ואישית לפיצויים | עד 25% מניות,2019,7.4119,12,2861.5
gemel,1332,"פסגות גדיש אג""ח",תגמולים ואישית לפיצויים,"אג""ח ללא מניות","תגמולים ואישית לפיצויים | אג""ח ללא מניות",2019,6.5111,12,605.8
gemel,1333,פסגות גדיש כספי,תגמולים ואישית לפיצויים,כספי,תגמולים ואישית לפיצויים | כספי,2019,0.2904,12,189.0
gemel,1334,הראל גמל כספי (שקלי),תגמולים ואישית לפיצויים,כספי,תגמולים ואישית לפיצויים | כספי,2019,0.3405,12,192.3
gemel,1335,"הראל גמל מסלול אשראי ואג""ח",תגמולים ואישית לפיצויים,"אג""ח ללא מניות","תגמולים ואישית לפיצויים | אג""ח ללא מניות",2019,5.9841,12,252.9
gemel,1343,מנורה מבטחים תגמולים ופיצויים מסלול כספי (שקלי),תגמולים ואישית לפיצויים,כספי,תגמולים ואישית לפיצויים | כספי,2019,0.3706,12,52.9
gemel,1344,"מנורה מבטחים תגמולים ופיצויים אג""ח ממשלת ישראל",תגמולים ואישית לפיצויים,"אג""ח ללא מניות","תגמולים ואישית לפיצויים | אג""ח ללא מניות",2019,5.8752,12,116.8
gemel,1348,"כלל השתלמות אשראי ואג""ח",קרנות השתלמות,"אג""ח ללא מניות","קרנות השתלמות | אג""ח ללא מניות",2019,7.3797,12,306.8
gemel,1350,כלל השתלמות מניות,קרנות השתלמות,מניות אקטיבי,קרנות השתלמות | מניות אקטיבי,2019,22.8326,12,258.4
gemel,1351,כלל השתלמות כספי(שקלי),קרנות השתלמות,כספי,קרנות השתלמות | כספי,2019,0.4509,12,135.5
gemel,1353,מיטב השתלמות מעל 6 שנות וותק,קרנות השתלמות,כללי/מעורב/גמיש/תלוי גיל,קרנות השתלמות | כללי/מעורב/גמיש/תלוי גיל,2019,9.1633,12,2353.2
gemel,1360,"ילין לפידות קופת גמל מסלול אג""ח ממשלות",תגמולים ואישית לפיצויים,"אג""ח ללא מניות","תגמולים ואישית לפיצויים | אג""ח ללא מניות",2019,3.8445,12,79.5
gemel,1361,"ילין לפידות קרן השתלמות מסלול אג""ח ממשלות",קרנות השתלמות,"אג""ח ללא מניות","קרנות השתלמות | אג""ח ללא מניות",2019,3.8033,12,121.4
gemel,1364,מנורה מבטחים תגמולים ופיצויים מסלול מניות,תגמולים ואישית לפיצויים,מניות אקטיבי,תגמולים ואישית לפיצויים | מניות אקטיבי,2019,23.2213,12,90.7
gemel,1368,הראל גמל מסלול שקלי,תגמולים ואישית לפיצויים,"אג""ח ללא מניות","תגמולים ואישית לפיצויים | אג""ח ללא מניות",2019,6.6768,12,148.0
gemel,1369,הראל השתלמות מסלול שקלי,קרנות השתלמות,"אג""ח ללא מניות","קרנות השתלמות | אג""ח ללא מניות",2019,4.9953,12,232.0
gemel,1370,מיטב השתלמות כספי (שקלי),קרנות השתלמות,כספי,קרנות השתלמות | כספי,2019,0.4509,12,87.8
gemel,1375,אלטשולר שחם גמל מניות,תגמולים ואישית לפיצויים,מניות אקטיבי,תגמולים ואישית לפיצויים | מניות אקטיבי,2019,26.0707,12,2153.6
gemel,1376,"אלטשולר שחם גמל אשראי ואג""ח",תגמולים ואישית לפיצויים,"אג""ח ללא מניות","תגמולים ואישית לפיצויים | אג""ח ללא מניות",2019,8.9115,12,370.9
gemel,1377,אלטשולר שחם השתלמות מניות,קרנות השתלמות,מניות אקטיבי,קרנות השתלמות | מניות אקטיבי,2019,25.6683,12,4349.3
gemel,1378,"אלטשולר שחם השתלמות אשראי ואג""ח",קרנות השתלמות,"אג""ח ללא מניות","קרנות השתלמות | אג""ח ללא מניות",2019,8.6525,12,402.7
gemel,1386,"מיטב גמל אג""ח ממשלות",תגמולים ואישית לפיצויים,"אג""ח ללא מניות","תגמולים ואישית לפיצויים | אג""ח ללא מניות",2019,6.7662,12,83.8
gemel,1387,"מיטב השתלמות אג""ח ממשלות",קרנות השתלמות,"אג""ח ללא מניות","קרנות השתלמות | אג""ח ללא מניות",2019,7.0636,12,255.3
gemel,1394,אלטשולר שחם גמל כספי (שקלי),תגמולים ואישית לפיצויים,כספי,תגמולים ואישית לפיצויים | כספי,2019,0.2503,12,78.8
gemel,1395,"אלטשולר שחם גמל אג""ח ממשלות",תגמולים ואישית לפיצויים,"אג""ח ללא מניות","תגמולים ואישית לפיצויים | אג""ח ללא מניות",2019,7.415,12,105.1
gemel,1398,אלטשולר שחם השתלמות כספי (שקלי),קרנות השתלמות,כספי,קרנות השתלמות | כספי,2019,0.3104,12,94.5
gemel,1399,"אלטשולר שחם השתלמות אג""ח ממשלות",קרנות השתלמות,"אג""ח ללא מניות","קרנות השתלמות | אג""ח ללא מניות",2019,7.7134,12,158.2
gemel,1408,"מנורה מבטחים השתלמות מסלול אג""ח ממשלת ישראל",קרנות השתלמות,"אג""ח ללא מניות","קרנות השתלמות | אג""ח ללא מניות",2019,5.8121,12,372.1
gemel,1409,מנורה מבטחים השתלמות מסלול מניות סחיר,קרנות השתלמות,מניות אקטיבי,קרנות השתלמות | מניות אקטיבי,2019,17.5234,12,69.3
gemel,1412,"אנליסט גמל אג""ח ממשלות",תגמולים ואישית לפיצויים,"אג""ח ללא מניות","תגמולים ואישית לפיצויים | אג""ח ללא מניות",2019,4.4229,12,21.1
gemel,1424,פסגות שיא השתלמות אגח עד 10% מניות,קרנות השתלמות,עד 25% מניות,קרנות השתלמות | עד 25% מניות,2019,7.4636,12,1082.9
gemel,1429,"פסגות שיא השתלמות אג""ח ממשלת ישראל",קרנות השתלמות,"אג""ח ללא מניות","קרנות השתלמות | אג""ח ללא מניות",2019,5.5505,12,162.8
gemel,1431,"פסגות גדיש אג""ח ממשלת ישראל",תגמולים ואישית לפיצויים,"אג""ח ללא מניות","תגמולים ואישית לפיצויים | אג""ח ללא מניות",2019,5.4562,12,255.1
gemel,1442,"הלמן-אלדובי גמל מסלול פאסיבי - מדדי אג""ח ממשלת ישראל",תגמולים ואישית לפיצויים,"אג""ח ללא מניות","תגמולים ואישית לפיצויים | אג""ח ללא מניות",2019,3.9827,12,117.3
gemel,1443,"הלמן-אלדובי קרן השתלמות מסלול פאסיבי - מדדי אג""ח ממשלת ישראל",קרנות השתלמות,"אג""ח ללא מניות","קרנות השתלמות | אג""ח ללא מניות",2019,4.057,12,62.2
gemel,1484,"הראל גמל מסלול אג""ח קונצרני",תגמולים ואישית לפיצויים,"אג""ח ללא מניות","תגמולים ואישית לפיצויים | אג""ח ללא מניות",2019,8.3747,12,48.7
gemel,1485,"הראל השתלמות אשראי ואג""ח",קרנות השתלמות,"אג""ח ללא מניות","קרנות השתלמות | אג""ח ללא מניות",2019,5.7513,12,108.2
gemel,1490,"אינפיניטי גמל אג""ח קונצרני",תגמולים ואישית לפיצויים,"אג""ח ללא מניות","תגמולים ואישית לפיצויים | אג""ח ללא מניות",2019,5.5153,12,13.6
gemel,1491,"אינפיניטי השתלמות אג""ח קונצרני",קרנות השתלמות,"אג""ח ללא מניות","קרנות השתלמות | אג""ח ללא מניות",2019,5.6201,12,20.1
gemel,1523,הראל השתלמות מסלול הלכה,קרנות השתלמות,כללי/מעורב/גמיש/תלוי גיל,קרנות השתלמות | כללי/מעורב/גמיש/תלוי גיל,2019,10.6951,12,181.1
gemel,1524,הראל גמל מסלול הלכה,תגמולים ואישית לפיצויים,כללי/מעורב/גמיש/תלוי גיל,תגמולים ואישית לפיצויים | כללי/מעורב/גמיש/תלוי גיל,2019,10.3668,12,79.8
gemel,1533,כלל תמר מסלול הלכתי (הוד),תגמולים ואישית לפיצויים,כללי/מעורב/גמיש/תלוי גיל,תגמולים ואישית לפיצויים | כללי/מעורב/גמיש/תלוי גיל,2019,11.1249,12,69.1
gemel,1534,כלל השתלמות הלכה,קרנות השתלמות,כללי/מעורב/גמיש/תלוי גיל,קרנות השתלמות | כללי/מעורב/גמיש/תלוי גיל,2019,11.3397,12,137.5
gemel,1535,אנליסט השתלמות כספי (שקלי),קרנות השתלמות,כספי,קרנות השתלמות | כספי,2019,0.5412,12,27.9
gemel,1536,אינפיניטי גמל מניות,תגמולים ואישית לפיצויים,מניות אקטיבי,תגמולים ואישית לפיצויים | מניות אקטיבי,2019,16.6455,12,45.4
gemel,1537,אינפיניטי השתלמות מניות,קרנות השתלמות,מניות אקטיבי,קרנות השתלמות | מניות אקטיבי,2019,16.8971,12,59.3
gemel,154,הראל השתלמות כללי,קרנות השתלמות,כללי/מעורב/גמיש/תלוי גיל,קרנות השתלמות | כללי/מעורב/גמיש/תלוי גיל,2019,11.1939,12,8193.4
gemel,1543,"הלמן-אלדובי גמל מסלול מדדי מניות חו""ל (פאסיבי)",תגמולים ואישית לפיצויים,מניות פאסיבי,תגמולים ואישית לפיצויים | מניות פאסיבי,2019,17.1879,12,102.8
gemel,1544,"הלמן-אלדובי קרן השתלמות מסלול פאסיבי - מדדי מניות חו""ל",קרנות השתלמות,מניות פאסיבי,קרנות השתלמות | מניות פאסיבי,2019,17.0698,12,100.0
gemel,1689,מיטב גמל עוקב מדדי מניות,תגמולים ואישית לפיצויים,מניות פאסיבי,תגמולים ואישית לפיצויים | מניות פאסיבי,2019,19.6923,12,39.4
gemel,1692,"מיטב גמל עוקב מדדי אג""ח",תגמולים ואישית לפיצויים,"אג""ח ללא מניות","תגמולים ואישית לפיצויים | אג""ח ללא מניות",2019,10.8717,12,60.4
gemel,1861,מנורה מבטחים השתלמות מסלול לטווח ארוך,קרנות השתלמות,כללי/מעורב/גמיש/תלוי גיל,קרנות השתלמות | כללי/מעורב/גמיש/תלוי גיל,2019,14.2204,12,4.7
gemel,199,"מגדל השתלמות מסלול אשראי ואג""ח",קרנות השתלמות,"אג""ח ללא מניות","קרנות השתלמות | אג""ח ללא מניות",2019,7.6802,12,251.4
gemel,2017,אלטשולר שחם גמל הלכה,תגמולים ואישית לפיצויים,כללי/מעורב/גמיש/תלוי גיל,תגמולים ואישית לפיצויים | כללי/מעורב/גמיש/תלוי גיל,2019,10.5349,12,160.8
gemel,2018,פסגות שיא השתלמות הלכה,קרנות השתלמות,כללי/מעורב/גמיש/תלוי גיל,קרנות השתלמות | כללי/מעורב/גמיש/תלוי גיל,2019,10.0655,12,158.7
gemel,2048,מגדל השתלמות מסלול הלכה,קרנות השתלמות,כללי/מעורב/גמיש/תלוי גיל,קרנות השתלמות | כללי/מעורב/גמיש/תלוי גיל,2019,10.9691,12,140.1
gemel,2049,הפניקס גמל שריעה,תגמולים ואישית לפיצויים,כללי/מעורב/גמיש/תלוי גיל,תגמולים ואישית לפיצויים | כללי/מעורב/גמיש/תלוי גיל,2019,-0.5633,12,8.4
gemel,205,"פסגות גדיש חו""ל",תגמולים ואישית לפיצויים,כללי/מעורב/גמיש/תלוי גיל,תגמולים ואישית לפיצויים | כללי/מעורב/גמיש/תלוי גיל,2019,7.8291,12,129.6
gemel,2051,"מיטב דש גמל חו""ל",תגמולים ואישית לפיצויים,כללי/מעורב/גמיש/תלוי גיל,תגמולים ואישית לפיצויים | כללי/מעורב/גמיש/תלוי גיל,2019,4.927,12,9.2
gemel,2055,"מיטב דש השתלמות חו""ל",קרנות השתלמות,כללי/מעורב/גמיש/תלוי גיל,קרנות השתלמות | כללי/מעורב/גמיש/תלוי גיל,2019,5.4287,12,14.4
gemel,2058,הפניקס השתלמות שריעה,קרנות השתלמות,כללי/מעורב/גמיש/תלוי גיל,קרנות השתלמות | כללי/מעורב/גמיש/תלוי גיל,2019,-0.5317,12,14.7
gemel,2089,"אקסלנס גמל אג""ח עד 20% מניות",תגמולים ואישית לפיצויים,עד 25% מניות,תגמולים ואישית לפיצויים | עד 25% מניות,2019,9.9414,12,172.9
gemel,211,"הפניקס גמל אג""ח עד 15% מניות",תגמולים ואישית לפיצויים,עד 25% מניות,תגמולים ואישית לפיצויים | עד 25% מניות,2019,9.7101,12,2167.3
gemel,2115,"כלל השתלמות אג""ח",קרנות השתלמות,"אג""ח ללא מניות","קרנות השתלמות | אג""ח ללא מניות",2019,7.0102,12,151.6
gemel,223,"מיטב גמל אשראי ואג""ח",תגמולים ואישית לפיצויים,"אג""ח ללא מניות","תגמולים ואישית לפיצויים | אג""ח ללא מניות",2019,7.0767,12,789.0
gemel,2244,"פסגות שיא השתלמות חו""ל",קרנות השתלמות,כללי/מעורב/גמיש/תלוי גיל,קרנות השתלמות | כללי/מעורב/גמיש/תלוי גיל,2019,7.6397,12,51.0
gemel,2252,"אינפיניטי השתלמות אג""ח עד 15% מניות",קרנות השתלמות,עד 25% מניות,קרנות השתלמות | עד 25% מניות,2019,8.5957,12,12.8
gemel,2254,אינפיניטי השתלמות משולב סחיר,קרנות השתלמות,כללי/מעורב/גמיש/תלוי גיל,קרנות השתלמות | כללי/מעורב/גמיש/תלוי גיל,2019,15.448,12,8.8
gemel,2255,"הלמן-אלדובי גמל מחקה מדד ת""א 35",תגמולים ואישית לפיצויים,מניות פאסיבי,תגמולים ואישית לפיצויים | מניות פאסיבי,2019,15.0589,12,40.5
gemel,2256,הלמן-אלדובי גמל מחקה מדד S&P500,תגמולים ואישית לפיצויים,מניות פאסיבי,תגמולים ואישית לפיצויים | מניות פאסיבי,2019,20.5891,12,643.4
gemel,2263,הלמן-אלדובי גמל פאסיבי משולב עד 25% מניות,תגמולים ואישית לפיצויים,עד 25% מניות,תגמולים ואישית לפיצויים | עד 25% מניות,2019,10.502,12,125.1
gemel,2264,"הלמן-אלדובי השתלמות מחקה מדד ת""א 35",קרנות השתלמות,מניות פאסיבי,קרנות השתלמות | מניות פאסיבי,2019,14.6758,12,46.5
gemel,2265,הלמן-אלדובי השתלמות מחקה מדד S&P500,קרנות השתלמות,מניות פאסיבי,קרנות השתלמות | מניות פאסיבי,2019,20.3061,12,653.3
gemel,2271,הלמן-אלדובי השתלמות פאסיבי משולב עד 25% מניות,קרנות השתלמות,עד 25% מניות,קרנות השתלמות | עד 25% מניות,2019,10.4804,12,103.7
gemel,253,"כלל תמר אג""ח עד 25% מניות",תגמולים ואישית לפיצויים,עד 25% מניות,תגמולים ואישית לפיצויים | עד 25% מניות,2019,10.5451,12,11808.5
gemel,257,הלמן-אלדובי גמל ישראל,תגמולים ואישית לפיצויים,כללי/מעורב/גמיש/תלוי גיל,תגמולים ואישית לפיצויים | כללי/מעורב/גמיש/תלוי גיל,2019,12.0301,12,3123.6
gemel,259,הלמן-אלדובי גמל כללי (לשעבר קופת פקידי מרכנתיל דיסקונט),תגמולים ואישית לפיצויים,כללי/מעורב/גמיש/תלוי גיל,תגמולים ואישית לפיצויים | כללי/מעורב/גמיש/תלוי גיל,2019,10.0881,12,193.8
gemel,260,מנורה מבטחים אמיר כללי,תגמולים ואישית לפיצויים,כללי/מעורב/גמיש/תלוי גיל,תגמולים ואישית לפיצויים | כללי/מעורב/גמיש/תלוי גיל,2019,11.9734,12,562.5
gemel,263,"בר קרן גמולים קופת גמל לתגמולים ופיצויים בניהול כלל גמל בע""מ",תגמולים ואישית לפיצויים,כללי/מעורב/גמיש/תלוי גיל,תגמולים ואישית לפיצויים | כללי/מעורב/גמיש/תלוי גיל,2019,12.5738,12,4125.7
gemel,270,פסגות גדיש אגח עד 20% מניות,תגמולים ואישית לפיצויים,עד 25% מניות,תגמולים ואישית לפיצויים | עד 25% מניות,2019,9.181,12,1361.5
gemel,385,"הפניקס גמל אשראי ואג""ח",תגמולים ואישית לפיצויים,"אג""ח ללא מניות","תגמולים ואישית לפיצויים | אג""ח ללא מניות",2019,8.3019,12,1163.1
gemel,395,"הלמן-אלדובי השתלמות אג""ח עד 25% במניות",קרנות השתלמות,עד 25% מניות,קרנות השתלמות | עד 25% מניות,2019,8.6825,12,451.2
gemel,396,פסגות שיא השתלמות כללי,קרנות השתלמות,כללי/מעורב/גמיש/תלוי גיל,קרנות השתלמות | כללי/מעורב/גמיש/תלוי גיל,2019,11.3729,12,10129.1
gemel,401,הפניקס גמל לבני 60 ומעלה,תגמולים ואישית לפיצויים,כללי/מעורב/גמיש/תלוי גיל,תגמולים ואישית לפיצויים | כללי/מעורב/גמיש/תלוי גיל,2019,10.9669,12,2758.7
gemel,416,"הראל השתלמות אשראי ואג""ח עם מניות (עד 25% מניות)",קרנות השתלמות,עד 25% מניות,קרנות השתלמות | עד 25% מניות,2019,8.7095,12,2237.2
gemel,456,כלל השתלמות כללי,קרנות השתלמות,כללי/מעורב/גמיש/תלוי גיל,קרנות השתלמות | כללי/מעורב/גמיש/תלוי גיל,2019,12.4748,12,8620.7
gemel,470,מגדל השתלמות לבני 60 ומעלה,קרנות השתלמות,כללי/מעורב/גמיש/תלוי גיל,קרנות השתלמות | כללי/מעורב/גמיש/תלוי גיל,2019,9.9595,12,168.6
gemel,472,"אלטשולר שחם גמל אג""ח עד 15% במניות",תגמולים ואישית לפיצויים,עד 25% מניות,תגמולים ואישית לפיצויים | עד 25% מניות,2019,9.9978,12,627.9
gemel,481,מיטב השתלמות עוקב מדדים גמיש,קרנות השתלמות,כללי/מעורב/גמיש/תלוי גיל,קרנות השתלמות | כללי/מעורב/גמיש/תלוי גיל,2019,12.3825,12,51.8
gemel,502,"הראל גמל מסלול אג""ח עד 20% מניות",תגמולים ואישית לפיצויים,עד 25% מניות,תגמולים ואישית לפיצויים | עד 25% מניות,2019,8.7964,12,2953.0
gemel,551,מיטב גמל לבני 60 ומעלה,תגמולים ואישית לפיצויים,כללי/מעורב/גמיש/תלוי גיל,תגמולים ואישית לפיצויים | כללי/מעורב/גמיש/תלוי גיל,2019,10.1703,12,3498.3
gemel,554,מיטב השתלמות עד 6 שנות וותק,קרנות השתלמות,כללי/מעורב/גמיש/תלוי גיל,קרנות השתלמות | כללי/מעורב/גמיש/תלוי גיל,2019,11.2319,12,8244.5
gemel,558,"אלטשולר שחם השתלמות אשראי ואג""ח עם מניות (עד 25% מניות)",קרנות השתלמות,עד 25% מניות,קרנות השתלמות | עד 25% מניות,2019,11.0845,12,7294.2
gemel,566,הראל השתלמות לטווח ארוך,קרנות השתלמות,כללי/מעורב/גמיש/תלוי גיל,קרנות השתלמות | כללי/מעורב/גמיש/תלוי גיל,2019,13.7425,12,114.0
gemel,579,מגדל השתלמות מסלול כללי,קרנות השתלמות,כללי/מעורב/גמיש/תלוי גיל,קרנות השתלמות | כללי/מעורב/גמיש/תלוי גיל,2019,11.2079,12,12569.3
gemel,592,כלל תמר שקלים,תגמולים ואישית לפיצויים,"אג""ח ללא מניות","תגמולים ואישית לפיצויים | אג""ח ללא מניות",2019,7.4201,12,362.2
gemel,599,"מגדל השתלמות מסלול אג""ח עד 10% מניות",קרנות השתלמות,עד 25% מניות,קרנות השתלמות | עד 25% מניות,2019,8.9121,12,318.7
gemel,610,"פסגות שיא השתלמות אג""ח",קרנות השתלמות,"אג""ח ללא מניות","קרנות השתלמות | אג""ח ללא מניות",2019,6.6276,12,651.1
gemel,611,פסגות שיא השתלמות כספי,קרנות השתלמות,כספי,קרנות השתלמות | כספי,2019,0.2804,12,125.2
gemel,612,פסגות שיא השתלמות מניות,קרנות השתלמות,מניות אקטיבי,קרנות השתלמות | מניות אקטיבי,2019,21.0083,12,561.3
gemel,686,הפניקס השתלמות לטווח קצר,קרנות השתלמות,כללי/מעורב/גמיש/תלוי גיל,קרנות השתלמות | כללי/מעורב/גמיש/תלוי גיל,2019,12.241,12,5437.6
gemel,715,הפניקס השתלמות כספי (שקלי),קרנות השתלמות,כספי,קרנות השתלמות | כספי,2019,0.5111,12,176.8
gemel,716,"הפניקס השתלמות אשראי ואג""ח",קרנות השתלמות,"אג""ח ללא מניות","קרנות השתלמות | אג""ח ללא מניות",2019,8.2909,12,623.9
gemel,7215,מיטב גמל לבני 50 ומטה,תגמולים ואישית לפיצויים,כללי/מעורב/גמיש/תלוי גיל,תגמולים ואישית לפיצויים | כללי/מעורב/גמיש/תלוי גיל,2019,13.3465,12,916.3
gemel,7231,אינפיניטי גמל מסלול לבני 50 ומטה,תגמולים ואישית לפיצויים,כללי/מעורב/גמיש/תלוי גיל,תגמולים ואישית לפיצויים | כללי/מעורב/גמיש/תלוי גיל,2019,16.0817,12,3.5
gemel,7232,אינפיניטי גמל מסלול לבני 50 עד 60,תגמולים ואישית לפיצויים,כללי/מעורב/גמיש/תלוי גיל,תגמולים ואישית לפיצויים | כללי/מעורב/גמיש/תלוי גיל,2019,12.7601,12,33.4
gemel,7233,אינפיניטי גמל מסלול לבני 60 ומעלה,תגמולים ואישית לפיצויים,כללי/מעורב/גמיש/תלוי גיל,תגמולים ואישית לפיצויים | כללי/מעורב/גמיש/תלוי גיל,2019,9.2828,12,20.9
gemel,724,הלמן-אלדובי גמל מניות,תגמולים ואישית לפיצויים,מניות אקטיבי,תגמולים ואישית לפיצויים | מניות אקטיבי,2019,23.2827,12,113.3
gemel,7253,מגדל השתלמות מסלול לבני 50 ומטה,קרנות השתלמות,כללי/מעורב/גמיש/תלוי גיל,קרנות השתלמות | כללי/מעורב/גמיש/תלוי גיל,2019,12.3193,12,316.4
gemel,7254,מגדל השתלמות מסלול לבני 50 עד 60,קרנות השתלמות,כללי/מעורב/גמיש/תלוי גיל,קרנות השתלמות | כללי/מעורב/גמיש/תלוי גיל,2019,11.252,12,135.3
gemel,7256,מגדל השתלמות מסלול עוקב מדדים - גמיש,קרנות השתלמות,כללי/מעורב/גמיש/תלוי גיל,קרנות השתלמות | כללי/מעורב/גמיש/תלוי גיל,2019,11.1558,12,52.0
gemel,738,הלמן-אלדובי השתלמות מניות,קרנות השתלמות,מניות אקטיבי,קרנות השתלמות | מניות אקטיבי,2019,22.8318,12,123.3
gemel,744,מגדל לתגמולים ולפיצויים מסלול כללי,תגמולים ואישית לפיצויים,כללי/מעורב/גמיש/תלוי גיל,תגמולים ואישית לפיצויים | כללי/מעורב/גמיש/תלוי גיל,2019,11.6481,12,1099.9
gemel,761,הראל גמל מסלול מניות,תגמולים ואישית לפיצויים,מניות אקטיבי,תגמולים ואישית לפיצויים | מניות אקטיבי,2019,21.1886,12,278.3
gemel,762,"הראל גמל מסלול אג""ח עד 10% מניות",תגמולים ואישית לפיצויים,עד 25% מניות,תגמולים ואישית לפיצויים | עד 25% מניות,2019,7.4332,12,2307.3
gemel,763,הראל השתלמות מסלול מניות,קרנות השתלמות,מניות אקטיבי,קרנות השתלמות | מניות אקטיבי,2019,21.2834,12,540.0
gemel,764,"הראל השתלמות אג""ח עד 10% מניות",קרנות השתלמות,עד 25% מניות,קרנות השתלמות | עד 25% מניות,2019,7.2091,12,1569.0
gemel,767,מיטב גמל הלכה,תגמולים ואישית לפיצויים,כללי/מעורב/גמיש/תלוי גיל,תגמולים ואישית לפיצויים | כללי/מעורב/גמיש/תלוי גיל,2019,11.6785,12,141.3
gemel,768,מיטב השתלמות הלכה,קרנות השתלמות,כללי/מעורב/גמיש/תלוי גיל,קרנות השתלמות | כללי/מעורב/גמיש/תלוי גיל,2019,11.6675,12,325.9
gemel,7798,אלטשולר שחם חיסכון פלוס כללי,קופת גמל להשקעה,כללי/מעורב/גמיש/תלוי גיל,קופת גמל להשקעה | כללי/מעורב/גמיש/תלוי גיל,2019,14.9602,12,4606.1
gemel,7799,אלטשולר שחם חיסכון פלוס מניות,קופת גמל להשקעה,מניות אקטיבי,קופת גמל להשקעה | מניות אקטיבי,2019,25.4432,12,2107.2
gemel,7800,"אלטשולר שחם חיסכון פלוס אשראי ואג""ח עם מניות (עד 25% במניות)",קופת גמל להשקעה,עד 25% מניות,קופת גמל להשקעה | עד 25% מניות,2019,10.6966,12,593.3
gemel,7801,"אלטשולר שחם חיסכון פלוס אשראי ואג""ח",קופת גמל להשקעה,"אג""ח ללא מניות","קופת גמל להשקעה | אג""ח ללא מניות",2019,9.016,12,99.3
gemel,7802,אלטשולר שחם חיסכון פלוס כספי (שקלי),קופת גמל להשקעה,כספי,קופת גמל להשקעה | כספי,2019,0.2403,12,24.4
gemel,7810,פסגות NEXT גמל להשקעה כללי,קופת גמל להשקעה,כללי/מעורב/גמיש/תלוי גיל,קופת גמל להשקעה | כללי/מעורב/גמיש/תלוי גיל,2019,11.6078,12,591.9
gemel,7811,פסגות NEXT גמל להשקעה מניות,קופת גמל להשקעה,מניות אקטיבי,קופת גמל להשקעה | מניות אקטיבי,2019,20.312,12,130.8
gemel,7812,"פסגות NEXT גמל להשקעה אג""ח",קופת גמל להשקעה,"אג""ח ללא מניות","קופת גמל להשקעה | אג""ח ללא מניות",2019,6.9228,12,20.3
gemel,7813,"פסגות NEXT גמל להשקעה חו""ל",קופת גמל להשקעה,כללי/מעורב/גמיש/תלוי גיל,קופת גמל להשקעה | כללי/מעורב/גמיש/תלוי גיל,2019,7.1503,12,10.4
gemel,7814,"פסגות NEXT גמל להשקעה אג""ח עד 10% מניות",קופת גמל להשקעה,עד 25% מניות,קופת גמל להשקעה | עד 25% מניות,2019,7.5268,12,71.8
gemel,7815,"פסגות NEXT גמל להשקעה אג""ח קונצרני",קופת גמל להשקעה,"אג""ח ללא מניות","קופת גמל להשקעה | אג""ח ללא מניות",2019,7.3352,12,2.7
gemel,7834,אנליסט מסלולית - קופת גמל להשקעה כללי,קופת גמל להשקעה,כללי/מעורב/גמיש/תלוי גיל,קופת גמל להשקעה | כללי/מעורב/גמיש/תלוי גיל,2019,14.2351,12,226.4
gemel,7836,אנליסט מסלולית - קופת גמל להשקעה מניות,קופת גמל להשקעה,מניות אקטיבי,קופת גמל להשקעה | מניות אקטיבי,2019,29.9201,12,126.6
gemel,7837,"אנליסט מסלולית - קופת גמל להשקעה אשראי ואג""ח",קופת גמל להשקעה,"אג""ח ללא מניות","קופת גמל להשקעה | אג""ח ללא מניות",2019,5.4975,12,8.0
gemel,7839,אנליסט מסלולית - קופת גמל להשקעה כספי (שקלי),קופת גמל להשקעה,כספי,קופת גמל להשקעה | כספי,2019,0.4508,12,2.6
gemel,7842,אנליסט מסלולית - קופת גמל להשקעה משולב סחיר,קופת גמל להשקעה,כללי/מעורב/גמיש/תלוי גיל,קופת גמל להשקעה | כללי/מעורב/גמיש/תלוי גיל,2019,7.1397,12,6.9
gemel,7843,אנליסט מסלולית - קופת גמל להשקעה עוקב מדדים - גמיש,קופת גמל להשקעה,כללי/מעורב/גמיש/תלוי גיל,קופת גמל להשקעה | כללי/מעורב/גמיש/תלוי גיל,2019,11.5942,12,2.4
gemel,7860,מיטב גמל להשקעה מניות,קופת גמל להשקעה,מניות אקטיבי,קופת גמל להשקעה | מניות אקטיבי,2019,20.599,12,73.5
gemel,7861,מיטב גמל להשקעה כספי (שקלי),קופת גמל להשקעה,כספי,קופת גמל להשקעה | כספי,2019,0.4207,12,3.4
gemel,7862,"מיטב גמל להשקעה אשראי ואג""ח",קופת גמל להשקעה,"אג""ח ללא מניות","קופת גמל להשקעה | אג""ח ללא מניות",2019,7.1377,12,7.1
gemel,7863,מיטב גמל להשקעה הלכה,קופת גמל להשקעה,כללי/מעורב/גמיש/תלוי גיל,קופת גמל להשקעה | כללי/מעורב/גמיש/תלוי גיל,2019,10.9413,12,12.3
gemel,7867,מיטב גמל להשקעה עוקב מדדי מניות,קופת גמל להשקעה,מניות פאסיבי,קופת גמל להשקעה | מניות פאסיבי,2019,19.5986,12,11.0
gemel,7892,סלייס קופת גמל להשקעה מדד מניות,קופת גמל להשקעה,מניות פאסיבי,קופת גמל להשקעה | מניות פאסיבי,2019,14.4849,12,0.2
gemel,7893,"סלייס קופת גמל להשקעה מדד אג""ח",קופת גמל להשקעה,"אג""ח ללא מניות","קופת גמל להשקעה | אג""ח ללא מניות",2019,1.9118,7,0.0
gemel,7895,סלייס קופת גמל להשקעה מדד ללא מניות,קופת גמל להשקעה,"אג""ח ללא מניות","קופת גמל להשקעה | אג""ח ללא מניות",2019,7.8688,12,0.1
gemel,7897,"סלייס קופת גמל להשקעה אג""ח ללא מניות",קופת גמל להשקעה,"אג""ח ללא מניות","קופת גמל להשקעה | אג""ח ללא מניות",2019,2.7807,7,13.3
gemel,7905,"הפניקס גמל להשקעה אשראי ואג""ח",קופת גמל להשקעה,"אג""ח ללא מניות","קופת גמל להשקעה | אג""ח ללא מניות",2019,8.8926,12,19.7
gemel,7906,"הפניקס גמל להשקעה אשראי ואג""ח עם מניות (עד 25% מניות)",קופת גמל להשקעה,עד 25% מניות,קופת גמל להשקעה | עד 25% מניות,2019,10.4333,12,95.7
gemel,7907,הפניקס גמל להשקעה עוקב מדדי מניות,קופת גמל להשקעה,מניות פאסיבי,קופת גמל להשקעה | מניות פאסיבי,2019,20.5147,12,97.5
gemel,7908,הפניקס גמל להשקעה כללי,קופת גמל להשקעה,כללי/מעורב/גמיש/תלוי גיל,קופת גמל להשקעה | כללי/מעורב/גמיש/תלוי גיל,2019,13.2762,12,440.3
gemel,7909,הפניקס גמל להשקעה עוקב מדדים - גמיש,קופת גמל להשקעה,כללי/מעורב/גמיש/תלוי גיל,קופת גמל להשקעה | כללי/מעורב/גמיש/תלוי גיל,2019,11.7269,12,31.9
gemel,7931,מגדל גמל להשקעה כספי (שקלי),קופת גמל להשקעה,כספי,קופת גמל להשקעה | כספי,2019,0.4308,12,1.7
gemel,7932,"מגדל גמל להשקעה אג""ח ממשלות",קופת גמל להשקעה,"אג""ח ללא מניות","קופת גמל להשקעה | אג""ח ללא מניות",2019,8.3732,12,9.8
gemel,7933,"מגדל גמל להשקעה חו""ל",קופת גמל להשקעה,כללי/מעורב/גמיש/תלוי גיל,קופת גמל להשקעה | כללי/מעורב/גמיש/תלוי גיל,2019,4.6393,12,3.9
gemel,7934,מגדל גמל להשקעה מניות,קופת גמל להשקעה,מניות אקטיבי,קופת גמל להשקעה | מניות אקטיבי,2019,20.2571,12,55.1
gemel,7935,"מגדל גמל להשקעה מסלול אשראי ואג""ח עם מניות (עד 25% מניות)",קופת גמל להשקעה,עד 25% מניות,קופת גמל להשקעה | עד 25% מניות,2019,8.8154,12,40.7
gemel,7936,מגדל גמל להשקעה כללי,קופת גמל להשקעה,כללי/מעורב/גמיש/תלוי גיל,קופת גמל להשקעה | כללי/מעורב/גמיש/תלוי גיל,2019,11.0747,12,201.5
gemel,7937,מגדל גמל להשקעה הלכה,קופת גמל להשקעה,כללי/מעורב/גמיש/תלוי גיל,קופת גמל להשקעה | כללי/מעורב/גמיש/תלוי גיל,2019,10.9903,12,22.6
gemel,7957,"מור גמל להשקעה מסלול מחקה מדד ת""א 35",קופת גמל להשקעה,מניות פאסיבי,קופת גמל להשקעה | מניות פאסיבי,2019,12.7062,12,11.0
gemel,7958,מור גמל להשקעה - עוקב מדד S&P500,קופת גמל להשקעה,מניות פאסיבי,קופת גמל להשקעה | מניות פאסיבי,2019,20.1338,12,34.8
gemel,7960,מור גמל להשקעה מסלול מחקה מדד תל בונד 20,קופת גמל להשקעה,"אג""ח ללא מניות","קופת גמל להשקעה | אג""ח ללא מניות",2019,7.5897,12,2.4
gemel,7961,"מור גמל להשקעה מסלול מחקה מדד אג""ח ממשלתי, צמודות מדד ממשלתי לטווח 5-10 שנים",קופת גמל להשקעה,"אג""ח ללא מניות","קופת גמל להשקעה | אג""ח ללא מניות",2019,8.2933,12,4.5
gemel,7962,"מור גמל להשקעה מסלול מחקה מדד אג""ח ממשלתי, לא צמודות בריבית קבועה",קופת גמל להשקעה,"אג""ח ללא מניות","קופת גמל להשקעה | אג""ח ללא מניות",2019,9.1855,12,3.0
gemel,7963,מור גמל להשקעה - כספי (שקלי),קופת גמל להשקעה,כספי,קופת גמל להשקעה | כספי,2019,0.0,12,1.4
gemel,7973,הלמן-אלדובי קופת גמל להשקעה כללי,קופת גמל להשקעה,כללי/מעורב/גמיש/תלוי גיל,קופת גמל להשקעה | כללי/מעורב/גמיש/תלוי גיל,2019,10.4442,12,161.4
gemel,7974,הלמן-אלדובי קופת גמל להשקעה פאסיבי - כללי,קופת גמל להשקעה,כללי/מעורב/גמיש/תלוי גיל,קופת גמל להשקעה | כללי/מעורב/גמיש/תלוי גיל,2019,11.5926,12,55.4
gemel,7975,הפניקס גמל להשקעה מניות,קופת גמל להשקעה,מניות אקטיבי,קופת גמל להשקעה | מניות אקטיבי,2019,21.8583,12,39.0
gemel,7976,הלמן-אלדובי קופת גמל להשקעה פאסיבי - מדדי מניות,קופת גמל להשקעה,מניות פאסיבי,קופת גמל להשקעה | מניות פאסיבי,2019,18.3938,12,48.2
gemel,7977,"הלמן-אלדובי קופת גמל להשקעה פאסיבי - מדדי אג""ח עד 10% במדדי מניות",קופת גמל להשקעה,עד 25% מניות,קופת גמל להשקעה | עד 25% מניות,2019,8.8913,12,41.5
gemel,7978,מיטב גמל להשקעה כללי,קופת גמל להשקעה,כללי/מעורב/גמיש/תלוי גיל,קופת גמל להשקעה | כללי/מעורב/גמיש/תלוי גיל,2019,13.0711,12,369.3
gemel,7979,מיטב גמל להשקעה עוקב מדדים גמיש,קופת גמל להשקעה,כללי/מעורב/גמיש/תלוי גיל,קופת גמל להשקעה | כללי/מעורב/גמיש/תלוי גיל,2019,11.6115,12,5.8
gemel,7980,"מיטב גמל להשקעה אשראי ואג""ח עם מניות (עד 25% במניות)",קופת גמל להשקעה,עד 25% מניות,קופת גמל להשקעה | עד 25% מניות,2019,10.3893,12,44.8
gemel,7981,מיטב גמל להשקעה מסלול אג''ח עד 10% מניות,קופת גמל להשקעה,עד 25% מניות,קופת גמל להשקעה | עד 25% מניות,2019,8.1381,12,19.1
gemel,7986,"אנליסט מסלולית - קופת גמל להשקעה אשראי ואג""ח עד 25% מניות",קופת גמל להשקעה,עד 25% מניות,קופת גמל להשקעה | עד 25% מניות,2019,9.3622,12,35.3
gemel,7988,כלל גמל לעתיד כללי,קופת גמל להשקעה,כללי/מעורב/גמיש/תלוי גיל,קופת גמל להשקעה | כללי/מעורב/גמיש/תלוי גיל,2019,12.584,12,319.5
gemel,7989,"כלל גמל לעתיד אשראי ואג""ח",קופת גמל להשקעה,"אג""ח ללא מניות","קופת גמל להשקעה | אג""ח ללא מניות",2019,7.0527,12,5.1
gemel,7990,"כלל גמל לעתיד - קופת גמל להשקעה אג""ח ממשלתי",קופת גמל להשקעה,"אג""ח ללא מניות","קופת גמל להשקעה | אג""ח ללא מניות",2019,6.53,12,2.7
gemel,7991,כלל גמל לעתיד מניות,קופת גמל להשקעה,מניות אקטיבי,קופת גמל להשקעה | מניות אקטיבי,2019,22.9474,12,63.2
gemel,7992,"כלל גמל לעתיד אשרי ואג""ח עם מניות(עד 25% מניות)",קופת גמל להשקעה,עד 25% מניות,קופת גמל להשקעה | עד 25% מניות,2019,9.019,12,80.7
gemel,7993,כלל גמל לעתיד כספי(שקלי),קופת גמל להשקעה,כספי,קופת גמל להשקעה | כספי,2019,0.3906,12,1.6
gemel,7994,כלל גמל לעתיד הלכה,קופת גמל להשקעה,כללי/מעורב/גמיש/תלוי גיל,קופת גמל להשקעה | כללי/מעורב/גמיש/תלוי גיל,2019,11.0941,12,9.8
gemel,7998,הלמן-אלדובי להשקעה כללי,קופת גמל להשקעה,כללי/מעורב/גמיש/תלוי גיל,קופת גמל להשקעה | כללי/מעורב/גמיש/תלוי גיל,2019,3.9947,3,60.6
gemel,7999,הלמן-אלדובי להשקעה פאסיבי-כללי,קופת גמל להשקעה,כללי/מעורב/גמיש/תלוי גיל,קופת גמל להשקעה | כללי/מעורב/גמיש/תלוי גיל,2019,4.0179,3,8.1
gemel,8003,הלמן-אלדובי להשקעה מניות,קופת גמל להשקעה,מניות אקטיבי,קופת גמל להשקעה | מניות אקטיבי,2019,7.0363,3,5.6
gemel,8004,הפניקס גמל להשקעה שריעה,קופת גמל להשקעה,כללי/מעורב/גמיש/תלוי גיל,קופת גמל להשקעה | כללי/מעורב/גמיש/תלוי גיל,2019,-0.1803,12,0.7
gemel,8012,"מגדל לתגמולים ולפיצויים מסלול אשראי ואג""ח",תגמולים ואישית לפיצויים,"אג""ח ללא מניות","תגמולים ואישית לפיצויים | אג""ח ללא מניות",2019,8.8909,12,142.4
gemel,8057,"הראל גמל מסלול- חו""ל",תגמולים ואישית לפיצויים,כללי/מעורב/גמיש/תלוי גיל,תגמולים ואישית לפיצויים | כללי/מעורב/גמיש/תלוי גיל,2019,9.0482,12,18.7
gemel,8058,"הראל השתלמות אג""ח קונצרני",קרנות השתלמות,"אג""ח ללא מניות","קרנות השתלמות | אג""ח ללא מניות",2019,8.2334,12,13.4
gemel,811,אנליסט מסלולית קופת גמל ישראל,תגמולים ואישית לפיצויים,כללי/מעורב/גמיש/תלוי גיל,תגמולים ואישית לפיצויים | כללי/מעורב/גמיש/תלוי גיל,2019,16.9278,12,1035.5
gemel,8128,"אנליסט מסלולית קופת גמל - אג""ח עד 10% מניות",תגמולים ואישית לפיצויים,עד 25% מניות,תגמולים ואישית לפיצויים | עד 25% מניות,2019,7.9768,12,57.3
gemel,8129,"אנליסט קרן השתלמות אג""ח עד 10% מניות",קרנות השתלמות,עד 25% מניות,קרנות השתלמות | עד 25% מניות,2019,7.8171,12,65.6
gemel,813,"אנליסט גמל אשראי ואג""ח",תגמולים ואישית לפיצויים,"אג""ח ללא מניות","תגמולים ואישית לפיצויים | אג""ח ללא מניות",2019,6.7948,12,81.6
gemel,814,אנליסט גמל מניות,תגמולים ואישית לפיצויים,מניות אקטיבי,תגמולים ואישית לפיצויים | מניות אקטיבי,2019,30.8799,12,211.2
gemel,815,אנליסט גמל כספי (שקלי),תגמולים ואישית לפיצויים,כספי,תגמולים ואישית לפיצויים | כספי,2019,0.5111,12,34.5
gemel,817,אנליסט גמל מניות סחיר,תגמולים ואישית לפיצויים,מניות אקטיבי,תגמולים ואישית לפיצויים | מניות אקטיבי,2019,20.2924,12,75.8
gemel,818,אנליסט גמל משולב סחיר,תגמולים ואישית לפיצויים,כללי/מעורב/גמיש/תלוי גיל,תגמולים ואישית לפיצויים | כללי/מעורב/גמיש/תלוי גיל,2019,7.6999,12,15.9
gemel,8211,הראל גמל להשקעה כללי,קופת גמל להשקעה,כללי/מעורב/גמיש/תלוי גיל,קופת גמל להשקעה | כללי/מעורב/גמיש/תלוי גיל,2019,11.6284,12,253.2
gemel,828,מנורה מבטחים השתלמות מסלול כללי,קרנות השתלמות,כללי/מעורב/גמיש/תלוי גיל,קרנות השתלמות | כללי/מעורב/גמיש/תלוי גיל,2019,11.7396,12,6896.1
gemel,835,פסגות גדיש אגח צמוד מדד,תגמולים ואישית לפיצויים,"אג""ח ללא מניות","תגמולים ואישית לפיצויים | אג""ח ללא מניות",2019,6.3257,12,297.0
gemel,8520,"הראל גמל להשקעה אג""ח עד 10% מניות",קופת גמל להשקעה,עד 25% מניות,קופת גמל להשקעה | עד 25% מניות,2019,7.3985,12,27.1
gemel,8521,"הראל גמל להשקעה אשראי ואג""ח עם מניות (עד 25% מניות)",קופת גמל להשקעה,עד 25% מניות,קופת גמל להשקעה | עד 25% מניות,2019,8.6217,12,60.9
gemel,8522,הראל גמל להשקעה מניות,קופת גמל להשקעה,מניות אקטיבי,קופת גמל להשקעה | מניות אקטיבי,2019,21.1343,12,48.0
gemel,8523,הראל גמל להשקעה הלכה,קופת גמל להשקעה,כללי/מעורב/גמיש/תלוי גיל,קופת גמל להשקעה | כללי/מעורב/גמיש/תלוי גיל,2019,2.4814,12,3.3
gemel,8563,ילין לפידות קרן השתלמות מסלול מניות,קרנות השתלמות,מניות אקטיבי,קרנות השתלמות | מניות אקטיבי,2019,23.1378,12,1753.3
gemel,858,מגדל לתגמולים ולפיצויים מסלול כספי (שקלי),תגמולים ואישית לפיצויים,כספי,תגמולים ואישית לפיצויים | כספי,2019,0.3606,12,31.4
gemel,859,"מגדל לתגמולים ולפיצויים מסלול אג""ח ממשלות",תגמולים ואישית לפיצויים,"אג""ח ללא מניות","תגמולים ואישית לפיצויים | אג""ח ללא מניות",2019,8.4162,12,106.7
gemel,862,"מגדל לתגמולים ולפיצויים מסלול חו""ל",תגמולים ואישית לפיצויים,כללי/מעורב/גמיש/תלוי גיל,תגמולים ואישית לפיצויים | כללי/מעורב/גמיש/תלוי גיל,2019,3.6763,12,10.3
gemel,8624,הפניקס גמל פאסיבי לבני 60 ומעלה,תגמולים ואישית לפיצויים,כללי/מעורב/גמיש/תלוי גיל,תגמולים ואישית לפיצויים | כללי/מעורב/גמיש/תלוי גיל,2019,10.844,12,206.9
gemel,8626,אקסלנס גמל פאסיבי- מדדי מניות,תגמולים ואישית לפיצויים,מניות פאסיבי,תגמולים ואישית לפיצויים | מניות פאסיבי,2019,21.0946,12,230.1
gemel,8628,"אקסלנס השתלמות פאסיבי-מדדי אג""ח עד 25% במדדי מניות",קרנות השתלמות,עד 25% מניות,קרנות השתלמות | עד 25% מניות,2019,9.7649,12,110.1
gemel,8629,הפניקס השתלמות עוקב מדדים גמיש,קרנות השתלמות,כללי/מעורב/גמיש/תלוי גיל,קרנות השתלמות | כללי/מעורב/גמיש/תלוי גיל,2019,11.9147,12,492.0
gemel,863,מגדל לתגמולים ולפיצויים מסלול מניות,תגמולים ואישית לפיצויים,מניות אקטיבי,תגמולים ואישית לפיצויים | מניות אקטיבי,2019,20.3543,12,82.5
gemel,8630,אקסלנס השתלמות פאסיבי-מדדי מניות,קרנות השתלמות,מניות פאסיבי,קרנות השתלמות | מניות פאסיבי,2019,20.976,12,190.6
gemel,864,מגדל השתלמות מסלול כספי (שקלי),קרנות השתלמות,כספי,קרנות השתלמות | כספי,2019,0.3505,12,138.3
gemel,865,"מגדל השתלמות מסלול אג""ח ממשלות",קרנות השתלמות,"אג""ח ללא מניות","קרנות השתלמות | אג""ח ללא מניות",2019,8.427,12,271.7
gemel,8675,מנורה מבטחים גמל להשקעה כללי,קופת גמל להשקעה,כללי/מעורב/גמיש/תלוי גיל,קופת גמל להשקעה | כללי/מעורב/גמיש/תלוי גיל,2019,11.8809,12,686.9
gemel,8678,"מנורה מבטחים גמל להשקעה מסלול אשראי ואג""ח עם מניות (עד 25% מניות)",קופת גמל להשקעה,עד 25% מניות,קופת גמל להשקעה | עד 25% מניות,2019,5.8662,12,27.5
gemel,8679,"אנליסט קרן השתלמות - אשראי ואג""ח עד 25% מניות",קרנות השתלמות,עד 25% מניות,קרנות השתלמות | עד 25% מניות,2019,9.3176,12,191.2
gemel,868,"מגדל השתלמות מסלול חו""ל",קרנות השתלמות,כללי/מעורב/גמיש/תלוי גיל,קרנות השתלמות | כללי/מעורב/גמיש/תלוי גיל,2019,4.5358,12,22.0
gemel,8683,מנורה מבטחים גמל להשקעה עוקב מדדי מניות,קופת גמל להשקעה,מניות פאסיבי,קופת גמל להשקעה | מניות פאסיבי,2019,17.3885,12,83.3
gemel,8684,"מנורה מבטחים גמל להשקעה עוקב מדדים - אג""ח עם מניות (עד 25% מניות)",קופת גמל להשקעה,עד 25% מניות,קופת גמל להשקעה | עד 25% מניות,2019,10.3574,12,46.2
gemel,869,מגדל השתלמות מסלול מניות,קרנות השתלמות,מניות אקטיבי,קרנות השתלמות | מניות אקטיבי,2019,20.147,12,259.7
gemel,8693,מנורה מבטחים גמל להשקעה כספי (שיקלי),קופת גמל להשקעה,כספי,קופת גמל להשקעה | כספי,2019,0.3204,12,4.8
gemel,8695,"אלפא מור תגמולים - מסלול עוקב מדד ""מניות תל אביב 35""",תגמולים ואישית לפיצויים,מניות פאסיבי,תגמולים ואישית לפיצויים | מניות פאסיבי,2019,12.5691,12,1.5
gemel,8696,"אלפא מור תגמולים - מסלול עוקב מדד ""מדדיות ממשלתיות לטווח של 5-10 שנים""",תגמולים ואישית לפיצויים,"אג""ח ללא מניות","תגמולים ואישית לפיצויים | אג""ח ללא מניות",2019,8.2712,12,2.8
gemel,8697,"אלפא מור תגמולים - מסלול עוקב מדד ""שקליות ריבית קבועה ממשלתיות""",תגמולים ואישית לפיצויים,"אג""ח ללא מניות","תגמולים ואישית לפיצויים | אג""ח ללא מניות",2019,8.9136,12,0.8
gemel,8698,"אלפא מור תגמולים - מסלול עוקב מדד ""תל בונד 20""",תגמולים ואישית לפיצויים,"אג""ח ללא מניות","תגמולים ואישית לפיצויים | אג""ח ללא מניות",2019,7.7069,12,1.0
gemel,8699,"אלפא מור קופת גמל לחיסכון, קופת גמל לתגמולים וקופת גמל אישית לפיצויים - כספי (שקלי)",תגמולים ואישית לפיצויים,כספי,תגמולים ואישית לפיצויים | כספי,2019,0.0,12,1.1
gemel,8701,"מור השתלמות -מסלול עוקב מדד ""מניות תל אביב 35""",קרנות השתלמות,מניות פאסיבי,קרנות השתלמות | מניות פאסיבי,2019,12.5465,12,3.3
gemel,8702,"מור השתלמות - מסלול עוקב מדד ""מדדיות ממשלתיות לטווח של 5-10 שנים""",קרנות השתלמות,"אג""ח ללא מניות","קרנות השתלמות | אג""ח ללא מניות",2019,8.5951,12,1.6
gemel,8703,"מור השתלמות - מסלול עוקב מדד ""שקליות ריבית קבועה ממשלתיות""",קרנות השתלמות,"אג""ח ללא מניות","קרנות השתלמות | אג""ח ללא מניות",2019,8.8842,12,0.8
gemel,8704,"מור השתלמות - מסלול עוקב מדד ""תל בונד 20""",קרנות השתלמות,"אג""ח ללא מניות","קרנות השתלמות | אג""ח ללא מניות",2019,7.5677,12,0.5
gemel,8705,מור קרן השתלמות לשכירים ולעצמאים - כספי (שקלי),קרנות השתלמות,כספי,קרנות השתלמות | כספי,2019,0.0,12,0.5
gemel,8716,מנורה מבטחים גמל להשקעה מסלול הלכה,קופת גמל להשקעה,כללי/מעורב/גמיש/תלוי גיל,קופת גמל להשקעה | כללי/מעורב/גמיש/תלוי גיל,2019,9.9631,12,18.8
gemel,874,"מיטב גמל אג""ח עד 25% מניות",תגמולים ואישית לפיצויים,עד 25% מניות,תגמולים ואישית לפיצויים | עד 25% מניות,2019,10.2951,12,3936.4
gemel,875,"מיטב דש גמל אג""ח צמוד מדד",תגמולים ואישית לפיצויים,"אג""ח ללא מניות","תגמולים ואישית לפיצויים | אג""ח ללא מניות",2019,8.0673,12,144.2
gemel,876,מיטב גמל כספי (שקלי),תגמולים ואישית לפיצויים,כספי,תגמולים ואישית לפיצויים | כספי,2019,7.2207,12,167.1
gemel,877,מיטב גמל מניות,תגמולים ואישית לפיצויים,מניות אקטיבי,תגמולים ואישית לפיצויים | מניות אקטיבי,2019,21.1715,12,370.0
gemel,8779,אנליסט קרן השתלמות משולב סחיר,קרנות השתלמות,כללי/מעורב/גמיש/תלוי גיל,קרנות השתלמות | כללי/מעורב/גמיש/תלוי גיל,2019,7.4544,12,7.7
gemel,880,מיטב השתלמות כללי,קרנות השתלמות,כללי/מעורב/גמיש/תלוי גיל,קרנות השתלמות | כללי/מעורב/גמיש/תלוי גיל,2019,11.5492,12,8611.7
gemel,881,"מיטב השתלמות אג""ח צמוד מדד",קרנות השתלמות,"אג""ח ללא מניות","קרנות השתלמות | אג""ח ללא מניות",2019,8.0778,12,174.1
gemel,883,מיטב השתלמות מניות,קרנות השתלמות,מניות אקטיבי,קרנות השתלמות | מניות אקטיבי,2019,21.3498,12,597.4
gemel,8885,"מיטב השתלמות אשראי ואג""ח עם מניות (עד 25% מניות)",קרנות השתלמות,עד 25% מניות,קרנות השתלמות | עד 25% מניות,2019,9.2654,12,54.0
gemel,9113,מור חיסכון לילד - הלכה,קופת גמל להשקעה - חסכון לילד,כללי/מעורב/גמיש/תלוי גיל,קופת גמל להשקעה - חסכון לילד | כללי/מעורב/גמיש/תלוי גיל,2019,5.6273,12,30.7
gemel,923,מיטב בטחון,תגמולים ואישית לפיצויים,כללי/מעורב/גמיש/תלוי גיל,תגמולים ואישית לפיצויים | כללי/מעורב/גמיש/תלוי גיל,2019,11.196,12,19.8
gemel,9303,מור חיסכון לילד - שריעה,קופת גמל להשקעה - חסכון לילד,כללי/מעורב/גמיש/תלוי גיל,קופת גמל להשקעה - חסכון לילד | כללי/מעורב/גמיש/תלוי גיל,2019,-0.8261,12,8.8
gemel,9414,מור חיסכון לילד - חוסכים המעדיפים סיכון בינוני,קופת גמל להשקעה - חסכון לילד,כללי/מעורב/גמיש/תלוי גיל,קופת גמל להשקעה - חסכון לילד | כללי/מעורב/גמיש/תלוי גיל,2019,11.2441,12,10.4
gemel,9420,מור חיסכון לילד - חוסכים המעדיפים סיכון מוגבר,קופת גמל להשקעה - חסכון לילד,מניות אקטיבי,קופת גמל להשקעה - חסכון לילד | מניות אקטיבי,2019,13.9375,12,70.4
gemel,9421,מור חיסכון לילד - חוסכים המעדיפים סיכון מועט,קופת גמל להשקעה - חסכון לילד,עד 25% מניות,קופת גמל להשקעה - חסכון לילד | עד 25% מניות,2019,9.7325,12,192.9
gemel,9451,מור קרן השתלמות לשכירים ולעצמאים - עוקב מדד S&P 500,קרנות השתלמות,מניות פאסיבי,קרנות השתלמות | מניות פאסיבי,2019,19.8037,12,15.4
gemel,9452,"אלפא מור קופת גמל לחיסכון, קופת גמל לתגמולים וקופת גמל אישית לפיצויים - עוקב מדד S&P 500",תגמולים ואישית לפיצויים,מניות פאסיבי,תגמולים ואישית לפיצויים | מניות פאסיבי,2019,19.8924,12,6.5
gemel,948,מיטב גמל שקלי טווח קצר,תגמולים ואישית לפיצויים,כספי,תגמולים ואישית לפיצויים | כספי,2019,0.3806,12,64.3
gemel,9528,הפניקס השתלמות הלכה,קרנות השתלמות,כללי/מעורב/גמיש/תלוי גיל,קרנות השתלמות | כללי/מעורב/גמיש/תלוי גיל,2019,10.9743,12,56.5
gemel,9529,הפניקס גמל מסלול לבני 50 עד 60,תגמולים ואישית לפיצויים,כללי/מעורב/גמיש/תלוי גיל,תגמולים ואישית לפיצויים | כללי/מעורב/גמיש/תלוי גיל,2019,13.2826,12,1184.7
gemel,9555,הראל חיסכון לילד - הלכה,קופת גמל להשקעה - חסכון לילד,כללי/מעורב/גמיש/תלוי גיל,קופת גמל להשקעה - חסכון לילד | כללי/מעורב/גמיש/תלוי גיל,2019,10.4894,12,192.7
gemel,961,הפניקס גמל מסלול מניות,תגמולים ואישית לפיצויים,מניות אקטיבי,תגמולים ואישית לפיצויים | מניות אקטיבי,2019,23.1202,12,247.7
gemel,962,אנליסט השתלמות כללי,קרנות השתלמות,כללי/מעורב/גמיש/תלוי גיל,קרנות השתלמות | כללי/מעורב/גמיש/תלוי גיל,2019,13.4447,12,3701.2
gemel,963,אנליסט השתלמות מניות,קרנות השתלמות,מניות אקטיבי,קרנות השתלמות | מניות אקטיבי,2019,30.2169,12,336.5
gemel,9638,אינפיניטי גמל להשקעה כללי,קופת גמל להשקעה,כללי/מעורב/גמיש/תלוי גיל,קופת גמל להשקעה | כללי/מעורב/גמיש/תלוי גיל,2019,12.4415,12,24.1
gemel,9639,"אינפיניטי גמל להשקעה אשראי ואג""ח עם מניות (עד 25% מניות)",קופת גמל להשקעה,עד 25% מניות,קופת גמל להשקעה | עד 25% מניות,2019,8.2978,12,22.2
gemel,964,הפניקס השתלמות כללי,קרנות השתלמות,כללי/מעורב/גמיש/תלוי גיל,קרנות השתלמות | כללי/מעורב/גמיש/תלוי גיל,2019,12.8418,12,4749.3
gemel,9651,כלל תמר עד 50,תגמולים ואישית לפיצויים,כללי/מעורב/גמיש/תלוי גיל,תגמולים ואישית לפיצויים | כללי/מעורב/גמיש/תלוי גיל,2019,14.3803,12,942.3
gemel,9652,כלל תמר 50-60,תגמולים ואישית לפיצויים,כללי/מעורב/גמיש/תלוי גיל,תגמולים ואישית לפיצויים | כללי/מעורב/גמיש/תלוי גיל,2019,12.6738,12,1047.1
gemel,9653,כלל תמר 60 ומעלה,תגמולים ואישית לפיצויים,כללי/מעורב/גמיש/תלוי גיל,תגמולים ואישית לפיצויים | כללי/מעורב/גמיש/תלוי גיל,2019,10.4883,12,1541.3
gemel,9662,"מנורה מבטחים השתלמות מסלול אשראי ואג""ח עם מניות (עד 25% מניות)",קרנות השתלמות,עד 25% מניות,קרנות השתלמות | עד 25% מניות,2019,9.1278,12,185.1
gemel,9676,מור השתלמות קרן השתלמות לשכירים ולעצמאים מעורב מחקה מדדים,קרנות השתלמות,כללי/מעורב/גמיש/תלוי גיל,קרנות השתלמות | כללי/מעורב/גמיש/תלוי גיל,2019,9.7858,12,2.9
gemel,9677,אלפא מור קופת גמל לתגמולים ואישית לפיצויים וקופת גמל לא משלמת לקצבה מעורב מחקה מדדים,תגמולים ואישית לפיצויים,כללי/מעורב/גמיש/תלוי גיל,תגמולים ואישית לפיצויים | כללי/מעורב/גמיש/תלוי גיל,2019,10.3255,12,1.6
gemel,968,הפניקס השתלמות מניות,קרנות השתלמות,מניות אקטיבי,קרנות השתלמות | מניות אקטיבי,2019,23.0249,12,390.4
gemel,972,"אנליסט השתלמות אשראי ואג""ח",קרנות השתלמות,"אג""ח ללא מניות","קרנות השתלמות | אג""ח ללא מניות",2019,6.6776,12,108.4
gemel,973,"אנליסט השתלמות אג""ח ממשלות",קרנות השתלמות,"אג""ח ללא מניות","קרנות השתלמות | אג""ח ללא מניות",2019,4.4853,12,54.0
gemel,9730,אנליסט מסלולית קופת גמל - מסלול לבני 50 ומטה,תגמולים ואישית לפיצויים,כללי/מעורב/גמיש/תלוי גיל,תגמולים ואישית לפיצויים | כללי/מעורב/גמיש/תלוי גיל,2019,16.718,12,684.2
gemel,9731,אנליסט מסלולית קופת גמל - מסלול לבני 50-60,תגמולים ואישית לפיצויים,כללי/מעורב/גמיש/תלוי גיל,תגמולים ואישית לפיצויים | כללי/מעורב/גמיש/תלוי גיל,2019,14.612,12,666.9
gemel,9732,אנליסט מסלולית קופת גמל - מסלול לבני 60 ומעלה,תגמולים ואישית לפיצויים,כללי/מעורב/גמיש/תלוי גיל,תגמולים ואישית לפיצויים | כללי/מעורב/גמיש/תלוי גיל,2019,10.3158,12,268.8
gemel,9742,הראל גמל מסלול לגילאי 50 עד 60_x000D_,תגמולים ואישית לפיצויים,כללי/מעורב/גמיש/תלוי גיל,תגמולים ואישית לפיצויים | כללי/מעורב/גמיש/תלוי גיל,2019,11.5558,12,3047.5
gemel,9744,הראל גמל מסלול לגילאי 50 ומטה_x000D_,תגמולים ואישית לפיצויים,כללי/מעורב/גמיש/תלוי גיל,תגמולים ואישית לפיצויים | כללי/מעורב/גמיש/תלוי גיל,2019,12.6858,12,990.1
gemel,9745,הראל גמל מסלול לגילאי 60 ומעלה_x000D_,תגמולים ואישית לפיצויים,כללי/מעורב/גמיש/תלוי גיל,תגמולים ואישית לפיצויים | כללי/מעורב/גמיש/תלוי גיל,2019,8.7651,12,1837.7
gemel,9779,מגדל לתגמולים ולפיצויים מסלול לבני 50 ומטה,תגמולים ואישית לפיצויים,כללי/מעורב/גמיש/תלוי גיל,תגמולים ואישית לפיצויים | כללי/מעורב/גמיש/תלוי גיל,2019,12.6329,12,741.5
gemel,9780,מגדל לתגמולים ולפיצויים מסלול לבני 50 עד 60,תגמולים ואישית לפיצויים,כללי/מעורב/גמיש/תלוי גיל,תגמולים ואישית לפיצויים | כללי/מעורב/גמיש/תלוי גיל,2019,11.392,12,631.9
gemel,9781,מגדל לתגמולים ולפיצויים מסלול לבני 60 ומעלה,תגמולים ואישית לפיצויים,כללי/מעורב/גמיש/תלוי גיל,תגמולים ואישית לפיצויים | כללי/מעורב/גמיש/תלוי גיל,2019,9.9821,12,517.6
gemel,9792,מנורה מבטחים תגמולים ופיצויים מסלול לבני 50 עד 60,תגמולים ואישית לפיצויים,כללי/מעורב/גמיש/תלוי גיל,תגמולים ואישית לפיצויים | כללי/מעורב/גמיש/תלוי גיל,2019,11.2724,12,4504.1
gemel,9793,מנורה מבטחים תגמולים ופיצויים מסלול לבני 50 ומטה,תגמולים ואישית לפיצויים,כללי/מעורב/גמיש/תלוי גיל,תגמולים ואישית לפיצויים | כללי/מעורב/גמיש/תלוי גיל,2019,13.9773,12,833.0
gemel,9794,מנורה מבטחים תגמולים ופיצויים מסלול לבני 60 ומעלה,תגמולים ואישית לפיצויים,כללי/מעורב/גמיש/תלוי גיל,תגמולים ואישית לפיצויים | כללי/מעורב/גמיש/תלוי גיל,2019,9.4061,12,603.5
gemel,9795,מנורה מבטחים תגמולים ופיצויים מסלול הלכה,תגמולים ואישית לפיצויים,כללי/מעורב/גמיש/תלוי גיל,תגמולים ואישית לפיצויים | כללי/מעורב/גמיש/תלוי גיל,2019,10.0218,12,18.5
gemel,9869,הלמן-אלדובי השתלמות פאסיבי -כללי,קרנות השתלמות,כללי/מעורב/גמיש/תלוי גיל,קרנות השתלמות | כללי/מעורב/גמיש/תלוי גיל,2019,11.3193,12,121.9
gemel,9877,הלמן-אלדובי גמל מסלול לבני 50 ומטה,תגמולים ואישית לפיצויים,כללי/מעורב/גמיש/תלוי גיל,תגמולים ואישית לפיצויים | כללי/מעורב/גמיש/תלוי גיל,2019,14.2032,12,548.7
gemel,9878,הלמן-אלדובי גמל מסלול לבני 50 עד 60,תגמולים ואישית לפיצויים,כללי/מעורב/גמיש/תלוי גיל,תגמולים ואישית לפיצויים | כללי/מעורב/גמיש/תלוי גיל,2019,12.6334,12,993.1
gemel,9879,הלמן-אלדובי גמל מסלול לבני 60 ומעלה,תגמולים ואישית לפיצויים,כללי/מעורב/גמיש/תלוי גיל,תגמולים ואישית לפיצויים | כללי/מעורב/גמיש/תלוי גיל,2019,9.7109,12,1276.1
gemel,9889,פסגות גדיש לבני 50 ומטה,תגמולים ואישית לפיצויים,כללי/מעורב/גמיש/תלוי גיל,תגמולים ואישית לפיצויים | כללי/מעורב/גמיש/תלוי גיל,2019,12.7328,12,1244.1
gemel,989,אלטשולר שחם עוקב מדדי מניות,תגמולים ואישית לפיצויים,מניות פאסיבי,תגמולים ואישית לפיצויים | מניות פאסיבי,2019,20.2965,12,63.2
gemel,9890,פסגות גדיש לבני 50-60,תגמולים ואישית לפיצויים,כללי/מעורב/גמיש/תלוי גיל,תגמולים ואישית לפיצויים | כללי/מעורב/גמיש/תלוי גיל,2019,11.2209,12,26000.0
gemel,9891,פסגות גדיש לבני 60 ומעלה,תגמולים ואישית לפיצויים,כללי/מעורב/גמיש/תלוי גיל,תגמולים ואישית לפיצויים | כללי/מעורב/גמיש/תלוי גיל,2019,8.9687,12,1642.4
gemel,9895,מגדל חסכון לילד - הלכה,קופת גמל להשקעה - חסכון לילד,כללי/מעורב/גמיש/תלוי גיל,קופת גמל להשקעה - חסכון לילד | כללי/מעורב/גמיש/תלוי גיל,2019,10.9884,12,48.5
gemel,9896,מגדל חסכון לילד - חוסכים המעדיפים סיכון מועט,קופת גמל להשקעה - חסכון לילד,עד 25% מניות,קופת גמל להשקעה - חסכון לילד | עד 25% מניות,2019,9.9744,12,216.7
gemel,9897,מגדל חסכון לילד - חוסכים המעדיפים סיכון בינוני,קופת גמל להשקעה - חסכון לילד,כללי/מעורב/גמיש/תלוי גיל,קופת גמל להשקעה - חסכון לילד | כללי/מעורב/גמיש/תלוי גיל,2019,11.3272,12,50.2
gemel,9898,מגדל חסכון לילד - חוסכים המעדיפים סיכון מוגבר,קופת גמל להשקעה - חסכון לילד,מניות אקטיבי,קופת גמל להשקעה - חסכון לילד | מניות אקטיבי,2019,16.6763,12,33.5
gemel,9905,הפניקס גמל פאסיבי לבני 50 ומטה,תגמולים ואישית לפיצויים,כללי/מעורב/גמיש/תלוי גיל,תגמולים ואישית לפיצויים | כללי/מעורב/גמיש/תלוי גיל,2019,13.6508,12,37.6
gemel,9906,הפניקס גמל כספי (שיקלי),תגמולים ואישית לפיצויים,כספי,תגמולים ואישית לפיצויים | כספי,2019,0.4208,12,54.2
gemel,9916,הפניקס גמל לבני 50 ומטה,תגמולים ואישית לפיצויים,כללי/מעורב/גמיש/תלוי גיל,תגמולים ואישית לפיצויים | כללי/מעורב/גמיש/תלוי גיל,2019,14.1802,12,5122.8
gemel,9917,הפניקס גמל פאסיבי לבני 50 עד 60,תגמולים ואישית לפיצויים,כללי/מעורב/גמיש/תלוי גיל,תגמולים ואישית לפיצויים | כללי/מעורב/גמיש/תלוי גיל,2019,11.7426,12,513.7
gemel,9939,ילין לפידות קופת גמל מסלול לבני 50 ומטה,תגמולים ואישית לפיצויים,כללי/מעורב/גמיש/תלוי גיל,תגמולים ואישית לפיצויים | כללי/מעורב/גמיש/תלוי גיל,2019,14.59,12,1495.7
gemel,9940,ילין לפידות קופת גמל מסלול לבני 50 עד 60,תגמולים ואישית לפיצויים,כללי/מעורב/גמיש/תלוי גיל,תגמולים ואישית לפיצויים | כללי/מעורב/גמיש/תלוי גיל,2019,12.7391,12,7540.6
gemel,9941,ילין לפידות קופת גמל מסלול לבני 60 ומעלה,תגמולים ואישית לפיצויים,כללי/מעורב/גמיש/תלוי גיל,תגמולים ואישית לפיצויים | כללי/מעורב/גמיש/תלוי גיל,2019,8.3832,12,1152.0
gemel,9950,אלטשולר שחם גמל לבני 50 ומטה,תגמולים ואישית לפיצויים,כללי/מעורב/גמיש/תלוי גיל,תגמולים ואישית לפיצויים | כללי/מעורב/גמיש/תלוי גיל,2019,17.3724,12,6121.5
gemel,9951,אלטשולר שחם גמל לבני 50 עד 60,תגמולים ואישית לפיצויים,כללי/מעורב/גמיש/תלוי גיל,תגמולים ואישית לפיצויים | כללי/מעורב/גמיש/תלוי גיל,2019,15.2933,12,25033.7
gemel,9952,אלטשולר שחם גמל לבני 60 ומעלה,תגמולים ואישית לפיצויים,כללי/מעורב/גמיש/תלוי גיל,תגמולים ואישית לפיצויים | כללי/מעורב/גמיש/תלוי גיל,2019,12.1058,12,9740.8
gemel,101,"הראל אג""ח עד 25% מניות",תגמולים ואישית לפיצויים,עד 25% מניות,תגמולים ואישית לפיצויים | עד 25% מניות,2020,2.9545,12,9669.8
gemel,103,מיטב גמל לבני 50 עד 60,תגמולים ואישית לפיצויים,כללי/מעורב/גמיש/תלוי גיל,תגמולים ואישית לפיצויים | כללי/מעורב/גמיש/תלוי גיל,2020,5.8074,12,6926.0
gemel,1034,הראל השתלמות משולב סחיר,קרנות השתלמות,כללי/מעורב/גמיש/תלוי גיל,קרנות השתלמות | כללי/מעורב/גמיש/תלוי גיל,2020,3.7173,12,64.3
gemel,1035,"ילין לפידות קופת גמל מסלול אג""ח עד 25% מניות",תגמולים ואישית לפיצויים,עד 25% מניות,תגמולים ואישית לפיצויים | עד 25% מניות,2020,3.6987,12,4720.6
gemel,1036,ילין לפידות קופת גמל מסלול מניות,תגמולים ואישית לפיצויים,מניות אקטיבי,תגמולים ואישית לפיצויים | מניות אקטיבי,2020,5.8851,12,1484.5
gemel,1037,"ילין לפידות קופת גמל מסלול אשראי ואג""ח",תגמולים ואישית לפיצויים,"אג""ח ללא מניות","תגמולים ואישית לפיצויים | אג""ח ללא מניות",2020,1.3118,12,403.3
gemel,1038,"ילין לפידות קרן השתלמות מסלול אג""ח עם מניות (עד 25% מניות)",קרנות השתלמות,עד 25% מניות,קרנות השתלמות | עד 25% מניות,2020,3.7547,12,5791.1
gemel,1059,פסגות שיא השתלמות פאסיבי- כללי,קרנות השתלמות,כללי/מעורב/גמיש/תלוי גיל,קרנות השתלמות | כללי/מעורב/גמיש/תלוי גיל,2020,4.1833,12,35.6
gemel,107,"הלמן-אלדובי גמל אג""ח עד 25% במניות",תגמולים ואישית לפיצויים,עד 25% מניות,תגמולים ואישית לפיצויים | עד 25% מניות,2020,2.3084,12,876.1
gemel,1078,"אינפיניטי גמל אשראי ואג""ח",תגמולים ואישית לפיצויים,"אג""ח ללא מניות","תגמולים ואישית לפיצויים | אג""ח ללא מניות",2020,-1.4527,12,152.6
gemel,1079,אינפיניטי גמל מניות בישראל,תגמולים ואישית לפיצויים,מניות אקטיבי,תגמולים ואישית לפיצויים | מניות אקטיבי,2020,3.2282,12,45.4
gemel,1084,"אינפיניטי השתלמות אשראי ואג""ח",קרנות השתלמות,"אג""ח ללא מניות","קרנות השתלמות | אג""ח ללא מניות",2020,-1.9032,12,189.9
gemel,1085,אינפיניטי השתלמות מניות בישראל,קרנות השתלמות,מניות אקטיבי,קרנות השתלמות | מניות אקטיבי,2020,3.0813,12,50.6
gemel,1093,אלטשולר שחם השתלמות כללי,קרנות השתלמות,כללי/מעורב/גמיש/תלוי גיל,קרנות השתלמות | כללי/מעורב/גמיש/תלוי גיל,2020,5.3383,12,51461.1
gemel,1100,"הפניקס השתלמות אשראי ואג""ח עם מניות (עד 25% מניות)",קרנות השתלמות,עד 25% מניות,קרנות השתלמות | עד 25% מניות,2020,4.0522,12,2660.2
gemel,1110,"מנורה מבטחים השתלמות מסלול אג""ח קונצרני",קרנות השתלמות,"אג""ח ללא מניות","קרנות השתלמות | אג""ח ללא מניות",2020,-0.1081,12,74.0
gemel,1114,מנורה מבטחים השתלמות כספי (שקלי),קרנות השתלמות,כספי,קרנות השתלמות | כספי,2020,0.07,12,103.5
gemel,11310,הפניקס חיסכון לילד - חוסכים המעדיפים סיכון מועט,קופת גמל להשקעה - חסכון לילד,עד 25% מניות,קופת גמל להשקעה - חסכון לילד | עד 25% מניות,2020,1.946,12,257.7
gemel,11311,הפניקס חיסכון לילד - חוסכים המעדיפים סיכון מוגבר,קופת גמל להשקעה - חסכון לילד,מניות אקטיבי,קופת גמל להשקעה - חסכון לילד | מניות אקטיבי,2020,4.7891,12,49.8
gemel,11312,הפניקס חיסכון לילד - חוסכים המעדיפים סיכון בינוני,קופת גמל להשקעה - חסכון לילד,כללי/מעורב/גמיש/תלוי גיל,קופת גמל להשקעה - חסכון לילד | כללי/מעורב/גמיש/תלוי גיל,2020,4.8506,12,47.6
gemel,11320,מנורה מבטחים חסכון לכל ילד מסלול הלכה,קופת גמל להשקעה - חסכון לילד,כללי/מעורב/גמיש/תלוי גיל,קופת גמל להשקעה - חסכון לילד | כללי/מעורב/גמיש/תלוי גיל,2020,2.1649,12,60.4
gemel,11321,מנורה מבטחים חסכון לכל ילד - מסלול חוסכים המעדיפים סיכון מועט,קופת גמל להשקעה - חסכון לילד,עד 25% מניות,קופת גמל להשקעה - חסכון לילד | עד 25% מניות,2020,0.813,12,289.2
gemel,11322,מנורה מבטחים חסכון לכל ילד - מסלול חוסכים המעדיפים סיכון בינוני,קופת גמל להשקעה - חסכון לילד,כללי/מעורב/גמיש/תלוי גיל,קופת גמל להשקעה - חסכון לילד | כללי/מעורב/גמיש/תלוי גיל,2020,3.1086,12,83.5
gemel,11323,מנורה מבטחים חסכון לכל ילד - מסלול חוסכים המעדיפים סיכון מוגבר,קופת גמל להשקעה - חסכון לילד,מניות אקטיבי,קופת גמל להשקעה - חסכון לילד | מניות אקטיבי,2020,5.0402,12,65.2
gemel,11325,אלטשולר שחם חיסכון לילד לחוסכים המעדיפים סיכון מועט,קופת גמל להשקעה - חסכון לילד,עד 25% מניות,קופת גמל להשקעה - חסכון לילד | עד 25% מניות,2020,5.2146,12,541.9
gemel,11326,אלטשולר שחם חיסכון לילד לחוסכים המעדיפים סיכון בינוני,קופת גמל להשקעה - חסכון לילד,כללי/מעורב/גמיש/תלוי גיל,קופת גמל להשקעה - חסכון לילד | כללי/מעורב/גמיש/תלוי גיל,2020,5.1702,12,1084.1
gemel,11327,אלטשולר שחם חיסכון לילד לחוסכים המעדיפים סיכון מוגבר,קופת גמל להשקעה - חסכון לילד,מניות אקטיבי,קופת גמל להשקעה - חסכון לילד | מניות אקטיבי,2020,7.0493,12,2693.3
gemel,11328,אלטשולר שחם חיסכון לילד הלכה,קופת גמל להשקעה - חסכון לילד,כללי/מעורב/גמיש/תלוי גיל,קופת גמל להשקעה - חסכון לילד | כללי/מעורב/גמיש/תלוי גיל,2020,5.0602,12,441.7
gemel,11335,הפניקס חיסכון לילד - הלכה,קופת גמל להשקעה - חסכון לילד,כללי/מעורב/גמיש/תלוי גיל,קופת גמל להשקעה - חסכון לילד | כללי/מעורב/גמיש/תלוי גיל,2020,2.1462,12,17.3
gemel,11343,סלייס גמל חסכון לילד - חוסכים המעדיפים סיכון מועט,קופת גמל להשקעה - חסכון לילד,עד 25% מניות,קופת גמל להשקעה - חסכון לילד | עד 25% מניות,2020,1.1669,12,241.5
gemel,11344,סלייס גמל חסכון לילד - חוסכים המעדיפים סיכון בינוני,קופת גמל להשקעה - חסכון לילד,כללי/מעורב/גמיש/תלוי גיל,קופת גמל להשקעה - חסכון לילד | כללי/מעורב/גמיש/תלוי גיל,2020,-2.4858,12,1.6
gemel,11345,סלייס גמל חסכון לילד - חוסכים המעדיפים סיכון מוגבר,קופת גמל להשקעה - חסכון לילד,מניות אקטיבי,קופת גמל להשקעה - חסכון לילד | מניות אקטיבי,2020,-1.1921,12,1.8
gemel,11352,הפניקס חיסכון לילד- שריעה,קופת גמל להשקעה - חסכון לילד,כללי/מעורב/גמיש/תלוי גיל,קופת גמל להשקעה - חסכון לילד | כללי/מעורב/גמיש/תלוי גיל,2020,-0.6234,12,32.9
gemel,11353,הלמן-אלדובי חיסכון לילד- הלכה,קופת גמל להשקעה - חסכון לילד,כללי/מעורב/גמיש/תלוי גיל,קופת גמל להשקעה - חסכון לילד | כללי/מעורב/גמיש/תלוי גיל,2020,0.3838,12,9.4
gemel,11354,הלמן-אלדובי חיסכון לילד- חוסכים המעדיפים סיכון מועט,קופת גמל להשקעה - חסכון לילד,עד 25% מניות,קופת גמל להשקעה - חסכון לילד | עד 25% מניות,2020,1.0197,12,249.2
gemel,11355,הלמן-אלדובי חיסכון לילד- חוסכים המעדיפים סיכון בינוני,קופת גמל להשקעה - חסכון לילד,כללי/מעורב/גמיש/תלוי גיל,קופת גמל להשקעה - חסכון לילד | כללי/מעורב/גמיש/תלוי גיל,2020,2.3795,12,41.0
gemel,11356,הלמן-אלדובי חיסכון לילד- חוסכים המעדיפים סיכון מוגבר,קופת גמל להשקעה - חסכון לילד,מניות אקטיבי,קופת גמל להשקעה - חסכון לילד | מניות אקטיבי,2020,6.2877,12,38.3
gemel,11365,אנליסט מסלולית - קופת גמל להשקעה לחיסכון ארוך טווח לילד - מסלול לחוסכים המעדיפים סיכון מועט,קופת גמל להשקעה - חסכון לילד,עד 25% מניות,קופת גמל להשקעה - חסכון לילד | עד 25% מניות,2020,2.7368,12,250.9
gemel,11366,אנליסט מסלולית - קופת גמל להשקעה לחיסכון ארוך טווח לילד - מסלול לחוסכים המעדיפים סיכון בינוני,קופת גמל להשקעה - חסכון לילד,כללי/מעורב/גמיש/תלוי גיל,קופת גמל להשקעה - חסכון לילד | כללי/מעורב/גמיש/תלוי גיל,2020,2.0508,12,83.9
gemel,11367,אנליסט מסלולית - קופת גמל להשקעה לחיסכון ארוך טווח לילד - מסלול לחוסכים המעדיפים סיכון מוגבר,קופת גמל להשקעה - חסכון לילד,מניות אקטיבי,קופת גמל להשקעה - חסכון לילד | מניות אקטיבי,2020,14.3955,12,101.3
gemel,11372,אינפיניטי חיסכון לילד - חוסכים המעדיפים סיכון בינוני,קופת גמל להשקעה - חסכון לילד,כללי/מעורב/גמיש/תלוי גיל,קופת גמל להשקעה - חסכון לילד | כללי/מעורב/גמיש/תלוי גיל,2020,3.2026,12,7.5
gemel,11373,אינפיניטי חיסכון לילד - חוסכים המעדיפים סיכון מוגבר,קופת גמל להשקעה - חסכון לילד,מניות אקטיבי,קופת גמל להשקעה - חסכון לילד | מניות אקטיבי,2020,13.8696,12,15.8
gemel,11374,אינפיניטי חיסכון לילד - חוסכים המעדיפים סיכון מועט,קופת גמל להשקעה - חסכון לילד,עד 25% מניות,קופת גמל להשקעה - חסכון לילד | עד 25% מניות,2020,1.2912,12,238.6
gemel,11375,הראל חיסכון לילד - חוסכים המעדיפים סיכון מועט,קופת גמל להשקעה - חסכון לילד,עד 25% מניות,קופת גמל להשקעה - חסכון לילד | עד 25% מניות,2020,2.3009,12,367.9
gemel,11376,הראל חיסכון לילד - חוסכים המעדיפים סיכון בינוני,קופת גמל להשקעה - חסכון לילד,כללי/מעורב/גמיש/תלוי גיל,קופת גמל להשקעה - חסכון לילד | כללי/מעורב/גמיש/תלוי גיל,2020,4.0588,12,172.3
gemel,11377,הראל חיסכון לילד - חוסכים המעדיפים סיכון מוגבר,קופת גמל להשקעה - חסכון לילד,מניות אקטיבי,קופת גמל להשקעה - חסכון לילד | מניות אקטיבי,2020,8.9629,12,170.4
gemel,11380,פסגות חיסכון לילד - חוסכים המעדיפים סיכון מועט,קופת גמל להשקעה - חסכון לילד,עד 25% מניות,קופת גמל להשקעה - חסכון לילד | עד 25% מניות,2020,0.8337,12,290.4
gemel,11381,פסגות חיסכון לילד - חוסכים המעדיפים סיכון בינוני,קופת גמל להשקעה - חסכון לילד,כללי/מעורב/גמיש/תלוי גיל,קופת גמל להשקעה - חסכון לילד | כללי/מעורב/גמיש/תלוי גיל,2020,2.7693,12,81.4
gemel,11382,פסגות חיסכון לילד - חוסכים המעדיפים סיכון מוגבר,קופת גמל להשקעה - חסכון לילד,מניות אקטיבי,קופת גמל להשקעה - חסכון לילד | מניות אקטיבי,2020,4.976,12,184.0
gemel,11383,פסגות חיסכון לילד - הלכה,קופת גמל להשקעה - חסכון לילד,כללי/מעורב/גמיש/תלוי גיל,קופת גמל להשקעה - חסכון לילד | כללי/מעורב/גמיש/תלוי גיל,2020,2.3522,12,997.1
gemel,11385,מיטב קופת גמל להשקעה לחיסכון ארוך טווח לילד אחר חיסכון לכל ילד - חוסכים המעדיפים סיכון מועט,קופת גמל להשקעה - חסכון לילד,עד 25% מניות,קופת גמל להשקעה - חסכון לילד | עד 25% מניות,2020,3.1655,12,287.0
gemel,11386,מיטב קופת גמל להשקעה לחיסכון ארוך טווח לילד אחר חיסכון לכל ילד - חוסכים המעדיפים סיכון בינוני,קופת גמל להשקעה - חסכון לילד,כללי/מעורב/גמיש/תלוי גיל,קופת גמל להשקעה - חסכון לילד | כללי/מעורב/גמיש/תלוי גיל,2020,4.0248,12,133.7
gemel,11387,מיטב קופת גמל להשקעה לחיסכון ארוך טווח לילד אחר חיסכון לכל ילד - חוסכים המעדיפים סיכון מוגבר,קופת גמל להשקעה - חסכון לילד,מניות אקטיבי,קופת גמל להשקעה - חסכון לילד | מניות אקטיבי,2020,7.4101,12,91.5
gemel,11388,מיטב קופת גמל להשקעה לחיסכון ארוך טווח לילד הלכה,קופת גמל להשקעה - חסכון לילד,כללי/מעורב/גמיש/תלוי גיל,קופת גמל להשקעה - חסכון לילד | כללי/מעורב/גמיש/תלוי גיל,2020,2.3034,12,167.8
gemel,11390,ילין לפידות קופת גמל להשקעה מסלול כללי,קופת גמל להשקעה,כללי/מעורב/גמיש/תלוי גיל,קופת גמל להשקעה | כללי/מעורב/גמיש/תלוי גיל,2020,4.9586,12,657.4
gemel,11391,"ילין לפידות קופת גמל להשקעה מסלול אשראי ואג""ח",קופת גמל להשקעה,"אג""ח ללא מניות","קופת גמל להשקעה | אג""ח ללא מניות",2020,3.1653,12,52.7
gemel,11392,"ילין לפידות קופת גמל להשקעה מסלול אשראי ואג""ח עם מניות (עד 25% מניות)",קופת גמל להשקעה,עד 25% מניות,קופת גמל להשקעה | עד 25% מניות,2020,3.2881,12,127.5
gemel,11393,"ילין לפידות קופת גמל להשקעה מסלול אג""ח ממשלות",קופת גמל להשקעה,"אג""ח ללא מניות","קופת גמל להשקעה | אג""ח ללא מניות",2020,2.1048,12,28.3
gemel,11394,ילין לפידות קופת גמל להשקעה מסלול מניות,קופת גמל להשקעה,מניות אקטיבי,קופת גמל להשקעה | מניות אקטיבי,2020,7.7804,12,373.3
gemel,11407,אינפיניטי גמל להשקעה מניות,קופת גמל להשקעה,מניות אקטיבי,קופת גמל להשקעה | מניות אקטיבי,2020,6.8851,12,15.5
gemel,11408,מנורה מבטחים השתלמות עוקב מדדים גמיש,קרנות השתלמות,כללי/מעורב/גמיש/תלוי גיל,קרנות השתלמות | כללי/מעורב/גמיש/תלוי גיל,2020,1.7019,12,20.2
gemel,11409,"מנורה מבטחים השתלמות עוקב מדדים - אג""ח עם מניות (עד 25% מניות)",קרנות השתלמות,עד 25% מניות,קרנות השתלמות | עד 25% מניות,2020,1.3032,12,34.4
gemel,11411,הלמן-אלדובי קופת גמל להשקעה מחקה מדד S&P500,קופת גמל להשקעה,מניות פאסיבי,קופת גמל להשקעה | מניות פאסיבי,2020,9.5285,12,247.5
gemel,1147,"מנורה מבטחים תגמולים ופיצויים אג""ח עד 10% מניות",תגמולים ואישית לפיצויים,עד 25% מניות,תגמולים ואישית לפיצויים | עד 25% מניות,2020,0.6621,12,947.7
gemel,1149,"מנורה מבטחים השתלמות אג""ח עד 10% מניות",קרנות השתלמות,עד 25% מניות,קרנות השתלמות | עד 25% מניות,2020,0.9601,12,1788.0
gemel,1162,ילין לפידות קרן השתלמות מסלול כללי,קרנות השתלמות,כללי/מעורב/גמיש/תלוי גיל,קרנות השתלמות | כללי/מעורב/גמיש/תלוי גיל,2020,4.8231,12,15671.1
gemel,117,"כלל תמר אשראי ואג""ח",תגמולים ואישית לפיצויים,"אג""ח ללא מניות","תגמולים ואישית לפיצויים | אג""ח ללא מניות",2020,1.4928,12,795.6
gemel,1183,פסגות שיא השתלמות ישראל,קרנות השתלמות,כללי/מעורב/גמיש/תלוי גיל,קרנות השתלמות | כללי/מעורב/גמיש/תלוי גיל,2020,4.3865,12,1947.9
gemel,119,מנורה מבטחים יותר מסלול ד',תגמולים ואישית לפיצויים,כללי/מעורב/גמיש/תלוי גיל,תגמולים ואישית לפיצויים | כללי/מעורב/גמיש/תלוי גיל,2020,1.8811,12,992.6
gemel,1190,"הפניקס השתלמות אג""ח עד 25% מניות",קרנות השתלמות,עד 25% מניות,קרנות השתלמות | עד 25% מניות,2020,3.2221,12,435.4
gemel,11914,אינפיניטי חיסכון לילד - הלכה,קופת גמל להשקעה - חסכון לילד,כללי/מעורב/גמיש/תלוי גיל,קופת גמל להשקעה - חסכון לילד | כללי/מעורב/גמיש/תלוי גיל,2020,8.3687,12,10.2
gemel,11926,סלייס השתלמות כללי,קרנות השתלמות,כללי/מעורב/גמיש/תלוי גיל,קרנות השתלמות | כללי/מעורב/גמיש/תלוי גיל,2020,-6.14,12,4.7
gemel,11928,"סלייס השתלמות אג""ח אג""ח",קרנות השתלמות,"אג""ח ללא מניות","קרנות השתלמות | אג""ח ללא מניות",2020,2.1509,12,31.1
gemel,11934,"סלייס השתלמות מדד חו""ל",קרנות השתלמות,מניות פאסיבי,קרנות השתלמות | מניות פאסיבי,2020,-0.1242,12,1.5
gemel,11942,"סלייס גמל קופת גמל לחסכון אג""ח אג""ח",תגמולים ואישית לפיצויים,"אג""ח ללא מניות","תגמולים ואישית לפיצויים | אג""ח ללא מניות",2020,1.9825,12,75.5
gemel,11944,"סלייס גמל קופת גמל לחסכון חו""ל חו""ל",תגמולים ואישית לפיצויים,כללי/מעורב/גמיש/תלוי גיל,תגמולים ואישית לפיצויים | כללי/מעורב/גמיש/תלוי גיל,2020,-9.0677,6,0.0
gemel,11949,"סלייס גמל קופת גמל לחסכון מדד חו""ל",תגמולים ואישית לפיצויים,מניות פאסיבי,תגמולים ואישית לפיצויים | מניות פאסיבי,2020,0.4865,11,0.3
gemel,11957,"אינפיניטי השתלמות אשראי ואג""ח עם מניות (עד 25% מניות)",קרנות השתלמות,עד 25% מניות,קרנות השתלמות | עד 25% מניות,2020,2.9106,12,2.0
gemel,11979,סלייס גמל קופת גמל לחסכון מדרגות עד 50,תגמולים ואישית לפיצויים,כללי/מעורב/גמיש/תלוי גיל,תגמולים ואישית לפיצויים | כללי/מעורב/גמיש/תלוי גיל,2020,-5.2527,12,8.8
gemel,1198,"הלמן-אלדובי גמל מסלול אג""ח ללא מניות",תגמולים ואישית לפיצויים,"אג""ח ללא מניות","תגמולים ואישית לפיצויים | אג""ח ללא מניות",2020,0.8774,12,484.7
gemel,11980,סלייס גמל קופת גמל לחסכון מדרגות 50-60,תגמולים ואישית לפיצויים,כללי/מעורב/גמיש/תלוי גיל,תגמולים ואישית לפיצויים | כללי/מעורב/גמיש/תלוי גיל,2020,7.5962,8,0.8
gemel,11981,סלייס גמל קופת גמל לחסכון מדרגות 60 ומעלה,תגמולים ואישית לפיצויים,כללי/מעורב/גמיש/תלוי גיל,תגמולים ואישית לפיצויים | כללי/מעורב/גמיש/תלוי גיל,2020,5.5839,8,0.4
gemel,1202,"הלמן-אלדובי קרן השתלמות מסלול אג""ח ללא מניות",קרנות השתלמות,"אג""ח ללא מניות","קרנות השתלמות | אג""ח ללא מניות",2020,0.9821,12,340.0
gemel,1203,"הלמן-אלדובי קרן השתלמות מסלול אג""ח עד 10% מניות",קרנות השתלמות,עד 25% מניות,קרנות השתלמות | עד 25% מניות,2020,1.5765,12,405.9
gemel,1209,"אינפיניטי גמל אג""ח ממשלות",תגמולים ואישית לפיצויים,"אג""ח ללא מניות","תגמולים ואישית לפיצויים | אג""ח ללא מניות",2020,-0.6846,12,39.6
gemel,1210,"אינפיניטי השתלמות אג""ח ממשלות",קרנות השתלמות,"אג""ח ללא מניות","קרנות השתלמות | אג""ח ללא מניות",2020,-0.3208,12,64.8
gemel,1219,אלטשולר שחם קמה,תגמולים ואישית לפיצויים,כללי/מעורב/גמיש/תלוי גיל,תגמולים ואישית לפיצויים | כללי/מעורב/גמיש/תלוי גיל,2020,0.1579,12,211.4
gemel,12256,אלטשולר שחם השתלמות הלכה,קרנות השתלמות,כללי/מעורב/גמיש/תלוי גיל,קרנות השתלמות | כללי/מעורב/גמיש/תלוי גיל,2020,4.8586,12,121.8
gemel,12257,אלטשולר שחם חיסכון פלוס הלכה,קופת גמל להשקעה,כללי/מעורב/גמיש/תלוי גיל,קופת גמל להשקעה | כללי/מעורב/גמיש/תלוי גיל,2020,4.7856,12,88.8
gemel,124,כלל תמר מדד,תגמולים ואישית לפיצויים,"אג""ח ללא מניות","תגמולים ואישית לפיצויים | אג""ח ללא מניות",2020,0.6386,12,763.2
gemel,1240,"מיטב השתלמות אשראי ואג""ח",קרנות השתלמות,"אג""ח ללא מניות","קרנות השתלמות | אג""ח ללא מניות",2020,1.864,12,498.9
gemel,12530,"ילין לפידות קרן השתלמות מסלול אג""ח עד 15% מניות",קרנות השתלמות,עד 25% מניות,קרנות השתלמות | עד 25% מניות,2020,2.4331,12,220.9
gemel,12531,"אלפא מור קופת גמל לחיסכון, קופת גמל לתגמולים וקופת גמל אישית לפיצויים - מניות",תגמולים ואישית לפיצויים,מניות אקטיבי,תגמולים ואישית לפיצויים | מניות אקטיבי,2020,33.4744,12,566.3
gemel,12532,"אלפא מור קופת גמל לחיסכון, קופת גמל לתגמולים וקופת גמל אישית לפיצויים - לבני 50 ומטה",תגמולים ואישית לפיצויים,כללי/מעורב/גמיש/תלוי גיל,תגמולים ואישית לפיצויים | כללי/מעורב/גמיש/תלוי גיל,2020,17.7814,12,746.0
gemel,12533,"אלפא מור קופת גמל לחיסכון, קופת גמל לתגמולים וקופת גמל אישית לפיצויים - לבני 50 עד 60",תגמולים ואישית לפיצויים,כללי/מעורב/גמיש/תלוי גיל,תגמולים ואישית לפיצויים | כללי/מעורב/גמיש/תלוי גיל,2020,14.2364,12,2353.0
gemel,12534,"אלפא מור קופת גמל לחיסכון, קופת גמל לתגמולים וקופת גמל אישית לפיצויים - לבני 60 ומעלה",תגמולים ואישית לפיצויים,כללי/מעורב/גמיש/תלוי גיל,תגמולים ואישית לפיצויים | כללי/מעורב/גמיש/תלוי גיל,2020,8.313,12,1474.7
gemel,12535,מור קרן השתלמות לשכירים ולעצמאים - כללי,קרנות השתלמות,כללי/מעורב/גמיש/תלוי גיל,קרנות השתלמות | כללי/מעורב/גמיש/תלוי גיל,2020,14.2309,12,2148.6
gemel,12536,מור קרן השתלמות לשכירים ולעצמאים - מניות,קרנות השתלמות,מניות אקטיבי,קרנות השתלמות | מניות אקטיבי,2020,30.6712,12,635.0
gemel,12537,מור גמל להשקעה - מניות,קופת גמל להשקעה,מניות אקטיבי,קופת גמל להשקעה | מניות אקטיבי,2020,25.6434,12,308.4
gemel,12538,מור גמל להשקעה - כללי,קופת גמל להשקעה,כללי/מעורב/גמיש/תלוי גיל,קופת גמל להשקעה | כללי/מעורב/גמיש/תלוי גיל,2020,11.8734,12,421.0
gemel,12540,אינפיניטי גמל להשקעה הלכה,קופת גמל להשקעה,כללי/מעורב/גמיש/תלוי גיל,קופת גמל להשקעה | כללי/מעורב/גמיש/תלוי גיל,2020,8.0042,12,5.5
gemel,12541,"כלל תמר אג""ח עד 15% מניות",תגמולים ואישית לפיצויים,עד 25% מניות,תגמולים ואישית לפיצויים | עד 25% מניות,2020,2.9457,12,82.2
gemel,1256,מנורה מבטחים השתלמות מסלול מניות,קרנות השתלמות,מניות אקטיבי,קרנות השתלמות | מניות אקטיבי,2020,4.157,12,211.3
gemel,12599,"כלל השתלמות אשראי ואג""ח עם מניות(עד 25% מניות)",קרנות השתלמות,עד 25% מניות,קרנות השתלמות | עד 25% מניות,2020,3.6972,12,94.3
gemel,127,כלל תמר מניות,תגמולים ואישית לפיצויים,מניות אקטיבי,תגמולים ואישית לפיצויים | מניות אקטיבי,2020,8.5743,12,383.2
gemel,128,כלל תמר כספי(שקלי),תגמולים ואישית לפיצויים,כספי,תגמולים ואישית לפיצויים | כספי,2020,0.3203,12,198.7
gemel,1290,אלטשולר שחם השתלמות כללי ב',קרנות השתלמות,כללי/מעורב/גמיש/תלוי גיל,קרנות השתלמות | כללי/מעורב/גמיש/תלוי גיל,2020,6.4369,12,1775.2
gemel,12955,"מור גמל להשקעה -אשראי ואג""ח (עד 25% מניות)",קופת גמל להשקעה,עד 25% מניות,קופת גמל להשקעה | עד 25% מניות,2020,12.6318,7,42.7
gemel,12956,"מור קרן השתלמות לשכירים ולעצמאים - אשראי ואג""ח עם מניות (עד 25% מניות)",קרנות השתלמות,עד 25% מניות,קרנות השתלמות | עד 25% מניות,2020,9.8606,6,93.8
gemel,12957,"אלפא מור קופת גמל לתגמולים ואישית לפיצויים וקופת גמל לא משלמת לקצבה אג""ח עד 25% במניות",תגמולים ואישית לפיצויים,עד 25% מניות,תגמולים ואישית לפיצויים | עד 25% מניות,2020,8.9858,6,94.1
gemel,1319,"ילין לפידות קרן השתלמות מסלול אשראי ואג""ח",קרנות השתלמות,"אג""ח ללא מניות","קרנות השתלמות | אג""ח ללא מניות",2020,1.2155,12,354.6
gemel,132,הלמן-אלדובי השתלמות כללי,קרנות השתלמות,כללי/מעורב/גמיש/תלוי גיל,קרנות השתלמות | כללי/מעורב/גמיש/תלוי גיל,2020,4.1672,12,3088.4
gemel,13209,הפניקס גמל להשקעה כספי (שקלי),קופת גמל להשקעה,כספי,קופת גמל להשקעה | כספי,2020,0.1601,8,7.0
gemel,13228,אינפיניטי גמל להשקעה עוקב מדדים גמיש,קופת גמל להשקעה,כללי/מעורב/גמיש/תלוי גיל,קופת גמל להשקעה | כללי/מעורב/גמיש/תלוי גיל,2020,4.7596,3,4.4
gemel,13229,אינפיניטי השתלמות כללי,קרנות השתלמות,כללי/מעורב/גמיש/תלוי גיל,קרנות השתלמות | כללי/מעורב/גמיש/תלוי גיל,2020,7.4187,3,1.9
gemel,13245,מיטב השתלמות עוקב מדד S&P500,קרנות השתלמות,מניות פאסיבי,קרנות השתלמות | מניות פאסיבי,2020,8.7516,5,141.8
gemel,13246,מיטב גמל עוקב מדד S&P500,תגמולים ואישית לפיצויים,מניות פאסיבי,תגמולים ואישית לפיצויים | מניות פאסיבי,2020,8.8704,5,116.3
gemel,13250,הפניקס גמל להשקעה עוקב מדד S&P500,קופת גמל להשקעה,מניות פאסיבי,קופת גמל להשקעה | מניות פאסיבי,2020,2.6267,4,39.8
gemel,13254,הראל גמל להשקעה כספי (שקלי),קופת גמל להשקעה,כספי,קופת גמל להשקעה | כספי,2020,0.36,2,1.1
gemel,13259,מיטב גמל להשקעה עוקב מדד S&P 500,קופת גמל להשקעה,מניות פאסיבי,קופת גמל להשקעה | מניות פאסיבי,2020,4.2046,3,26.7
gemel,13263,הפניקס גמל מחקה מדד s&p500,תגמולים ואישית לפיצויים,מניות פאסיבי,תגמולים ואישית לפיצויים | מניות פאסיבי,2020,7.0458,2,378.1
gemel,13264,הפניקס השתלמות מחקה מדד s&p500,קרנות השתלמות,מניות פאסיבי,קרנות השתלמות | מניות פאסיבי,2020,7.0352,2,338.6
gemel,1330,פסגות גדיש מניות,תגמולים ואישית לפיצויים,מניות אקטיבי,תגמולים ואישית לפיצויים | מניות אקטיבי,2020,7.2023,12,585.8
gemel,1331,פסגות גדיש אגח עד 10% מניות,תגמולים ואישית לפיצויים,עד 25% מניות,תגמולים ואישית לפיצויים | עד 25% מניות,2020,2.046,12,2655.4
gemel,1332,"פסגות גדיש אג""ח",תגמולים ואישית לפיצויים,"אג""ח ללא מניות","תגמולים ואישית לפיצויים | אג""ח ללא מניות",2020,1.1865,12,528.4
gemel,1333,פסגות גדיש כספי,תגמולים ואישית לפיצויים,כספי,תגמולים ואישית לפיצויים | כספי,2020,0.08,12,279.7
gemel,1334,הראל גמל כספי (שקלי),תגמולים ואישית לפיצויים,כספי,תגמולים ואישית לפיצויים | כספי,2020,0.28,12,253.4
gemel,1335,"הראל גמל מסלול אשראי ואג""ח",תגמולים ואישית לפיצויים,"אג""ח ללא מניות","תגמולים ואישית לפיצויים | אג""ח ללא מניות",2020,2.1862,12,271.4
gemel,1343,מנורה מבטחים תגמולים ופיצויים מסלול כספי (שקלי),תגמולים ואישית לפיצויים,כספי,תגמולים ואישית לפיצויים | כספי,2020,0.08,12,84.6
gemel,1344,"מנורה מבטחים תגמולים ופיצויים אג""ח ממשלת ישראל",תגמולים ואישית לפיצויים,"אג""ח ללא מניות","תגמולים ואישית לפיצויים | אג""ח ללא מניות",2020,0.2226,12,149.7
gemel,1348,"כלל השתלמות אשראי ואג""ח",קרנות השתלמות,"אג""ח ללא מניות","קרנות השתלמות | אג""ח ללא מניות",2020,0.7183,12,280.0
gemel,1350,כלל השתלמות מניות,קרנות השתלמות,מניות אקטיבי,קרנות השתלמות | מניות אקטיבי,2020,8.0179,12,331.5
gemel,1351,כלל השתלמות כספי(שקלי),קרנות השתלמות,כספי,קרנות השתלמות | כספי,2020,0.3203,12,192.9
gemel,1353,מיטב השתלמות מעל 6 שנות וותק,קרנות השתלמות,כללי/מעורב/גמיש/תלוי גיל,קרנות השתלמות | כללי/מעורב/גמיש/תלוי גיל,2020,4.1696,12,2240.8
gemel,1360,"ילין לפידות קופת גמל מסלול אג""ח ממשלות",תגמולים ואישית לפיצויים,"אג""ח ללא מניות","תגמולים ואישית לפיצויים | אג""ח ללא מניות",2020,1.4439,12,208.2
gemel,1361,"ילין לפידות קרן השתלמות מסלול אג""ח ממשלות",קרנות השתלמות,"אג""ח ללא מניות","קרנות השתלמות | אג""ח ללא מניות",2020,1.5163,12,336.2
gemel,1364,מנורה מבטחים תגמולים ופיצויים מסלול מניות,תגמולים ואישית לפיצויים,מניות אקטיבי,תגמולים ואישית לפיצויים | מניות אקטיבי,2020,4.6592,12,96.0
gemel,1368,הראל גמל מסלול שקלי,תגמולים ואישית לפיצויים,"אג""ח ללא מניות","תגמולים ואישית לפיצויים | אג""ח ללא מניות",2020,2.3101,12,262.1
gemel,1369,הראל השתלמות מסלול שקלי,קרנות השתלמות,"אג""ח ללא מניות","קרנות השתלמות | אג""ח ללא מניות",2020,1.9134,12,363.7
gemel,1370,מיטב השתלמות כספי (שקלי),קרנות השתלמות,כספי,קרנות השתלמות | כספי,2020,0.5709,12,268.4
gemel,1375,אלטשולר שחם גמל מניות,תגמולים ואישית לפיצויים,מניות אקטיבי,תגמולים ואישית לפיצויים | מניות אקטיבי,2020,6.9239,12,3075.5
gemel,1376,"אלטשולר שחם גמל אשראי ואג""ח",תגמולים ואישית לפיצויים,"אג""ח ללא מניות","תגמולים ואישית לפיצויים | אג""ח ללא מניות",2020,4.2717,12,585.8
gemel,1377,אלטשולר שחם השתלמות מניות,קרנות השתלמות,מניות אקטיבי,קרנות השתלמות | מניות אקטיבי,2020,6.4536,12,6496.6
gemel,1378,"אלטשולר שחם השתלמות אשראי ואג""ח",קרנות השתלמות,"אג""ח ללא מניות","קרנות השתלמות | אג""ח ללא מניות",2020,4.3349,12,696.5
gemel,1386,"מיטב גמל אג""ח ממשלות",תגמולים ואישית לפיצויים,"אג""ח ללא מניות","תגמולים ואישית לפיצויים | אג""ח ללא מניות",2020,1.4512,12,106.8
gemel,1387,"מיטב השתלמות אג""ח ממשלות",קרנות השתלמות,"אג""ח ללא מניות","קרנות השתלמות | אג""ח ללא מניות",2020,1.309,12,276.6
gemel,1394,אלטשולר שחם גמל כספי (שקלי),תגמולים ואישית לפיצויים,כספי,תגמולים ואישית לפיצויים | כספי,2020,0.07,12,356.8
gemel,1395,"אלטשולר שחם גמל אג""ח ממשלות",תגמולים ואישית לפיצויים,"אג""ח ללא מניות","תגמולים ואישית לפיצויים | אג""ח ללא מניות",2020,2.3779,12,293.8
gemel,1398,אלטשולר שחם השתלמות כספי (שקלי),קרנות השתלמות,כספי,קרנות השתלמות | כספי,2020,0.07,12,414.0
gemel,1399,"אלטשולר שחם השתלמות אג""ח ממשלות",קרנות השתלמות,"אג""ח ללא מניות","קרנות השתלמות | אג""ח ללא מניות",2020,2.3467,12,362.6
gemel,1408,"מנורה מבטחים השתלמות מסלול אג""ח ממשלת ישראל",קרנות השתלמות,"אג""ח ללא מניות","קרנות השתלמות | אג""ח ללא מניות",2020,0.5727,12,413.4
gemel,1409,מנורה מבטחים השתלמות מסלול מניות סחיר,קרנות השתלמות,מניות אקטיבי,קרנות השתלמות | מניות אקטיבי,2020,11.2274,12,103.1
gemel,1412,"אנליסט גמל אג""ח ממשלות",תגמולים ואישית לפיצויים,"אג""ח ללא מניות","תגמולים ואישית לפיצויים | אג""ח ללא מניות",2020,0.1334,12,27.0
gemel,1424,פסגות שיא השתלמות אגח עד 10% מניות,קרנות השתלמות,עד 25% מניות,קרנות השתלמות | עד 25% מניות,2020,1.517,12,995.6
gemel,1429,"פסגות שיא השתלמות אג""ח ממשלת ישראל",קרנות השתלמות,"אג""ח ללא מניות","קרנות השתלמות | אג""ח ללא מניות",2020,0.2036,12,167.0
gemel,1431,"פסגות גדיש אג""ח ממשלת ישראל",תגמולים ואישית לפיצויים,"אג""ח ללא מניות","תגמולים ואישית לפיצויים | אג""ח ללא מניות",2020,0.1937,12,260.6
gemel,1442,"הלמן-אלדובי גמל מסלול פאסיבי - מדדי אג""ח ממשלת ישראל",תגמולים ואישית לפיצויים,"אג""ח ללא מניות","תגמולים ואישית לפיצויים | אג""ח ללא מניות",2020,-0.1873,12,130.7
gemel,1443,"הלמן-אלדובי קרן השתלמות מסלול פאסיבי - מדדי אג""ח ממשלת ישראל",קרנות השתלמות,"אג""ח ללא מניות","קרנות השתלמות | אג""ח ללא מניות",2020,-0.1256,12,96.6
gemel,1484,"הראל גמל מסלול אג""ח קונצרני",תגמולים ואישית לפיצויים,"אג""ח ללא מניות","תגמולים ואישית לפיצויים | אג""ח ללא מניות",2020,1.4415,12,43.6
gemel,1485,"הראל השתלמות אשראי ואג""ח",קרנות השתלמות,"אג""ח ללא מניות","קרנות השתלמות | אג""ח ללא מניות",2020,2.5079,12,176.3
gemel,1490,"אינפיניטי גמל אג""ח קונצרני",תגמולים ואישית לפיצויים,"אג""ח ללא מניות","תגמולים ואישית לפיצויים | אג""ח ללא מניות",2020,-2.2731,12,10.8
gemel,1491,"אינפיניטי השתלמות אג""ח קונצרני",קרנות השתלמות,"אג""ח ללא מניות","קרנות השתלמות | אג""ח ללא מניות",2020,-2.5163,12,14.3
gemel,1523,הראל השתלמות מסלול הלכה,קרנות השתלמות,כללי/מעורב/גמיש/תלוי גיל,קרנות השתלמות | כללי/מעורב/גמיש/תלוי גיל,2020,2.4695,12,214.2
gemel,1524,הראל גמל מסלול הלכה,תגמולים ואישית לפיצויים,כללי/מעורב/גמיש/תלוי גיל,תגמולים ואישית לפיצויים | כללי/מעורב/גמיש/תלוי גיל,2020,2.1838,12,91.6
gemel,1533,כלל תמר מסלול הלכתי (הוד),תגמולים ואישית לפיצויים,כללי/מעורב/גמיש/תלוי גיל,תגמולים ואישית לפיצויים | כללי/מעורב/גמיש/תלוי גיל,2020,2.0773,12,71.2
gemel,1534,כלל השתלמות הלכה,קרנות השתלמות,כללי/מעורב/גמיש/תלוי גיל,קרנות השתלמות | כללי/מעורב/גמיש/תלוי גיל,2020,1.5338,12,157.6
gemel,1535,אנליסט השתלמות כספי (שקלי),קרנות השתלמות,כספי,קרנות השתלמות | כספי,2020,-0.0303,12,167.0
gemel,1536,אינפיניטי גמל מניות,תגמולים ואישית לפיצויים,מניות אקטיבי,תגמולים ואישית לפיצויים | מניות אקטיבי,2020,7.8236,12,50.7
gemel,1537,אינפיניטי השתלמות מניות,קרנות השתלמות,מניות אקטיבי,קרנות השתלמות | מניות אקטיבי,2020,8.0497,12,58.5
gemel,154,הראל השתלמות כללי,קרנות השתלמות,כללי/מעורב/גמיש/תלוי גיל,קרנות השתלמות | כללי/מעורב/גמיש/תלוי גיל,2020,4.092,12,8347.1
gemel,1543,"הלמן-אלדובי גמל מסלול מדדי מניות חו""ל (פאסיבי)",תגמולים ואישית לפיצויים,מניות פאסיבי,תגמולים ואישית לפיצויים | מניות פאסיבי,2020,7.3363,12,102.0
gemel,1544,"הלמן-אלדובי קרן השתלמות מסלול פאסיבי - מדדי מניות חו""ל",קרנות השתלמות,מניות פאסיבי,קרנות השתלמות | מניות פאסיבי,2020,7.4505,12,101.3
gemel,1689,מיטב גמל עוקב מדדי מניות,תגמולים ואישית לפיצויים,מניות פאסיבי,תגמולים ואישית לפיצויים | מניות פאסיבי,2020,4.3672,12,49.5
gemel,1692,"מיטב גמל עוקב מדדי אג""ח",תגמולים ואישית לפיצויים,"אג""ח ללא מניות","תגמולים ואישית לפיצויים | אג""ח ללא מניות",2020,2.5701,12,53.5
gemel,1861,מנורה מבטחים השתלמות מסלול לטווח ארוך,קרנות השתלמות,כללי/מעורב/גמיש/תלוי גיל,קרנות השתלמות | כללי/מעורב/גמיש/תלוי גיל,2020,4.244,12,5.3
gemel,199,"מגדל השתלמות מסלול אשראי ואג""ח",קרנות השתלמות,"אג""ח ללא מניות","קרנות השתלמות | אג""ח ללא מניות",2020,1.5256,12,237.0
gemel,2017,אלטשולר שחם גמל הלכה,תגמולים ואישית לפיצויים,כללי/מעורב/גמיש/תלוי גיל,תגמולים ואישית לפיצויים | כללי/מעורב/גמיש/תלוי גיל,2020,3.2142,12,164.8
gemel,2018,פסגות שיא השתלמות הלכה,קרנות השתלמות,כללי/מעורב/גמיש/תלוי גיל,קרנות השתלמות | כללי/מעורב/גמיש/תלוי גיל,2020,2.8249,12,162.6
gemel,2048,מגדל השתלמות מסלול הלכה,קרנות השתלמות,כללי/מעורב/גמיש/תלוי גיל,קרנות השתלמות | כללי/מעורב/גמיש/תלוי גיל,2020,0.969,12,161.2
gemel,2049,הפניקס גמל שריעה,תגמולים ואישית לפיצויים,כללי/מעורב/גמיש/תלוי גיל,תגמולים ואישית לפיצויים | כללי/מעורב/גמיש/תלוי גיל,2020,-0.4542,12,31.5
gemel,205,"פסגות גדיש חו""ל",תגמולים ואישית לפיצויים,כללי/מעורב/גמיש/תלוי גיל,תגמולים ואישית לפיצויים | כללי/מעורב/גמיש/תלוי גיל,2020,4.6635,12,160.9
gemel,2051,"מיטב דש גמל חו""ל",תגמולים ואישית לפיצויים,כללי/מעורב/גמיש/תלוי גיל,תגמולים ואישית לפיצויים | כללי/מעורב/גמיש/תלוי גיל,2020,-2.7177,6,0.0
gemel,2055,"מיטב דש השתלמות חו""ל",קרנות השתלמות,כללי/מעורב/גמיש/תלוי גיל,קרנות השתלמות | כללי/מעורב/גמיש/תלוי גיל,2020,-2.7223,6,0.0
gemel,2058,הפניקס השתלמות שריעה,קרנות השתלמות,כללי/מעורב/גמיש/תלוי גיל,קרנות השתלמות | כללי/מעורב/גמיש/תלוי גיל,2020,-0.7107,12,39.7
gemel,2089,"אקסלנס גמל אג""ח עד 20% מניות",תגמולים ואישית לפיצויים,עד 25% מניות,תגמולים ואישית לפיצויים | עד 25% מניות,2020,3.6766,12,180.1
gemel,211,"הפניקס גמל אג""ח עד 15% מניות",תגמולים ואישית לפיצויים,עד 25% מניות,תגמולים ואישית לפיצויים | עד 25% מניות,2020,3.8507,12,2125.8
gemel,2115,"כלל השתלמות אג""ח",קרנות השתלמות,"אג""ח ללא מניות","קרנות השתלמות | אג""ח ללא מניות",2020,1.423,12,171.1
gemel,223,"מיטב גמל אשראי ואג""ח",תגמולים ואישית לפיצויים,"אג""ח ללא מניות","תגמולים ואישית לפיצויים | אג""ח ללא מניות",2020,1.9813,12,737.0
gemel,2244,"פסגות שיא השתלמות חו""ל",קרנות השתלמות,כללי/מעורב/גמיש/תלוי גיל,קרנות השתלמות | כללי/מעורב/גמיש/תלוי גיל,2020,4.5215,12,71.5
gemel,2252,"אינפיניטי השתלמות אג""ח עד 15% מניות",קרנות השתלמות,עד 25% מניות,קרנות השתלמות | עד 25% מניות,2020,-0.1817,12,10.5
gemel,2254,אינפיניטי השתלמות משולב סחיר,קרנות השתלמות,כללי/מעורב/גמיש/תלוי גיל,קרנות השתלמות | כללי/מעורב/גמיש/תלוי גיל,2020,2.6699,12,7.7
gemel,2255,"הלמן-אלדובי גמל מחקה מדד ת""א 35",תגמולים ואישית לפיצויים,מניות פאסיבי,תגמולים ואישית לפיצויים | מניות פאסיבי,2020,-13.3946,12,33.1
gemel,2256,הלמן-אלדובי גמל מחקה מדד S&P500,תגמולים ואישית לפיצויים,מניות פאסיבי,תגמולים ואישית לפיצויים | מניות פאסיבי,2020,10.0635,12,907.3
gemel,2263,הלמן-אלדובי גמל פאסיבי משולב עד 25% מניות,תגמולים ואישית לפיצויים,עד 25% מניות,תגמולים ואישית לפיצויים | עד 25% מניות,2020,1.4059,12,97.3
gemel,2264,"הלמן-אלדובי השתלמות מחקה מדד ת""א 35",קרנות השתלמות,מניות פאסיבי,קרנות השתלמות | מניות פאסיבי,2020,-12.6627,12,39.5
gemel,2265,הלמן-אלדובי השתלמות מחקה מדד S&P500,קרנות השתלמות,מניות פאסיבי,קרנות השתלמות | מניות פאסיבי,2020,9.9744,12,990.2
gemel,2271,הלמן-אלדובי השתלמות פאסיבי משולב עד 25% מניות,קרנות השתלמות,עד 25% מניות,קרנות השתלמות | עד 25% מניות,2020,1.3933,12,85.1
gemel,253,"כלל תמר אג""ח עד 25% מניות",תגמולים ואישית לפיצויים,עד 25% מניות,תגמולים ואישית לפיצויים | עד 25% מניות,2020,2.5319,12,11131.3
gemel,257,הלמן-אלדובי גמל ישראל,תגמולים ואישית לפיצויים,כללי/מעורב/גמיש/תלוי גיל,תגמולים ואישית לפיצויים | כללי/מעורב/גמיש/תלוי גיל,2020,2.5549,12,2736.3
gemel,259,הלמן-אלדובי גמל כללי (לשעבר קופת פקידי מרכנתיל דיסקונט),תגמולים ואישית לפיצויים,כללי/מעורב/גמיש/תלוי גיל,תגמולים ואישית לפיצויים | כללי/מעורב/גמיש/תלוי גיל,2020,3.9532,12,154.4
gemel,260,מנורה מבטחים אמיר כללי,תגמולים ואישית לפיצויים,כללי/מעורב/גמיש/תלוי גיל,תגמולים ואישית לפיצויים | כללי/מעורב/גמיש/תלוי גיל,2020,3.2362,12,503.2
gemel,263,"בר קרן גמולים קופת גמל לתגמולים ופיצויים בניהול כלל גמל בע""מ",תגמולים ואישית לפיצויים,כללי/מעורב/גמיש/תלוי גיל,תגמולים ואישית לפיצויים | כללי/מעורב/גמיש/תלוי גיל,2020,5.5881,12,4097.2
gemel,270,פסגות גדיש אגח עד 20% מניות,תגמולים ואישית לפיצויים,עד 25% מניות,תגמולים ואישית לפיצויים | עד 25% מניות,2020,2.6931,12,1271.6
gemel,385,"הפניקס גמל אשראי ואג""ח",תגמולים ואישית לפיצויים,"אג""ח ללא מניות","תגמולים ואישית לפיצויים | אג""ח ללא מניות",2020,1.9241,12,1118.7
gemel,395,"הלמן-אלדובי השתלמות אג""ח עד 25% במניות",קרנות השתלמות,עד 25% מניות,קרנות השתלמות | עד 25% מניות,2020,2.3602,12,393.8
gemel,396,פסגות שיא השתלמות כללי,קרנות השתלמות,כללי/מעורב/גמיש/תלוי גיל,קרנות השתלמות | כללי/מעורב/גמיש/תלוי גיל,2020,4.0471,12,9079.7
gemel,401,הפניקס גמל לבני 60 ומעלה,תגמולים ואישית לפיצויים,כללי/מעורב/גמיש/תלוי גיל,תגמולים ואישית לפיצויים | כללי/מעורב/גמיש/תלוי גיל,2020,4.0686,12,2850.4
gemel,416,"הראל השתלמות אשראי ואג""ח עם מניות (עד 25% מניות)",קרנות השתלמות,עד 25% מניות,קרנות השתלמות | עד 25% מניות,2020,2.8863,12,2134.4
gemel,456,כלל השתלמות כללי,קרנות השתלמות,כללי/מעורב/גמיש/תלוי גיל,קרנות השתלמות | כללי/מעורב/גמיש/תלוי גיל,2020,5.6696,12,9166.6
gemel,470,מגדל השתלמות לבני 60 ומעלה,קרנות השתלמות,כללי/מעורב/גמיש/תלוי גיל,קרנות השתלמות | כללי/מעורב/גמיש/תלוי גיל,2020,3.6075,12,210.6
gemel,472,"אלטשולר שחם גמל אג""ח עד 15% במניות",תגמולים ואישית לפיצויים,עד 25% מניות,תגמולים ואישית לפיצויים | עד 25% מניות,2020,4.5419,12,1388.0
gemel,481,מיטב השתלמות עוקב מדדים גמיש,קרנות השתלמות,כללי/מעורב/גמיש/תלוי גיל,קרנות השתלמות | כללי/מעורב/גמיש/תלוי גיל,2020,3.1892,12,49.6
gemel,502,"הראל גמל מסלול אג""ח עד 20% מניות",תגמולים ואישית לפיצויים,עד 25% מניות,תגמולים ואישית לפיצויים | עד 25% מניות,2020,2.73,12,2777.7
gemel,551,מיטב גמל לבני 60 ומעלה,תגמולים ואישית לפיצויים,כללי/מעורב/גמיש/תלוי גיל,תגמולים ואישית לפיצויים | כללי/מעורב/גמיש/תלוי גיל,2020,4.5181,12,3467.4
gemel,554,מיטב השתלמות עד 6 שנות וותק,קרנות השתלמות,כללי/מעורב/גמיש/תלוי גיל,קרנות השתלמות | כללי/מעורב/גמיש/תלוי גיל,2020,6.0273,12,7526.1
gemel,558,"אלטשולר שחם השתלמות אשראי ואג""ח עם מניות (עד 25% מניות)",קרנות השתלמות,עד 25% מניות,קרנות השתלמות | עד 25% מניות,2020,5.2322,12,9239.0
gemel,566,הראל השתלמות לטווח ארוך,קרנות השתלמות,כללי/מעורב/גמיש/תלוי גיל,קרנות השתלמות | כללי/מעורב/גמיש/תלוי גיל,2020,5.2337,12,110.5
gemel,579,מגדל השתלמות מסלול כללי,קרנות השתלמות,כללי/מעורב/גמיש/תלוי גיל,קרנות השתלמות | כללי/מעורב/גמיש/תלוי גיל,2020,4.8416,12,12224.1
gemel,592,כלל תמר שקלים,תגמולים ואישית לפיצויים,"אג""ח ללא מניות","תגמולים ואישית לפיצויים | אג""ח ללא מניות",2020,1.6814,12,378.8
gemel,599,"מגדל השתלמות מסלול אג""ח עד 10% מניות",קרנות השתלמות,עד 25% מניות,קרנות השתלמות | עד 25% מניות,2020,2.3581,12,324.9
gemel,610,"פסגות שיא השתלמות אג""ח",קרנות השתלמות,"אג""ח ללא מניות","קרנות השתלמות | אג""ח ללא מניות",2020,0.9904,12,579.8
gemel,611,פסגות שיא השתלמות כספי,קרנות השתלמות,כספי,קרנות השתלמות | כספי,2020,0.04,12,173.3
gemel,612,פסגות שיא השתלמות מניות,קרנות השתלמות,מניות אקטיבי,קרנות השתלמות | מניות אקטיבי,2020,6.5759,12,513.9
gemel,686,הפניקס השתלמות לטווח קצר,קרנות השתלמות,כללי/מעורב/גמיש/תלוי גיל,קרנות השתלמות | כללי/מעורב/גמיש/תלוי גיל,2020,5.8719,12,5259.8
gemel,715,הפניקס השתלמות כספי (שקלי),קרנות השתלמות,כספי,קרנות השתלמות | כספי,2020,0.2299,12,291.9
gemel,716,"הפניקס השתלמות אשראי ואג""ח",קרנות השתלמות,"אג""ח ללא מניות","קרנות השתלמות | אג""ח ללא מניות",2020,2.6255,12,647.6
gemel,7215,מיטב גמל לבני 50 ומטה,תגמולים ואישית לפיצויים,כללי/מעורב/גמיש/תלוי גיל,תגמולים ואישית לפיצויים | כללי/מעורב/גמיש/תלוי גיל,2020,6.6674,12,912.7
gemel,7231,אינפיניטי גמל מסלול לבני 50 ומטה,תגמולים ואישית לפיצויים,כללי/מעורב/גמיש/תלוי גיל,תגמולים ואישית לפיצויים | כללי/מעורב/גמיש/תלוי גיל,2020,3.1271,12,5.4
gemel,7232,אינפיניטי גמל מסלול לבני 50 עד 60,תגמולים ואישית לפיצויים,כללי/מעורב/גמיש/תלוי גיל,תגמולים ואישית לפיצויים | כללי/מעורב/גמיש/תלוי גיל,2020,3.1337,12,34.0
gemel,7233,אינפיניטי גמל מסלול לבני 60 ומעלה,תגמולים ואישית לפיצויים,כללי/מעורב/גמיש/תלוי גיל,תגמולים ואישית לפיצויים | כללי/מעורב/גמיש/תלוי גיל,2020,1.0237,12,20.9
gemel,724,הלמן-אלדובי גמל מניות,תגמולים ואישית לפיצויים,מניות אקטיבי,תגמולים ואישית לפיצויים | מניות אקטיבי,2020,5.4038,12,103.7
gemel,7253,מגדל השתלמות מסלול לבני 50 ומטה,קרנות השתלמות,כללי/מעורב/גמיש/תלוי גיל,קרנות השתלמות | כללי/מעורב/גמיש/תלוי גיל,2020,5.7811,12,430.0
gemel,7254,מגדל השתלמות מסלול לבני 50 עד 60,קרנות השתלמות,כללי/מעורב/גמיש/תלוי גיל,קרנות השתלמות | כללי/מעורב/גמיש/תלוי גיל,2020,5.122,12,183.8
gemel,7256,מגדל השתלמות מסלול עוקב מדדים - גמיש,קרנות השתלמות,כללי/מעורב/גמיש/תלוי גיל,קרנות השתלמות | כללי/מעורב/גמיש/תלוי גיל,2020,1.3248,12,47.6
gemel,738,הלמן-אלדובי השתלמות מניות,קרנות השתלמות,מניות אקטיבי,קרנות השתלמות | מניות אקטיבי,2020,5.3781,12,121.4
gemel,744,מגדל לתגמולים ולפיצויים מסלול כללי,תגמולים ואישית לפיצויים,כללי/מעורב/גמיש/תלוי גיל,תגמולים ואישית לפיצויים | כללי/מעורב/גמיש/תלוי גיל,2020,-1.7209,9,0.0
gemel,761,הראל גמל מסלול מניות,תגמולים ואישית לפיצויים,מניות אקטיבי,תגמולים ואישית לפיצויים | מניות אקטיבי,2020,8.5173,12,335.9
gemel,762,"הראל גמל מסלול אג""ח עד 10% מניות",תגמולים ואישית לפיצויים,עד 25% מניות,תגמולים ואישית לפיצויים | עד 25% מניות,2020,2.1621,12,2233.6
gemel,763,הראל השתלמות מסלול מניות,קרנות השתלמות,מניות אקטיבי,קרנות השתלמות | מניות אקטיבי,2020,7.0669,12,620.0
gemel,764,"הראל השתלמות אג""ח עד 10% מניות",קרנות השתלמות,עד 25% מניות,קרנות השתלמות | עד 25% מניות,2020,2.3689,12,1468.2
gemel,767,מיטב גמל הלכה,תגמולים ואישית לפיצויים,כללי/מעורב/גמיש/תלוי גיל,תגמולים ואישית לפיצויים | כללי/מעורב/גמיש/תלוי גיל,2020,2.273,12,146.8
gemel,768,מיטב השתלמות הלכה,קרנות השתלמות,כללי/מעורב/גמיש/תלוי גיל,קרנות השתלמות | כללי/מעורב/גמיש/תלוי גיל,2020,2.2563,12,330.8
gemel,7798,אלטשולר שחם חיסכון פלוס כללי,קופת גמל להשקעה,כללי/מעורב/גמיש/תלוי גיל,קופת גמל להשקעה | כללי/מעורב/גמיש/תלוי גיל,2020,5.0461,12,6746.4
gemel,7799,אלטשולר שחם חיסכון פלוס מניות,קופת גמל להשקעה,מניות אקטיבי,קופת גמל להשקעה | מניות אקטיבי,2020,6.4089,12,3329.6
gemel,7800,"אלטשולר שחם חיסכון פלוס אשראי ואג""ח עם מניות (עד 25% במניות)",קופת גמל להשקעה,עד 25% מניות,קופת גמל להשקעה | עד 25% מניות,2020,4.6667,12,1094.4
gemel,7801,"אלטשולר שחם חיסכון פלוס אשראי ואג""ח",קופת גמל להשקעה,"אג""ח ללא מניות","קופת גמל להשקעה | אג""ח ללא מניות",2020,4.4236,12,292.4
gemel,7802,אלטשולר שחם חיסכון פלוס כספי (שקלי),קופת גמל להשקעה,כספי,קופת גמל להשקעה | כספי,2020,0.07,12,106.9
gemel,7810,פסגות NEXT גמל להשקעה כללי,קופת גמל להשקעה,כללי/מעורב/גמיש/תלוי גיל,קופת גמל להשקעה | כללי/מעורב/גמיש/תלוי גיל,2020,3.4224,12,646.3
gemel,7811,פסגות NEXT גמל להשקעה מניות,קופת גמל להשקעה,מניות אקטיבי,קופת גמל להשקעה | מניות אקטיבי,2020,4.8393,12,154.7
gemel,7812,"פסגות NEXT גמל להשקעה אג""ח",קופת גמל להשקעה,"אג""ח ללא מניות","קופת גמל להשקעה | אג""ח ללא מניות",2020,2.5057,12,40.5
gemel,7813,"פסגות NEXT גמל להשקעה חו""ל",קופת גמל להשקעה,כללי/מעורב/גמיש/תלוי גיל,קופת גמל להשקעה | כללי/מעורב/גמיש/תלוי גיל,2020,3.0525,12,13.3
gemel,7814,"פסגות NEXT גמל להשקעה אג""ח עד 10% מניות",קופת גמל להשקעה,עד 25% מניות,קופת גמל להשקעה | עד 25% מניות,2020,1.0851,12,85.6
gemel,7815,"פסגות NEXT גמל להשקעה אג""ח קונצרני",קופת גמל להשקעה,"אג""ח ללא מניות","קופת גמל להשקעה | אג""ח ללא מניות",2020,1.0507,12,3.4
gemel,7834,אנליסט מסלולית - קופת גמל להשקעה כללי,קופת גמל להשקעה,כללי/מעורב/גמיש/תלוי גיל,קופת גמל להשקעה | כללי/מעורב/גמיש/תלוי גיל,2020,5.4654,12,308.0
gemel,7836,אנליסט מסלולית - קופת גמל להשקעה מניות,קופת גמל להשקעה,מניות אקטיבי,קופת גמל להשקעה | מניות אקטיבי,2020,14.128,12,314.0
gemel,7837,"אנליסט מסלולית - קופת גמל להשקעה אשראי ואג""ח",קופת גמל להשקעה,"אג""ח ללא מניות","קופת גמל להשקעה | אג""ח ללא מניות",2020,0.5914,12,11.5
gemel,7839,אנליסט מסלולית - קופת גמל להשקעה כספי (שקלי),קופת גמל להשקעה,כספי,קופת גמל להשקעה | כספי,2020,0.0899,12,9.8
gemel,7842,אנליסט מסלולית - קופת גמל להשקעה משולב סחיר,קופת גמל להשקעה,כללי/מעורב/גמיש/תלוי גיל,קופת גמל להשקעה | כללי/מעורב/גמיש/תלוי גיל,2020,6.9072,12,18.0
gemel,7843,אנליסט מסלולית - קופת גמל להשקעה עוקב מדדים - גמיש,קופת גמל להשקעה,כללי/מעורב/גמיש/תלוי גיל,קופת גמל להשקעה | כללי/מעורב/גמיש/תלוי גיל,2020,3.6297,12,2.6
gemel,7860,מיטב גמל להשקעה מניות,קופת גמל להשקעה,מניות אקטיבי,קופת גמל להשקעה | מניות אקטיבי,2020,8.3867,12,99.1
gemel,7861,מיטב גמל להשקעה כספי (שקלי),קופת גמל להשקעה,כספי,קופת גמל להשקעה | כספי,2020,0.0297,12,10.2
gemel,7862,"מיטב גמל להשקעה אשראי ואג""ח",קופת גמל להשקעה,"אג""ח ללא מניות","קופת גמל להשקעה | אג""ח ללא מניות",2020,2.6152,12,14.3
gemel,7863,מיטב גמל להשקעה הלכה,קופת גמל להשקעה,כללי/מעורב/גמיש/תלוי גיל,קופת גמל להשקעה | כללי/מעורב/גמיש/תלוי גיל,2020,1.9145,12,14.8
gemel,7867,מיטב גמל להשקעה עוקב מדדי מניות,קופת גמל להשקעה,מניות פאסיבי,קופת גמל להשקעה | מניות פאסיבי,2020,5.6817,12,15.4
gemel,7892,סלייס קופת גמל להשקעה מדד מניות,קופת גמל להשקעה,מניות פאסיבי,קופת גמל להשקעה | מניות פאסיבי,2020,-11.4469,12,0.7
gemel,7893,"סלייס קופת גמל להשקעה מדד אג""ח",קופת גמל להשקעה,"אג""ח ללא מניות","קופת גמל להשקעה | אג""ח ללא מניות",2020,1.515,8,0.1
gemel,7895,סלייס קופת גמל להשקעה מדד ללא מניות,קופת גמל להשקעה,"אג""ח ללא מניות","קופת גמל להשקעה | אג""ח ללא מניות",2020,1.2094,12,0.1
gemel,7896,"סלייס קופת גמל להשקעה מדד חו""ל",קופת גמל להשקעה,מניות פאסיבי,קופת גמל להשקעה | מניות פאסיבי,2020,5.2785,7,0.8
gemel,7897,"סלייס קופת גמל להשקעה אג""ח ללא מניות",קופת גמל להשקעה,"אג""ח ללא מניות","קופת גמל להשקעה | אג""ח ללא מניות",2020,2.0083,12,18.3
gemel,7900,סלייס קופת גמל להשקעה כללי כללי,קופת גמל להשקעה,כללי/מעורב/גמיש/תלוי גיל,קופת גמל להשקעה | כללי/מעורב/גמיש/תלוי גיל,2020,3.1498,2,3.9
gemel,7905,"הפניקס גמל להשקעה אשראי ואג""ח",קופת גמל להשקעה,"אג""ח ללא מניות","קופת גמל להשקעה | אג""ח ללא מניות",2020,4.8469,12,45.9
gemel,7906,"הפניקס גמל להשקעה אשראי ואג""ח עם מניות (עד 25% מניות)",קופת גמל להשקעה,עד 25% מניות,קופת גמל להשקעה | עד 25% מניות,2020,2.861,12,106.5
gemel,7907,הפניקס גמל להשקעה עוקב מדדי מניות,קופת גמל להשקעה,מניות פאסיבי,קופת גמל להשקעה | מניות פאסיבי,2020,3.8643,12,116.2
gemel,7908,הפניקס גמל להשקעה כללי,קופת גמל להשקעה,כללי/מעורב/גמיש/תלוי גיל,קופת גמל להשקעה | כללי/מעורב/גמיש/תלוי גיל,2020,5.4707,12,523.8
gemel,7909,הפניקס גמל להשקעה עוקב מדדים - גמיש,קופת גמל להשקעה,כללי/מעורב/גמיש/תלוי גיל,קופת גמל להשקעה | כללי/מעורב/גמיש/תלוי גיל,2020,2.2524,12,26.8
gemel,7931,מגדל גמל להשקעה כספי (שקלי),קופת גמל להשקעה,כספי,קופת גמל להשקעה | כספי,2020,0.1401,12,7.5
gemel,7932,"מגדל גמל להשקעה אג""ח ממשלות",קופת גמל להשקעה,"אג""ח ללא מניות","קופת גמל להשקעה | אג""ח ללא מניות",2020,1.0713,12,14.2
gemel,7933,"מגדל גמל להשקעה חו""ל",קופת גמל להשקעה,כללי/מעורב/גמיש/תלוי גיל,קופת גמל להשקעה | כללי/מעורב/גמיש/תלוי גיל,2020,2.5475,12,3.9
gemel,7934,מגדל גמל להשקעה מניות,קופת גמל להשקעה,מניות אקטיבי,קופת גמל להשקעה | מניות אקטיבי,2020,8.7165,12,68.2
gemel,7935,"מגדל גמל להשקעה מסלול אשראי ואג""ח עם מניות (עד 25% מניות)",קופת גמל להשקעה,עד 25% מניות,קופת גמל להשקעה | עד 25% מניות,2020,2.2963,12,44.1
gemel,7936,מגדל גמל להשקעה כללי,קופת גמל להשקעה,כללי/מעורב/גמיש/תלוי גיל,קופת גמל להשקעה | כללי/מעורב/גמיש/תלוי גיל,2020,4.67,12,224.4
gemel,7937,מגדל גמל להשקעה הלכה,קופת גמל להשקעה,כללי/מעורב/גמיש/תלוי גיל,קופת גמל להשקעה | כללי/מעורב/גמיש/תלוי גיל,2020,1.4992,12,22.3
gemel,7957,"מור גמל להשקעה מסלול מחקה מדד ת""א 35",קופת גמל להשקעה,מניות פאסיבי,קופת גמל להשקעה | מניות פאסיבי,2020,-10.6267,12,13.8
gemel,7958,מור גמל להשקעה - עוקב מדד S&P500,קופת גמל להשקעה,מניות פאסיבי,קופת גמל להשקעה | מניות פאסיבי,2020,9.2369,12,54.8
gemel,7960,מור גמל להשקעה מסלול מחקה מדד תל בונד 20,קופת גמל להשקעה,"אג""ח ללא מניות","קופת גמל להשקעה | אג""ח ללא מניות",2020,-0.8545,12,2.4
gemel,7961,"מור גמל להשקעה מסלול מחקה מדד אג""ח ממשלתי, צמודות מדד ממשלתי לטווח 5-10 שנים",קופת גמל להשקעה,"אג""ח ללא מניות","קופת גמל להשקעה | אג""ח ללא מניות",2020,0.6898,12,7.9
gemel,7962,"מור גמל להשקעה מסלול מחקה מדד אג""ח ממשלתי, לא צמודות בריבית קבועה",קופת גמל להשקעה,"אג""ח ללא מניות","קופת גמל להשקעה | אג""ח ללא מניות",2020,1.1808,12,8.0
gemel,7963,מור גמל להשקעה - כספי (שקלי),קופת גמל להשקעה,כספי,קופת גמל להשקעה | כספי,2020,0.0,12,5.5
gemel,7973,הלמן-אלדובי קופת גמל להשקעה כללי,קופת גמל להשקעה,כללי/מעורב/גמיש/תלוי גיל,קופת גמל להשקעה | כללי/מעורב/גמיש/תלוי גיל,2020,3.6784,12,159.1
gemel,7974,הלמן-אלדובי קופת גמל להשקעה פאסיבי - כללי,קופת גמל להשקעה,כללי/מעורב/גמיש/תלוי גיל,קופת גמל להשקעה | כללי/מעורב/גמיש/תלוי גיל,2020,1.7531,12,48.6
gemel,7975,הפניקס גמל להשקעה מניות,קופת גמל להשקעה,מניות אקטיבי,קופת גמל להשקעה | מניות אקטיבי,2020,6.3426,12,41.5
gemel,7976,הלמן-אלדובי קופת גמל להשקעה פאסיבי - מדדי מניות,קופת גמל להשקעה,מניות פאסיבי,קופת גמל להשקעה | מניות פאסיבי,2020,2.6665,12,54.4
gemel,7977,"הלמן-אלדובי קופת גמל להשקעה פאסיבי - מדדי אג""ח עד 10% במדדי מניות",קופת גמל להשקעה,עד 25% מניות,קופת גמל להשקעה | עד 25% מניות,2020,1.1184,12,55.9
gemel,7978,מיטב גמל להשקעה כללי,קופת גמל להשקעה,כללי/מעורב/גמיש/תלוי גיל,קופת גמל להשקעה | כללי/מעורב/גמיש/תלוי גיל,2020,4.0535,12,439.5
gemel,7979,מיטב גמל להשקעה עוקב מדדים גמיש,קופת גמל להשקעה,כללי/מעורב/גמיש/תלוי גיל,קופת גמל להשקעה | כללי/מעורב/גמיש/תלוי גיל,2020,3.1951,12,6.2
gemel,7980,"מיטב גמל להשקעה אשראי ואג""ח עם מניות (עד 25% במניות)",קופת גמל להשקעה,עד 25% מניות,קופת גמל להשקעה | עד 25% מניות,2020,3.5022,12,55.0
gemel,7981,מיטב גמל להשקעה מסלול אג''ח עד 10% מניות,קופת גמל להשקעה,עד 25% מניות,קופת גמל להשקעה | עד 25% מניות,2020,0.7189,12,23.4
gemel,7986,"אנליסט מסלולית - קופת גמל להשקעה אשראי ואג""ח עד 25% מניות",קופת גמל להשקעה,עד 25% מניות,קופת גמל להשקעה | עד 25% מניות,2020,3.0523,12,42.9
gemel,7988,כלל גמל לעתיד כללי,קופת גמל להשקעה,כללי/מעורב/גמיש/תלוי גיל,קופת גמל להשקעה | כללי/מעורב/גמיש/תלוי גיל,2020,5.0947,12,401.3
gemel,7989,"כלל גמל לעתיד אשראי ואג""ח",קופת גמל להשקעה,"אג""ח ללא מניות","קופת גמל להשקעה | אג""ח ללא מניות",2020,2.2175,12,10.9
gemel,7990,"כלל גמל לעתיד - קופת גמל להשקעה אג""ח ממשלתי",קופת גמל להשקעה,"אג""ח ללא מניות","קופת גמל להשקעה | אג""ח ללא מניות",2020,0.8953,12,7.2
gemel,7991,כלל גמל לעתיד מניות,קופת גמל להשקעה,מניות אקטיבי,קופת גמל להשקעה | מניות אקטיבי,2020,8.2229,12,92.1
gemel,7992,"כלל גמל לעתיד אשרי ואג""ח עם מניות(עד 25% מניות)",קופת גמל להשקעה,עד 25% מניות,קופת גמל להשקעה | עד 25% מניות,2020,2.9155,12,104.0
gemel,7993,כלל גמל לעתיד כספי(שקלי),קופת גמל להשקעה,כספי,קופת גמל להשקעה | כספי,2020,0.0193,12,6.9
gemel,7994,כלל גמל לעתיד הלכה,קופת גמל להשקעה,כללי/מעורב/גמיש/תלוי גיל,קופת גמל להשקעה | כללי/מעורב/גמיש/תלוי גיל,2020,1.1087,12,9.7
gemel,8004,הפניקס גמל להשקעה שריעה,קופת גמל להשקעה,כללי/מעורב/גמיש/תלוי גיל,קופת גמל להשקעה | כללי/מעורב/גמיש/תלוי גיל,2020,-1.8359,12,3.9
gemel,8012,"מגדל לתגמולים ולפיצויים מסלול אשראי ואג""ח",תגמולים ואישית לפיצויים,"אג""ח ללא מניות","תגמולים ואישית לפיצויים | אג""ח ללא מניות",2020,2.1237,12,144.7
gemel,8057,"הראל גמל מסלול- חו""ל",תגמולים ואישית לפיצויים,כללי/מעורב/גמיש/תלוי גיל,תגמולים ואישית לפיצויים | כללי/מעורב/גמיש/תלוי גיל,2020,3.836,12,31.6
gemel,8058,"הראל השתלמות אג""ח קונצרני",קרנות השתלמות,"אג""ח ללא מניות","קרנות השתלמות | אג""ח ללא מניות",2020,2.1466,12,15.6
gemel,811,אנליסט מסלולית קופת גמל ישראל,תגמולים ואישית לפיצויים,כללי/מעורב/גמיש/תלוי גיל,תגמולים ואישית לפיצויים | כללי/מעורב/גמיש/תלוי גיל,2020,3.3397,12,928.0
gemel,8128,"אנליסט מסלולית קופת גמל - אג""ח עד 10% מניות",תגמולים ואישית לפיצויים,עד 25% מניות,תגמולים ואישית לפיצויים | עד 25% מניות,2020,2.1508,12,62.0
gemel,8129,"אנליסט קרן השתלמות אג""ח עד 10% מניות",קרנות השתלמות,עד 25% מניות,קרנות השתלמות | עד 25% מניות,2020,1.8439,12,64.4
gemel,813,"אנליסט גמל אשראי ואג""ח",תגמולים ואישית לפיצויים,"אג""ח ללא מניות","תגמולים ואישית לפיצויים | אג""ח ללא מניות",2020,0.7556,12,69.2
gemel,814,אנליסט גמל מניות,תגמולים ואישית לפיצויים,מניות אקטיבי,תגמולים ואישית לפיצויים | מניות אקטיבי,2020,14.8222,12,357.7
gemel,815,אנליסט גמל כספי (שקלי),תגמולים ואישית לפיצויים,כספי,תגמולים ואישית לפיצויים | כספי,2020,0.0597,12,53.9
gemel,817,אנליסט גמל מניות סחיר,תגמולים ואישית לפיצויים,מניות אקטיבי,תגמולים ואישית לפיצויים | מניות אקטיבי,2020,17.6662,12,147.7
gemel,818,אנליסט גמל משולב סחיר,תגמולים ואישית לפיצויים,כללי/מעורב/גמיש/תלוי גיל,תגמולים ואישית לפיצויים | כללי/מעורב/גמיש/תלוי גיל,2020,6.8533,12,40.6
gemel,8211,הראל גמל להשקעה כללי,קופת גמל להשקעה,כללי/מעורב/גמיש/תלוי גיל,קופת גמל להשקעה | כללי/מעורב/גמיש/תלוי גיל,2020,3.9996,12,275.1
gemel,828,מנורה מבטחים השתלמות מסלול כללי,קרנות השתלמות,כללי/מעורב/גמיש/תלוי גיל,קרנות השתלמות | כללי/מעורב/גמיש/תלוי גיל,2020,2.5321,12,7480.3
gemel,835,פסגות גדיש אגח צמוד מדד,תגמולים ואישית לפיצויים,"אג""ח ללא מניות","תגמולים ואישית לפיצויים | אג""ח ללא מניות",2020,0.731,12,252.3
gemel,8520,"הראל גמל להשקעה אג""ח עד 10% מניות",קופת גמל להשקעה,עד 25% מניות,קופת גמל להשקעה | עד 25% מניות,2020,3.0506,12,41.5
gemel,8521,"הראל גמל להשקעה אשראי ואג""ח עם מניות (עד 25% מניות)",קופת גמל להשקעה,עד 25% מניות,קופת גמל להשקעה | עד 25% מניות,2020,3.0785,12,63.3
gemel,8522,הראל גמל להשקעה מניות,קופת גמל להשקעה,מניות אקטיבי,קופת גמל להשקעה | מניות אקטיבי,2020,6.5751,12,56.4
gemel,8523,הראל גמל להשקעה הלכה,קופת גמל להשקעה,כללי/מעורב/גמיש/תלוי גיל,קופת גמל להשקעה | כללי/מעורב/גמיש/תלוי גיל,2020,1.8527,12,4.5
gemel,8563,ילין לפידות קרן השתלמות מסלול מניות,קרנות השתלמות,מניות אקטיבי,קרנות השתלמות | מניות אקטיבי,2020,8.2855,12,2146.3
gemel,858,מגדל לתגמולים ולפיצויים מסלול כספי (שקלי),תגמולים ואישית לפיצויים,כספי,תגמולים ואישית לפיצויים | כספי,2020,0.11,12,34.6
gemel,859,"מגדל לתגמולים ולפיצויים מסלול אג""ח ממשלות",תגמולים ואישית לפיצויים,"אג""ח ללא מניות","תגמולים ואישית לפיצויים | אג""ח ללא מניות",2020,0.6129,12,108.8
gemel,862,"מגדל לתגמולים ולפיצויים מסלול חו""ל",תגמולים ואישית לפיצויים,כללי/מעורב/גמיש/תלוי גיל,תגמולים ואישית לפיצויים | כללי/מעורב/גמיש/תלוי גיל,2020,1.941,12,11.3
gemel,8624,הפניקס גמל פאסיבי לבני 60 ומעלה,תגמולים ואישית לפיצויים,כללי/מעורב/גמיש/תלוי גיל,תגמולים ואישית לפיצויים | כללי/מעורב/גמיש/תלוי גיל,2020,1.3027,12,167.7
gemel,8626,אקסלנס גמל פאסיבי- מדדי מניות,תגמולים ואישית לפיצויים,מניות פאסיבי,תגמולים ואישית לפיצויים | מניות פאסיבי,2020,5.775,10,0.0
gemel,8628,"אקסלנס השתלמות פאסיבי-מדדי אג""ח עד 25% במדדי מניות",קרנות השתלמות,עד 25% מניות,קרנות השתלמות | עד 25% מניות,2020,1.0703,12,92.5
gemel,8629,הפניקס השתלמות עוקב מדדים גמיש,קרנות השתלמות,כללי/מעורב/גמיש/תלוי גיל,קרנות השתלמות | כללי/מעורב/גמיש/תלוי גיל,2020,2.415,12,394.2
gemel,863,מגדל לתגמולים ולפיצויים מסלול מניות,תגמולים ואישית לפיצויים,מניות אקטיבי,תגמולים ואישית לפיצויים | מניות אקטיבי,2020,8.9975,12,100.2
gemel,8630,אקסלנס השתלמות פאסיבי-מדדי מניות,קרנות השתלמות,מניות פאסיבי,קרנות השתלמות | מניות פאסיבי,2020,5.4433,10,0.0
gemel,864,מגדל השתלמות מסלול כספי (שקלי),קרנות השתלמות,כספי,קרנות השתלמות | כספי,2020,0.14,12,182.6
gemel,865,"מגדל השתלמות מסלול אג""ח ממשלות",קרנות השתלמות,"אג""ח ללא מניות","קרנות השתלמות | אג""ח ללא מניות",2020,0.655,12,277.1
gemel,8675,מנורה מבטחים גמל להשקעה כללי,קופת גמל להשקעה,כללי/מעורב/גמיש/תלוי גיל,קופת גמל להשקעה | כללי/מעורב/גמיש/תלוי גיל,2020,2.6344,12,769.8
gemel,8678,"מנורה מבטחים גמל להשקעה מסלול אשראי ואג""ח עם מניות (עד 25% מניות)",קופת גמל להשקעה,עד 25% מניות,קופת גמל להשקעה | עד 25% מניות,2020,0.6764,12,41.6
gemel,8679,"אנליסט קרן השתלמות - אשראי ואג""ח עד 25% מניות",קרנות השתלמות,עד 25% מניות,קרנות השתלמות | עד 25% מניות,2020,3.0869,12,105.7
gemel,868,"מגדל השתלמות מסלול חו""ל",קרנות השתלמות,כללי/מעורב/גמיש/תלוי גיל,קרנות השתלמות | כללי/מעורב/גמיש/תלוי גיל,2020,2.065,12,26.1
gemel,8683,מנורה מבטחים גמל להשקעה עוקב מדדי מניות,קופת גמל להשקעה,מניות פאסיבי,קופת גמל להשקעה | מניות פאסיבי,2020,3.7891,12,111.3
gemel,8684,"מנורה מבטחים גמל להשקעה עוקב מדדים - אג""ח עם מניות (עד 25% מניות)",קופת גמל להשקעה,עד 25% מניות,קופת גמל להשקעה | עד 25% מניות,2020,1.1348,12,50.7
gemel,869,מגדל השתלמות מסלול מניות,קרנות השתלמות,מניות אקטיבי,קרנות השתלמות | מניות אקטיבי,2020,8.7807,12,314.6
gemel,8693,מנורה מבטחים גמל להשקעה כספי (שיקלי),קופת גמל להשקעה,כספי,קופת גמל להשקעה | כספי,2020,0.0899,12,20.0
gemel,8695,"אלפא מור תגמולים - מסלול עוקב מדד ""מניות תל אביב 35""",תגמולים ואישית לפיצויים,מניות פאסיבי,תגמולים ואישית לפיצויים | מניות פאסיבי,2020,-10.7084,12,1.9
gemel,8696,"אלפא מור תגמולים - מסלול עוקב מדד ""מדדיות ממשלתיות לטווח של 5-10 שנים""",תגמולים ואישית לפיצויים,"אג""ח ללא מניות","תגמולים ואישית לפיצויים | אג""ח ללא מניות",2020,0.6098,12,7.8
gemel,8697,"אלפא מור תגמולים - מסלול עוקב מדד ""שקליות ריבית קבועה ממשלתיות""",תגמולים ואישית לפיצויים,"אג""ח ללא מניות","תגמולים ואישית לפיצויים | אג""ח ללא מניות",2020,1.534,12,18.9
gemel,8698,"אלפא מור תגמולים - מסלול עוקב מדד ""תל בונד 20""",תגמולים ואישית לפיצויים,"אג""ח ללא מניות","תגמולים ואישית לפיצויים | אג""ח ללא מניות",2020,0.0829,12,2.9
gemel,8699,"אלפא מור קופת גמל לחיסכון, קופת גמל לתגמולים וקופת גמל אישית לפיצויים - כספי (שקלי)",תגמולים ואישית לפיצויים,כספי,תגמולים ואישית לפיצויים | כספי,2020,0.0,12,21.3
gemel,8701,"מור השתלמות -מסלול עוקב מדד ""מניות תל אביב 35""",קרנות השתלמות,מניות פאסיבי,קרנות השתלמות | מניות פאסיבי,2020,-7.6985,12,6.3
gemel,8702,"מור השתלמות - מסלול עוקב מדד ""מדדיות ממשלתיות לטווח של 5-10 שנים""",קרנות השתלמות,"אג""ח ללא מניות","קרנות השתלמות | אג""ח ללא מניות",2020,-0.619,12,13.7
gemel,8703,"מור השתלמות - מסלול עוקב מדד ""שקליות ריבית קבועה ממשלתיות""",קרנות השתלמות,"אג""ח ללא מניות","קרנות השתלמות | אג""ח ללא מניות",2020,0.3365,12,17.3
gemel,8704,"מור השתלמות - מסלול עוקב מדד ""תל בונד 20""",קרנות השתלמות,"אג""ח ללא מניות","קרנות השתלמות | אג""ח ללא מניות",2020,-0.5399,12,5.2
gemel,8705,מור קרן השתלמות לשכירים ולעצמאים - כספי (שקלי),קרנות השתלמות,כספי,קרנות השתלמות | כספי,2020,0.0,12,13.7
gemel,8716,מנורה מבטחים גמל להשקעה מסלול הלכה,קופת גמל להשקעה,כללי/מעורב/גמיש/תלוי גיל,קופת גמל להשקעה | כללי/מעורב/גמיש/תלוי גיל,2020,2.5836,12,21.2
gemel,874,"מיטב גמל אג""ח עד 25% מניות",תגמולים ואישית לפיצויים,עד 25% מניות,תגמולים ואישית לפיצויים | עד 25% מניות,2020,4.9338,12,3608.4
gemel,875,"מיטב דש גמל אג""ח צמוד מדד",תגמולים ואישית לפיצויים,"אג""ח ללא מניות","תגמולים ואישית לפיצויים | אג""ח ללא מניות",2020,0.6848,12,130.6
gemel,876,מיטב גמל כספי (שקלי),תגמולים ואישית לפיצויים,כספי,תגמולים ואישית לפיצויים | כספי,2020,1.0128,12,172.9
gemel,877,מיטב גמל מניות,תגמולים ואישית לפיצויים,מניות אקטיבי,תגמולים ואישית לפיצויים | מניות אקטיבי,2020,9.6613,12,391.7
gemel,8779,אנליסט קרן השתלמות משולב סחיר,קרנות השתלמות,כללי/מעורב/גמיש/תלוי גיל,קרנות השתלמות | כללי/מעורב/גמיש/תלוי גיל,2020,7.3026,12,30.4
gemel,880,מיטב השתלמות כללי,קרנות השתלמות,כללי/מעורב/גמיש/תלוי גיל,קרנות השתלמות | כללי/מעורב/גמיש/תלוי גיל,2020,6.1471,12,8285.9
gemel,881,"מיטב השתלמות אג""ח צמוד מדד",קרנות השתלמות,"אג""ח ללא מניות","קרנות השתלמות | אג""ח ללא מניות",2020,1.1844,12,159.1
gemel,883,מיטב השתלמות מניות,קרנות השתלמות,מניות אקטיבי,קרנות השתלמות | מניות אקטיבי,2020,9.6471,12,641.5
gemel,8885,"מיטב השתלמות אשראי ואג""ח עם מניות (עד 25% מניות)",קרנות השתלמות,עד 25% מניות,קרנות השתלמות | עד 25% מניות,2020,4.8547,12,75.6
gemel,9113,מור חיסכון לילד - הלכה,קופת גמל להשקעה - חסכון לילד,כללי/מעורב/גמיש/תלוי גיל,קופת גמל להשקעה - חסכון לילד | כללי/מעורב/גמיש/תלוי גיל,2020,0.9166,12,38.1
gemel,923,מיטב בטחון,תגמולים ואישית לפיצויים,כללי/מעורב/גמיש/תלוי גיל,תגמולים ואישית לפיצויים | כללי/מעורב/גמיש/תלוי גיל,2020,3.069,12,18.6
gemel,9303,מור חיסכון לילד - שריעה,קופת גמל להשקעה - חסכון לילד,כללי/מעורב/גמיש/תלוי גיל,קופת גמל להשקעה - חסכון לילד | כללי/מעורב/גמיש/תלוי גיל,2020,0.1342,12,10.8
gemel,9414,מור חיסכון לילד - חוסכים המעדיפים סיכון בינוני,קופת גמל להשקעה - חסכון לילד,כללי/מעורב/גמיש/תלוי גיל,קופת גמל להשקעה - חסכון לילד | כללי/מעורב/גמיש/תלוי גיל,2020,0.5451,12,13.1
gemel,9420,מור חיסכון לילד - חוסכים המעדיפים סיכון מוגבר,קופת גמל להשקעה - חסכון לילד,מניות אקטיבי,קופת גמל להשקעה - חסכון לילד | מניות אקטיבי,2020,0.1628,12,89.6
gemel,9421,מור חיסכון לילד - חוסכים המעדיפים סיכון מועט,קופת גמל להשקעה - חסכון לילד,עד 25% מניות,קופת גמל להשקעה - חסכון לילד | עד 25% מניות,2020,0.6869,12,247.1
gemel,9451,מור קרן השתלמות לשכירים ולעצמאים - עוקב מדד S&P 500,קרנות השתלמות,מניות פאסיבי,קרנות השתלמות | מניות פאסיבי,2020,8.7011,12,36.5
gemel,9452,"אלפא מור קופת גמל לחיסכון, קופת גמל לתגמולים וקופת גמל אישית לפיצויים - עוקב מדד S&P 500",תגמולים ואישית לפיצויים,מניות פאסיבי,תגמולים ואישית לפיצויים | מניות פאסיבי,2020,8.6048,12,24.5
gemel,948,מיטב גמל שקלי טווח קצר,תגמולים ואישית לפיצויים,כספי,תגמולים ואישית לפיצויים | כספי,2020,0.2502,12,137.9
gemel,9528,הפניקס השתלמות הלכה,קרנות השתלמות,כללי/מעורב/גמיש/תלוי גיל,קרנות השתלמות | כללי/מעורב/גמיש/תלוי גיל,2020,2.677,12,75.2
gemel,9529,הפניקס גמל מסלול לבני 50 עד 60,תגמולים ואישית לפיצויים,כללי/מעורב/גמיש/תלוי גיל,תגמולים ואישית לפיצויים | כללי/מעורב/גמיש/תלוי גיל,2020,5.181,12,1324.8
gemel,9555,הראל חיסכון לילד - הלכה,קופת גמל להשקעה - חסכון לילד,כללי/מעורב/גמיש/תלוי גיל,קופת גמל להשקעה - חסכון לילד | כללי/מעורב/גמיש/תלוי גיל,2020,2.286,12,245.4
gemel,961,הפניקס גמל מסלול מניות,תגמולים ואישית לפיצויים,מניות אקטיבי,תגמולים ואישית לפיצויים | מניות אקטיבי,2020,7.8237,12,265.0
gemel,962,אנליסט השתלמות כללי,קרנות השתלמות,כללי/מעורב/גמיש/תלוי גיל,קרנות השתלמות | כללי/מעורב/גמיש/תלוי גיל,2020,4.0864,12,3532.1
gemel,963,אנליסט השתלמות מניות,קרנות השתלמות,מניות אקטיבי,קרנות השתלמות | מניות אקטיבי,2020,14.7189,12,661.7
gemel,9638,אינפיניטי גמל להשקעה כללי,קופת גמל להשקעה,כללי/מעורב/גמיש/תלוי גיל,קופת גמל להשקעה | כללי/מעורב/גמיש/תלוי גיל,2020,4.584,12,26.5
gemel,9639,"אינפיניטי גמל להשקעה אשראי ואג""ח עם מניות (עד 25% מניות)",קופת גמל להשקעה,עד 25% מניות,קופת גמל להשקעה | עד 25% מניות,2020,1.5796,12,27.9
gemel,964,הפניקס השתלמות כללי,קרנות השתלמות,כללי/מעורב/גמיש/תלוי גיל,קרנות השתלמות | כללי/מעורב/גמיש/תלוי גיל,2020,5.8923,12,5136.5
gemel,9651,כלל תמר עד 50,תגמולים ואישית לפיצויים,כללי/מעורב/גמיש/תלוי גיל,תגמולים ואישית לפיצויים | כללי/מעורב/גמיש/תלוי גיל,2020,5.9705,12,1075.8
gemel,9652,כלל תמר 50-60,תגמולים ואישית לפיצויים,כללי/מעורב/גמיש/תלוי גיל,תגמולים ואישית לפיצויים | כללי/מעורב/גמיש/תלוי גיל,2020,5.5306,12,1217.7
gemel,9653,כלל תמר 60 ומעלה,תגמולים ואישית לפיצויים,כללי/מעורב/גמיש/תלוי גיל,תגמולים ואישית לפיצויים | כללי/מעורב/גמיש/תלוי גיל,2020,4.0208,12,1658.9
gemel,9662,"מנורה מבטחים השתלמות מסלול אשראי ואג""ח עם מניות (עד 25% מניות)",קרנות השתלמות,עד 25% מניות,קרנות השתלמות | עד 25% מניות,2020,2.1679,12,181.1
gemel,9676,מור השתלמות קרן השתלמות לשכירים ולעצמאים מעורב מחקה מדדים,קרנות השתלמות,כללי/מעורב/גמיש/תלוי גיל,קרנות השתלמות | כללי/מעורב/גמיש/תלוי גיל,2020,-2.995,12,3.6
gemel,9677,אלפא מור קופת גמל לתגמולים ואישית לפיצויים וקופת גמל לא משלמת לקצבה מעורב מחקה מדדים,תגמולים ואישית לפיצויים,כללי/מעורב/גמיש/תלוי גיל,תגמולים ואישית לפיצויים | כללי/מעורב/גמיש/תלוי גיל,2020,-1.5041,12,1.6
gemel,968,הפניקס השתלמות מניות,קרנות השתלמות,מניות אקטיבי,קרנות השתלמות | מניות אקטיבי,2020,7.375,12,460.2
gemel,972,"אנליסט השתלמות אשראי ואג""ח",קרנות השתלמות,"אג""ח ללא מניות","קרנות השתלמות | אג""ח ללא מניות",2020,1.113,12,89.7
gemel,973,"אנליסט השתלמות אג""ח ממשלות",קרנות השתלמות,"אג""ח ללא מניות","קרנות השתלמות | אג""ח ללא מניות",2020,0.6354,12,59.8
gemel,9730,אנליסט מסלולית קופת גמל - מסלול לבני 50 ומטה,תגמולים ואישית לפיצויים,כללי/מעורב/גמיש/תלוי גיל,תגמולים ואישית לפיצויים | כללי/מעורב/גמיש/תלוי גיל,2020,6.342,12,716.6
gemel,9731,אנליסט מסלולית קופת גמל - מסלול לבני 50-60,תגמולים ואישית לפיצויים,כללי/מעורב/גמיש/תלוי גיל,תגמולים ואישית לפיצויים | כללי/מעורב/גמיש/תלוי גיל,2020,5.4968,12,838.9
gemel,9732,אנליסט מסלולית קופת גמל - מסלול לבני 60 ומעלה,תגמולים ואישית לפיצויים,כללי/מעורב/גמיש/תלוי גיל,תגמולים ואישית לפיצויים | כללי/מעורב/גמיש/תלוי גיל,2020,2.6886,12,333.0
gemel,9742,הראל גמל מסלול לגילאי 50 עד 60_x000D_,תגמולים ואישית לפיצויים,כללי/מעורב/גמיש/תלוי גיל,תגמולים ואישית לפיצויים | כללי/מעורב/גמיש/תלוי גיל,2020,3.4756,12,4112.1
gemel,9744,הראל גמל מסלול לגילאי 50 ומטה_x000D_,תגמולים ואישית לפיצויים,כללי/מעורב/גמיש/תלוי גיל,תגמולים ואישית לפיצויים | כללי/מעורב/גמיש/תלוי גיל,2020,4.4174,12,1063.5
gemel,9745,הראל גמל מסלול לגילאי 60 ומעלה_x000D_,תגמולים ואישית לפיצויים,כללי/מעורב/גמיש/תלוי גיל,תגמולים ואישית לפיצויים | כללי/מעורב/גמיש/תלוי גיל,2020,2.8258,12,1911.6
gemel,9779,מגדל לתגמולים ולפיצויים מסלול לבני 50 ומטה,תגמולים ואישית לפיצויים,כללי/מעורב/גמיש/תלוי גיל,תגמולים ואישית לפיצויים | כללי/מעורב/גמיש/תלוי גיל,2020,5.9134,12,803.6
gemel,9780,מגדל לתגמולים ולפיצויים מסלול לבני 50 עד 60,תגמולים ואישית לפיצויים,כללי/מעורב/גמיש/תלוי גיל,תגמולים ואישית לפיצויים | כללי/מעורב/גמיש/תלוי גיל,2020,5.2376,12,1734.2
gemel,9781,מגדל לתגמולים ולפיצויים מסלול לבני 60 ומעלה,תגמולים ואישית לפיצויים,כללי/מעורב/גמיש/תלוי גיל,תגמולים ואישית לפיצויים | כללי/מעורב/גמיש/תלוי גיל,2020,3.7233,12,621.8
gemel,9792,מנורה מבטחים תגמולים ופיצויים מסלול לבני 50 עד 60,תגמולים ואישית לפיצויים,כללי/מעורב/גמיש/תלוי גיל,תגמולים ואישית לפיצויים | כללי/מעורב/גמיש/תלוי גיל,2020,2.8284,12,4243.4
gemel,9793,מנורה מבטחים תגמולים ופיצויים מסלול לבני 50 ומטה,תגמולים ואישית לפיצויים,כללי/מעורב/גמיש/תלוי גיל,תגמולים ואישית לפיצויים | כללי/מעורב/גמיש/תלוי גיל,2020,3.9718,12,956.4
gemel,9794,מנורה מבטחים תגמולים ופיצויים מסלול לבני 60 ומעלה,תגמולים ואישית לפיצויים,כללי/מעורב/גמיש/תלוי גיל,תגמולים ואישית לפיצויים | כללי/מעורב/גמיש/תלוי גיל,2020,2.2104,12,725.4
gemel,9795,מנורה מבטחים תגמולים ופיצויים מסלול הלכה,תגמולים ואישית לפיצויים,כללי/מעורב/גמיש/תלוי גיל,תגמולים ואישית לפיצויים | כללי/מעורב/גמיש/תלוי גיל,2020,1.7673,12,25.1
gemel,9869,הלמן-אלדובי השתלמות פאסיבי -כללי,קרנות השתלמות,כללי/מעורב/גמיש/תלוי גיל,קרנות השתלמות | כללי/מעורב/גמיש/תלוי גיל,2020,1.8534,12,95.6
gemel,9877,הלמן-אלדובי גמל מסלול לבני 50 ומטה,תגמולים ואישית לפיצויים,כללי/מעורב/גמיש/תלוי גיל,תגמולים ואישית לפיצויים | כללי/מעורב/גמיש/תלוי גיל,2020,4.3315,12,498.9
gemel,9878,הלמן-אלדובי גמל מסלול לבני 50 עד 60,תגמולים ואישית לפיצויים,כללי/מעורב/גמיש/תלוי גיל,תגמולים ואישית לפיצויים | כללי/מעורב/גמיש/תלוי גיל,2020,3.487,12,835.3
gemel,9879,הלמן-אלדובי גמל מסלול לבני 60 ומעלה,תגמולים ואישית לפיצויים,כללי/מעורב/גמיש/תלוי גיל,תגמולים ואישית לפיצויים | כללי/מעורב/גמיש/תלוי גיל,2020,2.1204,12,1215.2
gemel,9889,פסגות גדיש לבני 50 ומטה,תגמולים ואישית לפיצויים,כללי/מעורב/גמיש/תלוי גיל,תגמולים ואישית לפיצויים | כללי/מעורב/גמיש/תלוי גיל,2020,5.4185,12,1142.9
gemel,989,אלטשולר שחם עוקב מדדי מניות,תגמולים ואישית לפיצויים,מניות פאסיבי,תגמולים ואישית לפיצויים | מניות פאסיבי,2020,7.2168,12,61.7
gemel,9890,פסגות גדיש לבני 50-60,תגמולים ואישית לפיצויים,כללי/מעורב/גמיש/תלוי גיל,תגמולים ואישית לפיצויים | כללי/מעורב/גמיש/תלוי גיל,2020,4.1928,12,23469.9
gemel,9891,פסגות גדיש לבני 60 ומעלה,תגמולים ואישית לפיצויים,כללי/מעורב/גמיש/תלוי גיל,תגמולים ואישית לפיצויים | כללי/מעורב/גמיש/תלוי גיל,2020,2.6038,12,1611.9
gemel,9895,מגדל חסכון לילד - הלכה,קופת גמל להשקעה - חסכון לילד,כללי/מעורב/גמיש/תלוי גיל,קופת גמל להשקעה - חסכון לילד | כללי/מעורב/גמיש/תלוי גיל,2020,1.2164,12,62.0
gemel,9896,מגדל חסכון לילד - חוסכים המעדיפים סיכון מועט,קופת גמל להשקעה - חסכון לילד,עד 25% מניות,קופת גמל להשקעה - חסכון לילד | עד 25% מניות,2020,2.82,12,281.9
gemel,9897,מגדל חסכון לילד - חוסכים המעדיפים סיכון בינוני,קופת גמל להשקעה - חסכון לילד,כללי/מעורב/גמיש/תלוי גיל,קופת גמל להשקעה - חסכון לילד | כללי/מעורב/גמיש/תלוי גיל,2020,4.5573,12,64.5
gemel,9898,מגדל חסכון לילד - חוסכים המעדיפים סיכון מוגבר,קופת גמל להשקעה - חסכון לילד,מניות אקטיבי,קופת גמל להשקעה - חסכון לילד | מניות אקטיבי,2020,8.5637,12,45.5
gemel,9905,הפניקס גמל פאסיבי לבני 50 ומטה,תגמולים ואישית לפיצויים,כללי/מעורב/גמיש/תלוי גיל,תגמולים ואישית לפיצויים | כללי/מעורב/גמיש/תלוי גיל,2020,3.0433,12,37.0
gemel,9906,הפניקס גמל כספי (שיקלי),תגמולים ואישית לפיצויים,כספי,תגמולים ואישית לפיצויים | כספי,2020,0.2802,12,156.7
gemel,9916,הפניקס גמל לבני 50 ומטה,תגמולים ואישית לפיצויים,כללי/מעורב/גמיש/תלוי גיל,תגמולים ואישית לפיצויים | כללי/מעורב/גמיש/תלוי גיל,2020,7.3339,12,4999.7
gemel,9917,הפניקס גמל פאסיבי לבני 50 עד 60,תגמולים ואישית לפיצויים,כללי/מעורב/גמיש/תלוי גיל,תגמולים ואישית לפיצויים | כללי/מעורב/גמיש/תלוי גיל,2020,2.2844,12,416.8
gemel,9939,ילין לפידות קופת גמל מסלול לבני 50 ומטה,תגמולים ואישית לפיצויים,כללי/מעורב/גמיש/תלוי גיל,תגמולים ואישית לפיצויים | כללי/מעורב/גמיש/תלוי גיל,2020,5.4772,12,1647.6
gemel,9940,ילין לפידות קופת גמל מסלול לבני 50 עד 60,תגמולים ואישית לפיצויים,כללי/מעורב/גמיש/תלוי גיל,תגמולים ואישית לפיצויים | כללי/מעורב/גמיש/תלוי גיל,2020,4.4283,12,7383.6
gemel,9941,ילין לפידות קופת גמל מסלול לבני 60 ומעלה,תגמולים ואישית לפיצויים,כללי/מעורב/גמיש/תלוי גיל,תגמולים ואישית לפיצויים | כללי/מעורב/גמיש/תלוי גיל,2020,2.9477,12,1475.8
gemel,9950,אלטשולר שחם גמל לבני 50 ומטה,תגמולים ואישית לפיצויים,כללי/מעורב/גמיש/תלוי גיל,תגמולים ואישית לפיצויים | כללי/מעורב/גמיש/תלוי גיל,2020,5.9839,12,8811.9
gemel,9951,אלטשולר שחם גמל לבני 50 עד 60,תגמולים ואישית לפיצויים,כללי/מעורב/גמיש/תלוי גיל,תגמולים ואישית לפיצויים | כללי/מעורב/גמיש/תלוי גיל,2020,5.4853,12,30336.6
gemel,9952,אלטשולר שחם גמל לבני 60 ומעלה,תגמולים ואישית לפיצויים,כללי/מעורב/גמיש/תלוי גיל,תגמולים ואישית לפיצויים | כללי/מעורב/גמיש/תלוי גיל,2020,5.2211,12,14561.2
gemel,101,"הראל אג""ח עד 25% מניות",תגמולים ואישית לפיצויים,עד 25% מניות,תגמולים ואישית לפיצויים | עד 25% מניות,2021,12.0675,12,9773.0
gemel,103,מיטב גמל לבני 50 עד 60,תגמולים ואישית לפיצויים,כללי/מעורב/גמיש/תלוי גיל,תגמולים ואישית לפיצויים | כללי/מעורב/גמיש/תלוי גיל,2021,15.8997,12,9495.4
gemel,1034,הראל השתלמות משולב סחיר,קרנות השתלמות,כללי/מעורב/גמיש/תלוי גיל,קרנות השתלמות | כללי/מעורב/גמיש/תלוי גיל,2021,2.5418,12,56.6
gemel,1035,"ילין לפידות קופת גמל מסלול אג""ח עד 25% מניות",תגמולים ואישית לפיצויים,עד 25% מניות,תגמולים ואישית לפיצויים | עד 25% מניות,2021,9.7624,12,4558.6
gemel,1036,ילין לפידות קופת גמל מסלול מניות,תגמולים ואישית לפיצויים,מניות אקטיבי,תגמולים ואישית לפיצויים | מניות אקטיבי,2021,28.3957,12,2034.1
gemel,1037,"ילין לפידות קופת גמל מסלול אשראי ואג""ח",תגמולים ואישית לפיצויים,"אג""ח ללא מניות","תגמולים ואישית לפיצויים | אג""ח ללא מניות",2021,4.2038,12,497.9
gemel,1038,"ילין לפידות קרן השתלמות מסלול אג""ח עם מניות (עד 25% מניות)",קרנות השתלמות,עד 25% מניות,קרנות השתלמות | עד 25% מניות,2021,9.6,12,5394.6
gemel,1059,פסגות שיא השתלמות פאסיבי- כללי,קרנות השתלמות,כללי/מעורב/גמיש/תלוי גיל,קרנות השתלמות | כללי/מעורב/גמיש/תלוי גיל,2021,5.2317,9,0.0
gemel,107,"הלמן-אלדובי גמל אג""ח עד 25% במניות",תגמולים ואישית לפיצויים,עד 25% מניות,תגמולים ואישית לפיצויים | עד 25% מניות,2021,6.1562,9,0.0
gemel,1078,"אינפיניטי גמל אשראי ואג""ח",תגמולים ואישית לפיצויים,"אג""ח ללא מניות","תגמולים ואישית לפיצויים | אג""ח ללא מניות",2021,4.4731,12,155.5
gemel,1079,אינפיניטי גמל מניות בישראל,תגמולים ואישית לפיצויים,מניות אקטיבי,תגמולים ואישית לפיצויים | מניות אקטיבי,2021,31.9785,12,54.7
gemel,1084,"אינפיניטי השתלמות אשראי ואג""ח",קרנות השתלמות,"אג""ח ללא מניות","קרנות השתלמות | אג""ח ללא מניות",2021,5.4774,12,188.0
gemel,1085,אינפיניטי השתלמות מניות בישראל,קרנות השתלמות,מניות אקטיבי,קרנות השתלמות | מניות אקטיבי,2021,32.2478,12,60.6
gemel,1093,אלטשולר שחם השתלמות כללי,קרנות השתלמות,כללי/מעורב/גמיש/תלוי גיל,קרנות השתלמות | כללי/מעורב/גמיש/תלוי גיל,2021,10.6254,12,69431.1
gemel,1100,"הפניקס השתלמות אשראי ואג""ח עם מניות (עד 25% מניות)",קרנות השתלמות,עד 25% מניות,קרנות השתלמות | עד 25% מניות,2021,8.6588,12,3227.0
gemel,1110,"מנורה מבטחים השתלמות מסלול אג""ח קונצרני",קרנות השתלמות,"אג""ח ללא מניות","קרנות השתלמות | אג""ח ללא מניות",2021,3.722,6,0.0
gemel,1114,מנורה מבטחים השתלמות כספי (שקלי),קרנות השתלמות,כספי,קרנות השתלמות | כספי,2021,-0.02,12,71.7
gemel,11310,הפניקס חיסכון לילד - חוסכים המעדיפים סיכון מועט,קופת גמל להשקעה - חסכון לילד,עד 25% מניות,קופת גמל להשקעה - חסכון לילד | עד 25% מניות,2021,4.9009,12,631.3
gemel,11311,הפניקס חיסכון לילד - חוסכים המעדיפים סיכון מוגבר,קופת גמל להשקעה - חסכון לילד,מניות אקטיבי,קופת גמל להשקעה - חסכון לילד | מניות אקטיבי,2021,22.6262,12,124.9
gemel,11312,הפניקס חיסכון לילד - חוסכים המעדיפים סיכון בינוני,קופת גמל להשקעה - חסכון לילד,כללי/מעורב/גמיש/תלוי גיל,קופת גמל להשקעה - חסכון לילד | כללי/מעורב/גמיש/תלוי גיל,2021,13.0626,12,113.2
gemel,11320,מנורה מבטחים חסכון לכל ילד מסלול הלכה,קופת גמל להשקעה - חסכון לילד,כללי/מעורב/גמיש/תלוי גיל,קופת גמל להשקעה - חסכון לילד | כללי/מעורב/גמיש/תלוי גיל,2021,9.9699,12,79.0
gemel,11321,מנורה מבטחים חסכון לכל ילד - מסלול חוסכים המעדיפים סיכון מועט,קופת גמל להשקעה - חסכון לילד,עד 25% מניות,קופת גמל להשקעה - חסכון לילד | עד 25% מניות,2021,5.9699,12,363.4
gemel,11322,מנורה מבטחים חסכון לכל ילד - מסלול חוסכים המעדיפים סיכון בינוני,קופת גמל להשקעה - חסכון לילד,כללי/מעורב/גמיש/תלוי גיל,קופת גמל להשקעה - חסכון לילד | כללי/מעורב/גמיש/תלוי גיל,2021,13.0328,12,108.3
gemel,11323,מנורה מבטחים חסכון לכל ילד - מסלול חוסכים המעדיפים סיכון מוגבר,קופת גמל להשקעה - חסכון לילד,מניות אקטיבי,קופת גמל להשקעה - חסכון לילד | מניות אקטיבי,2021,23.8419,12,95.3
gemel,11325,אלטשולר שחם חיסכון לילד לחוסכים המעדיפים סיכון מועט,קופת גמל להשקעה - חסכון לילד,עד 25% מניות,קופת גמל להשקעה - חסכון לילד | עד 25% מניות,2021,7.0677,12,685.6
gemel,11326,אלטשולר שחם חיסכון לילד לחוסכים המעדיפים סיכון בינוני,קופת גמל להשקעה - חסכון לילד,כללי/מעורב/גמיש/תלוי גיל,קופת גמל להשקעה - חסכון לילד | כללי/מעורב/גמיש/תלוי גיל,2021,10.2198,12,1373.9
gemel,11327,אלטשולר שחם חיסכון לילד לחוסכים המעדיפים סיכון מוגבר,קופת גמל להשקעה - חסכון לילד,מניות אקטיבי,קופת גמל להשקעה - חסכון לילד | מניות אקטיבי,2021,15.9326,12,3679.1
gemel,11328,אלטשולר שחם חיסכון לילד הלכה,קופת גמל להשקעה - חסכון לילד,כללי/מעורב/גמיש/תלוי גיל,קופת גמל להשקעה - חסכון לילד | כללי/מעורב/גמיש/תלוי גיל,2021,9.0448,12,570.9
gemel,11335,הפניקס חיסכון לילד - הלכה,קופת גמל להשקעה - חסכון לילד,כללי/מעורב/גמיש/תלוי גיל,קופת גמל להשקעה - חסכון לילד | כללי/מעורב/גמיש/תלוי גיל,2021,11.0538,12,35.1
gemel,11343,סלייס גמל חסכון לילד - חוסכים המעדיפים סיכון מועט,קופת גמל להשקעה - חסכון לילד,עד 25% מניות,קופת גמל להשקעה - חסכון לילד | עד 25% מניות,2021,4.5118,12,299.4
gemel,11344,סלייס גמל חסכון לילד - חוסכים המעדיפים סיכון בינוני,קופת גמל להשקעה - חסכון לילד,כללי/מעורב/גמיש/תלוי גיל,קופת גמל להשקעה - חסכון לילד | כללי/מעורב/גמיש/תלוי גיל,2021,9.7878,12,2.0
gemel,11345,סלייס גמל חסכון לילד - חוסכים המעדיפים סיכון מוגבר,קופת גמל להשקעה - חסכון לילד,מניות אקטיבי,קופת גמל להשקעה - חסכון לילד | מניות אקטיבי,2021,20.5476,12,2.7
gemel,11352,הפניקס חיסכון לילד- שריעה,קופת גמל להשקעה - חסכון לילד,כללי/מעורב/גמיש/תלוי גיל,קופת גמל להשקעה - חסכון לילד | כללי/מעורב/גמיש/תלוי גיל,2021,-1.1736,12,38.1
gemel,11353,הלמן-אלדובי חיסכון לילד- הלכה,קופת גמל להשקעה - חסכון לילד,כללי/מעורב/גמיש/תלוי גיל,קופת גמל להשקעה - חסכון לילד | כללי/מעורב/גמיש/תלוי גיל,2021,6.736,9,0.0
gemel,11354,הלמן-אלדובי חיסכון לילד- חוסכים המעדיפים סיכון מועט,קופת גמל להשקעה - חסכון לילד,עד 25% מניות,קופת גמל להשקעה - חסכון לילד | עד 25% מניות,2021,3.7213,9,0.0
gemel,11355,הלמן-אלדובי חיסכון לילד- חוסכים המעדיפים סיכון בינוני,קופת גמל להשקעה - חסכון לילד,כללי/מעורב/גמיש/תלוי גיל,קופת גמל להשקעה - חסכון לילד | כללי/מעורב/גמיש/תלוי גיל,2021,6.5398,9,0.0
gemel,11356,הלמן-אלדובי חיסכון לילד- חוסכים המעדיפים סיכון מוגבר,קופת גמל להשקעה - חסכון לילד,מניות אקטיבי,קופת גמל להשקעה - חסכון לילד | מניות אקטיבי,2021,14.2195,9,0.0
gemel,11365,אנליסט מסלולית - קופת גמל להשקעה לחיסכון ארוך טווח לילד - מסלול לחוסכים המעדיפים סיכון מועט,קופת גמל להשקעה - חסכון לילד,עד 25% מניות,קופת גמל להשקעה - חסכון לילד | עד 25% מניות,2021,8.0514,12,320.9
gemel,11366,אנליסט מסלולית - קופת גמל להשקעה לחיסכון ארוך טווח לילד - מסלול לחוסכים המעדיפים סיכון בינוני,קופת גמל להשקעה - חסכון לילד,כללי/מעורב/גמיש/תלוי גיל,קופת גמל להשקעה - חסכון לילד | כללי/מעורב/גמיש/תלוי גיל,2021,15.4741,12,109.9
gemel,11367,אנליסט מסלולית - קופת גמל להשקעה לחיסכון ארוך טווח לילד - מסלול לחוסכים המעדיפים סיכון מוגבר,קופת גמל להשקעה - חסכון לילד,מניות אקטיבי,קופת גמל להשקעה - חסכון לילד | מניות אקטיבי,2021,27.7986,12,175.2
gemel,11372,אינפיניטי חיסכון לילד - חוסכים המעדיפים סיכון בינוני,קופת גמל להשקעה - חסכון לילד,כללי/מעורב/גמיש/תלוי גיל,קופת גמל להשקעה - חסכון לילד | כללי/מעורב/גמיש/תלוי גיל,2021,14.3262,12,9.7
gemel,11373,אינפיניטי חיסכון לילד - חוסכים המעדיפים סיכון מוגבר,קופת גמל להשקעה - חסכון לילד,מניות אקטיבי,קופת גמל להשקעה - חסכון לילד | מניות אקטיבי,2021,21.2142,12,23.3
gemel,11374,אינפיניטי חיסכון לילד - חוסכים המעדיפים סיכון מועט,קופת גמל להשקעה - חסכון לילד,עד 25% מניות,קופת גמל להשקעה - חסכון לילד | עד 25% מניות,2021,7.8273,12,304.5
gemel,11375,הראל חיסכון לילד - חוסכים המעדיפים סיכון מועט,קופת גמל להשקעה - חסכון לילד,עד 25% מניות,קופת גמל להשקעה - חסכון לילד | עד 25% מניות,2021,6.0964,12,828.2
gemel,11376,הראל חיסכון לילד - חוסכים המעדיפים סיכון בינוני,קופת גמל להשקעה - חסכון לילד,כללי/מעורב/גמיש/תלוי גיל,קופת גמל להשקעה - חסכון לילד | כללי/מעורב/גמיש/תלוי גיל,2021,13.1746,12,323.6
gemel,11377,הראל חיסכון לילד - חוסכים המעדיפים סיכון מוגבר,קופת גמל להשקעה - חסכון לילד,מניות אקטיבי,קופת גמל להשקעה - חסכון לילד | מניות אקטיבי,2021,24.2128,12,498.9
gemel,11380,פסגות חיסכון לילד - חוסכים המעדיפים סיכון מועט,קופת גמל להשקעה - חסכון לילד,עד 25% מניות,קופת גמל להשקעה - חסכון לילד | עד 25% מניות,2021,3.3924,9,0.0
gemel,11381,פסגות חיסכון לילד - חוסכים המעדיפים סיכון בינוני,קופת גמל להשקעה - חסכון לילד,כללי/מעורב/גמיש/תלוי גיל,קופת גמל להשקעה - חסכון לילד | כללי/מעורב/גמיש/תלוי גיל,2021,5.9713,9,0.0
gemel,11382,פסגות חיסכון לילד - חוסכים המעדיפים סיכון מוגבר,קופת גמל להשקעה - חסכון לילד,מניות אקטיבי,קופת גמל להשקעה - חסכון לילד | מניות אקטיבי,2021,8.5822,9,0.0
gemel,11383,פסגות חיסכון לילד - הלכה,קופת גמל להשקעה - חסכון לילד,כללי/מעורב/גמיש/תלוי גיל,קופת גמל להשקעה - חסכון לילד | כללי/מעורב/גמיש/תלוי גיל,2021,6.7577,9,0.0
gemel,11385,מיטב קופת גמל להשקעה לחיסכון ארוך טווח לילד אחר חיסכון לכל ילד - חוסכים המעדיפים סיכון מועט,קופת גמל להשקעה - חסכון לילד,עד 25% מניות,קופת גמל להשקעה - חסכון לילד | עד 25% מניות,2021,8.8959,12,369.2
gemel,11386,מיטב קופת גמל להשקעה לחיסכון ארוך טווח לילד אחר חיסכון לכל ילד - חוסכים המעדיפים סיכון בינוני,קופת גמל להשקעה - חסכון לילד,כללי/מעורב/גמיש/תלוי גיל,קופת גמל להשקעה - חסכון לילד | כללי/מעורב/גמיש/תלוי גיל,2021,12.5581,12,171.8
gemel,11387,מיטב קופת גמל להשקעה לחיסכון ארוך טווח לילד אחר חיסכון לכל ילד - חוסכים המעדיפים סיכון מוגבר,קופת גמל להשקעה - חסכון לילד,מניות אקטיבי,קופת גמל להשקעה - חסכון לילד | מניות אקטיבי,2021,24.0535,12,132.9
gemel,11388,מיטב קופת גמל להשקעה לחיסכון ארוך טווח לילד הלכה,קופת גמל להשקעה - חסכון לילד,כללי/מעורב/גמיש/תלוי גיל,קופת גמל להשקעה - חסכון לילד | כללי/מעורב/גמיש/תלוי גיל,2021,12.49,12,221.8
gemel,11390,ילין לפידות קופת גמל להשקעה מסלול כללי,קופת גמל להשקעה,כללי/מעורב/גמיש/תלוי גיל,קופת גמל להשקעה | כללי/מעורב/גמיש/תלוי גיל,2021,13.6526,12,980.9
gemel,11391,"ילין לפידות קופת גמל להשקעה מסלול אשראי ואג""ח",קופת גמל להשקעה,"אג""ח ללא מניות","קופת גמל להשקעה | אג""ח ללא מניות",2021,6.0328,12,55.5
gemel,11392,"ילין לפידות קופת גמל להשקעה מסלול אשראי ואג""ח עם מניות (עד 25% מניות)",קופת גמל להשקעה,עד 25% מניות,קופת גמל להשקעה | עד 25% מניות,2021,8.1988,12,169.5
gemel,11393,"ילין לפידות קופת גמל להשקעה מסלול אג""ח ממשלות",קופת גמל להשקעה,"אג""ח ללא מניות","קופת גמל להשקעה | אג""ח ללא מניות",2021,2.9658,12,19.2
gemel,11394,ילין לפידות קופת גמל להשקעה מסלול מניות,קופת גמל להשקעה,מניות אקטיבי,קופת גמל להשקעה | מניות אקטיבי,2021,26.1902,12,723.6
gemel,11407,אינפיניטי גמל להשקעה מניות,קופת גמל להשקעה,מניות אקטיבי,קופת גמל להשקעה | מניות אקטיבי,2021,24.6964,12,29.1
gemel,11408,מנורה מבטחים השתלמות עוקב מדדים גמיש,קרנות השתלמות,כללי/מעורב/גמיש/תלוי גיל,קרנות השתלמות | כללי/מעורב/גמיש/תלוי גיל,2021,9.7375,12,32.3
gemel,11409,"מנורה מבטחים השתלמות עוקב מדדים - אג""ח עם מניות (עד 25% מניות)",קרנות השתלמות,עד 25% מניות,קרנות השתלמות | עד 25% מניות,2021,5.7218,12,43.3
gemel,11411,הלמן-אלדובי קופת גמל להשקעה מחקה מדד S&P500,קופת גמל להשקעה,מניות פאסיבי,קופת גמל להשקעה | מניות פאסיבי,2021,17.1793,9,0.0
gemel,1147,"מנורה מבטחים תגמולים ופיצויים אג""ח עד 10% מניות",תגמולים ואישית לפיצויים,עד 25% מניות,תגמולים ואישית לפיצויים | עד 25% מניות,2021,5.2332,12,860.4
gemel,1149,"מנורה מבטחים השתלמות אג""ח עד 10% מניות",קרנות השתלמות,עד 25% מניות,קרנות השתלמות | עד 25% מניות,2021,5.2652,12,1702.2
gemel,1162,ילין לפידות קרן השתלמות מסלול כללי,קרנות השתלמות,כללי/מעורב/גמיש/תלוי גיל,קרנות השתלמות | כללי/מעורב/גמיש/תלוי גיל,2021,14.4804,12,16605.4
gemel,117,"כלל תמר אשראי ואג""ח",תגמולים ואישית לפיצויים,"אג""ח ללא מניות","תגמולים ואישית לפיצויים | אג""ח ללא מניות",2021,3.3647,12,735.9
gemel,1183,פסגות שיא השתלמות ישראל,קרנות השתלמות,כללי/מעורב/גמיש/תלוי גיל,קרנות השתלמות | כללי/מעורב/גמיש/תלוי גיל,2021,9.3096,9,0.0
gemel,119,מנורה מבטחים יותר מסלול ד',תגמולים ואישית לפיצויים,כללי/מעורב/גמיש/תלוי גיל,תגמולים ואישית לפיצויים | כללי/מעורב/גמיש/תלוי גיל,2021,9.5916,12,970.1
gemel,1190,"הפניקס השתלמות אג""ח עד 25% מניות",קרנות השתלמות,עד 25% מניות,קרנות השתלמות | עד 25% מניות,2021,8.7501,12,1029.7
gemel,11914,אינפיניטי חיסכון לילד - הלכה,קופת גמל להשקעה - חסכון לילד,כללי/מעורב/גמיש/תלוי גיל,קופת גמל להשקעה - חסכון לילד | כללי/מעורב/גמיש/תלוי גיל,2021,12.5055,12,21.7
gemel,11926,סלייס השתלמות כללי,קרנות השתלמות,כללי/מעורב/גמיש/תלוי גיל,קרנות השתלמות | כללי/מעורב/גמיש/תלוי גיל,2021,8.557,12,28.5
gemel,11928,"סלייס השתלמות אג""ח אג""ח",קרנות השתלמות,"אג""ח ללא מניות","קרנות השתלמות | אג""ח ללא מניות",2021,7.6052,12,56.9
gemel,11931,סלייס השתלמות מניות פאסיבי,קרנות השתלמות,מניות פאסיבי,קרנות השתלמות | מניות פאסיבי,2021,29.5929,12,0.2
gemel,11934,"סלייס השתלמות מדד חו""ל",קרנות השתלמות,מניות פאסיבי,קרנות השתלמות | מניות פאסיבי,2021,24.3737,12,5.8
gemel,11942,"סלייס גמל קופת גמל לחסכון אג""ח אג""ח",תגמולים ואישית לפיצויים,"אג""ח ללא מניות","תגמולים ואישית לפיצויים | אג""ח ללא מניות",2021,6.596,12,211.2
gemel,11943,סלייס גמל קופת גמל לחסכון מניות מניות,תגמולים ואישית לפיצויים,מניות אקטיבי,תגמולים ואישית לפיצויים | מניות אקטיבי,2021,1.7487,3,14.8
gemel,11944,"סלייס גמל קופת גמל לחסכון חו""ל חו""ל",תגמולים ואישית לפיצויים,כללי/מעורב/גמיש/תלוי גיל,תגמולים ואישית לפיצויים | כללי/מעורב/גמיש/תלוי גיל,2021,0.6304,11,2.6
gemel,11949,"סלייס גמל קופת גמל לחסכון מדד חו""ל",תגמולים ואישית לפיצויים,מניות פאסיבי,תגמולים ואישית לפיצויים | מניות פאסיבי,2021,23.2787,12,0.9
gemel,11957,"אינפיניטי השתלמות אשראי ואג""ח עם מניות (עד 25% מניות)",קרנות השתלמות,עד 25% מניות,קרנות השתלמות | עד 25% מניות,2021,4.1094,12,34.1
gemel,11979,סלייס גמל קופת גמל לחסכון מדרגות עד 50,תגמולים ואישית לפיצויים,כללי/מעורב/גמיש/תלוי גיל,תגמולים ואישית לפיצויים | כללי/מעורב/גמיש/תלוי גיל,2021,9.4988,12,76.1
gemel,1198,"הלמן-אלדובי גמל מסלול אג""ח ללא מניות",תגמולים ואישית לפיצויים,"אג""ח ללא מניות","תגמולים ואישית לפיצויים | אג""ח ללא מניות",2021,2.5394,9,0.0
gemel,11980,סלייס גמל קופת גמל לחסכון מדרגות 50-60,תגמולים ואישית לפיצויים,כללי/מעורב/גמיש/תלוי גיל,תגמולים ואישית לפיצויים | כללי/מעורב/גמיש/תלוי גיל,2021,13.5942,12,7.5
gemel,11981,סלייס גמל קופת גמל לחסכון מדרגות 60 ומעלה,תגמולים ואישית לפיצויים,כללי/מעורב/גמיש/תלוי גיל,תגמולים ואישית לפיצויים | כללי/מעורב/גמיש/תלוי גיל,2021,8.6048,12,6.3
gemel,1202,"הלמן-אלדובי קרן השתלמות מסלול אג""ח ללא מניות",קרנות השתלמות,"אג""ח ללא מניות","קרנות השתלמות | אג""ח ללא מניות",2021,2.5604,9,0.0
gemel,1203,"הלמן-אלדובי קרן השתלמות מסלול אג""ח עד 10% מניות",קרנות השתלמות,עד 25% מניות,קרנות השתלמות | עד 25% מניות,2021,4.4858,9,0.0
gemel,1209,"אינפיניטי גמל אג""ח ממשלות",תגמולים ואישית לפיצויים,"אג""ח ללא מניות","תגמולים ואישית לפיצויים | אג""ח ללא מניות",2021,1.7169,12,30.8
gemel,1210,"אינפיניטי השתלמות אג""ח ממשלות",קרנות השתלמות,"אג""ח ללא מניות","קרנות השתלמות | אג""ח ללא מניות",2021,1.4138,12,35.8
gemel,1219,אלטשולר שחם קמה,תגמולים ואישית לפיצויים,כללי/מעורב/גמיש/תלוי גיל,תגמולים ואישית לפיצויים | כללי/מעורב/גמיש/תלוי גיל,2021,1.8618,12,1.1
gemel,12256,אלטשולר שחם השתלמות הלכה,קרנות השתלמות,כללי/מעורב/גמיש/תלוי גיל,קרנות השתלמות | כללי/מעורב/גמיש/תלוי גיל,2021,8.2942,12,369.0
gemel,12257,אלטשולר שחם חיסכון פלוס הלכה,קופת גמל להשקעה,כללי/מעורב/גמיש/תלוי גיל,קופת גמל להשקעה | כללי/מעורב/גמיש/תלוי גיל,2021,8.5038,12,174.7
gemel,124,כלל תמר מדד,תגמולים ואישית לפיצויים,"אג""ח ללא מניות","תגמולים ואישית לפיצויים | אג""ח ללא מניות",2021,5.4002,12,687.7
gemel,1240,"מיטב השתלמות אשראי ואג""ח",קרנות השתלמות,"אג""ח ללא מניות","קרנות השתלמות | אג""ח ללא מניות",2021,6.2792,12,491.7
gemel,12530,"ילין לפידות קרן השתלמות מסלול אג""ח עד 15% מניות",קרנות השתלמות,עד 25% מניות,קרנות השתלמות | עד 25% מניות,2021,6.3879,12,211.7
gemel,12531,"אלפא מור קופת גמל לחיסכון, קופת גמל לתגמולים וקופת גמל אישית לפיצויים - מניות",תגמולים ואישית לפיצויים,מניות אקטיבי,תגמולים ואישית לפיצויים | מניות אקטיבי,2021,25.071,12,2207.5
gemel,12532,"אלפא מור קופת גמל לחיסכון, קופת גמל לתגמולים וקופת גמל אישית לפיצויים - לבני 50 ומטה",תגמולים ואישית לפיצויים,כללי/מעורב/גמיש/תלוי גיל,תגמולים ואישית לפיצויים | כללי/מעורב/גמיש/תלוי גיל,2021,16.9608,12,2450.9
gemel,12533,"אלפא מור קופת גמל לחיסכון, קופת גמל לתגמולים וקופת גמל אישית לפיצויים - לבני 50 עד 60",תגמולים ואישית לפיצויים,כללי/מעורב/גמיש/תלוי גיל,תגמולים ואישית לפיצויים | כללי/מעורב/גמיש/תלוי גיל,2021,14.0983,12,7129.8
gemel,12534,"אלפא מור קופת גמל לחיסכון, קופת גמל לתגמולים וקופת גמל אישית לפיצויים - לבני 60 ומעלה",תגמולים ואישית לפיצויים,כללי/מעורב/גמיש/תלוי גיל,תגמולים ואישית לפיצויים | כללי/מעורב/גמיש/תלוי גיל,2021,9.2926,12,3344.4
gemel,12535,מור קרן השתלמות לשכירים ולעצמאים - כללי,קרנות השתלמות,כללי/מעורב/גמיש/תלוי גיל,קרנות השתלמות | כללי/מעורב/גמיש/תלוי גיל,2021,14.7064,12,6439.8
gemel,12536,מור קרן השתלמות לשכירים ולעצמאים - מניות,קרנות השתלמות,מניות אקטיבי,קרנות השתלמות | מניות אקטיבי,2021,26.0409,12,2870.9
gemel,12537,מור גמל להשקעה - מניות,קופת גמל להשקעה,מניות אקטיבי,קופת גמל להשקעה | מניות אקטיבי,2021,23.3386,12,1587.7
gemel,12538,מור גמל להשקעה - כללי,קופת גמל להשקעה,כללי/מעורב/גמיש/תלוי גיל,קופת גמל להשקעה | כללי/מעורב/גמיש/תלוי גיל,2021,13.4816,12,1757.9
gemel,12540,אינפיניטי גמל להשקעה הלכה,קופת גמל להשקעה,כללי/מעורב/גמיש/תלוי גיל,קופת גמל להשקעה | כללי/מעורב/גמיש/תלוי גיל,2021,12.2646,12,22.2
gemel,12541,"כלל תמר אג""ח עד 15% מניות",תגמולים ואישית לפיצויים,עד 25% מניות,תגמולים ואישית לפיצויים | עד 25% מניות,2021,6.5907,12,180.8
gemel,1256,מנורה מבטחים השתלמות מסלול מניות,קרנות השתלמות,מניות אקטיבי,קרנות השתלמות | מניות אקטיבי,2021,23.5258,12,364.3
gemel,12599,"כלל השתלמות אשראי ואג""ח עם מניות(עד 25% מניות)",קרנות השתלמות,עד 25% מניות,קרנות השתלמות | עד 25% מניות,2021,6.6121,12,271.0
gemel,127,כלל תמר מניות,תגמולים ואישית לפיצויים,מניות אקטיבי,תגמולים ואישית לפיצויים | מניות אקטיבי,2021,22.4563,12,745.0
gemel,128,כלל תמר כספי(שקלי),תגמולים ואישית לפיצויים,כספי,תגמולים ואישית לפיצויים | כספי,2021,0.1901,12,150.5
gemel,1290,אלטשולר שחם השתלמות כללי ב',קרנות השתלמות,כללי/מעורב/גמיש/תלוי גיל,קרנות השתלמות | כללי/מעורב/גמיש/תלוי גיל,2021,12.6201,12,1716.4
gemel,12955,"מור גמל להשקעה -אשראי ואג""ח (עד 25% מניות)",קופת גמל להשקעה,עד 25% מניות,קופת גמל להשקעה | עד 25% מניות,2021,8.1467,12,151.3
gemel,12956,"מור קרן השתלמות לשכירים ולעצמאים - אשראי ואג""ח עם מניות (עד 25% מניות)",קרנות השתלמות,עד 25% מניות,קרנות השתלמות | עד 25% מניות,2021,9.0215,12,317.2
gemel,12957,"אלפא מור קופת גמל לתגמולים ואישית לפיצויים וקופת גמל לא משלמת לקצבה אג""ח עד 25% במניות",תגמולים ואישית לפיצויים,עד 25% מניות,תגמולים ואישית לפיצויים | עד 25% מניות,2021,9.1936,12,287.0
gemel,1319,"ילין לפידות קרן השתלמות מסלול אשראי ואג""ח",קרנות השתלמות,"אג""ח ללא מניות","קרנות השתלמות | אג""ח ללא מניות",2021,4.5254,12,293.4
gemel,132,הלמן-אלדובי השתלמות כללי,קרנות השתלמות,כללי/מעורב/גמיש/תלוי גיל,קרנות השתלמות | כללי/מעורב/גמיש/תלוי גיל,2021,8.8229,9,0.0
gemel,13209,הפניקס גמל להשקעה כספי (שקלי),קופת גמל להשקעה,כספי,קופת גמל להשקעה | כספי,2021,0.3907,12,6.2
gemel,13228,אינפיניטי גמל להשקעה עוקב מדדים גמיש,קופת גמל להשקעה,כללי/מעורב/גמיש/תלוי גיל,קופת גמל להשקעה | כללי/מעורב/גמיש/תלוי גיל,2021,12.0056,12,8.2
gemel,13229,אינפיניטי השתלמות כללי,קרנות השתלמות,כללי/מעורב/גמיש/תלוי גיל,קרנות השתלמות | כללי/מעורב/גמיש/תלוי גיל,2021,14.4724,12,10.8
gemel,13245,מיטב השתלמות עוקב מדד S&P500,קרנות השתלמות,מניות פאסיבי,קרנות השתלמות | מניות פאסיבי,2021,25.706,12,743.3
gemel,13246,מיטב גמל עוקב מדד S&P500,תגמולים ואישית לפיצויים,מניות פאסיבי,תגמולים ואישית לפיצויים | מניות פאסיבי,2021,25.7043,12,480.2
gemel,13250,הפניקס גמל להשקעה עוקב מדד S&P500,קופת גמל להשקעה,מניות פאסיבי,קופת גמל להשקעה | מניות פאסיבי,2021,23.7181,12,723.3
gemel,13254,הראל גמל להשקעה כספי (שקלי),קופת גמל להשקעה,כספי,קופת גמל להשקעה | כספי,2021,-0.4392,12,3.4
gemel,13259,מיטב גמל להשקעה עוקב מדד S&P 500,קופת גמל להשקעה,מניות פאסיבי,קופת גמל להשקעה | מניות פאסיבי,2021,25.4512,12,251.3
gemel,13263,הפניקס גמל מחקה מדד s&p500,תגמולים ואישית לפיצויים,מניות פאסיבי,תגמולים ואישית לפיצויים | מניות פאסיבי,2021,23.742,12,2170.5
gemel,13264,הפניקס השתלמות מחקה מדד s&p500,קרנות השתלמות,מניות פאסיבי,קרנות השתלמות | מניות פאסיבי,2021,23.8641,12,2478.8
gemel,1330,פסגות גדיש מניות,תגמולים ואישית לפיצויים,מניות אקטיבי,תגמולים ואישית לפיצויים | מניות אקטיבי,2021,8.985,9,0.0
gemel,1331,פסגות גדיש אגח עד 10% מניות,תגמולים ואישית לפיצויים,עד 25% מניות,תגמולים ואישית לפיצויים | עד 25% מניות,2021,3.994,9,0.0
gemel,1332,"פסגות גדיש אג""ח",תגמולים ואישית לפיצויים,"אג""ח ללא מניות","תגמולים ואישית לפיצויים | אג""ח ללא מניות",2021,3.1468,9,0.0
gemel,1333,פסגות גדיש כספי,תגמולים ואישית לפיצויים,כספי,תגמולים ואישית לפיצויים | כספי,2021,0.1801,9,0.0
gemel,1334,הראל גמל כספי (שקלי),תגמולים ואישית לפיצויים,כספי,תגמולים ואישית לפיצויים | כספי,2021,0.08,12,158.1
gemel,13342,כלל השתלמות עוקב מדד s&p 500,קרנות השתלמות,מניות פאסיבי,קרנות השתלמות | מניות פאסיבי,2021,24.0739,12,233.1
gemel,13343,כלל תמר עוקב מדד s&p 500,תגמולים ואישית לפיצויים,מניות פאסיבי,תגמולים ואישית לפיצויים | מניות פאסיבי,2021,25.5081,12,161.2
gemel,13344,כלל גמל לעתיד עוקב מדד s&p 500,קופת גמל להשקעה,מניות פאסיבי,קופת גמל להשקעה | מניות פאסיבי,2021,25.3698,12,74.7
gemel,1335,"הראל גמל מסלול אשראי ואג""ח",תגמולים ואישית לפיצויים,"אג""ח ללא מניות","תגמולים ואישית לפיצויים | אג""ח ללא מניות",2021,4.5235,12,255.1
gemel,13353,מנורה מבטחים גמל להשקעה מסלול מניות סחיר,קופת גמל להשקעה,מניות אקטיבי,קופת גמל להשקעה | מניות אקטיבי,2021,7.9611,11,24.2
gemel,13354,"מנורה מבטחים גמל להשקעה מסלול אשראי ואג""ח",קופת גמל להשקעה,"אג""ח ללא מניות","קופת גמל להשקעה | אג""ח ללא מניות",2021,-1.6878,11,4.0
gemel,13355,"מנורה מבטחים תגמולים ופיצויים מסלול אשראי ואג""ח",תגמולים ואישית לפיצויים,"אג""ח ללא מניות","תגמולים ואישית לפיצויים | אג""ח ללא מניות",2021,-1.9902,11,3.4
gemel,13356,מנורה מבטחים תגמולים ופיצויים מסלול עוקב מדדי מניות,תגמולים ואישית לפיצויים,מניות פאסיבי,תגמולים ואישית לפיצויים | מניות פאסיבי,2021,10.4343,11,22.3
gemel,13357,"מנורה מבטחים השתלמות מסלול אשראי ואג""ח",קרנות השתלמות,"אג""ח ללא מניות","קרנות השתלמות | אג""ח ללא מניות",2021,-1.9151,11,12.4
gemel,13414,הראל גמל להשקעה עוקב מדד s&p 500,קופת גמל להשקעה,מניות פאסיבי,קופת גמל להשקעה | מניות פאסיבי,2021,10.3664,8,50.1
gemel,1343,מנורה מבטחים תגמולים ופיצויים מסלול כספי (שקלי),תגמולים ואישית לפיצויים,כספי,תגמולים ואישית לפיצויים | כספי,2021,0.0199,12,58.4
gemel,1344,"מנורה מבטחים תגמולים ופיצויים אג""ח ממשלת ישראל",תגמולים ואישית לפיצויים,"אג""ח ללא מניות","תגמולים ואישית לפיצויים | אג""ח ללא מניות",2021,2.456,12,121.7
gemel,1348,"כלל השתלמות אשראי ואג""ח",קרנות השתלמות,"אג""ח ללא מניות","קרנות השתלמות | אג""ח ללא מניות",2021,4.7838,12,268.7
gemel,1350,כלל השתלמות מניות,קרנות השתלמות,מניות אקטיבי,קרנות השתלמות | מניות אקטיבי,2021,21.4716,12,911.7
gemel,13501,הראל גמל - עוקב מדד s&p 500,תגמולים ואישית לפיצויים,מניות פאסיבי,תגמולים ואישית לפיצויים | מניות פאסיבי,2021,10.1243,7,171.3
gemel,13502,הראל השתלמות - עוקב מדד s&p 500,קרנות השתלמות,מניות פאסיבי,קרנות השתלמות | מניות פאסיבי,2021,9.6304,8,172.0
gemel,1351,כלל השתלמות כספי(שקלי),קרנות השתלמות,כספי,קרנות השתלמות | כספי,2021,0.2001,12,147.6
gemel,1353,מיטב השתלמות מעל 6 שנות וותק,קרנות השתלמות,כללי/מעורב/גמיש/תלוי גיל,קרנות השתלמות | כללי/מעורב/גמיש/תלוי גיל,2021,8.9484,12,2394.9
gemel,13563,מגדל גמל להשקעה עוקב מדד s&p500,קופת גמל להשקעה,מניות פאסיבי,קופת גמל להשקעה | מניות פאסיבי,2021,9.4871,8,20.7
gemel,13565,מגדל לתגמולים ולפיצויים עוקב מדד s&p500,תגמולים ואישית לפיצויים,מניות פאסיבי,תגמולים ואישית לפיצויים | מניות פאסיבי,2021,9.941,8,55.8
gemel,1360,"ילין לפידות קופת גמל מסלול אג""ח ממשלות",תגמולים ואישית לפיצויים,"אג""ח ללא מניות","תגמולים ואישית לפיצויים | אג""ח ללא מניות",2021,3.1503,12,144.2
gemel,1361,"ילין לפידות קרן השתלמות מסלול אג""ח ממשלות",קרנות השתלמות,"אג""ח ללא מניות","קרנות השתלמות | אג""ח ללא מניות",2021,2.9247,12,203.9
gemel,1364,מנורה מבטחים תגמולים ופיצויים מסלול מניות,תגמולים ואישית לפיצויים,מניות אקטיבי,תגמולים ואישית לפיצויים | מניות אקטיבי,2021,23.7155,12,159.6
gemel,1368,הראל גמל מסלול שקלי,תגמולים ואישית לפיצויים,"אג""ח ללא מניות","תגמולים ואישית לפיצויים | אג""ח ללא מניות",2021,1.3251,12,181.7
gemel,1369,הראל השתלמות מסלול שקלי,קרנות השתלמות,"אג""ח ללא מניות","קרנות השתלמות | אג""ח ללא מניות",2021,0.5698,12,262.1
gemel,1370,מיטב השתלמות כספי (שקלי),קרנות השתלמות,כספי,קרנות השתלמות | כספי,2021,0.2803,12,177.4
gemel,1375,אלטשולר שחם גמל מניות,תגמולים ואישית לפיצויים,מניות אקטיבי,תגמולים ואישית לפיצויים | מניות אקטיבי,2021,15.6509,12,4543.6
gemel,1376,"אלטשולר שחם גמל אשראי ואג""ח",תגמולים ואישית לפיצויים,"אג""ח ללא מניות","תגמולים ואישית לפיצויים | אג""ח ללא מניות",2021,3.7884,12,1158.5
gemel,1377,אלטשולר שחם השתלמות מניות,קרנות השתלמות,מניות אקטיבי,קרנות השתלמות | מניות אקטיבי,2021,15.6026,12,9411.1
gemel,1378,"אלטשולר שחם השתלמות אשראי ואג""ח",קרנות השתלמות,"אג""ח ללא מניות","קרנות השתלמות | אג""ח ללא מניות",2021,3.5389,12,1057.4
gemel,1386,"מיטב גמל אג""ח ממשלות",תגמולים ואישית לפיצויים,"אג""ח ללא מניות","תגמולים ואישית לפיצויים | אג""ח ללא מניות",2021,3.9313,12,103.4
gemel,1387,"מיטב השתלמות אג""ח ממשלות",קרנות השתלמות,"אג""ח ללא מניות","קרנות השתלמות | אג""ח ללא מניות",2021,3.8791,12,243.5
gemel,1394,אלטשולר שחם גמל כספי (שקלי),תגמולים ואישית לפיצויים,כספי,תגמולים ואישית לפיצויים | כספי,2021,0.2402,12,336.6
gemel,1395,"אלטשולר שחם גמל אג""ח ממשלות",תגמולים ואישית לפיצויים,"אג""ח ללא מניות","תגמולים ואישית לפיצויים | אג""ח ללא מניות",2021,3.0121,12,382.1
gemel,1398,אלטשולר שחם השתלמות כספי (שקלי),קרנות השתלמות,כספי,קרנות השתלמות | כספי,2021,0.15,12,342.9
gemel,1399,"אלטשולר שחם השתלמות אג""ח ממשלות",קרנות השתלמות,"אג""ח ללא מניות","קרנות השתלמות | אג""ח ללא מניות",2021,3.1264,12,371.0
gemel,1408,"מנורה מבטחים השתלמות מסלול אג""ח ממשלת ישראל",קרנות השתלמות,"אג""ח ללא מניות","קרנות השתלמות | אג""ח ללא מניות",2021,2.3736,12,383.9
gemel,1409,מנורה מבטחים השתלמות מסלול מניות סחיר,קרנות השתלמות,מניות אקטיבי,קרנות השתלמות | מניות אקטיבי,2021,15.3529,12,233.4
gemel,1412,"אנליסט גמל אג""ח ממשלות",תגמולים ואישית לפיצויים,"אג""ח ללא מניות","תגמולים ואישית לפיצויים | אג""ח ללא מניות",2021,2.9736,12,34.5
gemel,1424,פסגות שיא השתלמות אגח עד 10% מניות,קרנות השתלמות,עד 25% מניות,קרנות השתלמות | עד 25% מניות,2021,3.6631,9,0.0
gemel,1429,"פסגות שיא השתלמות אג""ח ממשלת ישראל",קרנות השתלמות,"אג""ח ללא מניות","קרנות השתלמות | אג""ח ללא מניות",2021,1.2857,9,0.0
gemel,1431,"פסגות גדיש אג""ח ממשלת ישראל",תגמולים ואישית לפיצויים,"אג""ח ללא מניות","תגמולים ואישית לפיצויים | אג""ח ללא מניות",2021,1.2549,9,0.0
gemel,1442,"הלמן-אלדובי גמל מסלול פאסיבי - מדדי אג""ח ממשלת ישראל",תגמולים ואישית לפיצויים,"אג""ח ללא מניות","תגמולים ואישית לפיצויים | אג""ח ללא מניות",2021,2.2762,9,0.0
gemel,1443,"הלמן-אלדובי קרן השתלמות מסלול פאסיבי - מדדי אג""ח ממשלת ישראל",קרנות השתלמות,"אג""ח ללא מניות","קרנות השתלמות | אג""ח ללא מניות",2021,2.2763,9,0.0
gemel,1484,"הראל גמל מסלול אג""ח קונצרני",תגמולים ואישית לפיצויים,"אג""ח ללא מניות","תגמולים ואישית לפיצויים | אג""ח ללא מניות",2021,3.8841,12,41.5
gemel,1485,"הראל השתלמות אשראי ואג""ח",קרנות השתלמות,"אג""ח ללא מניות","קרנות השתלמות | אג""ח ללא מניות",2021,3.6393,12,140.3
gemel,1490,"אינפיניטי גמל אג""ח קונצרני",תגמולים ואישית לפיצויים,"אג""ח ללא מניות","תגמולים ואישית לפיצויים | אג""ח ללא מניות",2021,-98.24,1,0.2
gemel,1491,"אינפיניטי השתלמות אג""ח קונצרני",קרנות השתלמות,"אג""ח ללא מניות","קרנות השתלמות | אג""ח ללא מניות",2021,0.0,1,0.0
gemel,1523,הראל השתלמות מסלול הלכה,קרנות השתלמות,כללי/מעורב/גמיש/תלוי גיל,קרנות השתלמות | כללי/מעורב/גמיש/תלוי גיל,2021,11.7843,12,266.4
gemel,1524,הראל גמל מסלול הלכה,תגמולים ואישית לפיצויים,כללי/מעורב/גמיש/תלוי גיל,תגמולים ואישית לפיצויים | כללי/מעורב/גמיש/תלוי גיל,2021,11.7837,12,118.7
gemel,1533,כלל תמר מסלול הלכתי (הוד),תגמולים ואישית לפיצויים,כללי/מעורב/גמיש/תלוי גיל,תגמולים ואישית לפיצויים | כללי/מעורב/גמיש/תלוי גיל,2021,9.5317,12,90.8
gemel,1534,כלל השתלמות הלכה,קרנות השתלמות,כללי/מעורב/גמיש/תלוי גיל,קרנות השתלמות | כללי/מעורב/גמיש/תלוי גיל,2021,9.469,12,198.8
gemel,1535,אנליסט השתלמות כספי (שקלי),קרנות השתלמות,כספי,קרנות השתלמות | כספי,2021,0.2402,12,53.6
gemel,1536,אינפיניטי גמל מניות,תגמולים ואישית לפיצויים,מניות אקטיבי,תגמולים ואישית לפיצויים | מניות אקטיבי,2021,15.5586,12,61.1
gemel,1537,אינפיניטי השתלמות מניות,קרנות השתלמות,מניות אקטיבי,קרנות השתלמות | מניות אקטיבי,2021,15.7176,12,70.5
gemel,154,הראל השתלמות כללי,קרנות השתלמות,כללי/מעורב/גמיש/תלוי גיל,קרנות השתלמות | כללי/מעורב/גמיש/תלוי גיל,2021,14.2083,12,9661.2
gemel,1543,"הלמן-אלדובי גמל מסלול מדדי מניות חו""ל (פאסיבי)",תגמולים ואישית לפיצויים,מניות פאסיבי,תגמולים ואישית לפיצויים | מניות פאסיבי,2021,11.2782,9,0.0
gemel,1544,"הלמן-אלדובי קרן השתלמות מסלול פאסיבי - מדדי מניות חו""ל",קרנות השתלמות,מניות פאסיבי,קרנות השתלמות | מניות פאסיבי,2021,11.1908,9,0.0
gemel,1689,מיטב גמל עוקב מדדי מניות,תגמולים ואישית לפיצויים,מניות פאסיבי,תגמולים ואישית לפיצויים | מניות פאסיבי,2021,22.2963,12,57.9
gemel,1692,"מיטב גמל עוקב מדדי אג""ח",תגמולים ואישית לפיצויים,"אג""ח ללא מניות","תגמולים ואישית לפיצויים | אג""ח ללא מניות",2021,8.0688,12,62.3
gemel,1861,מנורה מבטחים השתלמות מסלול לטווח ארוך,קרנות השתלמות,כללי/מעורב/גמיש/תלוי גיל,קרנות השתלמות | כללי/מעורב/גמיש/תלוי גיל,2021,8.446,6,0.0
gemel,199,"מגדל השתלמות מסלול אשראי ואג""ח",קרנות השתלמות,"אג""ח ללא מניות","קרנות השתלמות | אג""ח ללא מניות",2021,4.8241,12,216.9
gemel,2017,אלטשולר שחם גמל הלכה,תגמולים ואישית לפיצויים,כללי/מעורב/גמיש/תלוי גיל,תגמולים ואישית לפיצויים | כללי/מעורב/גמיש/תלוי גיל,2021,11.7719,12,177.4
gemel,2018,פסגות שיא השתלמות הלכה,קרנות השתלמות,כללי/מעורב/גמיש/תלוי גיל,קרנות השתלמות | כללי/מעורב/גמיש/תלוי גיל,2021,6.6398,9,0.0
gemel,2048,מגדל השתלמות מסלול הלכה,קרנות השתלמות,כללי/מעורב/גמיש/תלוי גיל,קרנות השתלמות | כללי/מעורב/גמיש/תלוי גיל,2021,11.8586,12,215.2
gemel,2049,הפניקס גמל שריעה,תגמולים ואישית לפיצויים,כללי/מעורב/גמיש/תלוי גיל,תגמולים ואישית לפיצויים | כללי/מעורב/גמיש/תלוי גיל,2021,-1.651,12,17.5
gemel,205,"פסגות גדיש חו""ל",תגמולים ואישית לפיצויים,כללי/מעורב/גמיש/תלוי גיל,תגמולים ואישית לפיצויים | כללי/מעורב/גמיש/תלוי גיל,2021,5.3156,9,0.0
gemel,2058,הפניקס השתלמות שריעה,קרנות השתלמות,כללי/מעורב/גמיש/תלוי גיל,קרנות השתלמות | כללי/מעורב/גמיש/תלוי גיל,2021,-1.8237,12,30.0
gemel,2089,"אקסלנס גמל אג""ח עד 20% מניות",תגמולים ואישית לפיצויים,עד 25% מניות,תגמולים ואישית לפיצויים | עד 25% מניות,2021,5.8985,9,0.0
gemel,211,"הפניקס גמל אג""ח עד 15% מניות",תגמולים ואישית לפיצויים,עד 25% מניות,תגמולים ואישית לפיצויים | עד 25% מניות,2021,8.757,12,3329.1
gemel,2115,"כלל השתלמות אג""ח",קרנות השתלמות,"אג""ח ללא מניות","קרנות השתלמות | אג""ח ללא מניות",2021,3.2008,12,175.9
gemel,223,"מיטב גמל אשראי ואג""ח",תגמולים ואישית לפיצויים,"אג""ח ללא מניות","תגמולים ואישית לפיצויים | אג""ח ללא מניות",2021,7.1912,12,858.8
gemel,2244,"פסגות שיא השתלמות חו""ל",קרנות השתלמות,כללי/מעורב/גמיש/תלוי גיל,קרנות השתלמות | כללי/מעורב/גמיש/תלוי גיל,2021,4.9203,9,0.0
gemel,2252,"אינפיניטי השתלמות אג""ח עד 15% מניות",קרנות השתלמות,עד 25% מניות,קרנות השתלמות | עד 25% מניות,2021,7.4203,12,9.4
gemel,2254,אינפיניטי השתלמות משולב סחיר,קרנות השתלמות,כללי/מעורב/גמיש/תלוי גיל,קרנות השתלמות | כללי/מעורב/גמיש/תלוי גיל,2021,15.2248,12,6.3
gemel,2255,"הלמן-אלדובי גמל מחקה מדד ת""א 35",תגמולים ואישית לפיצויים,מניות פאסיבי,תגמולים ואישית לפיצויים | מניות פאסיבי,2021,0.0,1,0.0
gemel,2256,הלמן-אלדובי גמל מחקה מדד S&P500,תגמולים ואישית לפיצויים,מניות פאסיבי,תגמולים ואישית לפיצויים | מניות פאסיבי,2021,17.2783,9,0.0
gemel,2263,הלמן-אלדובי גמל פאסיבי משולב עד 25% מניות,תגמולים ואישית לפיצויים,עד 25% מניות,תגמולים ואישית לפיצויים | עד 25% מניות,2021,5.1207,9,0.0
gemel,2264,"הלמן-אלדובי השתלמות מחקה מדד ת""א 35",קרנות השתלמות,מניות פאסיבי,קרנות השתלמות | מניות פאסיבי,2021,0.0,1,0.0
gemel,2265,הלמן-אלדובי השתלמות מחקה מדד S&P500,קרנות השתלמות,מניות פאסיבי,קרנות השתלמות | מניות פאסיבי,2021,17.3016,9,0.0
gemel,2271,הלמן-אלדובי השתלמות פאסיבי משולב עד 25% מניות,קרנות השתלמות,עד 25% מניות,קרנות השתלמות | עד 25% מניות,2021,5.1944,9,0.0
gemel,253,"כלל תמר אג""ח עד 25% מניות",תגמולים ואישית לפיצויים,עד 25% מניות,תגמולים ואישית לפיצויים | עד 25% מניות,2021,8.8634,12,11224.7
gemel,257,הלמן-אלדובי גמל ישראל,תגמולים ואישית לפיצויים,כללי/מעורב/גמיש/תלוי גיל,תגמולים ואישית לפיצויים | כללי/מעורב/גמיש/תלוי גיל,2021,10.1743,9,0.0
gemel,259,הלמן-אלדובי גמל כללי (לשעבר קופת פקידי מרכנתיל דיסקונט),תגמולים ואישית לפיצויים,כללי/מעורב/גמיש/תלוי גיל,תגמולים ואישית לפיצויים | כללי/מעורב/גמיש/תלוי גיל,2021,7.1344,9,0.0
gemel,260,מנורה מבטחים אמיר כללי,תגמולים ואישית לפיצויים,כללי/מעורב/גמיש/תלוי גיל,תגמולים ואישית לפיצויים | כללי/מעורב/גמיש/תלוי גיל,2021,13.8747,12,532.5
gemel,263,"בר קרן גמולים קופת גמל לתגמולים ופיצויים בניהול כלל גמל בע""מ",תגמולים ואישית לפיצויים,כללי/מעורב/גמיש/תלוי גיל,תגמולים ואישית לפיצויים | כללי/מעורב/גמיש/תלוי גיל,2021,15.1245,12,4722.6
gemel,270,פסגות גדיש אגח עד 20% מניות,תגמולים ואישית לפיצויים,עד 25% מניות,תגמולים ואישית לפיצויים | עד 25% מניות,2021,4.5609,9,0.0
gemel,385,"הפניקס גמל אשראי ואג""ח",תגמולים ואישית לפיצויים,"אג""ח ללא מניות","תגמולים ואישית לפיצויים | אג""ח ללא מניות",2021,4.5244,12,1502.3
gemel,395,"הלמן-אלדובי השתלמות אג""ח עד 25% במניות",קרנות השתלמות,עד 25% מניות,קרנות השתלמות | עד 25% מניות,2021,6.0841,9,0.0
gemel,396,פסגות שיא השתלמות כללי,קרנות השתלמות,כללי/מעורב/גמיש/תלוי גיל,קרנות השתלמות | כללי/מעורב/גמיש/תלוי גיל,2021,7.6275,9,0.0
gemel,401,הפניקס גמל לבני 60 ומעלה,תגמולים ואישית לפיצויים,כללי/מעורב/גמיש/תלוי גיל,תגמולים ואישית לפיצויים | כללי/מעורב/גמיש/תלוי גיל,2021,10.597,12,5569.4
gemel,416,"הראל השתלמות אשראי ואג""ח עם מניות (עד 25% מניות)",קרנות השתלמות,עד 25% מניות,קרנות השתלמות | עד 25% מניות,2021,9.2828,12,2142.1
gemel,456,כלל השתלמות כללי,קרנות השתלמות,כללי/מעורב/גמיש/תלוי גיל,קרנות השתלמות | כללי/מעורב/גמיש/תלוי גיל,2021,14.5523,12,13690.6
gemel,470,מגדל השתלמות לבני 60 ומעלה,קרנות השתלמות,כללי/מעורב/גמיש/תלוי גיל,קרנות השתלמות | כללי/מעורב/גמיש/תלוי גיל,2021,9.3174,12,301.9
gemel,472,"אלטשולר שחם גמל אג""ח עד 15% במניות",תגמולים ואישית לפיצויים,עד 25% מניות,תגמולים ואישית לפיצויים | עד 25% מניות,2021,5.7879,12,4797.5
gemel,481,מיטב השתלמות עוקב מדדים גמיש,קרנות השתלמות,כללי/מעורב/גמיש/תלוי גיל,קרנות השתלמות | כללי/מעורב/גמיש/תלוי גיל,2021,12.6985,12,53.7
gemel,502,"הראל גמל מסלול אג""ח עד 20% מניות",תגמולים ואישית לפיצויים,עד 25% מניות,תגמולים ואישית לפיצויים | עד 25% מניות,2021,9.1966,12,2756.5
gemel,551,מיטב גמל לבני 60 ומעלה,תגמולים ואישית לפיצויים,כללי/מעורב/גמיש/תלוי גיל,תגמולים ואישית לפיצויים | כללי/מעורב/גמיש/תלוי גיל,2021,11.441,12,4599.1
gemel,554,מיטב השתלמות עד 6 שנות וותק,קרנות השתלמות,כללי/מעורב/גמיש/תלוי גיל,קרנות השתלמות | כללי/מעורב/גמיש/תלוי גיל,2021,15.217,12,8234.4
gemel,558,"אלטשולר שחם השתלמות אשראי ואג""ח עם מניות (עד 25% מניות)",קרנות השתלמות,עד 25% מניות,קרנות השתלמות | עד 25% מניות,2021,6.2109,12,10115.8
gemel,566,הראל השתלמות לטווח ארוך,קרנות השתלמות,כללי/מעורב/גמיש/תלוי גיל,קרנות השתלמות | כללי/מעורב/גמיש/תלוי גיל,2021,14.9583,12,179.9
gemel,579,מגדל השתלמות מסלול כללי,קרנות השתלמות,כללי/מעורב/גמיש/תלוי גיל,קרנות השתלמות | כללי/מעורב/גמיש/תלוי גיל,2021,14.6342,12,13475.4
gemel,592,כלל תמר שקלים,תגמולים ואישית לפיצויים,"אג""ח ללא מניות","תגמולים ואישית לפיצויים | אג""ח ללא מניות",2021,-0.3931,12,300.4
gemel,599,"מגדל השתלמות מסלול אג""ח עד 10% מניות",קרנות השתלמות,עד 25% מניות,קרנות השתלמות | עד 25% מניות,2021,5.7585,12,326.6
gemel,610,"פסגות שיא השתלמות אג""ח",קרנות השתלמות,"אג""ח ללא מניות","קרנות השתלמות | אג""ח ללא מניות",2021,2.7989,9,0.0
gemel,611,פסגות שיא השתלמות כספי,קרנות השתלמות,כספי,קרנות השתלמות | כספי,2021,0.1701,9,0.0
gemel,612,פסגות שיא השתלמות מניות,קרנות השתלמות,מניות אקטיבי,קרנות השתלמות | מניות אקטיבי,2021,8.5381,9,0.0
gemel,686,הפניקס השתלמות לטווח קצר,קרנות השתלמות,כללי/מעורב/גמיש/תלוי גיל,קרנות השתלמות | כללי/מעורב/גמיש/תלוי גיל,2021,14.6196,12,6486.7
gemel,715,הפניקס השתלמות כספי (שקלי),קרנות השתלמות,כספי,קרנות השתלמות | כספי,2021,0.4107,12,227.8
gemel,716,"הפניקס השתלמות אשראי ואג""ח",קרנות השתלמות,"אג""ח ללא מניות","קרנות השתלמות | אג""ח ללא מניות",2021,4.504,12,952.8
gemel,7215,מיטב גמל לבני 50 ומטה,תגמולים ואישית לפיצויים,כללי/מעורב/גמיש/תלוי גיל,תגמולים ואישית לפיצויים | כללי/מעורב/גמיש/תלוי גיל,2021,16.4146,12,1415.0
gemel,7231,אינפיניטי גמל מסלול לבני 50 ומטה,תגמולים ואישית לפיצויים,כללי/מעורב/גמיש/תלוי גיל,תגמולים ואישית לפיצויים | כללי/מעורב/גמיש/תלוי גיל,2021,13.4739,12,7.1
gemel,7232,אינפיניטי גמל מסלול לבני 50 עד 60,תגמולים ואישית לפיצויים,כללי/מעורב/גמיש/תלוי גיל,תגמולים ואישית לפיצויים | כללי/מעורב/גמיש/תלוי גיל,2021,13.4946,12,35.6
gemel,7233,אינפיניטי גמל מסלול לבני 60 ומעלה,תגמולים ואישית לפיצויים,כללי/מעורב/גמיש/תלוי גיל,תגמולים ואישית לפיצויים | כללי/מעורב/גמיש/תלוי גיל,2021,10.2997,12,22.4
gemel,724,הלמן-אלדובי גמל מניות,תגמולים ואישית לפיצויים,מניות אקטיבי,תגמולים ואישית לפיצויים | מניות אקטיבי,2021,14.362,9,0.0
gemel,7253,מגדל השתלמות מסלול לבני 50 ומטה,קרנות השתלמות,כללי/מעורב/גמיש/תלוי גיל,קרנות השתלמות | כללי/מעורב/גמיש/תלוי גיל,2021,14.7531,12,606.0
gemel,7254,מגדל השתלמות מסלול לבני 50 עד 60,קרנות השתלמות,כללי/מעורב/גמיש/תלוי גיל,קרנות השתלמות | כללי/מעורב/גמיש/תלוי גיל,2021,12.2225,12,260.0
gemel,7256,מגדל השתלמות מסלול עוקב מדדים - גמיש,קרנות השתלמות,כללי/מעורב/גמיש/תלוי גיל,קרנות השתלמות | כללי/מעורב/גמיש/תלוי גיל,2021,11.8603,12,43.0
gemel,738,הלמן-אלדובי השתלמות מניות,קרנות השתלמות,מניות אקטיבי,קרנות השתלמות | מניות אקטיבי,2021,14.5044,9,0.0
gemel,761,הראל גמל מסלול מניות,תגמולים ואישית לפיצויים,מניות אקטיבי,תגמולים ואישית לפיצויים | מניות אקטיבי,2021,24.3627,12,513.7
gemel,762,"הראל גמל מסלול אג""ח עד 10% מניות",תגמולים ואישית לפיצויים,עד 25% מניות,תגמולים ואישית לפיצויים | עד 25% מניות,2021,7.7449,12,2193.9
gemel,763,הראל השתלמות מסלול מניות,קרנות השתלמות,מניות אקטיבי,קרנות השתלמות | מניות אקטיבי,2021,24.7785,12,872.8
gemel,764,"הראל השתלמות אג""ח עד 10% מניות",קרנות השתלמות,עד 25% מניות,קרנות השתלמות | עד 25% מניות,2021,7.884,12,1424.2
gemel,767,מיטב גמל הלכה,תגמולים ואישית לפיצויים,כללי/מעורב/גמיש/תלוי גיל,תגמולים ואישית לפיצויים | כללי/מעורב/גמיש/תלוי גיל,2021,12.378,12,174.1
gemel,768,מיטב השתלמות הלכה,קרנות השתלמות,כללי/מעורב/גמיש/תלוי גיל,קרנות השתלמות | כללי/מעורב/גמיש/תלוי גיל,2021,12.51,12,373.0
gemel,7798,אלטשולר שחם חיסכון פלוס כללי,קופת גמל להשקעה,כללי/מעורב/גמיש/תלוי גיל,קופת גמל להשקעה | כללי/מעורב/גמיש/תלוי גיל,2021,9.7183,12,8757.0
gemel,7799,אלטשולר שחם חיסכון פלוס מניות,קופת גמל להשקעה,מניות אקטיבי,קופת גמל להשקעה | מניות אקטיבי,2021,15.3998,12,5420.6
gemel,7800,"אלטשולר שחם חיסכון פלוס אשראי ואג""ח עם מניות (עד 25% במניות)",קופת גמל להשקעה,עד 25% מניות,קופת גמל להשקעה | עד 25% מניות,2021,5.734,12,1401.1
gemel,7801,"אלטשולר שחם חיסכון פלוס אשראי ואג""ח",קופת גמל להשקעה,"אג""ח ללא מניות","קופת גמל להשקעה | אג""ח ללא מניות",2021,3.6084,12,251.5
gemel,7802,אלטשולר שחם חיסכון פלוס כספי (שקלי),קופת גמל להשקעה,כספי,קופת גמל להשקעה | כספי,2021,0.01,12,68.1
gemel,7810,פסגות NEXT גמל להשקעה כללי,קופת גמל להשקעה,כללי/מעורב/גמיש/תלוי גיל,קופת גמל להשקעה | כללי/מעורב/גמיש/תלוי גיל,2021,5.9785,9,0.0
gemel,7811,פסגות NEXT גמל להשקעה מניות,קופת גמל להשקעה,מניות אקטיבי,קופת גמל להשקעה | מניות אקטיבי,2021,8.1818,9,0.0
gemel,7812,"פסגות NEXT גמל להשקעה אג""ח",קופת גמל להשקעה,"אג""ח ללא מניות","קופת גמל להשקעה | אג""ח ללא מניות",2021,2.6126,9,0.0
gemel,7813,"פסגות NEXT גמל להשקעה חו""ל",קופת גמל להשקעה,כללי/מעורב/גמיש/תלוי גיל,קופת גמל להשקעה | כללי/מעורב/גמיש/תלוי גיל,2021,5.7818,9,0.0
gemel,7814,"פסגות NEXT גמל להשקעה אג""ח עד 10% מניות",קופת גמל להשקעה,עד 25% מניות,קופת גמל להשקעה | עד 25% מניות,2021,3.7328,9,0.0
gemel,7815,"פסגות NEXT גמל להשקעה אג""ח קונצרני",קופת גמל להשקעה,"אג""ח ללא מניות","קופת גמל להשקעה | אג""ח ללא מניות",2021,4.2644,9,0.0
gemel,7834,אנליסט מסלולית - קופת גמל להשקעה כללי,קופת גמל להשקעה,כללי/מעורב/גמיש/תלוי גיל,קופת גמל להשקעה | כללי/מעורב/גמיש/תלוי גיל,2021,14.0473,12,683.4
gemel,7836,אנליסט מסלולית - קופת גמל להשקעה מניות,קופת גמל להשקעה,מניות אקטיבי,קופת גמל להשקעה | מניות אקטיבי,2021,25.9114,12,1291.0
gemel,7837,"אנליסט מסלולית - קופת גמל להשקעה אשראי ואג""ח",קופת גמל להשקעה,"אג""ח ללא מניות","קופת גמל להשקעה | אג""ח ללא מניות",2021,4.0095,12,18.6
gemel,7839,אנליסט מסלולית - קופת גמל להשקעה כספי (שקלי),קופת גמל להשקעה,כספי,קופת גמל להשקעה | כספי,2021,0.2102,12,9.8
gemel,7842,אנליסט מסלולית - קופת גמל להשקעה משולב סחיר,קופת גמל להשקעה,כללי/מעורב/גמיש/תלוי גיל,קופת גמל להשקעה | כללי/מעורב/גמיש/תלוי גיל,2021,5.579,12,24.3
gemel,7843,אנליסט מסלולית - קופת גמל להשקעה עוקב מדדים - גמיש,קופת גמל להשקעה,כללי/מעורב/גמיש/תלוי גיל,קופת גמל להשקעה | כללי/מעורב/גמיש/תלוי גיל,2021,11.1709,12,5.3
gemel,7860,מיטב גמל להשקעה מניות,קופת גמל להשקעה,מניות אקטיבי,קופת גמל להשקעה | מניות אקטיבי,2021,22.5389,12,302.0
gemel,7861,מיטב גמל להשקעה כספי (שקלי),קופת גמל להשקעה,כספי,קופת גמל להשקעה | כספי,2021,0.6513,12,9.2
gemel,7862,"מיטב גמל להשקעה אשראי ואג""ח",קופת גמל להשקעה,"אג""ח ללא מניות","קופת גמל להשקעה | אג""ח ללא מניות",2021,4.3081,12,21.6
gemel,7863,מיטב גמל להשקעה הלכה,קופת גמל להשקעה,כללי/מעורב/גמיש/תלוי גיל,קופת גמל להשקעה | כללי/מעורב/גמיש/תלוי גיל,2021,11.7476,12,24.8
gemel,7867,מיטב גמל להשקעה עוקב מדדי מניות,קופת גמל להשקעה,מניות פאסיבי,קופת גמל להשקעה | מניות פאסיבי,2021,22.0554,12,28.9
gemel,7892,סלייס קופת גמל להשקעה מדד מניות,קופת גמל להשקעה,מניות פאסיבי,קופת גמל להשקעה | מניות פאסיבי,2021,30.6947,12,1.7
gemel,7893,"סלייס קופת גמל להשקעה מדד אג""ח",קופת גמל להשקעה,"אג""ח ללא מניות","קופת גמל להשקעה | אג""ח ללא מניות",2021,6.0918,12,0.2
gemel,7895,סלייס קופת גמל להשקעה מדד ללא מניות,קופת גמל להשקעה,"אג""ח ללא מניות","קופת גמל להשקעה | אג""ח ללא מניות",2021,1.3966,12,0.8
gemel,7896,"סלייס קופת גמל להשקעה מדד חו""ל",קופת גמל להשקעה,מניות פאסיבי,קופת גמל להשקעה | מניות פאסיבי,2021,27.052,12,4.7
gemel,7897,"סלייס קופת גמל להשקעה אג""ח ללא מניות",קופת גמל להשקעה,"אג""ח ללא מניות","קופת גמל להשקעה | אג""ח ללא מניות",2021,6.915,12,40.4
gemel,7900,סלייס קופת גמל להשקעה כללי כללי,קופת גמל להשקעה,כללי/מעורב/גמיש/תלוי גיל,קופת גמל להשקעה | כללי/מעורב/גמיש/תלוי גיל,2021,8.4401,12,19.1
gemel,7905,"הפניקס גמל להשקעה אשראי ואג""ח",קופת גמל להשקעה,"אג""ח ללא מניות","קופת גמל להשקעה | אג""ח ללא מניות",2021,4.6602,12,66.1
gemel,7906,"הפניקס גמל להשקעה אשראי ואג""ח עם מניות (עד 25% מניות)",קופת גמל להשקעה,עד 25% מניות,קופת גמל להשקעה | עד 25% מניות,2021,7.4754,12,250.2
gemel,7907,הפניקס גמל להשקעה עוקב מדדי מניות,קופת גמל להשקעה,מניות פאסיבי,קופת גמל להשקעה | מניות פאסיבי,2021,22.1804,12,244.2
gemel,7908,הפניקס גמל להשקעה כללי,קופת גמל להשקעה,כללי/מעורב/גמיש/תלוי גיל,קופת גמל להשקעה | כללי/מעורב/גמיש/תלוי גיל,2021,12.9921,12,1508.7
gemel,7909,הפניקס גמל להשקעה עוקב מדדים - גמיש,קופת גמל להשקעה,כללי/מעורב/גמיש/תלוי גיל,קופת גמל להשקעה | כללי/מעורב/גמיש/תלוי גיל,2021,11.7083,12,70.7
gemel,7931,מגדל גמל להשקעה כספי (שקלי),קופת גמל להשקעה,כספי,קופת גמל להשקעה | כספי,2021,0.06,12,5.5
gemel,7932,"מגדל גמל להשקעה אג""ח ממשלות",קופת גמל להשקעה,"אג""ח ללא מניות","קופת גמל להשקעה | אג""ח ללא מניות",2021,2.1302,12,9.6
gemel,7933,"מגדל גמל להשקעה חו""ל",קופת גמל להשקעה,כללי/מעורב/גמיש/תלוי גיל,קופת גמל להשקעה | כללי/מעורב/גמיש/תלוי גיל,2021,3.2122,12,4.4
gemel,7934,מגדל גמל להשקעה מניות,קופת גמל להשקעה,מניות אקטיבי,קופת גמל להשקעה | מניות אקטיבי,2021,23.0421,12,140.1
gemel,7935,"מגדל גמל להשקעה מסלול אשראי ואג""ח עם מניות (עד 25% מניות)",קופת גמל להשקעה,עד 25% מניות,קופת גמל להשקעה | עד 25% מניות,2021,5.1917,12,50.6
gemel,7936,מגדל גמל להשקעה כללי,קופת גמל להשקעה,כללי/מעורב/גמיש/תלוי גיל,קופת גמל להשקעה | כללי/מעורב/גמיש/תלוי גיל,2021,12.7569,12,334.9
gemel,7937,מגדל גמל להשקעה הלכה,קופת גמל להשקעה,כללי/מעורב/גמיש/תלוי גיל,קופת גמל להשקעה | כללי/מעורב/גמיש/תלוי גיל,2021,11.7372,12,32.4
gemel,7957,"מור גמל להשקעה מסלול מחקה מדד ת""א 35",קופת גמל להשקעה,מניות פאסיבי,קופת גמל להשקעה | מניות פאסיבי,2021,29.1105,12,34.4
gemel,7958,מור גמל להשקעה - עוקב מדד S&P500,קופת גמל להשקעה,מניות פאסיבי,קופת גמל להשקעה | מניות פאסיבי,2021,23.9973,12,174.4
gemel,7960,מור גמל להשקעה מסלול מחקה מדד תל בונד 20,קופת גמל להשקעה,"אג""ח ללא מניות","קופת גמל להשקעה | אג""ח ללא מניות",2021,7.7966,12,4.5
gemel,7961,"מור גמל להשקעה מסלול מחקה מדד אג""ח ממשלתי, צמודות מדד ממשלתי לטווח 5-10 שנים",קופת גמל להשקעה,"אג""ח ללא מניות","קופת גמל להשקעה | אג""ח ללא מניות",2021,7.2467,12,27.2
gemel,7962,"מור גמל להשקעה מסלול מחקה מדד אג""ח ממשלתי, לא צמודות בריבית קבועה",קופת גמל להשקעה,"אג""ח ללא מניות","קופת גמל להשקעה | אג""ח ללא מניות",2021,-0.8553,12,8.6
gemel,7963,מור גמל להשקעה - כספי (שקלי),קופת גמל להשקעה,כספי,קופת גמל להשקעה | כספי,2021,-0.0,12,8.0
gemel,7973,הלמן-אלדובי קופת גמל להשקעה כללי,קופת גמל להשקעה,כללי/מעורב/גמיש/תלוי גיל,קופת גמל להשקעה | כללי/מעורב/גמיש/תלוי גיל,2021,7.0695,9,0.0
gemel,7974,הלמן-אלדובי קופת גמל להשקעה פאסיבי - כללי,קופת גמל להשקעה,כללי/מעורב/גמיש/תלוי גיל,קופת גמל להשקעה | כללי/מעורב/גמיש/תלוי גיל,2021,7.1358,9,0.0
gemel,7975,הפניקס גמל להשקעה מניות,קופת גמל להשקעה,מניות אקטיבי,קופת גמל להשקעה | מניות אקטיבי,2021,21.6471,12,89.5
gemel,7976,הלמן-אלדובי קופת גמל להשקעה פאסיבי - מדדי מניות,קופת גמל להשקעה,מניות פאסיבי,קופת גמל להשקעה | מניות פאסיבי,2021,13.8054,9,0.0
gemel,7977,"הלמן-אלדובי קופת גמל להשקעה פאסיבי - מדדי אג""ח עד 10% במדדי מניות",קופת גמל להשקעה,עד 25% מניות,קופת גמל להשקעה | עד 25% מניות,2021,3.5775,9,0.0
gemel,7978,מיטב גמל להשקעה כללי,קופת גמל להשקעה,כללי/מעורב/גמיש/תלוי גיל,קופת גמל להשקעה | כללי/מעורב/גמיש/תלוי גיל,2021,12.6369,12,1038.5
gemel,7979,מיטב גמל להשקעה עוקב מדדים גמיש,קופת גמל להשקעה,כללי/מעורב/גמיש/תלוי גיל,קופת גמל להשקעה | כללי/מעורב/גמיש/תלוי גיל,2021,12.4977,12,11.1
gemel,7980,"מיטב גמל להשקעה אשראי ואג""ח עם מניות (עד 25% במניות)",קופת גמל להשקעה,עד 25% מניות,קופת גמל להשקעה | עד 25% מניות,2021,8.1277,12,103.6
gemel,7981,מיטב גמל להשקעה מסלול אג''ח עד 10% מניות,קופת גמל להשקעה,עד 25% מניות,קופת גמל להשקעה | עד 25% מניות,2021,6.1405,12,32.4
gemel,7986,"אנליסט מסלולית - קופת גמל להשקעה אשראי ואג""ח עד 25% מניות",קופת גמל להשקעה,עד 25% מניות,קופת גמל להשקעה | עד 25% מניות,2021,6.9688,12,64.0
gemel,7988,כלל גמל לעתיד כללי,קופת גמל להשקעה,כללי/מעורב/גמיש/תלוי גיל,קופת גמל להשקעה | כללי/מעורב/גמיש/תלוי גיל,2021,12.2579,12,1144.5
gemel,7989,"כלל גמל לעתיד אשראי ואג""ח",קופת גמל להשקעה,"אג""ח ללא מניות","קופת גמל להשקעה | אג""ח ללא מניות",2021,3.3138,12,16.4
gemel,7990,"כלל גמל לעתיד - קופת גמל להשקעה אג""ח ממשלתי",קופת גמל להשקעה,"אג""ח ללא מניות","קופת גמל להשקעה | אג""ח ללא מניות",2021,1.6415,12,7.4
gemel,7991,כלל גמל לעתיד מניות,קופת גמל להשקעה,מניות אקטיבי,קופת גמל להשקעה | מניות אקטיבי,2021,20.7515,12,362.1
gemel,7992,"כלל גמל לעתיד אשרי ואג""ח עם מניות(עד 25% מניות)",קופת גמל להשקעה,עד 25% מניות,קופת גמל להשקעה | עד 25% מניות,2021,6.7497,12,163.8
gemel,7993,כלל גמל לעתיד כספי(שקלי),קופת גמל להשקעה,כספי,קופת גמל להשקעה | כספי,2021,0.1801,12,4.3
gemel,7994,כלל גמל לעתיד הלכה,קופת גמל להשקעה,כללי/מעורב/גמיש/תלוי גיל,קופת גמל להשקעה | כללי/מעורב/גמיש/תלוי גיל,2021,9.7937,12,17.6
gemel,8004,הפניקס גמל להשקעה שריעה,קופת גמל להשקעה,כללי/מעורב/גמיש/תלוי גיל,קופת גמל להשקעה | כללי/מעורב/גמיש/תלוי גיל,2021,-1.7312,12,3.0
gemel,8012,"מגדל לתגמולים ולפיצויים מסלול אשראי ואג""ח",תגמולים ואישית לפיצויים,"אג""ח ללא מניות","תגמולים ואישית לפיצויים | אג""ח ללא מניות",2021,5.6428,12,149.8
gemel,8057,"הראל גמל מסלול- חו""ל",תגמולים ואישית לפיצויים,כללי/מעורב/גמיש/תלוי גיל,תגמולים ואישית לפיצויים | כללי/מעורב/גמיש/תלוי גיל,2021,3.6529,6,0.0
gemel,8058,"הראל השתלמות אג""ח קונצרני",קרנות השתלמות,"אג""ח ללא מניות","קרנות השתלמות | אג""ח ללא מניות",2021,4.4442,12,15.6
gemel,811,אנליסט מסלולית קופת גמל ישראל,תגמולים ואישית לפיצויים,כללי/מעורב/גמיש/תלוי גיל,תגמולים ואישית לפיצויים | כללי/מעורב/גמיש/תלוי גיל,2021,16.9143,12,970.3
gemel,8128,"אנליסט מסלולית קופת גמל - אג""ח עד 10% מניות",תגמולים ואישית לפיצויים,עד 25% מניות,תגמולים ואישית לפיצויים | עד 25% מניות,2021,5.0872,12,63.6
gemel,8129,"אנליסט קרן השתלמות אג""ח עד 10% מניות",קרנות השתלמות,עד 25% מניות,קרנות השתלמות | עד 25% מניות,2021,5.5688,12,57.5
gemel,813,"אנליסט גמל אשראי ואג""ח",תגמולים ואישית לפיצויים,"אג""ח ללא מניות","תגמולים ואישית לפיצויים | אג""ח ללא מניות",2021,4.7367,12,75.8
gemel,814,אנליסט גמל מניות,תגמולים ואישית לפיצויים,מניות אקטיבי,תגמולים ואישית לפיצויים | מניות אקטיבי,2021,26.3894,12,1186.8
gemel,815,אנליסט גמל כספי (שקלי),תגמולים ואישית לפיצויים,כספי,תגמולים ואישית לפיצויים | כספי,2021,0.2102,12,41.3
gemel,817,אנליסט גמל מניות סחיר,תגמולים ואישית לפיצויים,מניות אקטיבי,תגמולים ואישית לפיצויים | מניות אקטיבי,2021,19.5737,12,314.8
gemel,818,אנליסט גמל משולב סחיר,תגמולים ואישית לפיצויים,כללי/מעורב/גמיש/תלוי גיל,תגמולים ואישית לפיצויים | כללי/מעורב/גמיש/תלוי גיל,2021,5.6414,12,56.3
gemel,8211,הראל גמל להשקעה כללי,קופת גמל להשקעה,כללי/מעורב/גמיש/תלוי גיל,קופת גמל להשקעה | כללי/מעורב/גמיש/תלוי גיל,2021,15.4126,12,1129.2
gemel,828,מנורה מבטחים השתלמות מסלול כללי,קרנות השתלמות,כללי/מעורב/גמיש/תלוי גיל,קרנות השתלמות | כללי/מעורב/גמיש/תלוי גיל,2021,13.7284,12,8785.3
gemel,835,פסגות גדיש אגח צמוד מדד,תגמולים ואישית לפיצויים,"אג""ח ללא מניות","תגמולים ואישית לפיצויים | אג""ח ללא מניות",2021,4.811,9,0.0
gemel,8520,"הראל גמל להשקעה אג""ח עד 10% מניות",קופת גמל להשקעה,עד 25% מניות,קופת גמל להשקעה | עד 25% מניות,2021,6.9525,12,143.6
gemel,8521,"הראל גמל להשקעה אשראי ואג""ח עם מניות (עד 25% מניות)",קופת גמל להשקעה,עד 25% מניות,קופת גמל להשקעה | עד 25% מניות,2021,9.4269,12,89.6
gemel,8522,הראל גמל להשקעה מניות,קופת גמל להשקעה,מניות אקטיבי,קופת גמל להשקעה | מניות אקטיבי,2021,24.6457,12,320.4
gemel,8523,הראל גמל להשקעה הלכה,קופת גמל להשקעה,כללי/מעורב/גמיש/תלוי גיל,קופת גמל להשקעה | כללי/מעורב/גמיש/תלוי גיל,2021,13.6287,12,11.6
gemel,8563,ילין לפידות קרן השתלמות מסלול מניות,קרנות השתלמות,מניות אקטיבי,קרנות השתלמות | מניות אקטיבי,2021,26.6366,12,3217.3
gemel,858,מגדל לתגמולים ולפיצויים מסלול כספי (שקלי),תגמולים ואישית לפיצויים,כספי,תגמולים ואישית לפיצויים | כספי,2021,0.06,12,32.9
gemel,859,"מגדל לתגמולים ולפיצויים מסלול אג""ח ממשלות",תגמולים ואישית לפיצויים,"אג""ח ללא מניות","תגמולים ואישית לפיצויים | אג""ח ללא מניות",2021,2.0897,12,94.9
gemel,862,"מגדל לתגמולים ולפיצויים מסלול חו""ל",תגמולים ואישית לפיצויים,כללי/מעורב/גמיש/תלוי גיל,תגמולים ואישית לפיצויים | כללי/מעורב/גמיש/תלוי גיל,2021,3.1406,12,8.5
gemel,8624,הפניקס גמל פאסיבי לבני 60 ומעלה,תגמולים ואישית לפיצויים,כללי/מעורב/גמיש/תלוי גיל,תגמולים ואישית לפיצויים | כללי/מעורב/גמיש/תלוי גיל,2021,9.2061,12,244.3
gemel,8628,"אקסלנס השתלמות פאסיבי-מדדי אג""ח עד 25% במדדי מניות",קרנות השתלמות,עד 25% מניות,קרנות השתלמות | עד 25% מניות,2021,5.7299,9,0.0
gemel,8629,הפניקס השתלמות עוקב מדדים גמיש,קרנות השתלמות,כללי/מעורב/גמיש/תלוי גיל,קרנות השתלמות | כללי/מעורב/גמיש/תלוי גיל,2021,12.8219,12,452.6
gemel,863,מגדל לתגמולים ולפיצויים מסלול מניות,תגמולים ואישית לפיצויים,מניות אקטיבי,תגמולים ואישית לפיצויים | מניות אקטיבי,2021,23.041,12,178.0
gemel,864,מגדל השתלמות מסלול כספי (שקלי),קרנות השתלמות,כספי,קרנות השתלמות | כספי,2021,0.05,12,142.6
gemel,865,"מגדל השתלמות מסלול אג""ח ממשלות",קרנות השתלמות,"אג""ח ללא מניות","קרנות השתלמות | אג""ח ללא מניות",2021,2.0897,12,221.3
gemel,8675,מנורה מבטחים גמל להשקעה כללי,קופת גמל להשקעה,כללי/מעורב/גמיש/תלוי גיל,קופת גמל להשקעה | כללי/מעורב/גמיש/תלוי גיל,2021,12.8198,12,1046.8
gemel,8678,"מנורה מבטחים גמל להשקעה מסלול אשראי ואג""ח עם מניות (עד 25% מניות)",קופת גמל להשקעה,עד 25% מניות,קופת גמל להשקעה | עד 25% מניות,2021,3.578,12,45.1
gemel,8679,"אנליסט קרן השתלמות - אשראי ואג""ח עד 25% מניות",קרנות השתלמות,עד 25% מניות,קרנות השתלמות | עד 25% מניות,2021,7.0118,12,238.0
gemel,868,"מגדל השתלמות מסלול חו""ל",קרנות השתלמות,כללי/מעורב/גמיש/תלוי גיל,קרנות השתלמות | כללי/מעורב/גמיש/תלוי גיל,2021,2.9919,12,27.8
gemel,8683,מנורה מבטחים גמל להשקעה עוקב מדדי מניות,קופת גמל להשקעה,מניות פאסיבי,קופת גמל להשקעה | מניות פאסיבי,2021,19.2291,12,178.1
gemel,8684,"מנורה מבטחים גמל להשקעה עוקב מדדים - אג""ח עם מניות (עד 25% מניות)",קופת גמל להשקעה,עד 25% מניות,קופת גמל להשקעה | עד 25% מניות,2021,7.6289,12,60.4
gemel,869,מגדל השתלמות מסלול מניות,קרנות השתלמות,מניות אקטיבי,קרנות השתלמות | מניות אקטיבי,2021,23.175,12,567.3
gemel,8693,מנורה מבטחים גמל להשקעה כספי (שיקלי),קופת גמל להשקעה,כספי,קופת גמל להשקעה | כספי,2021,0.01,12,10.4
gemel,8695,"אלפא מור תגמולים - מסלול עוקב מדד ""מניות תל אביב 35""",תגמולים ואישית לפיצויים,מניות פאסיבי,תגמולים ואישית לפיצויים | מניות פאסיבי,2021,28.9986,12,14.6
gemel,8696,"אלפא מור תגמולים - מסלול עוקב מדד ""מדדיות ממשלתיות לטווח של 5-10 שנים""",תגמולים ואישית לפיצויים,"אג""ח ללא מניות","תגמולים ואישית לפיצויים | אג""ח ללא מניות",2021,6.471,12,35.3
gemel,8697,"אלפא מור תגמולים - מסלול עוקב מדד ""שקליות ריבית קבועה ממשלתיות""",תגמולים ואישית לפיצויים,"אג""ח ללא מניות","תגמולים ואישית לפיצויים | אג""ח ללא מניות",2021,-0.872,12,16.5
gemel,8698,"אלפא מור תגמולים - מסלול עוקב מדד ""תל בונד 20""",תגמולים ואישית לפיצויים,"אג""ח ללא מניות","תגמולים ואישית לפיצויים | אג""ח ללא מניות",2021,7.3284,12,9.4
gemel,8699,"אלפא מור קופת גמל לחיסכון, קופת גמל לתגמולים וקופת גמל אישית לפיצויים - כספי (שקלי)",תגמולים ואישית לפיצויים,כספי,תגמולים ואישית לפיצויים | כספי,2021,-0.0,12,21.8
gemel,8701,"מור השתלמות -מסלול עוקב מדד ""מניות תל אביב 35""",קרנות השתלמות,מניות פאסיבי,קרנות השתלמות | מניות פאסיבי,2021,30.1793,12,13.5
gemel,8702,"מור השתלמות - מסלול עוקב מדד ""מדדיות ממשלתיות לטווח של 5-10 שנים""",קרנות השתלמות,"אג""ח ללא מניות","קרנות השתלמות | אג""ח ללא מניות",2021,7.1198,12,51.7
gemel,8703,"מור השתלמות - מסלול עוקב מדד ""שקליות ריבית קבועה ממשלתיות""",קרנות השתלמות,"אג""ח ללא מניות","קרנות השתלמות | אג""ח ללא מניות",2021,-0.9022,12,14.8
gemel,8704,"מור השתלמות - מסלול עוקב מדד ""תל בונד 20""",קרנות השתלמות,"אג""ח ללא מניות","קרנות השתלמות | אג""ח ללא מניות",2021,7.6905,12,9.1
gemel,8705,מור קרן השתלמות לשכירים ולעצמאים - כספי (שקלי),קרנות השתלמות,כספי,קרנות השתלמות | כספי,2021,-0.0,12,15.4
gemel,8716,מנורה מבטחים גמל להשקעה מסלול הלכה,קופת גמל להשקעה,כללי/מעורב/גמיש/תלוי גיל,קופת גמל להשקעה | כללי/מעורב/גמיש/תלוי גיל,2021,9.1999,12,32.1
gemel,874,"מיטב גמל אג""ח עד 25% מניות",תגמולים ואישית לפיצויים,עד 25% מניות,תגמולים ואישית לפיצויים | עד 25% מניות,2021,11.4828,12,4148.5
gemel,876,מיטב גמל כספי (שקלי),תגמולים ואישית לפיצויים,כספי,תגמולים ואישית לפיצויים | כספי,2021,1.163,12,141.2
gemel,877,מיטב גמל מניות,תגמולים ואישית לפיצויים,מניות אקטיבי,תגמולים ואישית לפיצויים | מניות אקטיבי,2021,23.0994,12,707.1
gemel,8779,אנליסט קרן השתלמות משולב סחיר,קרנות השתלמות,כללי/מעורב/גמיש/תלוי גיל,קרנות השתלמות | כללי/מעורב/גמיש/תלוי גיל,2021,4.8038,12,46.7
gemel,880,מיטב השתלמות כללי,קרנות השתלמות,כללי/מעורב/גמיש/תלוי גיל,קרנות השתלמות | כללי/מעורב/גמיש/תלוי גיל,2021,15.3866,12,11098.9
gemel,881,"מיטב השתלמות אג""ח צמוד מדד",קרנות השתלמות,"אג""ח ללא מניות","קרנות השתלמות | אג""ח ללא מניות",2021,6.9327,12,166.1
gemel,883,מיטב השתלמות מניות,קרנות השתלמות,מניות אקטיבי,קרנות השתלמות | מניות אקטיבי,2021,23.0141,12,1153.0
gemel,8885,"מיטב השתלמות אשראי ואג""ח עם מניות (עד 25% מניות)",קרנות השתלמות,עד 25% מניות,קרנות השתלמות | עד 25% מניות,2021,9.1272,12,250.9
gemel,9113,מור חיסכון לילד - הלכה,קופת גמל להשקעה - חסכון לילד,כללי/מעורב/גמיש/תלוי גיל,קופת גמל להשקעה - חסכון לילד | כללי/מעורב/גמיש/תלוי גיל,2021,7.4315,12,48.2
gemel,923,מיטב בטחון,תגמולים ואישית לפיצויים,כללי/מעורב/גמיש/תלוי גיל,תגמולים ואישית לפיצויים | כללי/מעורב/גמיש/תלוי גיל,2021,13.887,12,18.8
gemel,9303,מור חיסכון לילד - שריעה,קופת גמל להשקעה - חסכון לילד,כללי/מעורב/גמיש/תלוי גיל,קופת גמל להשקעה - חסכון לילד | כללי/מעורב/גמיש/תלוי גיל,2021,-1.7365,12,12.1
gemel,9414,מור חיסכון לילד - חוסכים המעדיפים סיכון בינוני,קופת גמל להשקעה - חסכון לילד,כללי/מעורב/גמיש/תלוי גיל,קופת גמל להשקעה - חסכון לילד | כללי/מעורב/גמיש/תלוי גיל,2021,12.9717,12,17.5
gemel,9420,מור חיסכון לילד - חוסכים המעדיפים סיכון מוגבר,קופת גמל להשקעה - חסכון לילד,מניות אקטיבי,קופת גמל להשקעה - חסכון לילד | מניות אקטיבי,2021,20.7914,12,128.6
gemel,9421,מור חיסכון לילד - חוסכים המעדיפים סיכון מועט,קופת גמל להשקעה - חסכון לילד,עד 25% מניות,קופת גמל להשקעה - חסכון לילד | עד 25% מניות,2021,8.366,12,317.6
gemel,9451,מור קרן השתלמות לשכירים ולעצמאים - עוקב מדד S&P 500,קרנות השתלמות,מניות פאסיבי,קרנות השתלמות | מניות פאסיבי,2021,23.6625,12,141.4
gemel,9452,"אלפא מור קופת גמל לחיסכון, קופת גמל לתגמולים וקופת גמל אישית לפיצויים - עוקב מדד S&P 500",תגמולים ואישית לפיצויים,מניות פאסיבי,תגמולים ואישית לפיצויים | מניות פאסיבי,2021,23.6388,12,122.6
gemel,948,מיטב גמל שקלי טווח קצר,תגמולים ואישית לפיצויים,כספי,תגמולים ואישית לפיצויים | כספי,2021,0.2703,12,100.2
gemel,9528,הפניקס השתלמות הלכה,קרנות השתלמות,כללי/מעורב/גמיש/תלוי גיל,קרנות השתלמות | כללי/מעורב/גמיש/תלוי גיל,2021,11.6452,12,111.4
gemel,9529,הפניקס גמל מסלול לבני 50 עד 60,תגמולים ואישית לפיצויים,כללי/מעורב/גמיש/תלוי גיל,תגמולים ואישית לפיצויים | כללי/מעורב/גמיש/תלוי גיל,2021,13.0505,12,3994.9
gemel,9555,הראל חיסכון לילד - הלכה,קופת גמל להשקעה - חסכון לילד,כללי/מעורב/גמיש/תלוי גיל,קופת גמל להשקעה - חסכון לילד | כללי/מעורב/גמיש/תלוי גיל,2021,11.8383,12,1614.7
gemel,961,הפניקס גמל מסלול מניות,תגמולים ואישית לפיצויים,מניות אקטיבי,תגמולים ואישית לפיצויים | מניות אקטיבי,2021,24.884,12,775.9
gemel,962,אנליסט השתלמות כללי,קרנות השתלמות,כללי/מעורב/גמיש/תלוי גיל,קרנות השתלמות | כללי/מעורב/גמיש/תלוי גיל,2021,15.6309,12,4276.5
gemel,963,אנליסט השתלמות מניות,קרנות השתלמות,מניות אקטיבי,קרנות השתלמות | מניות אקטיבי,2021,26.1752,12,2298.7
gemel,9638,אינפיניטי גמל להשקעה כללי,קופת גמל להשקעה,כללי/מעורב/גמיש/תלוי גיל,קופת גמל להשקעה | כללי/מעורב/גמיש/תלוי גיל,2021,12.6546,12,39.5
gemel,9639,"אינפיניטי גמל להשקעה אשראי ואג""ח עם מניות (עד 25% מניות)",קופת גמל להשקעה,עד 25% מניות,קופת גמל להשקעה | עד 25% מניות,2021,7.1054,12,36.6
gemel,964,הפניקס השתלמות כללי,קרנות השתלמות,כללי/מעורב/גמיש/תלוי גיל,קרנות השתלמות | כללי/מעורב/גמיש/תלוי גיל,2021,14.2077,12,11593.6
gemel,9651,כלל תמר עד 50,תגמולים ואישית לפיצויים,כללי/מעורב/גמיש/תלוי גיל,תגמולים ואישית לפיצויים | כללי/מעורב/גמיש/תלוי גיל,2021,15.8488,12,1949.2
gemel,9652,כלל תמר 50-60,תגמולים ואישית לפיצויים,כללי/מעורב/גמיש/תלוי גיל,תגמולים ואישית לפיצויים | כללי/מעורב/גמיש/תלוי גיל,2021,13.285,12,2839.0
gemel,9653,כלל תמר 60 ומעלה,תגמולים ואישית לפיצויים,כללי/מעורב/גמיש/תלוי גיל,תגמולים ואישית לפיצויים | כללי/מעורב/גמיש/תלוי גיל,2021,10.811,12,2689.9
gemel,9662,"מנורה מבטחים השתלמות מסלול אשראי ואג""ח עם מניות (עד 25% מניות)",קרנות השתלמות,עד 25% מניות,קרנות השתלמות | עד 25% מניות,2021,7.6447,12,212.1
gemel,9676,מור השתלמות קרן השתלמות לשכירים ולעצמאים מעורב מחקה מדדים,קרנות השתלמות,כללי/מעורב/גמיש/תלוי גיל,קרנות השתלמות | כללי/מעורב/גמיש/תלוי גיל,2021,12.3044,12,4.0
gemel,9677,אלפא מור קופת גמל לתגמולים ואישית לפיצויים וקופת גמל לא משלמת לקצבה מעורב מחקה מדדים,תגמולים ואישית לפיצויים,כללי/מעורב/גמיש/תלוי גיל,תגמולים ואישית לפיצויים | כללי/מעורב/גמיש/תלוי גיל,2021,11.8915,12,2.9
gemel,968,הפניקס השתלמות מניות,קרנות השתלמות,מניות אקטיבי,קרנות השתלמות | מניות אקטיבי,2021,24.958,12,1312.4
gemel,972,"אנליסט השתלמות אשראי ואג""ח",קרנות השתלמות,"אג""ח ללא מניות","קרנות השתלמות | אג""ח ללא מניות",2021,4.6224,12,88.2
gemel,973,"אנליסט השתלמות אג""ח ממשלות",קרנות השתלמות,"אג""ח ללא מניות","קרנות השתלמות | אג""ח ללא מניות",2021,3.1081,12,51.7
gemel,9730,אנליסט מסלולית קופת גמל - מסלול לבני 50 ומטה,תגמולים ואישית לפיצויים,כללי/מעורב/גמיש/תלוי גיל,תגמולים ואישית לפיצויים | כללי/מעורב/גמיש/תלוי גיל,2021,17.2813,12,1089.6
gemel,9731,אנליסט מסלולית קופת גמל - מסלול לבני 50-60,תגמולים ואישית לפיצויים,כללי/מעורב/גמיש/תלוי גיל,תגמולים ואישית לפיצויים | כללי/מעורב/גמיש/תלוי גיל,2021,14.0841,12,1338.6
gemel,9732,אנליסט מסלולית קופת גמל - מסלול לבני 60 ומעלה,תגמולים ואישית לפיצויים,כללי/מעורב/גמיש/תלוי גיל,תגמולים ואישית לפיצויים | כללי/מעורב/גמיש/תלוי גיל,2021,8.7619,12,414.4
gemel,9742,הראל גמל מסלול לגילאי 50 עד 60_x000D_,תגמולים ואישית לפיצויים,כללי/מעורב/גמיש/תלוי גיל,תגמולים ואישית לפיצויים | כללי/מעורב/גמיש/תלוי גיל,2021,15.1183,12,4504.6
gemel,9744,הראל גמל מסלול לגילאי 50 ומטה_x000D_,תגמולים ואישית לפיצויים,כללי/מעורב/גמיש/תלוי גיל,תגמולים ואישית לפיצויים | כללי/מעורב/גמיש/תלוי גיל,2021,15.6328,12,1313.9
gemel,9745,הראל גמל מסלול לגילאי 60 ומעלה_x000D_,תגמולים ואישית לפיצויים,כללי/מעורב/גמיש/תלוי גיל,תגמולים ואישית לפיצויים | כללי/מעורב/גמיש/תלוי גיל,2021,10.5532,12,2117.6
gemel,9779,מגדל לתגמולים ולפיצויים מסלול לבני 50 ומטה,תגמולים ואישית לפיצויים,כללי/מעורב/גמיש/תלוי גיל,תגמולים ואישית לפיצויים | כללי/מעורב/גמיש/תלוי גיל,2021,15.15,12,1008.3
gemel,9780,מגדל לתגמולים ולפיצויים מסלול לבני 50 עד 60,תגמולים ואישית לפיצויים,כללי/מעורב/גמיש/תלוי גיל,תגמולים ואישית לפיצויים | כללי/מעורב/גמיש/תלוי גיל,2021,14.0273,12,2064.2
gemel,9781,מגדל לתגמולים ולפיצויים מסלול לבני 60 ומעלה,תגמולים ואישית לפיצויים,כללי/מעורב/גמיש/תלוי גיל,תגמולים ואישית לפיצויים | כללי/מעורב/גמיש/תלוי גיל,2021,9.7962,12,847.0
gemel,9792,מנורה מבטחים תגמולים ופיצויים מסלול לבני 50 עד 60,תגמולים ואישית לפיצויים,כללי/מעורב/גמיש/תלוי גיל,תגמולים ואישית לפיצויים | כללי/מעורב/גמיש/תלוי גיל,2021,14.2383,12,4569.9
gemel,9793,מנורה מבטחים תגמולים ופיצויים מסלול לבני 50 ומטה,תגמולים ואישית לפיצויים,כללי/מעורב/גמיש/תלוי גיל,תגמולים ואישית לפיצויים | כללי/מעורב/גמיש/תלוי גיל,2021,14.8724,12,1181.4
gemel,9794,מנורה מבטחים תגמולים ופיצויים מסלול לבני 60 ומעלה,תגמולים ואישית לפיצויים,כללי/מעורב/גמיש/תלוי גיל,תגמולים ואישית לפיצויים | כללי/מעורב/גמיש/תלוי גיל,2021,8.6827,12,975.0
gemel,9795,מנורה מבטחים תגמולים ופיצויים מסלול הלכה,תגמולים ואישית לפיצויים,כללי/מעורב/גמיש/תלוי גיל,תגמולים ואישית לפיצויים | כללי/מעורב/גמיש/תלוי גיל,2021,9.4915,12,36.5
gemel,9869,הלמן-אלדובי השתלמות פאסיבי -כללי,קרנות השתלמות,כללי/מעורב/גמיש/תלוי גיל,קרנות השתלמות | כללי/מעורב/גמיש/תלוי גיל,2021,7.2051,9,0.0
gemel,9877,הלמן-אלדובי גמל מסלול לבני 50 ומטה,תגמולים ואישית לפיצויים,כללי/מעורב/גמיש/תלוי גיל,תגמולים ואישית לפיצויים | כללי/מעורב/גמיש/תלוי גיל,2021,10.3188,9,0.0
gemel,9878,הלמן-אלדובי גמל מסלול לבני 50 עד 60,תגמולים ואישית לפיצויים,כללי/מעורב/גמיש/תלוי גיל,תגמולים ואישית לפיצויים | כללי/מעורב/גמיש/תלוי גיל,2021,8.8985,9,0.0
gemel,9879,הלמן-אלדובי גמל מסלול לבני 60 ומעלה,תגמולים ואישית לפיצויים,כללי/מעורב/גמיש/תלוי גיל,תגמולים ואישית לפיצויים | כללי/מעורב/גמיש/תלוי גיל,2021,6.6953,9,0.0
gemel,9889,פסגות גדיש לבני 50 ומטה,תגמולים ואישית לפיצויים,כללי/מעורב/גמיש/תלוי גיל,תגמולים ואישית לפיצויים | כללי/מעורב/גמיש/תלוי גיל,2021,8.6293,9,0.0
gemel,989,אלטשולר שחם עוקב מדדי מניות,תגמולים ואישית לפיצויים,מניות פאסיבי,תגמולים ואישית לפיצויים | מניות פאסיבי,2021,19.3271,12,86.2
gemel,9890,פסגות גדיש לבני 50-60,תגמולים ואישית לפיצויים,כללי/מעורב/גמיש/תלוי גיל,תגמולים ואישית לפיצויים | כללי/מעורב/גמיש/תלוי גיל,2021,8.097,9,0.0
gemel,9891,פסגות גדיש לבני 60 ומעלה,תגמולים ואישית לפיצויים,כללי/מעורב/גמיש/תלוי גיל,תגמולים ואישית לפיצויים | כללי/מעורב/גמיש/תלוי גיל,2021,4.8678,9,0.0
gemel,9895,מגדל חסכון לילד - הלכה,קופת גמל להשקעה - חסכון לילד,כללי/מעורב/גמיש/תלוי גיל,קופת גמל להשקעה - חסכון לילד | כללי/מעורב/גמיש/תלוי גיל,2021,11.7709,12,82.0
gemel,9896,מגדל חסכון לילד - חוסכים המעדיפים סיכון מועט,קופת גמל להשקעה - חסכון לילד,עד 25% מניות,קופת גמל להשקעה - חסכון לילד | עד 25% מניות,2021,7.7709,12,358.6
gemel,9897,מגדל חסכון לילד - חוסכים המעדיפים סיכון בינוני,קופת גמל להשקעה - חסכון לילד,כללי/מעורב/גמיש/תלוי גיל,קופת גמל להשקעה - חסכון לילד | כללי/מעורב/גמיש/תלוי גיל,2021,12.1777,12,83.1
gemel,9898,מגדל חסכון לילד - חוסכים המעדיפים סיכון מוגבר,קופת גמל להשקעה - חסכון לילד,מניות אקטיבי,קופת גמל להשקעה - חסכון לילד | מניות אקטיבי,2021,22.5142,12,64.5
gemel,9905,הפניקס גמל פאסיבי לבני 50 ומטה,תגמולים ואישית לפיצויים,כללי/מעורב/גמיש/תלוי גיל,תגמולים ואישית לפיצויים | כללי/מעורב/גמיש/תלוי גיל,2021,13.878,12,87.3
gemel,9906,הפניקס גמל כספי (שיקלי),תגמולים ואישית לפיצויים,כספי,תגמולים ואישית לפיצויים | כספי,2021,0.3907,12,120.2
gemel,9916,הפניקס גמל לבני 50 ומטה,תגמולים ואישית לפיצויים,כללי/מעורב/גמיש/תלוי גיל,תגמולים ואישית לפיצויים | כללי/מעורב/גמיש/תלוי גיל,2021,17.0193,12,10210.5
gemel,9917,הפניקס גמל פאסיבי לבני 50 עד 60,תגמולים ואישית לפיצויים,כללי/מעורב/גמיש/תלוי גיל,תגמולים ואישית לפיצויים | כללי/מעורב/גמיש/תלוי גיל,2021,11.661,12,415.0
gemel,9939,ילין לפידות קופת גמל מסלול לבני 50 ומטה,תגמולים ואישית לפיצויים,כללי/מעורב/גמיש/תלוי גיל,תגמולים ואישית לפיצויים | כללי/מעורב/גמיש/תלוי גיל,2021,16.6838,12,1995.3
gemel,9940,ילין לפידות קופת גמל מסלול לבני 50 עד 60,תגמולים ואישית לפיצויים,כללי/מעורב/גמיש/תלוי גיל,תגמולים ואישית לפיצויים | כללי/מעורב/גמיש/תלוי גיל,2021,14.8325,12,8205.1
gemel,9941,ילין לפידות קופת גמל מסלול לבני 60 ומעלה,תגמולים ואישית לפיצויים,כללי/מעורב/גמיש/תלוי גיל,תגמולים ואישית לפיצויים | כללי/מעורב/גמיש/תלוי גיל,2021,9.2233,12,1629.1
gemel,9950,אלטשולר שחם גמל לבני 50 ומטה,תגמולים ואישית לפיצויים,כללי/מעורב/גמיש/תלוי גיל,תגמולים ואישית לפיצויים | כללי/מעורב/גמיש/תלוי גיל,2021,11.8486,12,11203.1
gemel,9951,אלטשולר שחם גמל לבני 50 עד 60,תגמולים ואישית לפיצויים,כללי/מעורב/גמיש/תלוי גיל,תגמולים ואישית לפיצויים | כללי/מעורב/גמיש/תלוי גיל,2021,11.074,12,55797.9
gemel,9952,אלטשולר שחם גמל לבני 60 ומעלה,תגמולים ואישית לפיצויים,כללי/מעורב/גמיש/תלוי גיל,תגמולים ואישית לפיצויים | כללי/מעורב/גמיש/תלוי גיל,2021,7.3029,12,17529.0
gemel,101,"הראל אג""ח עד 25% מניות",תגמולים ואישית לפיצויים,עד 25% מניות,תגמולים ואישית לפיצויים | עד 25% מניות,2022,-5.4015,12,8830.4
gemel,103,מיטב גמל לבני 50 עד 60,תגמולים ואישית לפיצויים,כללי/מעורב/גמיש/תלוי גיל,תגמולים ואישית לפיצויים | כללי/מעורב/גמיש/תלוי גיל,2022,-8.0763,12,10833.7
gemel,1034,הראל השתלמות משולב סחיר,קרנות השתלמות,כללי/מעורב/גמיש/תלוי גיל,קרנות השתלמות | כללי/מעורב/גמיש/תלוי גיל,2022,-2.4823,12,48.3
gemel,1035,"ילין לפידות קופת גמל מסלול אג""ח עד 25% מניות",תגמולים ואישית לפיצויים,עד 25% מניות,תגמולים ואישית לפיצויים | עד 25% מניות,2022,-5.8191,12,4068.0
gemel,1036,ילין לפידות קופת גמל מסלול מניות,תגמולים ואישית לפיצויים,מניות אקטיבי,תגמולים ואישית לפיצויים | מניות אקטיבי,2022,-14.3818,12,1988.0
gemel,1037,"ילין לפידות קופת גמל מסלול אשראי ואג""ח",תגמולים ואישית לפיצויים,"אג""ח ללא מניות","תגמולים ואישית לפיצויים | אג""ח ללא מניות",2022,-3.2512,12,469.6
gemel,1038,"ילין לפידות קרן השתלמות מסלול אג""ח עם מניות (עד 25% מניות)",קרנות השתלמות,עד 25% מניות,קרנות השתלמות | עד 25% מניות,2022,-5.5979,12,4720.7
gemel,1078,"אינפיניטי גמל אשראי ואג""ח",תגמולים ואישית לפיצויים,"אג""ח ללא מניות","תגמולים ואישית לפיצויים | אג""ח ללא מניות",2022,-6.3586,12,136.7
gemel,1079,אינפיניטי גמל מניות בישראל,תגמולים ואישית לפיצויים,מניות אקטיבי,תגמולים ואישית לפיצויים | מניות אקטיבי,2022,-13.8091,12,73.9
gemel,1084,"אינפיניטי השתלמות אשראי ואג""ח",קרנות השתלמות,"אג""ח ללא מניות","קרנות השתלמות | אג""ח ללא מניות",2022,-6.5938,12,162.0
gemel,1085,אינפיניטי השתלמות מניות בישראל,קרנות השתלמות,מניות אקטיבי,קרנות השתלמות | מניות אקטיבי,2022,-13.5715,12,86.8
gemel,1093,אלטשולר שחם השתלמות כללי,קרנות השתלמות,כללי/מעורב/גמיש/תלוי גיל,קרנות השתלמות | כללי/מעורב/גמיש/תלוי גיל,2022,-11.3109,12,45987.9
gemel,1100,"הפניקס השתלמות אשראי ואג""ח עם מניות (עד 25% מניות)",קרנות השתלמות,עד 25% מניות,קרנות השתלמות | עד 25% מניות,2022,-6.5488,12,2894.0
gemel,1114,מנורה מבטחים השתלמות כספי (שקלי),קרנות השתלמות,כספי,קרנות השתלמות | כספי,2022,-0.0705,12,99.1
gemel,11310,הפניקס חיסכון לילד - חוסכים המעדיפים סיכון מועט,קופת גמל להשקעה - חסכון לילד,עד 25% מניות,קופת גמל להשקעה - חסכון לילד | עד 25% מניות,2022,-5.7008,12,684.7
gemel,11311,הפניקס חיסכון לילד - חוסכים המעדיפים סיכון מוגבר,קופת גמל להשקעה - חסכון לילד,מניות אקטיבי,קופת גמל להשקעה - חסכון לילד | מניות אקטיבי,2022,-15.3864,12,122.8
gemel,11312,הפניקס חיסכון לילד - חוסכים המעדיפים סיכון בינוני,קופת גמל להשקעה - חסכון לילד,כללי/מעורב/גמיש/תלוי גיל,קופת גמל להשקעה - חסכון לילד | כללי/מעורב/גמיש/תלוי גיל,2022,-10.1971,12,113.3
gemel,11320,מנורה מבטחים חסכון לכל ילד מסלול הלכה,קופת גמל להשקעה - חסכון לילד,כללי/מעורב/גמיש/תלוי גיל,קופת גמל להשקעה - חסכון לילד | כללי/מעורב/גמיש/תלוי גיל,2022,-9.8373,12,83.0
gemel,11321,מנורה מבטחים חסכון לכל ילד - מסלול חוסכים המעדיפים סיכון מועט,קופת גמל להשקעה - חסכון לילד,עד 25% מניות,קופת גמל להשקעה - חסכון לילד | עד 25% מניות,2022,-5.2566,12,397.0
gemel,11322,מנורה מבטחים חסכון לכל ילד - מסלול חוסכים המעדיפים סיכון בינוני,קופת גמל להשקעה - חסכון לילד,כללי/מעורב/גמיש/תלוי גיל,קופת גמל להשקעה - חסכון לילד | כללי/מעורב/גמיש/תלוי גיל,2022,-8.4797,12,111.1
gemel,11323,מנורה מבטחים חסכון לכל ילד - מסלול חוסכים המעדיפים סיכון מוגבר,קופת גמל להשקעה - חסכון לילד,מניות אקטיבי,קופת גמל להשקעה - חסכון לילד | מניות אקטיבי,2022,-15.0101,12,95.9
gemel,11325,אלטשולר שחם חיסכון לילד לחוסכים המעדיפים סיכון מועט,קופת גמל להשקעה - חסכון לילד,עד 25% מניות,קופת גמל להשקעה - חסכון לילד | עד 25% מניות,2022,-7.6276,12,732.2
gemel,11326,אלטשולר שחם חיסכון לילד לחוסכים המעדיפים סיכון בינוני,קופת גמל להשקעה - חסכון לילד,כללי/מעורב/גמיש/תלוי גיל,קופת גמל להשקעה - חסכון לילד | כללי/מעורב/גמיש/תלוי גיל,2022,-11.5203,12,1365.1
gemel,11327,אלטשולר שחם חיסכון לילד לחוסכים המעדיפים סיכון מוגבר,קופת גמל להשקעה - חסכון לילד,מניות אקטיבי,קופת גמל להשקעה - חסכון לילד | מניות אקטיבי,2022,-19.1857,12,3429.2
gemel,11328,אלטשולר שחם חיסכון לילד הלכה,קופת גמל להשקעה - חסכון לילד,כללי/מעורב/גמיש/תלוי גיל,קופת גמל להשקעה - חסכון לילד | כללי/מעורב/גמיש/תלוי גיל,2022,-11.7553,12,586.4
gemel,11335,הפניקס חיסכון לילד - הלכה,קופת גמל להשקעה - חסכון לילד,כללי/מעורב/גמיש/תלוי גיל,קופת גמל להשקעה - חסכון לילד | כללי/מעורב/גמיש/תלוי גיל,2022,-9.7563,12,37.0
gemel,11343,סלייס גמל חסכון לילד - חוסכים המעדיפים סיכון מועט,קופת גמל להשקעה - חסכון לילד,עד 25% מניות,קופת גמל להשקעה - חסכון לילד | עד 25% מניות,2022,-6.3269,12,324.9
gemel,11344,סלייס גמל חסכון לילד - חוסכים המעדיפים סיכון בינוני,קופת גמל להשקעה - חסכון לילד,כללי/מעורב/גמיש/תלוי גיל,קופת גמל להשקעה - חסכון לילד | כללי/מעורב/גמיש/תלוי גיל,2022,-12.552,12,2.0
gemel,11345,סלייס גמל חסכון לילד - חוסכים המעדיפים סיכון מוגבר,קופת גמל להשקעה - חסכון לילד,מניות אקטיבי,קופת גמל להשקעה - חסכון לילד | מניות אקטיבי,2022,-15.6683,12,3.1
gemel,11352,הפניקס חיסכון לילד- שריעה,קופת גמל להשקעה - חסכון לילד,כללי/מעורב/גמיש/תלוי גיל,קופת גמל להשקעה - חסכון לילד | כללי/מעורב/גמיש/תלוי גיל,2022,-5.1781,12,41.0
gemel,11365,אנליסט מסלולית - קופת גמל להשקעה לחיסכון ארוך טווח לילד - מסלול לחוסכים המעדיפים סיכון מועט,קופת גמל להשקעה - חסכון לילד,עד 25% מניות,קופת גמל להשקעה - חסכון לילד | עד 25% מניות,2022,-8.1468,12,340.9
gemel,11366,אנליסט מסלולית - קופת גמל להשקעה לחיסכון ארוך טווח לילד - מסלול לחוסכים המעדיפים סיכון בינוני,קופת גמל להשקעה - חסכון לילד,כללי/מעורב/גמיש/תלוי גיל,קופת גמל להשקעה - חסכון לילד | כללי/מעורב/גמיש/תלוי גיל,2022,-8.5986,12,116.5
gemel,11367,אנליסט מסלולית - קופת גמל להשקעה לחיסכון ארוך טווח לילד - מסלול לחוסכים המעדיפים סיכון מוגבר,קופת גמל להשקעה - חסכון לילד,מניות אקטיבי,קופת גמל להשקעה - חסכון לילד | מניות אקטיבי,2022,-18.5211,12,241.2
gemel,11372,אינפיניטי חיסכון לילד - חוסכים המעדיפים סיכון בינוני,קופת גמל להשקעה - חסכון לילד,כללי/מעורב/גמיש/תלוי גיל,קופת גמל להשקעה - חסכון לילד | כללי/מעורב/גמיש/תלוי גיל,2022,-11.5218,12,9.5
gemel,11373,אינפיניטי חיסכון לילד - חוסכים המעדיפים סיכון מוגבר,קופת גמל להשקעה - חסכון לילד,מניות אקטיבי,קופת גמל להשקעה - חסכון לילד | מניות אקטיבי,2022,-12.7879,12,25.6
gemel,11374,אינפיניטי חיסכון לילד - חוסכים המעדיפים סיכון מועט,קופת גמל להשקעה - חסכון לילד,עד 25% מניות,קופת גמל להשקעה - חסכון לילד | עד 25% מניות,2022,-9.6552,12,317.8
gemel,11375,הראל חיסכון לילד - חוסכים המעדיפים סיכון מועט,קופת גמל להשקעה - חסכון לילד,עד 25% מניות,קופת גמל להשקעה - חסכון לילד | עד 25% מניות,2022,-5.8813,12,884.6
gemel,11376,הראל חיסכון לילד - חוסכים המעדיפים סיכון בינוני,קופת גמל להשקעה - חסכון לילד,כללי/מעורב/גמיש/תלוי גיל,קופת גמל להשקעה - חסכון לילד | כללי/מעורב/גמיש/תלוי גיל,2022,-8.4384,12,332.3
gemel,11377,הראל חיסכון לילד - חוסכים המעדיפים סיכון מוגבר,קופת גמל להשקעה - חסכון לילד,מניות אקטיבי,קופת גמל להשקעה - חסכון לילד | מניות אקטיבי,2022,-14.9383,12,496.0
gemel,11385,מיטב קופת גמל להשקעה לחיסכון ארוך טווח לילד אחר חיסכון לכל ילד - חוסכים המעדיפים סיכון מועט,קופת גמל להשקעה - חסכון לילד,עד 25% מניות,קופת גמל להשקעה - חסכון לילד | עד 25% מניות,2022,-7.1032,12,391.8
gemel,11386,מיטב קופת גמל להשקעה לחיסכון ארוך טווח לילד אחר חיסכון לכל ילד - חוסכים המעדיפים סיכון בינוני,קופת גמל להשקעה - חסכון לילד,כללי/מעורב/גמיש/תלוי גיל,קופת גמל להשקעה - חסכון לילד | כללי/מעורב/גמיש/תלוי גיל,2022,-9.1616,12,173.8
gemel,11387,מיטב קופת גמל להשקעה לחיסכון ארוך טווח לילד אחר חיסכון לכל ילד - חוסכים המעדיפים סיכון מוגבר,קופת גמל להשקעה - חסכון לילד,מניות אקטיבי,קופת גמל להשקעה - חסכון לילד | מניות אקטיבי,2022,-16.6106,12,132.0
gemel,11388,מיטב קופת גמל להשקעה לחיסכון ארוך טווח לילד הלכה,קופת גמל להשקעה - חסכון לילד,כללי/מעורב/גמיש/תלוי גיל,קופת גמל להשקעה - חסכון לילד | כללי/מעורב/גמיש/תלוי גיל,2022,-10.7015,12,229.8
gemel,11390,ילין לפידות קופת גמל להשקעה מסלול כללי,קופת גמל להשקעה,כללי/מעורב/גמיש/תלוי גיל,קופת גמל להשקעה | כללי/מעורב/גמיש/תלוי גיל,2022,-9.3689,12,1105.0
gemel,11391,"ילין לפידות קופת גמל להשקעה מסלול אשראי ואג""ח",קופת גמל להשקעה,"אג""ח ללא מניות","קופת גמל להשקעה | אג""ח ללא מניות",2022,-5.0967,12,70.5
gemel,11392,"ילין לפידות קופת גמל להשקעה מסלול אשראי ואג""ח עם מניות (עד 25% מניות)",קופת גמל להשקעה,עד 25% מניות,קופת גמל להשקעה | עד 25% מניות,2022,-6.5615,12,180.2
gemel,11393,"ילין לפידות קופת גמל להשקעה מסלול אג""ח ממשלות",קופת גמל להשקעה,"אג""ח ללא מניות","קופת גמל להשקעה | אג""ח ללא מניות",2022,-6.3496,12,23.2
gemel,11394,ילין לפידות קופת גמל להשקעה מסלול מניות,קופת גמל להשקעה,מניות אקטיבי,קופת גמל להשקעה | מניות אקטיבי,2022,-15.2316,12,860.4
gemel,11407,אינפיניטי גמל להשקעה מניות,קופת גמל להשקעה,מניות אקטיבי,קופת גמל להשקעה | מניות אקטיבי,2022,-14.1142,12,56.2
gemel,11408,מנורה מבטחים השתלמות עוקב מדדים גמיש,קרנות השתלמות,כללי/מעורב/גמיש/תלוי גיל,קרנות השתלמות | כללי/מעורב/גמיש/תלוי גיל,2022,-8.7742,12,35.1
gemel,11409,"מנורה מבטחים השתלמות עוקב מדדים - אג""ח עם מניות (עד 25% מניות)",קרנות השתלמות,עד 25% מניות,קרנות השתלמות | עד 25% מניות,2022,-8.7769,12,42.4
gemel,1147,"מנורה מבטחים תגמולים ופיצויים אג""ח עד 10% מניות",תגמולים ואישית לפיצויים,עד 25% מניות,תגמולים ואישית לפיצויים | עד 25% מניות,2022,-5.8078,12,719.5
gemel,1149,"מנורה מבטחים השתלמות אג""ח עד 10% מניות",קרנות השתלמות,עד 25% מניות,קרנות השתלמות | עד 25% מניות,2022,-6.4069,12,1436.6
gemel,1162,ילין לפידות קרן השתלמות מסלול כללי,קרנות השתלמות,כללי/מעורב/גמיש/תלוי גיל,קרנות השתלמות | כללי/מעורב/גמיש/תלוי גיל,2022,-8.6365,12,14547.3
gemel,117,"כלל תמר אשראי ואג""ח",תגמולים ואישית לפיצויים,"אג""ח ללא מניות","תגמולים ואישית לפיצויים | אג""ח ללא מניות",2022,-5.6791,12,620.1
gemel,119,מנורה מבטחים יותר מסלול ד',תגמולים ואישית לפיצויים,כללי/מעורב/גמיש/תלוי גיל,תגמולים ואישית לפיצויים | כללי/מעורב/גמיש/תלוי גיל,2022,-6.0775,12,870.3
gemel,1190,"הפניקס השתלמות אג""ח עד 25% מניות",קרנות השתלמות,עד 25% מניות,קרנות השתלמות | עד 25% מניות,2022,-6.5895,12,955.0
gemel,11914,אינפיניטי חיסכון לילד - הלכה,קופת גמל להשקעה - חסכון לילד,כללי/מעורב/גמיש/תלוי גיל,קופת גמל להשקעה - חסכון לילד | כללי/מעורב/גמיש/תלוי גיל,2022,-7.9849,12,34.4
gemel,11926,סלייס השתלמות כללי,קרנות השתלמות,כללי/מעורב/גמיש/תלוי גיל,קרנות השתלמות | כללי/מעורב/גמיש/תלוי גיל,2022,-9.7704,12,22.3
gemel,11928,"סלייס השתלמות אג""ח אג""ח",קרנות השתלמות,"אג""ח ללא מניות","קרנות השתלמות | אג""ח ללא מניות",2022,4.5305,12,110.2
gemel,11931,סלייס השתלמות מניות פאסיבי,קרנות השתלמות,מניות פאסיבי,קרנות השתלמות | מניות פאסיבי,2022,-8.0637,12,17.1
gemel,11934,"סלייס השתלמות מדד חו""ל",קרנות השתלמות,מניות פאסיבי,קרנות השתלמות | מניות פאסיבי,2022,-7.7667,12,11.2
gemel,11942,"סלייס גמל קופת גמל לחסכון אג""ח אג""ח",תגמולים ואישית לפיצויים,"אג""ח ללא מניות","תגמולים ואישית לפיצויים | אג""ח ללא מניות",2022,3.4736,12,356.7
gemel,11943,סלייס גמל קופת גמל לחסכון מניות מניות,תגמולים ואישית לפיצויים,מניות אקטיבי,תגמולים ואישית לפיצויים | מניות אקטיבי,2022,-15.3165,12,27.8
gemel,11944,"סלייס גמל קופת גמל לחסכון חו""ל חו""ל",תגמולים ואישית לפיצויים,כללי/מעורב/גמיש/תלוי גיל,תגמולים ואישית לפיצויים | כללי/מעורב/גמיש/תלוי גיל,2022,-1.737,12,2.6
gemel,11949,"סלייס גמל קופת גמל לחסכון מדד חו""ל",תגמולים ואישית לפיצויים,מניות פאסיבי,תגמולים ואישית לפיצויים | מניות פאסיבי,2022,-7.4704,12,2.7
gemel,11957,"אינפיניטי השתלמות אשראי ואג""ח עם מניות (עד 25% מניות)",קרנות השתלמות,עד 25% מניות,קרנות השתלמות | עד 25% מניות,2022,-8.4406,12,33.4
gemel,11979,סלייס גמל קופת גמל לחסכון מדרגות עד 50,תגמולים ואישית לפיצויים,כללי/מעורב/גמיש/תלוי גיל,תגמולים ואישית לפיצויים | כללי/מעורב/גמיש/תלוי גיל,2022,-8.5444,12,50.2
gemel,11980,סלייס גמל קופת גמל לחסכון מדרגות 50-60,תגמולים ואישית לפיצויים,כללי/מעורב/גמיש/תלוי גיל,תגמולים ואישית לפיצויים | כללי/מעורב/גמיש/תלוי גיל,2022,-15.0099,12,5.4
gemel,11981,סלייס גמל קופת גמל לחסכון מדרגות 60 ומעלה,תגמולים ואישית לפיצויים,כללי/מעורב/גמיש/תלוי גיל,תגמולים ואישית לפיצויים | כללי/מעורב/גמיש/תלוי גיל,2022,-9.7644,12,6.1
gemel,1209,"אינפיניטי גמל אג""ח ממשלות",תגמולים ואישית לפיצויים,"אג""ח ללא מניות","תגמולים ואישית לפיצויים | אג""ח ללא מניות",2022,-5.9031,12,20.9
gemel,1210,"אינפיניטי השתלמות אג""ח ממשלות",קרנות השתלמות,"אג""ח ללא מניות","קרנות השתלמות | אג""ח ללא מניות",2022,-5.5429,12,37.2
gemel,1219,אלטשולר שחם קמה,תגמולים ואישית לפיצויים,כללי/מעורב/גמיש/תלוי גיל,תגמולים ואישית לפיצויים | כללי/מעורב/גמיש/תלוי גיל,2022,-6.4452,6,0.0
gemel,12256,אלטשולר שחם השתלמות הלכה,קרנות השתלמות,כללי/מעורב/גמיש/תלוי גיל,קרנות השתלמות | כללי/מעורב/גמיש/תלוי גיל,2022,-11.5346,12,280.6
gemel,12257,אלטשולר שחם חיסכון פלוס הלכה,קופת גמל להשקעה,כללי/מעורב/גמיש/תלוי גיל,קופת גמל להשקעה | כללי/מעורב/גמיש/תלוי גיל,2022,-12.1271,12,130.3
gemel,124,כלל תמר מדד,תגמולים ואישית לפיצויים,"אג""ח ללא מניות","תגמולים ואישית לפיצויים | אג""ח ללא מניות",2022,-4.6299,12,596.3
gemel,1240,"מיטב השתלמות אשראי ואג""ח",קרנות השתלמות,"אג""ח ללא מניות","קרנות השתלמות | אג""ח ללא מניות",2022,-1.431,12,509.0
gemel,12530,"ילין לפידות קרן השתלמות מסלול אג""ח עד 15% מניות",קרנות השתלמות,עד 25% מניות,קרנות השתלמות | עד 25% מניות,2022,-5.7307,12,236.6
gemel,12531,"אלפא מור קופת גמל לחיסכון, קופת גמל לתגמולים וקופת גמל אישית לפיצויים - מניות",תגמולים ואישית לפיצויים,מניות אקטיבי,תגמולים ואישית לפיצויים | מניות אקטיבי,2022,-14.3983,12,2825.0
gemel,12532,"אלפא מור קופת גמל לחיסכון, קופת גמל לתגמולים וקופת גמל אישית לפיצויים - לבני 50 ומטה",תגמולים ואישית לפיצויים,כללי/מעורב/גמיש/תלוי גיל,תגמולים ואישית לפיצויים | כללי/מעורב/גמיש/תלוי גיל,2022,-8.2227,12,3991.2
gemel,12533,"אלפא מור קופת גמל לחיסכון, קופת גמל לתגמולים וקופת גמל אישית לפיצויים - לבני 50 עד 60",תגמולים ואישית לפיצויים,כללי/מעורב/גמיש/תלוי גיל,תגמולים ואישית לפיצויים | כללי/מעורב/גמיש/תלוי גיל,2022,-6.0458,12,11753.2
gemel,12534,"אלפא מור קופת גמל לחיסכון, קופת גמל לתגמולים וקופת גמל אישית לפיצויים - לבני 60 ומעלה",תגמולים ואישית לפיצויים,כללי/מעורב/גמיש/תלוי גיל,תגמולים ואישית לפיצויים | כללי/מעורב/גמיש/תלוי גיל,2022,-3.2717,12,5985.1
gemel,12535,מור קרן השתלמות לשכירים ולעצמאים - כללי,קרנות השתלמות,כללי/מעורב/גמיש/תלוי גיל,קרנות השתלמות | כללי/מעורב/גמיש/תלוי גיל,2022,-6.1278,12,13679.9
gemel,12536,מור קרן השתלמות לשכירים ולעצמאים - מניות,קרנות השתלמות,מניות אקטיבי,קרנות השתלמות | מניות אקטיבי,2022,-14.4268,12,4364.7
gemel,12537,מור גמל להשקעה - מניות,קופת גמל להשקעה,מניות אקטיבי,קופת גמל להשקעה | מניות אקטיבי,2022,-15.6136,12,2042.5
gemel,12538,מור גמל להשקעה - כללי,קופת גמל להשקעה,כללי/מעורב/גמיש/תלוי גיל,קופת גמל להשקעה | כללי/מעורב/גמיש/תלוי גיל,2022,-7.1743,12,3137.6
gemel,12540,אינפיניטי גמל להשקעה הלכה,קופת גמל להשקעה,כללי/מעורב/גמיש/תלוי גיל,קופת גמל להשקעה | כללי/מעורב/גמיש/תלוי גיל,2022,-7.7329,12,26.0
gemel,12541,"כלל תמר אג""ח עד 15% מניות",תגמולים ואישית לפיצויים,עד 25% מניות,תגמולים ואישית לפיצויים | עד 25% מניות,2022,-7.3296,12,239.7
gemel,1256,מנורה מבטחים השתלמות מסלול מניות,קרנות השתלמות,מניות אקטיבי,קרנות השתלמות | מניות אקטיבי,2022,-14.9826,12,421.1
gemel,12599,"כלל השתלמות אשראי ואג""ח עם מניות(עד 25% מניות)",קרנות השתלמות,עד 25% מניות,קרנות השתלמות | עד 25% מניות,2022,-7.6398,12,392.6
gemel,127,כלל תמר מניות,תגמולים ואישית לפיצויים,מניות אקטיבי,תגמולים ואישית לפיצויים | מניות אקטיבי,2022,-14.4339,12,872.0
gemel,128,כלל תמר כספי(שקלי),תגמולים ואישית לפיצויים,כספי,תגמולים ואישית לפיצויים | כספי,2022,0.6613,12,186.6
gemel,1290,אלטשולר שחם השתלמות כללי ב',קרנות השתלמות,כללי/מעורב/גמיש/תלוי גיל,קרנות השתלמות | כללי/מעורב/גמיש/תלוי גיל,2022,-13.4932,12,1068.3
gemel,12955,"מור גמל להשקעה -אשראי ואג""ח (עד 25% מניות)",קופת גמל להשקעה,עד 25% מניות,קופת גמל להשקעה | עד 25% מניות,2022,-4.9461,12,283.0
gemel,12956,"מור קרן השתלמות לשכירים ולעצמאים - אשראי ואג""ח עם מניות (עד 25% מניות)",קרנות השתלמות,עד 25% מניות,קרנות השתלמות | עד 25% מניות,2022,-3.9535,12,818.3
gemel,12957,"אלפא מור קופת גמל לתגמולים ואישית לפיצויים וקופת גמל לא משלמת לקצבה אג""ח עד 25% במניות",תגמולים ואישית לפיצויים,עד 25% מניות,תגמולים ואישית לפיצויים | עד 25% מניות,2022,-3.5493,12,463.9
gemel,1319,"ילין לפידות קרן השתלמות מסלול אשראי ואג""ח",קרנות השתלמות,"אג""ח ללא מניות","קרנות השתלמות | אג""ח ללא מניות",2022,-2.6583,12,296.5
gemel,13209,הפניקס גמל להשקעה כספי (שקלי),קופת גמל להשקעה,כספי,קופת גמל להשקעה | כספי,2022,0.3089,12,40.5
gemel,13228,אינפיניטי גמל להשקעה עוקב מדדים גמיש,קופת גמל להשקעה,כללי/מעורב/גמיש/תלוי גיל,קופת גמל להשקעה | כללי/מעורב/גמיש/תלוי גיל,2022,-14.319,12,10.1
gemel,13229,אינפיניטי השתלמות כללי,קרנות השתלמות,כללי/מעורב/גמיש/תלוי גיל,קרנות השתלמות | כללי/מעורב/גמיש/תלוי גיל,2022,-10.8858,12,48.8
gemel,13245,מיטב השתלמות עוקב מדד S&P500,קרנות השתלמות,מניות פאסיבי,קרנות השתלמות | מניות פאסיבי,2022,-8.8861,12,931.3
gemel,13246,מיטב גמל עוקב מדד S&P500,תגמולים ואישית לפיצויים,מניות פאסיבי,תגמולים ואישית לפיצויים | מניות פאסיבי,2022,-8.9861,12,547.1
gemel,13250,הפניקס גמל להשקעה עוקב מדד S&P500,קופת גמל להשקעה,מניות פאסיבי,קופת גמל להשקעה | מניות פאסיבי,2022,-6.9383,12,865.0
gemel,13254,הראל גמל להשקעה כספי (שקלי),קופת גמל להשקעה,כספי,קופת גמל להשקעה | כספי,2022,-0.1108,12,25.2
gemel,13259,מיטב גמל להשקעה עוקב מדד S&P 500,קופת גמל להשקעה,מניות פאסיבי,קופת גמל להשקעה | מניות פאסיבי,2022,-8.9256,12,347.6
gemel,13263,הפניקס גמל מחקה מדד s&p500,תגמולים ואישית לפיצויים,מניות פאסיבי,תגמולים ואישית לפיצויים | מניות פאסיבי,2022,-7.0145,12,2121.3
gemel,13264,הפניקס השתלמות מחקה מדד s&p500,קרנות השתלמות,מניות פאסיבי,קרנות השתלמות | מניות פאסיבי,2022,-6.9954,12,2834.5
gemel,1334,הראל גמל כספי (שקלי),תגמולים ואישית לפיצויים,כספי,תגמולים ואישית לפיצויים | כספי,2022,0.1294,12,224.4
gemel,13342,כלל השתלמות עוקב מדד s&p 500,קרנות השתלמות,מניות פאסיבי,קרנות השתלמות | מניות פאסיבי,2022,-7.8052,12,442.8
gemel,13343,כלל תמר עוקב מדד s&p 500,תגמולים ואישית לפיצויים,מניות פאסיבי,תגמולים ואישית לפיצויים | מניות פאסיבי,2022,-7.7732,12,240.1
gemel,13344,כלל גמל לעתיד עוקב מדד s&p 500,קופת גמל להשקעה,מניות פאסיבי,קופת גמל להשקעה | מניות פאסיבי,2022,-7.8365,12,135.7
gemel,1335,"הראל גמל מסלול אשראי ואג""ח",תגמולים ואישית לפיצויים,"אג""ח ללא מניות","תגמולים ואישית לפיצויים | אג""ח ללא מניות",2022,-5.9003,12,227.4
gemel,13353,מנורה מבטחים גמל להשקעה מסלול מניות סחיר,קופת גמל להשקעה,מניות אקטיבי,קופת גמל להשקעה | מניות אקטיבי,2022,-6.8376,12,32.0
gemel,13354,"מנורה מבטחים גמל להשקעה מסלול אשראי ואג""ח",קופת גמל להשקעה,"אג""ח ללא מניות","קופת גמל להשקעה | אג""ח ללא מניות",2022,-2.4726,12,4.8
gemel,13355,"מנורה מבטחים תגמולים ופיצויים מסלול אשראי ואג""ח",תגמולים ואישית לפיצויים,"אג""ח ללא מניות","תגמולים ואישית לפיצויים | אג""ח ללא מניות",2022,-1.5902,12,3.0
gemel,13356,מנורה מבטחים תגמולים ופיצויים מסלול עוקב מדדי מניות,תגמולים ואישית לפיצויים,מניות פאסיבי,תגמולים ואישית לפיצויים | מניות פאסיבי,2022,-6.9678,12,30.8
gemel,13357,"מנורה מבטחים השתלמות מסלול אשראי ואג""ח",קרנות השתלמות,"אג""ח ללא מניות","קרנות השתלמות | אג""ח ללא מניות",2022,-2.4996,12,13.7
gemel,13414,הראל גמל להשקעה עוקב מדד s&p 500,קופת גמל להשקעה,מניות פאסיבי,קופת גמל להשקעה | מניות פאסיבי,2022,-8.3773,12,137.3
gemel,1343,מנורה מבטחים תגמולים ופיצויים מסלול כספי (שקלי),תגמולים ואישית לפיצויים,כספי,תגמולים ואישית לפיצויים | כספי,2022,0.0596,12,84.8
gemel,1344,"מנורה מבטחים תגמולים ופיצויים אג""ח ממשלת ישראל",תגמולים ואישית לפיצויים,"אג""ח ללא מניות","תגמולים ואישית לפיצויים | אג""ח ללא מניות",2022,-8.0943,12,94.6
gemel,1348,"כלל השתלמות אשראי ואג""ח",קרנות השתלמות,"אג""ח ללא מניות","קרנות השתלמות | אג""ח ללא מניות",2022,-4.4737,12,262.6
gemel,1350,כלל השתלמות מניות,קרנות השתלמות,מניות אקטיבי,קרנות השתלמות | מניות אקטיבי,2022,-14.6578,12,1331.1
gemel,13501,הראל גמל - עוקב מדד s&p 500,תגמולים ואישית לפיצויים,מניות פאסיבי,תגמולים ואישית לפיצויים | מניות פאסיבי,2022,-8.446,12,292.6
gemel,13502,הראל השתלמות - עוקב מדד s&p 500,קרנות השתלמות,מניות פאסיבי,קרנות השתלמות | מניות פאסיבי,2022,-8.4005,12,454.6
gemel,1351,כלל השתלמות כספי(שקלי),קרנות השתלמות,כספי,קרנות השתלמות | כספי,2022,0.6613,12,212.2
gemel,1353,מיטב השתלמות מעל 6 שנות וותק,קרנות השתלמות,כללי/מעורב/גמיש/תלוי גיל,קרנות השתלמות | כללי/מעורב/גמיש/תלוי גיל,2022,-3.6237,12,2440.9
gemel,13563,מגדל גמל להשקעה עוקב מדד s&p500,קופת גמל להשקעה,מניות פאסיבי,קופת גמל להשקעה | מניות פאסיבי,2022,-8.0973,12,57.7
gemel,13565,מגדל לתגמולים ולפיצויים עוקב מדד s&p500,תגמולים ואישית לפיצויים,מניות פאסיבי,תגמולים ואישית לפיצויים | מניות פאסיבי,2022,-7.9028,12,129.4
gemel,1360,"ילין לפידות קופת גמל מסלול אג""ח ממשלות",תגמולים ואישית לפיצויים,"אג""ח ללא מניות","תגמולים ואישית לפיצויים | אג""ח ללא מניות",2022,-6.368,12,134.2
gemel,1361,"ילין לפידות קרן השתלמות מסלול אג""ח ממשלות",קרנות השתלמות,"אג""ח ללא מניות","קרנות השתלמות | אג""ח ללא מניות",2022,-6.7453,12,178.3
gemel,1364,מנורה מבטחים תגמולים ופיצויים מסלול מניות,תגמולים ואישית לפיצויים,מניות אקטיבי,תגמולים ואישית לפיצויים | מניות אקטיבי,2022,-15.1959,12,151.3
gemel,1368,הראל גמל מסלול שקלי,תגמולים ואישית לפיצויים,"אג""ח ללא מניות","תגמולים ואישית לפיצויים | אג""ח ללא מניות",2022,-6.6336,12,149.9
gemel,1369,הראל השתלמות מסלול שקלי,קרנות השתלמות,"אג""ח ללא מניות","קרנות השתלמות | אג""ח ללא מניות",2022,-6.1206,12,249.3
gemel,1370,מיטב השתלמות כספי (שקלי),קרנות השתלמות,כספי,קרנות השתלמות | כספי,2022,-0.091,12,224.8
gemel,1375,אלטשולר שחם גמל מניות,תגמולים ואישית לפיצויים,מניות אקטיבי,תגמולים ואישית לפיצויים | מניות אקטיבי,2022,-19.2976,12,2862.6
gemel,1376,"אלטשולר שחם גמל אשראי ואג""ח",תגמולים ואישית לפיצויים,"אג""ח ללא מניות","תגמולים ואישית לפיצויים | אג""ח ללא מניות",2022,-2.8336,12,892.9
gemel,1377,אלטשולר שחם השתלמות מניות,קרנות השתלמות,מניות אקטיבי,קרנות השתלמות | מניות אקטיבי,2022,-19.0826,12,6220.0
gemel,1378,"אלטשולר שחם השתלמות אשראי ואג""ח",קרנות השתלמות,"אג""ח ללא מניות","קרנות השתלמות | אג""ח ללא מניות",2022,-3.1103,12,814.4
gemel,13853,אנליסט קרן השתלמות עוקב מדד S&P500,קרנות השתלמות,מניות פאסיבי,קרנות השתלמות | מניות פאסיבי,2022,4.2311,3,14.7
gemel,13854,אנליסט מסלולית - קופת גמל להשקעה עוקב מדד S&P500,קופת גמל להשקעה,מניות פאסיבי,קופת גמל להשקעה | מניות פאסיבי,2022,1.698,3,13.0
gemel,13855,אנליסט מסלולית קופת גמל - עוקב מדד S&P500,תגמולים ואישית לפיצויים,מניות פאסיבי,תגמולים ואישית לפיצויים | מניות פאסיבי,2022,3.845,3,5.4
gemel,1386,"מיטב גמל אג""ח ממשלות",תגמולים ואישית לפיצויים,"אג""ח ללא מניות","תגמולים ואישית לפיצויים | אג""ח ללא מניות",2022,-3.4628,12,103.8
gemel,13869,מנורה מבטחים השתלמות הלכה,קרנות השתלמות,כללי/מעורב/גמיש/תלוי גיל,קרנות השתלמות | כללי/מעורב/גמיש/תלוי גיל,2022,-3.7986,7,12.8
gemel,1387,"מיטב השתלמות אג""ח ממשלות",קרנות השתלמות,"אג""ח ללא מניות","קרנות השתלמות | אג""ח ללא מניות",2022,-3.4216,12,222.2
gemel,13873,מנורה מבטחים השתלמות עוקב מדד S&P500,קרנות השתלמות,מניות פאסיבי,קרנות השתלמות | מניות פאסיבי,2022,-0.8691,8,98.2
gemel,13874,מנורה מבטחים גמל להשקעה עוקב מדד S&P500,קופת גמל להשקעה,מניות פאסיבי,קופת גמל להשקעה | מניות פאסיבי,2022,-1.305,8,37.9
gemel,1394,אלטשולר שחם גמל כספי (שקלי),תגמולים ואישית לפיצויים,כספי,תגמולים ואישית לפיצויים | כספי,2022,0.8327,12,456.1
gemel,13946,מנורה מבטחים תגמולים ופיצויים עוקב מדד S&P500,תגמולים ואישית לפיצויים,מניות פאסיבי,תגמולים ואישית לפיצויים | מניות פאסיבי,2022,-3.3524,8,34.2
gemel,1395,"אלטשולר שחם גמל אג""ח ממשלות",תגמולים ואישית לפיצויים,"אג""ח ללא מניות","תגמולים ואישית לפיצויים | אג""ח ללא מניות",2022,-3.2865,12,298.9
gemel,1398,אלטשולר שחם השתלמות כספי (שקלי),קרנות השתלמות,כספי,קרנות השתלמות | כספי,2022,0.7723,12,440.8
gemel,1399,"אלטשולר שחם השתלמות אג""ח ממשלות",קרנות השתלמות,"אג""ח ללא מניות","קרנות השתלמות | אג""ח ללא מניות",2022,-2.7757,12,313.2
gemel,1408,"מנורה מבטחים השתלמות מסלול אג""ח ממשלת ישראל",קרנות השתלמות,"אג""ח ללא מניות","קרנות השתלמות | אג""ח ללא מניות",2022,-8.2063,12,331.7
gemel,1409,מנורה מבטחים השתלמות מסלול מניות סחיר,קרנות השתלמות,מניות אקטיבי,קרנות השתלמות | מניות אקטיבי,2022,-11.3449,12,221.1
gemel,1412,"אנליסט גמל אג""ח ממשלות",תגמולים ואישית לפיצויים,"אג""ח ללא מניות","תגמולים ואישית לפיצויים | אג""ח ללא מניות",2022,-6.421,12,27.6
gemel,1484,"הראל גמל מסלול אג""ח קונצרני",תגמולים ואישית לפיצויים,"אג""ח ללא מניות","תגמולים ואישית לפיצויים | אג""ח ללא מניות",2022,-6.4776,12,37.3
gemel,1485,"הראל השתלמות אשראי ואג""ח",קרנות השתלמות,"אג""ח ללא מניות","קרנות השתלמות | אג""ח ללא מניות",2022,-5.1498,12,143.2
gemel,1523,הראל השתלמות מסלול הלכה,קרנות השתלמות,כללי/מעורב/גמיש/תלוי גיל,קרנות השתלמות | כללי/מעורב/גמיש/תלוי גיל,2022,-8.897,12,304.6
gemel,1524,הראל גמל מסלול הלכה,תגמולים ואישית לפיצויים,כללי/מעורב/גמיש/תלוי גיל,תגמולים ואישית לפיצויים | כללי/מעורב/גמיש/תלוי גיל,2022,-8.8785,12,138.7
gemel,1533,כלל תמר מסלול הלכתי (הוד),תגמולים ואישית לפיצויים,כללי/מעורב/גמיש/תלוי גיל,תגמולים ואישית לפיצויים | כללי/מעורב/גמיש/תלוי גיל,2022,-8.3696,12,94.5
gemel,1534,כלל השתלמות הלכה,קרנות השתלמות,כללי/מעורב/גמיש/תלוי גיל,קרנות השתלמות | כללי/מעורב/גמיש/תלוי גיל,2022,-8.6598,12,221.7
gemel,1535,אנליסט השתלמות כספי (שקלי),קרנות השתלמות,כספי,קרנות השתלמות | כספי,2022,-0.0007,12,99.5
gemel,1536,אינפיניטי גמל מניות,תגמולים ואישית לפיצויים,מניות אקטיבי,תגמולים ואישית לפיצויים | מניות אקטיבי,2022,-8.0545,12,63.1
gemel,1537,אינפיניטי השתלמות מניות,קרנות השתלמות,מניות אקטיבי,קרנות השתלמות | מניות אקטיבי,2022,-8.066,12,80.9
gemel,154,הראל השתלמות כללי,קרנות השתלמות,כללי/מעורב/גמיש/תלוי גיל,קרנות השתלמות | כללי/מעורב/גמיש/תלוי גיל,2022,-7.1857,12,11322.2
gemel,1689,מיטב גמל עוקב מדדי מניות,תגמולים ואישית לפיצויים,מניות פאסיבי,תגמולים ואישית לפיצויים | מניות פאסיבי,2022,-21.07,12,67.5
gemel,1692,"מיטב גמל עוקב מדדי אג""ח",תגמולים ואישית לפיצויים,"אג""ח ללא מניות","תגמולים ואישית לפיצויים | אג""ח ללא מניות",2022,-10.707,12,47.3
gemel,199,"מגדל השתלמות מסלול אשראי ואג""ח",קרנות השתלמות,"אג""ח ללא מניות","קרנות השתלמות | אג""ח ללא מניות",2022,-7.2219,12,188.0
gemel,2017,אלטשולר שחם גמל הלכה,תגמולים ואישית לפיצויים,כללי/מעורב/גמיש/תלוי גיל,תגמולים ואישית לפיצויים | כללי/מעורב/גמיש/תלוי גיל,2022,-12.6222,12,143.4
gemel,2048,מגדל השתלמות מסלול הלכה,קרנות השתלמות,כללי/מעורב/גמיש/תלוי גיל,קרנות השתלמות | כללי/מעורב/גמיש/תלוי גיל,2022,-10.2235,12,237.9
gemel,2049,הפניקס גמל שריעה,תגמולים ואישית לפיצויים,כללי/מעורב/גמיש/תלוי גיל,תגמולים ואישית לפיצויים | כללי/מעורב/גמיש/תלוי גיל,2022,-3.6572,12,14.5
gemel,2058,הפניקס השתלמות שריעה,קרנות השתלמות,כללי/מעורב/גמיש/תלוי גיל,קרנות השתלמות | כללי/מעורב/גמיש/תלוי גיל,2022,-5.1254,12,29.9
gemel,211,"הפניקס גמל אג""ח עד 15% מניות",תגמולים ואישית לפיצויים,עד 25% מניות,תגמולים ואישית לפיצויים | עד 25% מניות,2022,-6.5968,12,2840.1
gemel,2115,"כלל השתלמות אג""ח",קרנות השתלמות,"אג""ח ללא מניות","קרנות השתלמות | אג""ח ללא מניות",2022,-5.7797,12,167.0
gemel,223,"מיטב גמל אשראי ואג""ח",תגמולים ואישית לפיצויים,"אג""ח ללא מניות","תגמולים ואישית לפיצויים | אג""ח ללא מניות",2022,-1.7773,12,883.6
gemel,2252,"אינפיניטי השתלמות אג""ח עד 15% מניות",קרנות השתלמות,עד 25% מניות,קרנות השתלמות | עד 25% מניות,2022,-6.8508,12,9.5
gemel,2254,אינפיניטי השתלמות משולב סחיר,קרנות השתלמות,כללי/מעורב/גמיש/תלוי גיל,קרנות השתלמות | כללי/מעורב/גמיש/תלוי גיל,2022,-10.8918,12,5.6
gemel,253,"כלל תמר אג""ח עד 25% מניות",תגמולים ואישית לפיצויים,עד 25% מניות,תגמולים ואישית לפיצויים | עד 25% מניות,2022,-6.6349,12,9674.0
gemel,260,מנורה מבטחים אמיר כללי,תגמולים ואישית לפיצויים,כללי/מעורב/גמיש/תלוי גיל,תגמולים ואישית לפיצויים | כללי/מעורב/גמיש/תלוי גיל,2022,-7.9387,12,470.3
gemel,263,"בר קרן גמולים קופת גמל לתגמולים ופיצויים בניהול כלל גמל בע""מ",תגמולים ואישית לפיצויים,כללי/מעורב/גמיש/תלוי גיל,תגמולים ואישית לפיצויים | כללי/מעורב/גמיש/תלוי גיל,2022,-7.4446,12,4431.8
gemel,385,"הפניקס גמל אשראי ואג""ח",תגמולים ואישית לפיצויים,"אג""ח ללא מניות","תגמולים ואישית לפיצויים | אג""ח ללא מניות",2022,-5.193,12,1205.2
gemel,401,הפניקס גמל לבני 60 ומעלה,תגמולים ואישית לפיצויים,כללי/מעורב/גמיש/תלוי גיל,תגמולים ואישית לפיצויים | כללי/מעורב/גמיש/תלוי גיל,2022,-6.5175,12,6272.8
gemel,416,"הראל השתלמות אשראי ואג""ח עם מניות (עד 25% מניות)",קרנות השתלמות,עד 25% מניות,קרנות השתלמות | עד 25% מניות,2022,-4.7316,12,2241.7
gemel,456,כלל השתלמות כללי,קרנות השתלמות,כללי/מעורב/גמיש/תלוי גיל,קרנות השתלמות | כללי/מעורב/גמיש/תלוי גיל,2022,-7.1365,12,18094.4
gemel,470,מגדל השתלמות לבני 60 ומעלה,קרנות השתלמות,כללי/מעורב/גמיש/תלוי גיל,קרנות השתלמות | כללי/מעורב/גמיש/תלוי גיל,2022,-7.8656,12,388.6
gemel,472,"אלטשולר שחם גמל אג""ח עד 15% במניות",תגמולים ואישית לפיצויים,עד 25% מניות,תגמולים ואישית לפיצויים | עד 25% מניות,2022,-4.3698,12,3650.7
gemel,481,מיטב השתלמות עוקב מדדים גמיש,קרנות השתלמות,כללי/מעורב/גמיש/תלוי גיל,קרנות השתלמות | כללי/מעורב/גמיש/תלוי גיל,2022,-13.0145,12,46.3
gemel,502,"הראל גמל מסלול אג""ח עד 20% מניות",תגמולים ואישית לפיצויים,עד 25% מניות,תגמולים ואישית לפיצויים | עד 25% מניות,2022,-4.6703,12,2614.7
gemel,551,מיטב גמל לבני 60 ומעלה,תגמולים ואישית לפיצויים,כללי/מעורב/גמיש/תלוי גיל,תגמולים ואישית לפיצויים | כללי/מעורב/גמיש/תלוי גיל,2022,-5.7665,12,5874.6
gemel,554,מיטב השתלמות עד 6 שנות וותק,קרנות השתלמות,כללי/מעורב/גמיש/תלוי גיל,קרנות השתלמות | כללי/מעורב/גמיש/תלוי גיל,2022,-6.6974,12,7604.2
gemel,558,"אלטשולר שחם השתלמות אשראי ואג""ח עם מניות (עד 25% מניות)",קרנות השתלמות,עד 25% מניות,קרנות השתלמות | עד 25% מניות,2022,-5.1238,12,7284.1
gemel,566,הראל השתלמות לטווח ארוך,קרנות השתלמות,כללי/מעורב/גמיש/תלוי גיל,קרנות השתלמות | כללי/מעורב/גמיש/תלוי גיל,2022,-8.9942,12,206.9
gemel,579,מגדל השתלמות מסלול כללי,קרנות השתלמות,כללי/מעורב/גמיש/תלוי גיל,קרנות השתלמות | כללי/מעורב/גמיש/תלוי גיל,2022,-7.0744,12,13366.1
gemel,592,כלל תמר שקלים,תגמולים ואישית לפיצויים,"אג""ח ללא מניות","תגמולים ואישית לפיצויים | אג""ח ללא מניות",2022,-7.3945,12,243.0
gemel,599,"מגדל השתלמות מסלול אג""ח עד 10% מניות",קרנות השתלמות,עד 25% מניות,קרנות השתלמות | עד 25% מניות,2022,-7.8158,12,306.1
gemel,686,הפניקס השתלמות לטווח קצר,קרנות השתלמות,כללי/מעורב/גמיש/תלוי גיל,קרנות השתלמות | כללי/מעורב/גמיש/תלוי גיל,2022,-10.8074,12,5246.6
gemel,715,הפניקס השתלמות כספי (שקלי),קרנות השתלמות,כספי,קרנות השתלמות | כספי,2022,0.3792,12,335.5
gemel,716,"הפניקס השתלמות אשראי ואג""ח",קרנות השתלמות,"אג""ח ללא מניות","קרנות השתלמות | אג""ח ללא מניות",2022,-5.2791,12,811.5
gemel,7215,מיטב גמל לבני 50 ומטה,תגמולים ואישית לפיצויים,כללי/מעורב/גמיש/תלוי גיל,תגמולים ואישית לפיצויים | כללי/מעורב/גמיש/תלוי גיל,2022,-9.8825,12,1754.9
gemel,7231,אינפיניטי גמל מסלול לבני 50 ומטה,תגמולים ואישית לפיצויים,כללי/מעורב/גמיש/תלוי גיל,תגמולים ואישית לפיצויים | כללי/מעורב/גמיש/תלוי גיל,2022,-12.6848,12,18.4
gemel,7232,אינפיניטי גמל מסלול לבני 50 עד 60,תגמולים ואישית לפיצויים,כללי/מעורב/גמיש/תלוי גיל,תגמולים ואישית לפיצויים | כללי/מעורב/גמיש/תלוי גיל,2022,-11.2225,12,57.7
gemel,7233,אינפיניטי גמל מסלול לבני 60 ומעלה,תגמולים ואישית לפיצויים,כללי/מעורב/גמיש/תלוי גיל,תגמולים ואישית לפיצויים | כללי/מעורב/גמיש/תלוי גיל,2022,-10.0043,12,28.7
gemel,7253,מגדל השתלמות מסלול לבני 50 ומטה,קרנות השתלמות,כללי/מעורב/גמיש/תלוי גיל,קרנות השתלמות | כללי/מעורב/גמיש/תלוי גיל,2022,-9.6948,12,651.0
gemel,7254,מגדל השתלמות מסלול לבני 50 עד 60,קרנות השתלמות,כללי/מעורב/גמיש/תלוי גיל,קרנות השתלמות | כללי/מעורב/גמיש/תלוי גיל,2022,-8.7271,12,316.1
gemel,7256,מגדל השתלמות מסלול עוקב מדדים - גמיש,קרנות השתלמות,כללי/מעורב/גמיש/תלוי גיל,קרנות השתלמות | כללי/מעורב/גמיש/תלוי גיל,2022,-9.9725,12,39.0
gemel,761,הראל גמל מסלול מניות,תגמולים ואישית לפיצויים,מניות אקטיבי,תגמולים ואישית לפיצויים | מניות אקטיבי,2022,-14.5302,12,660.9
gemel,762,"הראל גמל מסלול אג""ח עד 10% מניות",תגמולים ואישית לפיצויים,עד 25% מניות,תגמולים ואישית לפיצויים | עד 25% מניות,2022,-4.8091,12,2039.6
gemel,763,הראל השתלמות מסלול מניות,קרנות השתלמות,מניות אקטיבי,קרנות השתלמות | מניות אקטיבי,2022,-14.3807,12,1177.0
gemel,764,"הראל השתלמות אג""ח עד 10% מניות",קרנות השתלמות,עד 25% מניות,קרנות השתלמות | עד 25% מניות,2022,-4.7896,12,1371.5
gemel,767,מיטב גמל הלכה,תגמולים ואישית לפיצויים,כללי/מעורב/גמיש/תלוי גיל,תגמולים ואישית לפיצויים | כללי/מעורב/גמיש/תלוי גיל,2022,-10.2487,12,172.3
gemel,768,מיטב השתלמות הלכה,קרנות השתלמות,כללי/מעורב/גמיש/תלוי גיל,קרנות השתלמות | כללי/מעורב/גמיש/תלוי גיל,2022,-10.3609,12,355.6
gemel,7798,אלטשולר שחם חיסכון פלוס כללי,קופת גמל להשקעה,כללי/מעורב/גמיש/תלוי גיל,קופת גמל להשקעה | כללי/מעורב/גמיש/תלוי גיל,2022,-11.9774,12,5765.9
gemel,7799,אלטשולר שחם חיסכון פלוס מניות,קופת גמל להשקעה,מניות אקטיבי,קופת גמל להשקעה | מניות אקטיבי,2022,-19.0915,12,3750.0
gemel,7800,"אלטשולר שחם חיסכון פלוס אשראי ואג""ח עם מניות (עד 25% במניות)",קופת גמל להשקעה,עד 25% מניות,קופת גמל להשקעה | עד 25% מניות,2022,-6.1392,12,1073.1
gemel,7801,"אלטשולר שחם חיסכון פלוס אשראי ואג""ח",קופת גמל להשקעה,"אג""ח ללא מניות","קופת גמל להשקעה | אג""ח ללא מניות",2022,-4.6337,12,214.4
gemel,7802,אלטשולר שחם חיסכון פלוס כספי (שקלי),קופת גמל להשקעה,כספי,קופת גמל להשקעה | כספי,2022,0.6112,12,95.4
gemel,7834,אנליסט מסלולית - קופת גמל להשקעה כללי,קופת גמל להשקעה,כללי/מעורב/גמיש/תלוי גיל,קופת גמל להשקעה | כללי/מעורב/גמיש/תלוי גיל,2022,-9.5041,12,1130.8
gemel,7836,אנליסט מסלולית - קופת גמל להשקעה מניות,קופת גמל להשקעה,מניות אקטיבי,קופת גמל להשקעה | מניות אקטיבי,2022,-18.5085,12,1642.4
gemel,7837,"אנליסט מסלולית - קופת גמל להשקעה אשראי ואג""ח",קופת גמל להשקעה,"אג""ח ללא מניות","קופת גמל להשקעה | אג""ח ללא מניות",2022,-6.292,12,25.7
gemel,7839,אנליסט מסלולית - קופת גמל להשקעה כספי (שקלי),קופת גמל להשקעה,כספי,קופת גמל להשקעה | כספי,2022,0.1194,12,33.6
gemel,7842,אנליסט מסלולית - קופת גמל להשקעה משולב סחיר,קופת גמל להשקעה,כללי/מעורב/גמיש/תלוי גיל,קופת גמל להשקעה | כללי/מעורב/גמיש/תלוי גיל,2022,-4.4912,12,19.9
gemel,7843,אנליסט מסלולית - קופת גמל להשקעה עוקב מדדים - גמיש,קופת גמל להשקעה,כללי/מעורב/גמיש/תלוי גיל,קופת גמל להשקעה | כללי/מעורב/גמיש/תלוי גיל,2022,-9.5982,12,6.2
gemel,7860,מיטב גמל להשקעה מניות,קופת גמל להשקעה,מניות אקטיבי,קופת גמל להשקעה | מניות אקטיבי,2022,-16.3348,12,384.6
gemel,7861,מיטב גמל להשקעה כספי (שקלי),קופת גמל להשקעה,כספי,קופת גמל להשקעה | כספי,2022,-0.3404,12,23.6
gemel,7862,"מיטב גמל להשקעה אשראי ואג""ח",קופת גמל להשקעה,"אג""ח ללא מניות","קופת גמל להשקעה | אג""ח ללא מניות",2022,-4.4831,12,32.0
gemel,7863,מיטב גמל להשקעה הלכה,קופת גמל להשקעה,כללי/מעורב/גמיש/תלוי גיל,קופת גמל להשקעה | כללי/מעורב/גמיש/תלוי גיל,2022,-8.5676,12,37.4
gemel,7867,מיטב גמל להשקעה עוקב מדדי מניות,קופת גמל להשקעה,מניות פאסיבי,קופת גמל להשקעה | מניות פאסיבי,2022,-20.9777,12,33.4
gemel,7892,סלייס קופת גמל להשקעה מדד מניות,קופת גמל להשקעה,מניות פאסיבי,קופת גמל להשקעה | מניות פאסיבי,2022,-9.0388,12,2.6
gemel,7893,"סלייס קופת גמל להשקעה מדד אג""ח",קופת גמל להשקעה,"אג""ח ללא מניות","קופת גמל להשקעה | אג""ח ללא מניות",2022,-9.4218,12,0.4
gemel,7895,סלייס קופת גמל להשקעה מדד ללא מניות,קופת גמל להשקעה,"אג""ח ללא מניות","קופת גמל להשקעה | אג""ח ללא מניות",2022,-8.0872,12,0.6
gemel,7896,"סלייס קופת גמל להשקעה מדד חו""ל",קופת גמל להשקעה,מניות פאסיבי,קופת גמל להשקעה | מניות פאסיבי,2022,-9.0298,12,7.8
gemel,7897,"סלייס קופת גמל להשקעה אג""ח ללא מניות",קופת גמל להשקעה,"אג""ח ללא מניות","קופת גמל להשקעה | אג""ח ללא מניות",2022,3.2159,12,92.7
gemel,7900,סלייס קופת גמל להשקעה כללי כללי,קופת גמל להשקעה,כללי/מעורב/גמיש/תלוי גיל,קופת גמל להשקעה | כללי/מעורב/גמיש/תלוי גיל,2022,-9.7075,12,15.3
gemel,7905,"הפניקס גמל להשקעה אשראי ואג""ח",קופת גמל להשקעה,"אג""ח ללא מניות","קופת גמל להשקעה | אג""ח ללא מניות",2022,-5.5853,12,77.7
gemel,7906,"הפניקס גמל להשקעה אשראי ואג""ח עם מניות (עד 25% מניות)",קופת גמל להשקעה,עד 25% מניות,קופת גמל להשקעה | עד 25% מניות,2022,-7.2764,12,259.4
gemel,7907,הפניקס גמל להשקעה עוקב מדדי מניות,קופת גמל להשקעה,מניות פאסיבי,קופת גמל להשקעה | מניות פאסיבי,2022,-14.7988,12,210.2
gemel,7908,הפניקס גמל להשקעה כללי,קופת גמל להשקעה,כללי/מעורב/גמיש/תלוי גיל,קופת גמל להשקעה | כללי/מעורב/גמיש/תלוי גיל,2022,-9.1648,12,1730.2
gemel,7909,הפניקס גמל להשקעה עוקב מדדים - גמיש,קופת גמל להשקעה,כללי/מעורב/גמיש/תלוי גיל,קופת גמל להשקעה | כללי/מעורב/גמיש/תלוי גיל,2022,-10.5829,12,59.1
gemel,7931,מגדל גמל להשקעה כספי (שקלי),קופת גמל להשקעה,כספי,קופת גמל להשקעה | כספי,2022,-0.2904,12,16.2
gemel,7932,"מגדל גמל להשקעה אג""ח ממשלות",קופת גמל להשקעה,"אג""ח ללא מניות","קופת גמל להשקעה | אג""ח ללא מניות",2022,-8.0458,12,10.2
gemel,7933,"מגדל גמל להשקעה חו""ל",קופת גמל להשקעה,כללי/מעורב/גמיש/תלוי גיל,קופת גמל להשקעה | כללי/מעורב/גמיש/תלוי גיל,2022,-2.0061,12,3.8
gemel,7934,מגדל גמל להשקעה מניות,קופת גמל להשקעה,מניות אקטיבי,קופת גמל להשקעה | מניות אקטיבי,2022,-14.7464,12,174.2
gemel,7935,"מגדל גמל להשקעה מסלול אשראי ואג""ח עם מניות (עד 25% מניות)",קופת גמל להשקעה,עד 25% מניות,קופת גמל להשקעה | עד 25% מניות,2022,-7.7132,12,55.4
gemel,7936,מגדל גמל להשקעה כללי,קופת גמל להשקעה,כללי/מעורב/גמיש/תלוי גיל,קופת גמל להשקעה | כללי/מעורב/גמיש/תלוי גיל,2022,-8.3369,12,425.4
gemel,7937,מגדל גמל להשקעה הלכה,קופת גמל להשקעה,כללי/מעורב/גמיש/תלוי גיל,קופת גמל להשקעה | כללי/מעורב/גמיש/תלוי גיל,2022,-10.0886,12,35.9
gemel,7957,"מור גמל להשקעה מסלול מחקה מדד ת""א 35",קופת גמל להשקעה,מניות פאסיבי,קופת גמל להשקעה | מניות פאסיבי,2022,-9.1387,12,69.6
gemel,7958,מור גמל להשקעה - עוקב מדד S&P500,קופת גמל להשקעה,מניות פאסיבי,קופת גמל להשקעה | מניות פאסיבי,2022,-9.2609,12,238.0
gemel,7960,מור גמל להשקעה מסלול מחקה מדד תל בונד 20,קופת גמל להשקעה,"אג""ח ללא מניות","קופת גמל להשקעה | אג""ח ללא מניות",2022,-9.1914,12,6.6
gemel,7961,"מור גמל להשקעה מסלול מחקה מדד אג""ח ממשלתי, צמודות מדד ממשלתי לטווח 5-10 שנים",קופת גמל להשקעה,"אג""ח ללא מניות","קופת גמל להשקעה | אג""ח ללא מניות",2022,-10.3728,12,35.0
gemel,7962,"מור גמל להשקעה מסלול מחקה מדד אג""ח ממשלתי, לא צמודות בריבית קבועה",קופת גמל להשקעה,"אג""ח ללא מניות","קופת גמל להשקעה | אג""ח ללא מניות",2022,-9.2104,12,11.9
gemel,7963,מור גמל להשקעה - כספי (שקלי),קופת גמל להשקעה,כספי,קופת גמל להשקעה | כספי,2022,0.943,12,53.4
gemel,7975,הפניקס גמל להשקעה מניות,קופת גמל להשקעה,מניות אקטיבי,קופת גמל להשקעה | מניות אקטיבי,2022,-15.6709,12,217.6
gemel,7978,מיטב גמל להשקעה כללי,קופת גמל להשקעה,כללי/מעורב/גמיש/תלוי גיל,קופת גמל להשקעה | כללי/מעורב/גמיש/תלוי גיל,2022,-8.669,12,1225.0
gemel,7979,מיטב גמל להשקעה עוקב מדדים גמיש,קופת גמל להשקעה,כללי/מעורב/גמיש/תלוי גיל,קופת גמל להשקעה | כללי/מעורב/גמיש/תלוי גיל,2022,-13.1477,12,10.7
gemel,7980,"מיטב גמל להשקעה אשראי ואג""ח עם מניות (עד 25% במניות)",קופת גמל להשקעה,עד 25% מניות,קופת גמל להשקעה | עד 25% מניות,2022,-5.655,12,155.1
gemel,7981,מיטב גמל להשקעה מסלול אג''ח עד 10% מניות,קופת גמל להשקעה,עד 25% מניות,קופת גמל להשקעה | עד 25% מניות,2022,-4.6498,12,47.0
gemel,7986,"אנליסט מסלולית - קופת גמל להשקעה אשראי ואג""ח עד 25% מניות",קופת גמל להשקעה,עד 25% מניות,קופת גמל להשקעה | עד 25% מניות,2022,-8.1244,12,80.1
gemel,7988,כלל גמל לעתיד כללי,קופת גמל להשקעה,כללי/מעורב/גמיש/תלוי גיל,קופת גמל להשקעה | כללי/מעורב/גמיש/תלוי גיל,2022,-8.1915,12,1536.7
gemel,7989,"כלל גמל לעתיד אשראי ואג""ח",קופת גמל להשקעה,"אג""ח ללא מניות","קופת גמל להשקעה | אג""ח ללא מניות",2022,-6.0112,12,22.1
gemel,7990,"כלל גמל לעתיד - קופת גמל להשקעה אג""ח ממשלתי",קופת גמל להשקעה,"אג""ח ללא מניות","קופת גמל להשקעה | אג""ח ללא מניות",2022,-5.2653,12,9.8
gemel,7991,כלל גמל לעתיד מניות,קופת גמל להשקעה,מניות אקטיבי,קופת גמל להשקעה | מניות אקטיבי,2022,-14.9803,12,472.6
gemel,7992,"כלל גמל לעתיד אשרי ואג""ח עם מניות(עד 25% מניות)",קופת גמל להשקעה,עד 25% מניות,קופת גמל להשקעה | עד 25% מניות,2022,-7.1276,12,193.8
gemel,7993,כלל גמל לעתיד כספי(שקלי),קופת גמל להשקעה,כספי,קופת גמל להשקעה | כספי,2022,0.5708,12,18.5
gemel,7994,כלל גמל לעתיד הלכה,קופת גמל להשקעה,כללי/מעורב/גמיש/תלוי גיל,קופת גמל להשקעה | כללי/מעורב/גמיש/תלוי גיל,2022,-9.2877,12,23.4
gemel,8004,הפניקס גמל להשקעה שריעה,קופת גמל להשקעה,כללי/מעורב/גמיש/תלוי גיל,קופת גמל להשקעה | כללי/מעורב/גמיש/תלוי גיל,2022,4.9303,12,7.2
gemel,8012,"מגדל לתגמולים ולפיצויים מסלול אשראי ואג""ח",תגמולים ואישית לפיצויים,"אג""ח ללא מניות","תגמולים ואישית לפיצויים | אג""ח ללא מניות",2022,-7.8153,12,135.0
gemel,8058,"הראל השתלמות אג""ח קונצרני",קרנות השתלמות,"אג""ח ללא מניות","קרנות השתלמות | אג""ח ללא מניות",2022,-7.7667,12,16.4
gemel,811,אנליסט מסלולית קופת גמל ישראל,תגמולים ואישית לפיצויים,כללי/מעורב/גמיש/תלוי גיל,תגמולים ואישית לפיצויים | כללי/מעורב/גמיש/תלוי גיל,2022,-7.5636,12,958.4
gemel,8128,"אנליסט מסלולית קופת גמל - אג""ח עד 10% מניות",תגמולים ואישית לפיצויים,עד 25% מניות,תגמולים ואישית לפיצויים | עד 25% מניות,2022,-7.5658,12,48.6
gemel,8129,"אנליסט קרן השתלמות אג""ח עד 10% מניות",קרנות השתלמות,עד 25% מניות,קרנות השתלמות | עד 25% מניות,2022,-7.1876,12,53.7
gemel,813,"אנליסט גמל אשראי ואג""ח",תגמולים ואישית לפיצויים,"אג""ח ללא מניות","תגמולים ואישית לפיצויים | אג""ח ללא מניות",2022,-6.1119,12,70.0
gemel,814,אנליסט גמל מניות,תגמולים ואישית לפיצויים,מניות אקטיבי,תגמולים ואישית לפיצויים | מניות אקטיבי,2022,-18.6038,12,1517.6
gemel,815,אנליסט גמל כספי (שקלי),תגמולים ואישית לפיצויים,כספי,תגמולים ואישית לפיצויים | כספי,2022,0.0593,12,89.4
gemel,817,אנליסט גמל מניות סחיר,תגמולים ואישית לפיצויים,מניות אקטיבי,תגמולים ואישית לפיצויים | מניות אקטיבי,2022,-13.8613,12,263.6
gemel,818,אנליסט גמל משולב סחיר,תגמולים ואישית לפיצויים,כללי/מעורב/גמיש/תלוי גיל,תגמולים ואישית לפיצויים | כללי/מעורב/גמיש/תלוי גיל,2022,-3.8032,12,41.1
gemel,8211,הראל גמל להשקעה כללי,קופת גמל להשקעה,כללי/מעורב/גמיש/תלוי גיל,קופת גמל להשקעה | כללי/מעורב/גמיש/תלוי גיל,2022,-9.8062,12,1538.3
gemel,828,מנורה מבטחים השתלמות מסלול כללי,קרנות השתלמות,כללי/מעורב/גמיש/תלוי גיל,קרנות השתלמות | כללי/מעורב/גמיש/תלוי גיל,2022,-7.5037,12,9018.7
gemel,8520,"הראל גמל להשקעה אג""ח עד 10% מניות",קופת גמל להשקעה,עד 25% מניות,קופת גמל להשקעה | עד 25% מניות,2022,-8.6951,12,133.3
gemel,8521,"הראל גמל להשקעה אשראי ואג""ח עם מניות (עד 25% מניות)",קופת גמל להשקעה,עד 25% מניות,קופת גמל להשקעה | עד 25% מניות,2022,-8.875,12,138.0
gemel,8522,הראל גמל להשקעה מניות,קופת גמל להשקעה,מניות אקטיבי,קופת גמל להשקעה | מניות אקטיבי,2022,-16.3703,12,469.9
gemel,8523,הראל גמל להשקעה הלכה,קופת גמל להשקעה,כללי/מעורב/גמיש/תלוי גיל,קופת גמל להשקעה | כללי/מעורב/גמיש/תלוי גיל,2022,-12.2835,12,21.6
gemel,8563,ילין לפידות קרן השתלמות מסלול מניות,קרנות השתלמות,מניות אקטיבי,קרנות השתלמות | מניות אקטיבי,2022,-15.1716,12,3439.8
gemel,858,מגדל לתגמולים ולפיצויים מסלול כספי (שקלי),תגמולים ואישית לפיצויים,כספי,תגמולים ואישית לפיצויים | כספי,2022,-0.3003,12,43.1
gemel,859,"מגדל לתגמולים ולפיצויים מסלול אג""ח ממשלות",תגמולים ואישית לפיצויים,"אג""ח ללא מניות","תגמולים ואישית לפיצויים | אג""ח ללא מניות",2022,-8.2308,12,82.8
gemel,862,"מגדל לתגמולים ולפיצויים מסלול חו""ל",תגמולים ואישית לפיצויים,כללי/מעורב/גמיש/תלוי גיל,תגמולים ואישית לפיצויים | כללי/מעורב/גמיש/תלוי גיל,2022,-2.0236,12,8.3
gemel,8624,הפניקס גמל פאסיבי לבני 60 ומעלה,תגמולים ואישית לפיצויים,כללי/מעורב/גמיש/תלוי גיל,תגמולים ואישית לפיצויים | כללי/מעורב/גמיש/תלוי גיל,2022,-9.4015,12,198.7
gemel,8629,הפניקס השתלמות עוקב מדדים גמיש,קרנות השתלמות,כללי/מעורב/גמיש/תלוי גיל,קרנות השתלמות | כללי/מעורב/גמיש/תלוי גיל,2022,-10.7231,12,347.1
gemel,863,מגדל לתגמולים ולפיצויים מסלול מניות,תגמולים ואישית לפיצויים,מניות אקטיבי,תגמולים ואישית לפיצויים | מניות אקטיבי,2022,-14.6356,12,234.9
gemel,864,מגדל השתלמות מסלול כספי (שקלי),קרנות השתלמות,כספי,קרנות השתלמות | כספי,2022,-0.2904,12,163.0
gemel,865,"מגדל השתלמות מסלול אג""ח ממשלות",קרנות השתלמות,"אג""ח ללא מניות","קרנות השתלמות | אג""ח ללא מניות",2022,-8.24,12,180.0
gemel,8675,מנורה מבטחים גמל להשקעה כללי,קופת גמל להשקעה,כללי/מעורב/גמיש/תלוי גיל,קופת גמל להשקעה | כללי/מעורב/גמיש/תלוי גיל,2022,-8.4399,12,1084.1
gemel,8678,"מנורה מבטחים גמל להשקעה מסלול אשראי ואג""ח עם מניות (עד 25% מניות)",קופת גמל להשקעה,עד 25% מניות,קופת גמל להשקעה | עד 25% מניות,2022,-6.4927,12,48.7
gemel,8679,"אנליסט קרן השתלמות - אשראי ואג""ח עד 25% מניות",קרנות השתלמות,עד 25% מניות,קרנות השתלמות | עד 25% מניות,2022,-7.7949,12,247.9
gemel,868,"מגדל השתלמות מסלול חו""ל",קרנות השתלמות,כללי/מעורב/גמיש/תלוי גיל,קרנות השתלמות | כללי/מעורב/גמיש/תלוי גיל,2022,-1.9731,12,29.1
gemel,8683,מנורה מבטחים גמל להשקעה עוקב מדדי מניות,קופת גמל להשקעה,מניות פאסיבי,קופת גמל להשקעה | מניות פאסיבי,2022,-8.2338,12,202.3
gemel,8684,"מנורה מבטחים גמל להשקעה עוקב מדדים - אג""ח עם מניות (עד 25% מניות)",קופת גמל להשקעה,עד 25% מניות,קופת גמל להשקעה | עד 25% מניות,2022,-8.5285,12,56.1
gemel,869,מגדל השתלמות מסלול מניות,קרנות השתלמות,מניות אקטיבי,קרנות השתלמות | מניות אקטיבי,2022,-14.6296,12,694.2
gemel,8693,מנורה מבטחים גמל להשקעה כספי (שיקלי),קופת גמל להשקעה,כספי,קופת גמל להשקעה | כספי,2022,-0.1105,12,21.1
gemel,8695,"אלפא מור תגמולים - מסלול עוקב מדד ""מניות תל אביב 35""",תגמולים ואישית לפיצויים,מניות פאסיבי,תגמולים ואישית לפיצויים | מניות פאסיבי,2022,-8.5451,12,37.1
gemel,8696,"אלפא מור תגמולים - מסלול עוקב מדד ""מדדיות ממשלתיות לטווח של 5-10 שנים""",תגמולים ואישית לפיצויים,"אג""ח ללא מניות","תגמולים ואישית לפיצויים | אג""ח ללא מניות",2022,-9.9501,12,49.0
gemel,8697,"אלפא מור תגמולים - מסלול עוקב מדד ""שקליות ריבית קבועה ממשלתיות""",תגמולים ואישית לפיצויים,"אג""ח ללא מניות","תגמולים ואישית לפיצויים | אג""ח ללא מניות",2022,-9.3707,12,34.5
gemel,8698,"אלפא מור תגמולים - מסלול עוקב מדד ""תל בונד 20""",תגמולים ואישית לפיצויים,"אג""ח ללא מניות","תגמולים ואישית לפיצויים | אג""ח ללא מניות",2022,-9.2516,12,23.5
gemel,8699,"אלפא מור קופת גמל לחיסכון, קופת גמל לתגמולים וקופת גמל אישית לפיצויים - כספי (שקלי)",תגמולים ואישית לפיצויים,כספי,תגמולים ואישית לפיצויים | כספי,2022,0.9631,12,161.5
gemel,8701,"מור השתלמות -מסלול עוקב מדד ""מניות תל אביב 35""",קרנות השתלמות,מניות פאסיבי,קרנות השתלמות | מניות פאסיבי,2022,-8.9278,12,46.2
gemel,8702,"מור השתלמות - מסלול עוקב מדד ""מדדיות ממשלתיות לטווח של 5-10 שנים""",קרנות השתלמות,"אג""ח ללא מניות","קרנות השתלמות | אג""ח ללא מניות",2022,-10.5315,12,74.9
gemel,8703,"מור השתלמות - מסלול עוקב מדד ""שקליות ריבית קבועה ממשלתיות""",קרנות השתלמות,"אג""ח ללא מניות","קרנות השתלמות | אג""ח ללא מניות",2022,-9.1636,12,27.5
gemel,8704,"מור השתלמות - מסלול עוקב מדד ""תל בונד 20""",קרנות השתלמות,"אג""ח ללא מניות","קרנות השתלמות | אג""ח ללא מניות",2022,-9.3244,12,12.7
gemel,8705,מור קרן השתלמות לשכירים ולעצמאים - כספי (שקלי),קרנות השתלמות,כספי,קרנות השתלמות | כספי,2022,0.9229,12,120.8
gemel,8716,מנורה מבטחים גמל להשקעה מסלול הלכה,קופת גמל להשקעה,כללי/מעורב/גמיש/תלוי גיל,קופת גמל להשקעה | כללי/מעורב/גמיש/תלוי גיל,2022,-10.8606,12,35.3
gemel,874,"מיטב גמל אג""ח עד 25% מניות",תגמולים ואישית לפיצויים,עד 25% מניות,תגמולים ואישית לפיצויים | עד 25% מניות,2022,-6.178,12,3833.5
gemel,876,מיטב גמל כספי (שקלי),תגמולים ואישית לפיצויים,כספי,תגמולים ואישית לפיצויים | כספי,2022,-3.7014,12,136.4
gemel,877,מיטב גמל מניות,תגמולים ואישית לפיצויים,מניות אקטיבי,תגמולים ואישית לפיצויים | מניות אקטיבי,2022,-16.2248,12,755.5
gemel,8779,אנליסט קרן השתלמות משולב סחיר,קרנות השתלמות,כללי/מעורב/גמיש/תלוי גיל,קרנות השתלמות | כללי/מעורב/גמיש/תלוי גיל,2022,-3.3648,12,41.0
gemel,880,מיטב השתלמות כללי,קרנות השתלמות,כללי/מעורב/גמיש/תלוי גיל,קרנות השתלמות | כללי/מעורב/גמיש/תלוי גיל,2022,-7.9375,12,12487.3
gemel,881,"מיטב השתלמות אג""ח צמוד מדד",קרנות השתלמות,"אג""ח ללא מניות","קרנות השתלמות | אג""ח ללא מניות",2022,-3.1812,12,180.6
gemel,883,מיטב השתלמות מניות,קרנות השתלמות,מניות אקטיבי,קרנות השתלמות | מניות אקטיבי,2022,-16.3121,12,1236.4
gemel,8885,"מיטב השתלמות אשראי ואג""ח עם מניות (עד 25% מניות)",קרנות השתלמות,עד 25% מניות,קרנות השתלמות | עד 25% מניות,2022,-7.1997,12,395.4
gemel,9113,מור חיסכון לילד - הלכה,קופת גמל להשקעה - חסכון לילד,כללי/מעורב/גמיש/תלוי גיל,קופת גמל להשקעה - חסכון לילד | כללי/מעורב/גמיש/תלוי גיל,2022,-6.3009,12,52.3
gemel,923,מיטב בטחון,תגמולים ואישית לפיצויים,כללי/מעורב/גמיש/תלוי גיל,תגמולים ואישית לפיצויים | כללי/מעורב/גמיש/תלוי גיל,2022,-8.1303,12,19.8
gemel,9303,מור חיסכון לילד - שריעה,קופת גמל להשקעה - חסכון לילד,כללי/מעורב/גמיש/תלוי גיל,קופת גמל להשקעה - חסכון לילד | כללי/מעורב/גמיש/תלוי גיל,2022,4.2258,12,14.1
gemel,9414,מור חיסכון לילד - חוסכים המעדיפים סיכון בינוני,קופת גמל להשקעה - חסכון לילד,כללי/מעורב/גמיש/תלוי גיל,קופת גמל להשקעה - חסכון לילד | כללי/מעורב/גמיש/תלוי גיל,2022,-9.2002,12,18.6
gemel,9420,מור חיסכון לילד - חוסכים המעדיפים סיכון מוגבר,קופת גמל להשקעה - חסכון לילד,מניות אקטיבי,קופת גמל להשקעה - חסכון לילד | מניות אקטיבי,2022,-8.5499,12,144.1
gemel,9421,מור חיסכון לילד - חוסכים המעדיפים סיכון מועט,קופת גמל להשקעה - חסכון לילד,עד 25% מניות,קופת גמל להשקעה - חסכון לילד | עד 25% מניות,2022,-9.4536,12,332.9
gemel,9451,מור קרן השתלמות לשכירים ולעצמאים - עוקב מדד S&P 500,קרנות השתלמות,מניות פאסיבי,קרנות השתלמות | מניות פאסיבי,2022,-10.2648,12,241.3
gemel,9452,"אלפא מור קופת גמל לחיסכון, קופת גמל לתגמולים וקופת גמל אישית לפיצויים - עוקב מדד S&P 500",תגמולים ואישית לפיצויים,מניות פאסיבי,תגמולים ואישית לפיצויים | מניות פאסיבי,2022,-9.819,12,177.7
gemel,948,מיטב גמל שקלי טווח קצר,תגמולים ואישית לפיצויים,כספי,תגמולים ואישית לפיצויים | כספי,2022,-0.2405,12,149.0
gemel,9528,הפניקס השתלמות הלכה,קרנות השתלמות,כללי/מעורב/גמיש/תלוי גיל,קרנות השתלמות | כללי/מעורב/גמיש/תלוי גיל,2022,-9.5792,12,146.8
gemel,9529,הפניקס גמל מסלול לבני 50 עד 60,תגמולים ואישית לפיצויים,כללי/מעורב/גמיש/תלוי גיל,תגמולים ואישית לפיצויים | כללי/מעורב/גמיש/תלוי גיל,2022,-8.4903,12,4762.3
gemel,9555,הראל חיסכון לילד - הלכה,קופת גמל להשקעה - חסכון לילד,כללי/מעורב/גמיש/תלוי גיל,קופת גמל להשקעה - חסכון לילד | כללי/מעורב/גמיש/תלוי גיל,2022,-9.3583,12,1673.0
gemel,961,הפניקס גמל מסלול מניות,תגמולים ואישית לפיצויים,מניות אקטיבי,תגמולים ואישית לפיצויים | מניות אקטיבי,2022,-15.7421,12,978.2
gemel,962,אנליסט השתלמות כללי,קרנות השתלמות,כללי/מעורב/גמיש/תלוי גיל,קרנות השתלמות | כללי/מעורב/גמיש/תלוי גיל,2022,-8.239,12,5646.1
gemel,963,אנליסט השתלמות מניות,קרנות השתלמות,מניות אקטיבי,קרנות השתלמות | מניות אקטיבי,2022,-18.3876,12,3332.3
gemel,9638,אינפיניטי גמל להשקעה כללי,קופת גמל להשקעה,כללי/מעורב/גמיש/תלוי גיל,קופת גמל להשקעה | כללי/מעורב/גמיש/תלוי גיל,2022,-11.1626,12,49.5
gemel,9639,"אינפיניטי גמל להשקעה אשראי ואג""ח עם מניות (עד 25% מניות)",קופת גמל להשקעה,עד 25% מניות,קופת גמל להשקעה | עד 25% מניות,2022,-8.0223,12,37.4
gemel,964,הפניקס השתלמות כללי,קרנות השתלמות,כללי/מעורב/גמיש/תלוי גיל,קרנות השתלמות | כללי/מעורב/גמיש/תלוי גיל,2022,-7.7184,12,13433.4
gemel,9651,כלל תמר עד 50,תגמולים ואישית לפיצויים,כללי/מעורב/גמיש/תלוי גיל,תגמולים ואישית לפיצויים | כללי/מעורב/גמיש/תלוי גיל,2022,-9.1696,12,2502.6
gemel,9652,כלל תמר 50-60,תגמולים ואישית לפיצויים,כללי/מעורב/גמיש/תלוי גיל,תגמולים ואישית לפיצויים | כללי/מעורב/גמיש/תלוי גיל,2022,-8.2939,12,3702.6
gemel,9653,כלל תמר 60 ומעלה,תגמולים ואישית לפיצויים,כללי/מעורב/גמיש/תלוי גיל,תגמולים ואישית לפיצויים | כללי/מעורב/גמיש/תלוי גיל,2022,-6.8231,12,3390.3
gemel,9662,"מנורה מבטחים השתלמות מסלול אשראי ואג""ח עם מניות (עד 25% מניות)",קרנות השתלמות,עד 25% מניות,קרנות השתלמות | עד 25% מניות,2022,-7.3078,12,195.3
gemel,9676,מור השתלמות קרן השתלמות לשכירים ולעצמאים מעורב מחקה מדדים,קרנות השתלמות,כללי/מעורב/גמיש/תלוי גיל,קרנות השתלמות | כללי/מעורב/גמיש/תלוי גיל,2022,-7.9372,12,7.8
gemel,9677,אלפא מור קופת גמל לתגמולים ואישית לפיצויים וקופת גמל לא משלמת לקצבה מעורב מחקה מדדים,תגמולים ואישית לפיצויים,כללי/מעורב/גמיש/תלוי גיל,תגמולים ואישית לפיצויים | כללי/מעורב/גמיש/תלוי גיל,2022,-8.0951,12,7.6
gemel,968,הפניקס השתלמות מניות,קרנות השתלמות,מניות אקטיבי,קרנות השתלמות | מניות אקטיבי,2022,-15.6791,12,1751.8
gemel,972,"אנליסט השתלמות אשראי ואג""ח",קרנות השתלמות,"אג""ח ללא מניות","קרנות השתלמות | אג""ח ללא מניות",2022,-6.0246,12,84.2
gemel,973,"אנליסט השתלמות אג""ח ממשלות",קרנות השתלמות,"אג""ח ללא מניות","קרנות השתלמות | אג""ח ללא מניות",2022,-6.6549,12,51.0
gemel,9730,אנליסט מסלולית קופת גמל - מסלול לבני 50 ומטה,תגמולים ואישית לפיצויים,כללי/מעורב/גמיש/תלוי גיל,תגמולים ואישית לפיצויים | כללי/מעורב/גמיש/תלוי גיל,2022,-11.9012,12,1333.8
gemel,9731,אנליסט מסלולית קופת גמל - מסלול לבני 50-60,תגמולים ואישית לפיצויים,כללי/מעורב/גמיש/תלוי גיל,תגמולים ואישית לפיצויים | כללי/מעורב/גמיש/תלוי גיל,2022,-9.9163,12,1787.0
gemel,9732,אנליסט מסלולית קופת גמל - מסלול לבני 60 ומעלה,תגמולים ואישית לפיצויים,כללי/מעורב/גמיש/תלוי גיל,תגמולים ואישית לפיצויים | כללי/מעורב/גמיש/תלוי גיל,2022,-8.0495,12,545.7
gemel,9742,הראל גמל מסלול לגילאי 50 עד 60_x000D_,תגמולים ואישית לפיצויים,כללי/מעורב/גמיש/תלוי גיל,תגמולים ואישית לפיצויים | כללי/מעורב/גמיש/תלוי גיל,2022,-7.499,12,5501.8
gemel,9744,הראל גמל מסלול לגילאי 50 ומטה_x000D_,תגמולים ואישית לפיצויים,כללי/מעורב/גמיש/תלוי גיל,תגמולים ואישית לפיצויים | כללי/מעורב/גמיש/תלוי גיל,2022,-8.7575,12,1703.4
gemel,9745,הראל גמל מסלול לגילאי 60 ומעלה_x000D_,תגמולים ואישית לפיצויים,כללי/מעורב/גמיש/תלוי גיל,תגמולים ואישית לפיצויים | כללי/מעורב/גמיש/תלוי גיל,2022,-6.6542,12,2691.9
gemel,9779,מגדל לתגמולים ולפיצויים מסלול לבני 50 ומטה,תגמולים ואישית לפיצויים,כללי/מעורב/גמיש/תלוי גיל,תגמולים ואישית לפיצויים | כללי/מעורב/גמיש/תלוי גיל,2022,-9.3988,12,1157.2
gemel,9780,מגדל לתגמולים ולפיצויים מסלול לבני 50 עד 60,תגמולים ואישית לפיצויים,כללי/מעורב/גמיש/תלוי גיל,תגמולים ואישית לפיצויים | כללי/מעורב/גמיש/תלוי גיל,2022,-7.8123,12,2325.8
gemel,9781,מגדל לתגמולים ולפיצויים מסלול לבני 60 ומעלה,תגמולים ואישית לפיצויים,כללי/מעורב/גמיש/תלוי גיל,תגמולים ואישית לפיצויים | כללי/מעורב/גמיש/תלוי גיל,2022,-7.6123,12,1104.2
gemel,9792,מנורה מבטחים תגמולים ופיצויים מסלול לבני 50 עד 60,תגמולים ואישית לפיצויים,כללי/מעורב/גמיש/תלוי גיל,תגמולים ואישית לפיצויים | כללי/מעורב/גמיש/תלוי גיל,2022,-8.0368,12,4068.3
gemel,9793,מנורה מבטחים תגמולים ופיצויים מסלול לבני 50 ומטה,תגמולים ואישית לפיצויים,כללי/מעורב/גמיש/תלוי גיל,תגמולים ואישית לפיצויים | כללי/מעורב/גמיש/תלוי גיל,2022,-9.6579,12,1130.3
gemel,9794,מנורה מבטחים תגמולים ופיצויים מסלול לבני 60 ומעלה,תגמולים ואישית לפיצויים,כללי/מעורב/גמיש/תלוי גיל,תגמולים ואישית לפיצויים | כללי/מעורב/גמיש/תלוי גיל,2022,-7.2379,12,1137.7
gemel,9795,מנורה מבטחים תגמולים ופיצויים מסלול הלכה,תגמולים ואישית לפיצויים,כללי/מעורב/גמיש/תלוי גיל,תגמולים ואישית לפיצויים | כללי/מעורב/גמיש/תלוי גיל,2022,-11.5882,12,37.7
gemel,989,אלטשולר שחם עוקב מדדי מניות,תגמולים ואישית לפיצויים,מניות פאסיבי,תגמולים ואישית לפיצויים | מניות פאסיבי,2022,-17.8558,12,73.1
gemel,9895,מגדל חסכון לילד - הלכה,קופת גמל להשקעה - חסכון לילד,כללי/מעורב/גמיש/תלוי גיל,קופת גמל להשקעה - חסכון לילד | כללי/מעורב/גמיש/תלוי גיל,2022,-10.0771,12,85.3
gemel,9896,מגדל חסכון לילד - חוסכים המעדיפים סיכון מועט,קופת גמל להשקעה - חסכון לילד,עד 25% מניות,קופת גמל להשקעה - חסכון לילד | עד 25% מניות,2022,-7.3255,12,382.3
gemel,9897,מגדל חסכון לילד - חוסכים המעדיפים סיכון בינוני,קופת גמל להשקעה - חסכון לילד,כללי/מעורב/גמיש/תלוי גיל,קופת גמל להשקעה - חסכון לילד | כללי/מעורב/גמיש/תלוי גיל,2022,-9.3915,12,84.3
gemel,9898,מגדל חסכון לילד - חוסכים המעדיפים סיכון מוגבר,קופת גמל להשקעה - חסכון לילד,מניות אקטיבי,קופת גמל להשקעה - חסכון לילד | מניות אקטיבי,2022,-14.239,12,63.8
gemel,9905,הפניקס גמל פאסיבי לבני 50 ומטה,תגמולים ואישית לפיצויים,כללי/מעורב/גמיש/תלוי גיל,תגמולים ואישית לפיצויים | כללי/מעורב/גמיש/תלוי גיל,2022,-12.0861,12,101.8
gemel,9906,הפניקס גמל כספי (שיקלי),תגמולים ואישית לפיצויים,כספי,תגמולים ואישית לפיצויים | כספי,2022,0.2989,12,225.2
gemel,9916,הפניקס גמל לבני 50 ומטה,תגמולים ואישית לפיצויים,כללי/מעורב/גמיש/תלוי גיל,תגמולים ואישית לפיצויים | כללי/מעורב/גמיש/תלוי גיל,2022,-10.2418,12,9454.4
gemel,9917,הפניקס גמל פאסיבי לבני 50 עד 60,תגמולים ואישית לפיצויים,כללי/מעורב/גמיש/תלוי גיל,תגמולים ואישית לפיצויים | כללי/מעורב/גמיש/תלוי גיל,2022,-10.4415,12,344.7
gemel,9939,ילין לפידות קופת גמל מסלול לבני 50 ומטה,תגמולים ואישית לפיצויים,כללי/מעורב/גמיש/תלוי גיל,תגמולים ואישית לפיצויים | כללי/מעורב/גמיש/תלוי גיל,2022,-10.1092,12,1888.2
gemel,9940,ילין לפידות קופת גמל מסלול לבני 50 עד 60,תגמולים ואישית לפיצויים,כללי/מעורב/גמיש/תלוי גיל,תגמולים ואישית לפיצויים | כללי/מעורב/גמיש/תלוי גיל,2022,-8.6649,12,7410.2
gemel,9941,ילין לפידות קופת גמל מסלול לבני 60 ומעלה,תגמולים ואישית לפיצויים,כללי/מעורב/גמיש/תלוי גיל,תגמולים ואישית לפיצויים | כללי/מעורב/גמיש/תלוי גיל,2022,-7.3362,12,1621.2
gemel,9950,אלטשולר שחם גמל לבני 50 ומטה,תגמולים ואישית לפיצויים,כללי/מעורב/גמיש/תלוי גיל,תגמולים ואישית לפיצויים | כללי/מעורב/גמיש/תלוי גיל,2022,-13.5371,12,6808.1
gemel,9951,אלטשולר שחם גמל לבני 50 עד 60,תגמולים ואישית לפיצויים,כללי/מעורב/גמיש/תלוי גיל,תגמולים ואישית לפיצויים | כללי/מעורב/גמיש/תלוי גיל,2022,-11.0205,12,36323.8
gemel,9952,אלטשולר שחם גמל לבני 60 ומעלה,תגמולים ואישית לפיצויים,כללי/מעורב/גמיש/תלוי גיל,תגמולים ואישית לפיצויים | כללי/מעורב/גמיש/תלוי גיל,2022,-7.6829,12,11336.2
gemel,101,"הראל אג""ח עד 25% מניות",תגמולים ואישית לפיצויים,עד 25% מניות,תגמולים ואישית לפיצויים | עד 25% מניות,2023,5.5666,12,8430.4
gemel,103,מיטב גמל לבני 50 עד 60,תגמולים ואישית לפיצויים,כללי/מעורב/גמיש/תלוי גיל,תגמולים ואישית לפיצויים | כללי/מעורב/גמיש/תלוי גיל,2023,10.4202,12,12986.4
gemel,1034,הראל השתלמות משולב סחיר,קרנות השתלמות,כללי/מעורב/גמיש/תלוי גיל,קרנות השתלמות | כללי/מעורב/גמיש/תלוי גיל,2023,17.0947,12,662.4
gemel,1035,"ילין לפידות קופת גמל מסלול אג""ח עד 25% מניות",תגמולים ואישית לפיצויים,עד 25% מניות,תגמולים ואישית לפיצויים | עד 25% מניות,2023,8.6824,12,4110.4
gemel,1036,ילין לפידות קופת גמל מסלול מניות,תגמולים ואישית לפיצויים,מניות אקטיבי,תגמולים ואישית לפיצויים | מניות אקטיבי,2023,20.5149,12,2910.9
gemel,1037,"ילין לפידות קופת גמל מסלול אשראי ואג""ח",תגמולים ואישית לפיצויים,"אג""ח ללא מניות","תגמולים ואישית לפיצויים | אג""ח ללא מניות",2023,5.0507,12,486.7
gemel,1038,"ילין לפידות קרן השתלמות מסלול אג""ח עם מניות (עד 25% מניות)",קרנות השתלמות,עד 25% מניות,קרנות השתלמות | עד 25% מניות,2023,8.5659,12,4795.9
gemel,1078,"אינפיניטי גמל אשראי ואג""ח",תגמולים ואישית לפיצויים,"אג""ח ללא מניות","תגמולים ואישית לפיצויים | אג""ח ללא מניות",2023,6.6233,12,123.8
gemel,1079,אינפיניטי גמל מניות בישראל,תגמולים ואישית לפיצויים,מניות אקטיבי,תגמולים ואישית לפיצויים | מניות אקטיבי,2023,7.7554,12,76.6
gemel,1084,"אינפיניטי השתלמות אשראי ואג""ח",קרנות השתלמות,"אג""ח ללא מניות","קרנות השתלמות | אג""ח ללא מניות",2023,7.3499,12,156.0
gemel,1085,אינפיניטי השתלמות מניות בישראל,קרנות השתלמות,מניות אקטיבי,קרנות השתלמות | מניות אקטיבי,2023,8.5468,12,94.9
gemel,1093,אלטשולר שחם השתלמות כללי,קרנות השתלמות,כללי/מעורב/גמיש/תלוי גיל,קרנות השתלמות | כללי/מעורב/גמיש/תלוי גיל,2023,8.9625,12,39033.7
gemel,1100,"הפניקס השתלמות אשראי ואג""ח עם מניות (עד 25% מניות)",קרנות השתלמות,עד 25% מניות,קרנות השתלמות | עד 25% מניות,2023,5.6689,12,2607.8
gemel,1114,מנורה מבטחים השתלמות כספי (שקלי),קרנות השתלמות,כספי,קרנות השתלמות | כספי,2023,3.9581,12,145.5
gemel,11310,הפניקס חיסכון לילד - חוסכים המעדיפים סיכון מועט,קופת גמל להשקעה - חסכון לילד,עד 25% מניות,קופת גמל להשקעה - חסכון לילד | עד 25% מניות,2023,4.9474,12,804.3
gemel,11311,הפניקס חיסכון לילד - חוסכים המעדיפים סיכון מוגבר,קופת גמל להשקעה - חסכון לילד,מניות אקטיבי,קופת גמל להשקעה - חסכון לילד | מניות אקטיבי,2023,17.5104,12,179.5
gemel,11312,הפניקס חיסכון לילד - חוסכים המעדיפים סיכון בינוני,קופת גמל להשקעה - חסכון לילד,כללי/מעורב/גמיש/תלוי גיל,קופת גמל להשקעה - חסכון לילד | כללי/מעורב/גמיש/תלוי גיל,2023,9.2878,12,135.2
gemel,11320,מנורה מבטחים חסכון לכל ילד מסלול הלכה,קופת גמל להשקעה - חסכון לילד,כללי/מעורב/גמיש/תלוי גיל,קופת גמל להשקעה - חסכון לילד | כללי/מעורב/גמיש/תלוי גיל,2023,9.2062,12,104.1
gemel,11321,מנורה מבטחים חסכון לכל ילד - מסלול חוסכים המעדיפים סיכון מועט,קופת גמל להשקעה - חסכון לילד,עד 25% מניות,קופת גמל להשקעה - חסכון לילד | עד 25% מניות,2023,5.7057,12,468.9
gemel,11322,מנורה מבטחים חסכון לכל ילד - מסלול חוסכים המעדיפים סיכון בינוני,קופת גמל להשקעה - חסכון לילד,כללי/מעורב/גמיש/תלוי גיל,קופת גמל להשקעה - חסכון לילד | כללי/מעורב/גמיש/תלוי גיל,2023,8.9642,12,133.3
gemel,11323,מנורה מבטחים חסכון לכל ילד - מסלול חוסכים המעדיפים סיכון מוגבר,קופת גמל להשקעה - חסכון לילד,מניות אקטיבי,קופת גמל להשקעה - חסכון לילד | מניות אקטיבי,2023,13.7995,12,135.4
gemel,11325,אלטשולר שחם חיסכון לילד לחוסכים המעדיפים סיכון מועט,קופת גמל להשקעה - חסכון לילד,עד 25% מניות,קופת גמל להשקעה - חסכון לילד | עד 25% מניות,2023,7.3659,12,882.1
gemel,11326,אלטשולר שחם חיסכון לילד לחוסכים המעדיפים סיכון בינוני,קופת גמל להשקעה - חסכון לילד,כללי/מעורב/גמיש/תלוי גיל,קופת גמל להשקעה - חסכון לילד | כללי/מעורב/גמיש/תלוי גיל,2023,10.0294,12,1642.5
gemel,11327,אלטשולר שחם חיסכון לילד לחוסכים המעדיפים סיכון מוגבר,קופת גמל להשקעה - חסכון לילד,מניות אקטיבי,קופת גמל להשקעה - חסכון לילד | מניות אקטיבי,2023,16.3212,12,4514.1
gemel,11328,אלטשולר שחם חיסכון לילד הלכה,קופת גמל להשקעה - חסכון לילד,כללי/מעורב/גמיש/תלוי גיל,קופת גמל להשקעה - חסכון לילד | כללי/מעורב/גמיש/תלוי גיל,2023,10.8207,12,739.2
gemel,11335,הפניקס חיסכון לילד - הלכה,קופת גמל להשקעה - חסכון לילד,כללי/מעורב/גמיש/תלוי גיל,קופת גמל להשקעה - חסכון לילד | כללי/מעורב/גמיש/תלוי גיל,2023,10.0619,12,46.5
gemel,11343,סלייס גמל חסכון לילד - חוסכים המעדיפים סיכון מועט,קופת גמל להשקעה - חסכון לילד,עד 25% מניות,קופת גמל להשקעה - חסכון לילד | עד 25% מניות,2023,7.6557,12,394.0
gemel,11344,סלייס גמל חסכון לילד - חוסכים המעדיפים סיכון בינוני,קופת גמל להשקעה - חסכון לילד,כללי/מעורב/גמיש/תלוי גיל,קופת גמל להשקעה - חסכון לילד | כללי/מעורב/גמיש/תלוי גיל,2023,10.3495,12,2.6
gemel,11345,סלייס גמל חסכון לילד - חוסכים המעדיפים סיכון מוגבר,קופת גמל להשקעה - חסכון לילד,מניות אקטיבי,קופת גמל להשקעה - חסכון לילד | מניות אקטיבי,2023,16.751,12,10.2
gemel,11352,הפניקס חיסכון לילד- שריעה,קופת גמל להשקעה - חסכון לילד,כללי/מעורב/גמיש/תלוי גיל,קופת גמל להשקעה - חסכון לילד | כללי/מעורב/גמיש/תלוי גיל,2023,19.8392,12,54.0
gemel,11365,אנליסט מסלולית - קופת גמל להשקעה לחיסכון ארוך טווח לילד - מסלול לחוסכים המעדיפים סיכון מועט,קופת גמל להשקעה - חסכון לילד,עד 25% מניות,קופת גמל להשקעה - חסכון לילד | עד 25% מניות,2023,8.2868,12,413.1
gemel,11366,אנליסט מסלולית - קופת גמל להשקעה לחיסכון ארוך טווח לילד - מסלול לחוסכים המעדיפים סיכון בינוני,קופת גמל להשקעה - חסכון לילד,כללי/מעורב/גמיש/תלוי גיל,קופת גמל להשקעה - חסכון לילד | כללי/מעורב/גמיש/תלוי גיל,2023,11.1424,12,145.1
gemel,11367,אנליסט מסלולית - קופת גמל להשקעה לחיסכון ארוך טווח לילד - מסלול לחוסכים המעדיפים סיכון מוגבר,קופת גמל להשקעה - חסכון לילד,מניות אקטיבי,קופת גמל להשקעה - חסכון לילד | מניות אקטיבי,2023,22.7529,12,462.0
gemel,11372,אינפיניטי חיסכון לילד - חוסכים המעדיפים סיכון בינוני,קופת גמל להשקעה - חסכון לילד,כללי/מעורב/גמיש/תלוי גיל,קופת גמל להשקעה - חסכון לילד | כללי/מעורב/גמיש/תלוי גיל,2023,13.072,12,12.2
gemel,11373,אינפיניטי חיסכון לילד - חוסכים המעדיפים סיכון מוגבר,קופת גמל להשקעה - חסכון לילד,מניות אקטיבי,קופת גמל להשקעה - חסכון לילד | מניות אקטיבי,2023,27.2464,12,56.9
gemel,11374,אינפיניטי חיסכון לילד - חוסכים המעדיפים סיכון מועט,קופת גמל להשקעה - חסכון לילד,עד 25% מניות,קופת גמל להשקעה - חסכון לילד | עד 25% מניות,2023,10.1451,12,392.8
gemel,11375,הראל חיסכון לילד - חוסכים המעדיפים סיכון מועט,קופת גמל להשקעה - חסכון לילד,עד 25% מניות,קופת גמל להשקעה - חסכון לילד | עד 25% מניות,2023,5.9218,12,1047.0
gemel,11376,הראל חיסכון לילד - חוסכים המעדיפים סיכון בינוני,קופת גמל להשקעה - חסכון לילד,כללי/מעורב/גמיש/תלוי גיל,קופת גמל להשקעה - חסכון לילד | כללי/מעורב/גמיש/תלוי גיל,2023,7.7361,12,392.4
gemel,11377,הראל חיסכון לילד - חוסכים המעדיפים סיכון מוגבר,קופת גמל להשקעה - חסכון לילד,מניות אקטיבי,קופת גמל להשקעה - חסכון לילד | מניות אקטיבי,2023,13.2843,12,666.5
gemel,11385,מיטב קופת גמל להשקעה לחיסכון ארוך טווח לילד אחר חיסכון לכל ילד - חוסכים המעדיפים סיכון מועט,קופת גמל להשקעה - חסכון לילד,עד 25% מניות,קופת גמל להשקעה - חסכון לילד | עד 25% מניות,2023,8.0774,12,471.1
gemel,11386,מיטב קופת גמל להשקעה לחיסכון ארוך טווח לילד אחר חיסכון לכל ילד - חוסכים המעדיפים סיכון בינוני,קופת גמל להשקעה - חסכון לילד,כללי/מעורב/גמיש/תלוי גיל,קופת גמל להשקעה - חסכון לילד | כללי/מעורב/גמיש/תלוי גיל,2023,10.6256,12,209.3
gemel,11387,מיטב קופת גמל להשקעה לחיסכון ארוך טווח לילד אחר חיסכון לכל ילד - חוסכים המעדיפים סיכון מוגבר,קופת גמל להשקעה - חסכון לילד,מניות אקטיבי,קופת גמל להשקעה - חסכון לילד | מניות אקטיבי,2023,16.7273,12,191.4
gemel,11388,מיטב קופת גמל להשקעה לחיסכון ארוך טווח לילד הלכה,קופת גמל להשקעה - חסכון לילד,כללי/מעורב/גמיש/תלוי גיל,קופת גמל להשקעה - חסכון לילד | כללי/מעורב/גמיש/תלוי גיל,2023,9.9721,12,288.1
gemel,11390,ילין לפידות קופת גמל להשקעה מסלול כללי,קופת גמל להשקעה,כללי/מעורב/גמיש/תלוי גיל,קופת גמל להשקעה | כללי/מעורב/גמיש/תלוי גיל,2023,12.8896,12,1791.7
gemel,11391,"ילין לפידות קופת גמל להשקעה מסלול אשראי ואג""ח",קופת גמל להשקעה,"אג""ח ללא מניות","קופת גמל להשקעה | אג""ח ללא מניות",2023,6.6179,12,77.6
gemel,11392,"ילין לפידות קופת גמל להשקעה מסלול אשראי ואג""ח עם מניות (עד 25% מניות)",קופת גמל להשקעה,עד 25% מניות,קופת גמל להשקעה | עד 25% מניות,2023,8.0597,12,224.4
gemel,11393,"ילין לפידות קופת גמל להשקעה מסלול אג""ח ממשלות",קופת גמל להשקעה,"אג""ח ללא מניות","קופת גמל להשקעה | אג""ח ללא מניות",2023,2.4974,12,14.7
gemel,11394,ילין לפידות קופת גמל להשקעה מסלול מניות,קופת גמל להשקעה,מניות אקטיבי,קופת גמל להשקעה | מניות אקטיבי,2023,20.9344,12,1409.1
gemel,11407,אינפיניטי גמל להשקעה מניות,קופת גמל להשקעה,מניות אקטיבי,קופת גמל להשקעה | מניות אקטיבי,2023,24.9124,12,88.6
gemel,11408,מנורה מבטחים השתלמות עוקב מדדים גמיש,קרנות השתלמות,כללי/מעורב/גמיש/תלוי גיל,קרנות השתלמות | כללי/מעורב/גמיש/תלוי גיל,2023,10.2467,12,336.0
gemel,11409,"מנורה מבטחים השתלמות עוקב מדדים - אג""ח עם מניות (עד 25% מניות)",קרנות השתלמות,עד 25% מניות,קרנות השתלמות | עד 25% מניות,2023,5.3664,12,66.0
gemel,1147,"מנורה מבטחים תגמולים ופיצויים אג""ח עד 10% מניות",תגמולים ואישית לפיצויים,עד 25% מניות,תגמולים ואישית לפיצויים | עד 25% מניות,2023,4.5202,12,741.9
gemel,1149,"מנורה מבטחים השתלמות אג""ח עד 10% מניות",קרנות השתלמות,עד 25% מניות,קרנות השתלמות | עד 25% מניות,2023,2.6767,8,0.0
gemel,1162,ילין לפידות קרן השתלמות מסלול כללי,קרנות השתלמות,כללי/מעורב/גמיש/תלוי גיל,קרנות השתלמות | כללי/מעורב/גמיש/תלוי גיל,2023,12.3502,12,17363.8
gemel,117,"כלל תמר אשראי ואג""ח",תגמולים ואישית לפיצויים,"אג""ח ללא מניות","תגמולים ואישית לפיצויים | אג""ח ללא מניות",2023,4.5363,12,528.0
gemel,119,מנורה מבטחים יותר מסלול ד',תגמולים ואישית לפיצויים,כללי/מעורב/גמיש/תלוי גיל,תגמולים ואישית לפיצויים | כללי/מעורב/גמיש/תלוי גיל,2023,6.7868,12,856.7
gemel,1190,"הפניקס השתלמות אג""ח עד 25% מניות",קרנות השתלמות,עד 25% מניות,קרנות השתלמות | עד 25% מניות,2023,6.9266,12,894.2
gemel,11914,אינפיניטי חיסכון לילד - הלכה,קופת גמל להשקעה - חסכון לילד,כללי/מעורב/גמיש/תלוי גיל,קופת גמל להשקעה - חסכון לילד | כללי/מעורב/גמיש/תלוי גיל,2023,23.1633,12,72.3
gemel,11926,סלייס השתלמות כללי,קרנות השתלמות,כללי/מעורב/גמיש/תלוי גיל,קרנות השתלמות | כללי/מעורב/גמיש/תלוי גיל,2023,10.5079,12,24.9
gemel,11928,"סלייס השתלמות אג""ח אג""ח",קרנות השתלמות,"אג""ח ללא מניות","קרנות השתלמות | אג""ח ללא מניות",2023,5.072,12,133.7
gemel,11931,סלייס השתלמות מניות פאסיבי,קרנות השתלמות,מניות פאסיבי,קרנות השתלמות | מניות פאסיבי,2023,2.9522,12,24.1
gemel,11934,"סלייס השתלמות מדד חו""ל",קרנות השתלמות,מניות פאסיבי,קרנות השתלמות | מניות פאסיבי,2023,28.0865,12,24.5
gemel,11942,"סלייס גמל קופת גמל לחסכון אג""ח אג""ח",תגמולים ואישית לפיצויים,"אג""ח ללא מניות","תגמולים ואישית לפיצויים | אג""ח ללא מניות",2023,5.3543,12,345.2
gemel,11943,סלייס גמל קופת גמל לחסכון מניות מניות,תגמולים ואישית לפיצויים,מניות אקטיבי,תגמולים ואישית לפיצויים | מניות אקטיבי,2023,8.1508,12,14.4
gemel,11944,"סלייס גמל קופת גמל לחסכון חו""ל חו""ל",תגמולים ואישית לפיצויים,כללי/מעורב/גמיש/תלוי גיל,תגמולים ואישית לפיצויים | כללי/מעורב/גמיש/תלוי גיל,2023,14.0446,12,34.9
gemel,11949,"סלייס גמל קופת גמל לחסכון מדד חו""ל",תגמולים ואישית לפיצויים,מניות פאסיבי,תגמולים ואישית לפיצויים | מניות פאסיבי,2023,27.0073,12,6.0
gemel,11957,"אינפיניטי השתלמות אשראי ואג""ח עם מניות (עד 25% מניות)",קרנות השתלמות,עד 25% מניות,קרנות השתלמות | עד 25% מניות,2023,9.7569,12,39.2
gemel,11979,סלייס גמל קופת גמל לחסכון מדרגות עד 50,תגמולים ואישית לפיצויים,כללי/מעורב/גמיש/תלוי גיל,תגמולים ואישית לפיצויים | כללי/מעורב/גמיש/תלוי גיל,2023,9.0113,12,59.3
gemel,11980,סלייס גמל קופת גמל לחסכון מדרגות 50-60,תגמולים ואישית לפיצויים,כללי/מעורב/גמיש/תלוי גיל,תגמולים ואישית לפיצויים | כללי/מעורב/גמיש/תלוי גיל,2023,12.657,12,5.0
gemel,11981,סלייס גמל קופת גמל לחסכון מדרגות 60 ומעלה,תגמולים ואישית לפיצויים,כללי/מעורב/גמיש/תלוי גיל,תגמולים ואישית לפיצויים | כללי/מעורב/גמיש/תלוי גיל,2023,8.1292,12,4.6
gemel,12088,"הפניקס גמל חו""ל",תגמולים ואישית לפיצויים,כללי/מעורב/גמיש/תלוי גיל,תגמולים ואישית לפיצויים | כללי/מעורב/גמיש/תלוי גיל,2023,8.2841,9,338.3
gemel,1209,"אינפיניטי גמל אג""ח ממשלות",תגמולים ואישית לפיצויים,"אג""ח ללא מניות","תגמולים ואישית לפיצויים | אג""ח ללא מניות",2023,2.8929,12,24.5
gemel,1210,"אינפיניטי השתלמות אג""ח ממשלות",קרנות השתלמות,"אג""ח ללא מניות","קרנות השתלמות | אג""ח ללא מניות",2023,3.3802,12,41.0
gemel,12256,אלטשולר שחם השתלמות הלכה,קרנות השתלמות,כללי/מעורב/גמיש/תלוי גיל,קרנות השתלמות | כללי/מעורב/גמיש/תלוי גיל,2023,10.712,12,277.6
gemel,12257,אלטשולר שחם חיסכון פלוס הלכה,קופת גמל להשקעה,כללי/מעורב/גמיש/תלוי גיל,קופת גמל להשקעה | כללי/מעורב/גמיש/תלוי גיל,2023,10.5107,12,123.9
gemel,124,כלל תמר מדד,תגמולים ואישית לפיצויים,"אג""ח ללא מניות","תגמולים ואישית לפיצויים | אג""ח ללא מניות",2023,3.9256,12,512.9
gemel,1240,"מיטב השתלמות אשראי ואג""ח",קרנות השתלמות,"אג""ח ללא מניות","קרנות השתלמות | אג""ח ללא מניות",2023,5.2832,12,573.2
gemel,12530,"ילין לפידות קרן השתלמות מסלול אג""ח עד 15% מניות",קרנות השתלמות,עד 25% מניות,קרנות השתלמות | עד 25% מניות,2023,7.3015,12,293.8
gemel,12531,"אלפא מור קופת גמל לחיסכון, קופת גמל לתגמולים וקופת גמל אישית לפיצויים - מניות",תגמולים ואישית לפיצויים,מניות אקטיבי,תגמולים ואישית לפיצויים | מניות אקטיבי,2023,12.6096,12,3064.9
gemel,12532,"אלפא מור קופת גמל לחיסכון, קופת גמל לתגמולים וקופת גמל אישית לפיצויים - לבני 50 ומטה",תגמולים ואישית לפיצויים,כללי/מעורב/גמיש/תלוי גיל,תגמולים ואישית לפיצויים | כללי/מעורב/גמיש/תלוי גיל,2023,9.8363,12,4764.9
gemel,12533,"אלפא מור קופת גמל לחיסכון, קופת גמל לתגמולים וקופת גמל אישית לפיצויים - לבני 50 עד 60",תגמולים ואישית לפיצויים,כללי/מעורב/גמיש/תלוי גיל,תגמולים ואישית לפיצויים | כללי/מעורב/גמיש/תלוי גיל,2023,8.3488,12,12652.3
gemel,12534,"אלפא מור קופת גמל לחיסכון, קופת גמל לתגמולים וקופת גמל אישית לפיצויים - לבני 60 ומעלה",תגמולים ואישית לפיצויים,כללי/מעורב/גמיש/תלוי גיל,תגמולים ואישית לפיצויים | כללי/מעורב/גמיש/תלוי גיל,2023,7.5399,12,7479.7
gemel,12535,מור קרן השתלמות לשכירים ולעצמאים - כללי,קרנות השתלמות,כללי/מעורב/גמיש/תלוי גיל,קרנות השתלמות | כללי/מעורב/גמיש/תלוי גיל,2023,9.6719,12,18472.6
gemel,12536,מור קרן השתלמות לשכירים ולעצמאים - מניות,קרנות השתלמות,מניות אקטיבי,קרנות השתלמות | מניות אקטיבי,2023,13.6737,12,5437.5
gemel,12537,מור גמל להשקעה - מניות,קופת גמל להשקעה,מניות אקטיבי,קופת גמל להשקעה | מניות אקטיבי,2023,13.2401,12,2159.8
gemel,12538,מור גמל להשקעה - כללי,קופת גמל להשקעה,כללי/מעורב/גמיש/תלוי גיל,קופת גמל להשקעה | כללי/מעורב/גמיש/תלוי גיל,2023,9.2404,12,3678.5
gemel,12540,אינפיניטי גמל להשקעה הלכה,קופת גמל להשקעה,כללי/מעורב/גמיש/תלוי גיל,קופת גמל להשקעה | כללי/מעורב/גמיש/תלוי גיל,2023,22.6318,12,56.6
gemel,12541,"כלל תמר אג""ח עד 15% מניות",תגמולים ואישית לפיצויים,עד 25% מניות,תגמולים ואישית לפיצויים | עד 25% מניות,2023,6.1951,12,240.4
gemel,1256,מנורה מבטחים השתלמות מסלול מניות,קרנות השתלמות,מניות אקטיבי,קרנות השתלמות | מניות אקטיבי,2023,13.8073,12,490.3
gemel,12599,"כלל השתלמות אשראי ואג""ח עם מניות(עד 25% מניות)",קרנות השתלמות,עד 25% מניות,קרנות השתלמות | עד 25% מניות,2023,6.0665,12,415.6
gemel,127,כלל תמר מניות,תגמולים ואישית לפיצויים,מניות אקטיבי,תגמולים ואישית לפיצויים | מניות אקטיבי,2023,10.3528,12,867.0
gemel,128,כלל תמר כספי(שקלי),תגמולים ואישית לפיצויים,כספי,תגמולים ואישית לפיצויים | כספי,2023,4.5618,12,269.9
gemel,1290,אלטשולר שחם השתלמות כללי ב',קרנות השתלמות,כללי/מעורב/גמיש/תלוי גיל,קרנות השתלמות | כללי/מעורב/גמיש/תלוי גיל,2023,10.0446,12,902.2
gemel,12955,"מור גמל להשקעה -אשראי ואג""ח (עד 25% מניות)",קופת גמל להשקעה,עד 25% מניות,קופת גמל להשקעה | עד 25% מניות,2023,8.4125,12,347.8
gemel,12956,"מור קרן השתלמות לשכירים ולעצמאים - אשראי ואג""ח עם מניות (עד 25% מניות)",קרנות השתלמות,עד 25% מניות,קרנות השתלמות | עד 25% מניות,2023,8.7326,12,1223.4
gemel,12957,"אלפא מור קופת גמל לתגמולים ואישית לפיצויים וקופת גמל לא משלמת לקצבה אג""ח עד 25% במניות",תגמולים ואישית לפיצויים,עד 25% מניות,תגמולים ואישית לפיצויים | עד 25% מניות,2023,8.0497,12,628.4
gemel,1319,"ילין לפידות קרן השתלמות מסלול אשראי ואג""ח",קרנות השתלמות,"אג""ח ללא מניות","קרנות השתלמות | אג""ח ללא מניות",2023,4.9584,12,300.5
gemel,13209,הפניקס גמל להשקעה כספי (שקלי),קופת גמל להשקעה,כספי,קופת גמל להשקעה | כספי,2023,3.5861,12,48.9
gemel,13228,אינפיניטי גמל להשקעה עוקב מדדים גמיש,קופת גמל להשקעה,כללי/מעורב/גמיש/תלוי גיל,קופת גמל להשקעה | כללי/מעורב/גמיש/תלוי גיל,2023,13.3866,12,12.0
gemel,13229,אינפיניטי השתלמות כללי,קרנות השתלמות,כללי/מעורב/גמיש/תלוי גיל,קרנות השתלמות | כללי/מעורב/גמיש/תלוי גיל,2023,14.4846,12,72.6
gemel,13245,מיטב השתלמות עוקב מדד S&P500,קרנות השתלמות,מניות פאסיבי,קרנות השתלמות | מניות פאסיבי,2023,29.7511,12,2174.9
gemel,13246,מיטב גמל עוקב מדד S&P500,תגמולים ואישית לפיצויים,מניות פאסיבי,תגמולים ואישית לפיצויים | מניות פאסיבי,2023,29.775,12,1292.8
gemel,13250,הפניקס גמל להשקעה עוקב מדד S&P500,קופת גמל להשקעה,מניות פאסיבי,קופת גמל להשקעה | מניות פאסיבי,2023,30.1234,12,1947.5
gemel,13254,הראל גמל להשקעה כספי (שקלי),קופת גמל להשקעה,כספי,קופת גמל להשקעה | כספי,2023,4.0909,12,39.1
gemel,13259,מיטב גמל להשקעה עוקב מדד S&P 500,קופת גמל להשקעה,מניות פאסיבי,קופת גמל להשקעה | מניות פאסיבי,2023,29.7977,12,719.4
gemel,13263,הפניקס גמל מחקה מדד s&p500,תגמולים ואישית לפיצויים,מניות פאסיבי,תגמולים ואישית לפיצויים | מניות פאסיבי,2023,30.1469,12,3988.0
gemel,13264,הפניקס השתלמות מחקה מדד s&p500,קרנות השתלמות,מניות פאסיבי,קרנות השתלמות | מניות פאסיבי,2023,30.0846,12,6282.9
gemel,1334,הראל גמל כספי (שקלי),תגמולים ואישית לפיצויים,כספי,תגמולים ואישית לפיצויים | כספי,2023,4.1662,12,286.8
gemel,13342,כלל השתלמות עוקב מדד s&p 500,קרנות השתלמות,מניות פאסיבי,קרנות השתלמות | מניות פאסיבי,2023,28.873,12,1773.0
gemel,13343,כלל תמר עוקב מדד s&p 500,תגמולים ואישית לפיצויים,מניות פאסיבי,תגמולים ואישית לפיצויים | מניות פאסיבי,2023,28.8335,12,863.5
gemel,13344,כלל גמל לעתיד עוקב מדד s&p 500,קופת גמל להשקעה,מניות פאסיבי,קופת גמל להשקעה | מניות פאסיבי,2023,28.8965,12,433.6
gemel,1335,"הראל גמל מסלול אשראי ואג""ח",תגמולים ואישית לפיצויים,"אג""ח ללא מניות","תגמולים ואישית לפיצויים | אג""ח ללא מניות",2023,3.4184,12,220.4
gemel,13353,מנורה מבטחים גמל להשקעה מסלול מניות סחיר,קופת גמל להשקעה,מניות אקטיבי,קופת גמל להשקעה | מניות אקטיבי,2023,22.1797,12,107.2
gemel,13354,"מנורה מבטחים גמל להשקעה מסלול אשראי ואג""ח",קופת גמל להשקעה,"אג""ח ללא מניות","קופת גמל להשקעה | אג""ח ללא מניות",2023,13.7095,12,47.8
gemel,13355,"מנורה מבטחים תגמולים ופיצויים מסלול אשראי ואג""ח",תגמולים ואישית לפיצויים,"אג""ח ללא מניות","תגמולים ואישית לפיצויים | אג""ח ללא מניות",2023,11.773,12,261.0
gemel,13356,מנורה מבטחים תגמולים ופיצויים מסלול עוקב מדדי מניות,תגמולים ואישית לפיצויים,מניות פאסיבי,תגמולים ואישית לפיצויים | מניות פאסיבי,2023,21.8016,12,260.3
gemel,13357,"מנורה מבטחים השתלמות מסלול אשראי ואג""ח",קרנות השתלמות,"אג""ח ללא מניות","קרנות השתלמות | אג""ח ללא מניות",2023,13.0908,12,292.2
gemel,13414,הראל גמל להשקעה עוקב מדד s&p 500,קופת גמל להשקעה,מניות פאסיבי,קופת גמל להשקעה | מניות פאסיבי,2023,29.8817,12,653.0
gemel,1343,מנורה מבטחים תגמולים ופיצויים מסלול כספי (שקלי),תגמולים ואישית לפיצויים,כספי,תגמולים ואישית לפיצויים | כספי,2023,3.9476,12,99.3
gemel,1344,"מנורה מבטחים תגמולים ופיצויים אג""ח ממשלת ישראל",תגמולים ואישית לפיצויים,"אג""ח ללא מניות","תגמולים ואישית לפיצויים | אג""ח ללא מניות",2023,-0.3814,11,0.0
gemel,1348,"כלל השתלמות אשראי ואג""ח",קרנות השתלמות,"אג""ח ללא מניות","קרנות השתלמות | אג""ח ללא מניות",2023,3.8555,12,251.4
gemel,1350,כלל השתלמות מניות,קרנות השתלמות,מניות אקטיבי,קרנות השתלמות | מניות אקטיבי,2023,10.2254,12,1528.7
gemel,13501,הראל גמל - עוקב מדד s&p 500,תגמולים ואישית לפיצויים,מניות פאסיבי,תגמולים ואישית לפיצויים | מניות פאסיבי,2023,29.819,12,1300.7
gemel,13502,הראל השתלמות - עוקב מדד s&p 500,קרנות השתלמות,מניות פאסיבי,קרנות השתלמות | מניות פאסיבי,2023,29.8186,12,2221.6
gemel,1351,כלל השתלמות כספי(שקלי),קרנות השתלמות,כספי,קרנות השתלמות | כספי,2023,4.6243,12,275.9
gemel,1353,מיטב השתלמות מעל 6 שנות וותק,קרנות השתלמות,כללי/מעורב/גמיש/תלוי גיל,קרנות השתלמות | כללי/מעורב/גמיש/תלוי גיל,2023,6.4872,12,2640.7
gemel,13563,מגדל גמל להשקעה עוקב מדד s&p500,קופת גמל להשקעה,מניות פאסיבי,קופת גמל להשקעה | מניות פאסיבי,2023,29.1214,12,227.3
gemel,13565,מגדל לתגמולים ולפיצויים עוקב מדד s&p500,תגמולים ואישית לפיצויים,מניות פאסיבי,תגמולים ואישית לפיצויים | מניות פאסיבי,2023,29.1471,12,556.5
gemel,1360,"ילין לפידות קופת גמל מסלול אג""ח ממשלות",תגמולים ואישית לפיצויים,"אג""ח ללא מניות","תגמולים ואישית לפיצויים | אג""ח ללא מניות",2023,2.617,12,107.6
gemel,1361,"ילין לפידות קרן השתלמות מסלול אג""ח ממשלות",קרנות השתלמות,"אג""ח ללא מניות","קרנות השתלמות | אג""ח ללא מניות",2023,2.6991,12,127.3
gemel,1364,מנורה מבטחים תגמולים ופיצויים מסלול מניות,תגמולים ואישית לפיצויים,מניות אקטיבי,תגמולים ואישית לפיצויים | מניות אקטיבי,2023,14.3213,12,167.0
gemel,1368,הראל גמל מסלול שקלי,תגמולים ואישית לפיצויים,"אג""ח ללא מניות","תגמולים ואישית לפיצויים | אג""ח ללא מניות",2023,3.093,12,140.2
gemel,1369,הראל השתלמות מסלול שקלי,קרנות השתלמות,"אג""ח ללא מניות","קרנות השתלמות | אג""ח ללא מניות",2023,2.1712,12,208.3
gemel,1370,מיטב השתלמות כספי (שקלי),קרנות השתלמות,כספי,קרנות השתלמות | כספי,2023,4.042,12,245.8
gemel,1375,אלטשולר שחם גמל מניות,תגמולים ואישית לפיצויים,מניות אקטיבי,תגמולים ואישית לפיצויים | מניות אקטיבי,2023,15.5015,12,2764.3
gemel,1376,"אלטשולר שחם גמל אשראי ואג""ח",תגמולים ואישית לפיצויים,"אג""ח ללא מניות","תגמולים ואישית לפיצויים | אג""ח ללא מניות",2023,4.6619,12,786.1
gemel,1377,אלטשולר שחם השתלמות מניות,קרנות השתלמות,מניות אקטיבי,קרנות השתלמות | מניות אקטיבי,2023,15.7856,12,6248.8
gemel,1378,"אלטשולר שחם השתלמות אשראי ואג""ח",קרנות השתלמות,"אג""ח ללא מניות","קרנות השתלמות | אג""ח ללא מניות",2023,4.5141,12,689.1
gemel,13853,אנליסט קרן השתלמות עוקב מדד S&P500,קרנות השתלמות,מניות פאסיבי,קרנות השתלמות | מניות פאסיבי,2023,28.0003,12,646.6
gemel,13854,אנליסט מסלולית - קופת גמל להשקעה עוקב מדד S&P500,קופת גמל להשקעה,מניות פאסיבי,קופת גמל להשקעה | מניות פאסיבי,2023,28.2132,12,445.4
gemel,13855,אנליסט מסלולית קופת גמל - עוקב מדד S&P500,תגמולים ואישית לפיצויים,מניות פאסיבי,תגמולים ואישית לפיצויים | מניות פאסיבי,2023,27.5993,12,218.7
gemel,1386,"מיטב גמל אג""ח ממשלות",תגמולים ואישית לפיצויים,"אג""ח ללא מניות","תגמולים ואישית לפיצויים | אג""ח ללא מניות",2023,3.9236,12,87.2
gemel,13869,מנורה מבטחים השתלמות הלכה,קרנות השתלמות,כללי/מעורב/גמיש/תלוי גיל,קרנות השתלמות | כללי/מעורב/גמיש/תלוי גיל,2023,5.5851,12,47.0
gemel,1387,"מיטב השתלמות אג""ח ממשלות",קרנות השתלמות,"אג""ח ללא מניות","קרנות השתלמות | אג""ח ללא מניות",2023,4.1245,12,189.8
gemel,13873,מנורה מבטחים השתלמות עוקב מדד S&P500,קרנות השתלמות,מניות פאסיבי,קרנות השתלמות | מניות פאסיבי,2023,28.438,12,932.7
gemel,13874,מנורה מבטחים גמל להשקעה עוקב מדד S&P500,קופת גמל להשקעה,מניות פאסיבי,קופת גמל להשקעה | מניות פאסיבי,2023,28.2234,12,287.2
gemel,1394,אלטשולר שחם גמל כספי (שקלי),תגמולים ואישית לפיצויים,כספי,תגמולים ואישית לפיצויים | כספי,2023,3.8977,12,439.2
gemel,13946,מנורה מבטחים תגמולים ופיצויים עוקב מדד S&P500,תגמולים ואישית לפיצויים,מניות פאסיבי,תגמולים ואישית לפיצויים | מניות פאסיבי,2023,28.7143,12,331.0
gemel,1395,"אלטשולר שחם גמל אג""ח ממשלות",תגמולים ואישית לפיצויים,"אג""ח ללא מניות","תגמולים ואישית לפיצויים | אג""ח ללא מניות",2023,3.6919,12,238.0
gemel,1398,אלטשולר שחם השתלמות כספי (שקלי),קרנות השתלמות,כספי,קרנות השתלמות | כספי,2023,4.0844,12,392.2
gemel,1399,"אלטשולר שחם השתלמות אג""ח ממשלות",קרנות השתלמות,"אג""ח ללא מניות","קרנות השתלמות | אג""ח ללא מניות",2023,3.9039,12,243.5
gemel,1408,"מנורה מבטחים השתלמות מסלול אג""ח ממשלת ישראל",קרנות השתלמות,"אג""ח ללא מניות","קרנות השתלמות | אג""ח ללא מניות",2023,-0.4342,11,0.0
gemel,1409,מנורה מבטחים השתלמות מסלול מניות סחיר,קרנות השתלמות,מניות אקטיבי,קרנות השתלמות | מניות אקטיבי,2023,22.8931,12,401.9
gemel,1412,"אנליסט גמל אג""ח ממשלות",תגמולים ואישית לפיצויים,"אג""ח ללא מניות","תגמולים ואישית לפיצויים | אג""ח ללא מניות",2023,3.4294,12,20.4
gemel,14201,הראל גמל - עוקב מדדים גמיש,תגמולים ואישית לפיצויים,כללי/מעורב/גמיש/תלוי גיל,תגמולים ואישית לפיצויים | כללי/מעורב/גמיש/תלוי גיל,2023,8.0279,11,30.4
gemel,14202,הראל גמל- משולב סחיר,תגמולים ואישית לפיצויים,כללי/מעורב/גמיש/תלוי גיל,תגמולים ואישית לפיצויים | כללי/מעורב/גמיש/תלוי גיל,2023,1.5414,11,18.9
gemel,14206,הראל גמל להשקעה קיימות,קופת גמל להשקעה,כללי/מעורב/גמיש/תלוי גיל,קופת גמל להשקעה | כללי/מעורב/גמיש/תלוי גיל,2023,-6.487,11,1.8
gemel,14228,מגדל לתגמולים ולפיצויים מסלול עוקב מדדים - גמיש,תגמולים ואישית לפיצויים,כללי/מעורב/גמיש/תלוי גיל,תגמולים ואישית לפיצויים | כללי/מעורב/גמיש/תלוי גיל,2023,4.3447,11,5.6
gemel,14229,מגדל לתגמולים ולפיצויים מסלול משולב סחיר,תגמולים ואישית לפיצויים,כללי/מעורב/גמיש/תלוי גיל,תגמולים ואישית לפיצויים | כללי/מעורב/גמיש/תלוי גיל,2023,6.9118,11,0.7
gemel,14236,כלל תמר משולב סחיר,תגמולים ואישית לפיצויים,כללי/מעורב/גמיש/תלוי גיל,תגמולים ואישית לפיצויים | כללי/מעורב/גמיש/תלוי גיל,2023,-0.3009,11,7.0
gemel,14237,כלל תמר עוקב מדדים גמיש,תגמולים ואישית לפיצויים,כללי/מעורב/גמיש/תלוי גיל,תגמולים ואישית לפיצויים | כללי/מעורב/גמיש/תלוי גיל,2023,5.9299,11,59.3
gemel,14264,מיטב גמל משולב סחיר,תגמולים ואישית לפיצויים,כללי/מעורב/גמיש/תלוי גיל,תגמולים ואישית לפיצויים | כללי/מעורב/גמיש/תלוי גיל,2023,5.6912,10,137.2
gemel,14265,מיטב גמל עוקב מדדים גמיש,תגמולים ואישית לפיצויים,כללי/מעורב/גמיש/תלוי גיל,תגמולים ואישית לפיצויים | כללי/מעורב/גמיש/תלוי גיל,2023,37.4244,11,55.5
gemel,14270,מיטב גמל להשקעה קיימות,קופת גמל להשקעה,כללי/מעורב/גמיש/תלוי גיל,קופת גמל להשקעה | כללי/מעורב/גמיש/תלוי גיל,2023,-5.3977,11,0.6
gemel,14271,מנורה מבטחים תגמולים ופיצויים מסלול משולב סחיר,תגמולים ואישית לפיצויים,כללי/מעורב/גמיש/תלוי גיל,תגמולים ואישית לפיצויים | כללי/מעורב/גמיש/תלוי גיל,2023,8.0152,10,1.5
gemel,14272,מנורה מבטחים תגמולים ופיצויים מסלול עוקב מדדים גמיש,תגמולים ואישית לפיצויים,כללי/מעורב/גמיש/תלוי גיל,תגמולים ואישית לפיצויים | כללי/מעורב/גמיש/תלוי גיל,2023,10.1018,11,152.7
gemel,14279,אנליסט מסלולית קופת גמל עוקב מדדים - גמיש,תגמולים ואישית לפיצויים,כללי/מעורב/גמיש/תלוי גיל,תגמולים ואישית לפיצויים | כללי/מעורב/גמיש/תלוי גיל,2023,35.8819,10,37.9
gemel,14280,אנליסט מסלולית קופת גמל - משולב סחיר,תגמולים ואישית לפיצויים,כללי/מעורב/גמיש/תלוי גיל,תגמולים ואישית לפיצויים | כללי/מעורב/גמיש/תלוי גיל,2023,9.7795,10,7.2
gemel,14281,הפניקס גמל מסלול משולב סחיר,תגמולים ואישית לפיצויים,כללי/מעורב/גמיש/תלוי גיל,תגמולים ואישית לפיצויים | כללי/מעורב/גמיש/תלוי גיל,2023,7.8058,9,7.9
gemel,14282,הפניקס גמל מסלול עוקב מדדים גמיש,תגמולים ואישית לפיצויים,כללי/מעורב/גמיש/תלוי גיל,תגמולים ואישית לפיצויים | כללי/מעורב/גמיש/תלוי גיל,2023,8.2786,11,10.7
gemel,14292,ילין לפידות קופת גמל מסלול משולב סחיר_x000D_,תגמולים ואישית לפיצויים,כללי/מעורב/גמיש/תלוי גיל,תגמולים ואישית לפיצויים | כללי/מעורב/גמיש/תלוי גיל,2023,4.6012,11,14.9
gemel,14293,ילין לפידות קופת גמל מסלול עוקב מדדים גמיש,תגמולים ואישית לפיצויים,כללי/מעורב/גמיש/תלוי גיל,תגמולים ואישית לפיצויים | כללי/מעורב/גמיש/תלוי גיל,2023,12.1732,11,513.7
gemel,14342,"אלפא מור קופת גמל לחיסכון, קופת גמל לתגמולים וקופת גמל אישית לפיצויים - משולב סחיר",תגמולים ואישית לפיצויים,כללי/מעורב/גמיש/תלוי גיל,תגמולים ואישית לפיצויים | כללי/מעורב/גמיש/תלוי גיל,2023,8.9026,11,377.7
gemel,14351,מנורה מבטחים תגמולים ופיצויים מסלול קיימות,תגמולים ואישית לפיצויים,כללי/מעורב/גמיש/תלוי גיל,תגמולים ואישית לפיצויים | כללי/מעורב/גמיש/תלוי גיל,2023,0.6116,8,0.8
gemel,14353,אלטשולר שחם גמל משולב סחיר,תגמולים ואישית לפיצויים,כללי/מעורב/גמיש/תלוי גיל,תגמולים ואישית לפיצויים | כללי/מעורב/גמיש/תלוי גיל,2023,9.3231,11,304.7
gemel,14354,אלטשולר שחם גמל עוקב מדדים- גמיש,תגמולים ואישית לפיצויים,כללי/מעורב/גמיש/תלוי גיל,תגמולים ואישית לפיצויים | כללי/מעורב/גמיש/תלוי גיל,2023,9.313,11,73.0
gemel,14394,"אלפא מור קופת גמל לחיסכון, קופת גמל לתגמולים וקופת גמל אישית לפיצויים - עוקב מדדים גמיש",תגמולים ואישית לפיצויים,כללי/מעורב/גמיש/תלוי גיל,תגמולים ואישית לפיצויים | כללי/מעורב/גמיש/תלוי גיל,2023,6.7338,11,12.1
gemel,14481,"אלפא מור קופת גמל לחיסכון, קופת גמל לתגמולים וקופת גמל אישית לפיצויים - אשראי ואג""ח",תגמולים ואישית לפיצויים,"אג""ח ללא מניות","תגמולים ואישית לפיצויים | אג""ח ללא מניות",2023,6.0357,5,157.9
gemel,14482,"מור גמל להשקעה - אשראי ואג""ח",קופת גמל להשקעה,"אג""ח ללא מניות","קופת גמל להשקעה | אג""ח ללא מניות",2023,5.1845,5,31.3
gemel,14483,"מור קרן השתלמות לשכירים ולעצמאים - אשראי ואג""ח",קרנות השתלמות,"אג""ח ללא מניות","קרנות השתלמות | אג""ח ללא מניות",2023,5.8022,5,103.9
gemel,14657,ילין לפידות קרן השתלמות מסלול עוקב מדדים גמיש,קרנות השתלמות,כללי/מעורב/גמיש/תלוי גיל,קרנות השתלמות | כללי/מעורב/גמיש/תלוי גיל,2023,10.4859,9,300.5
gemel,14658,ילין לפידות קופת גמל להשקעה מסלול עוקב מדדים גמיש,קופת גמל להשקעה,כללי/מעורב/גמיש/תלוי גיל,קופת גמל להשקעה | כללי/מעורב/גמיש/תלוי גיל,2023,10.3764,9,61.7
gemel,14668,מגדל השתלמות עוקב מדד S&P 500,קרנות השתלמות,מניות פאסיבי,קרנות השתלמות | מניות פאסיבי,2023,2.9536,5,606.0
gemel,14676,מנורה מבטחים השתלמות עוקב מדדי מניות,קרנות השתלמות,מניות פאסיבי,קרנות השתלמות | מניות פאסיבי,2023,6.6368,6,94.3
gemel,14678,מנורה מבטחים גמל להשקעה עוקב מדדים גמיש,קופת גמל להשקעה,כללי/מעורב/גמיש/תלוי גיל,קופת גמל להשקעה | כללי/מעורב/גמיש/תלוי גיל,2023,5.3098,6,13.8
gemel,14679,"מנורה מבטחים תגמולים ופיצויים מסלול עוקב מדדי אג""ח",תגמולים ואישית לפיצויים,"אג""ח ללא מניות","תגמולים ואישית לפיצויים | אג""ח ללא מניות",2023,2.3878,6,28.1
gemel,14680,כלל השתלמות עוקב מדדים גמיש,קרנות השתלמות,כללי/מעורב/גמיש/תלוי גיל,קרנות השתלמות | כללי/מעורב/גמיש/תלוי גיל,2023,5.1883,7,67.9
gemel,14681,כלל גמל לעתיד עוקב מדדים גמיש,קופת גמל להשקעה,כללי/מעורב/גמיש/תלוי גיל,קופת גמל להשקעה | כללי/מעורב/גמיש/תלוי גיל,2023,5.9316,7,12.8
gemel,14716,הראל השתלמות מסלול כספי (שקלי),קרנות השתלמות,כספי,קרנות השתלמות | כספי,2023,1.9754,5,33.7
gemel,1484,"הראל גמל מסלול אג""ח קונצרני",תגמולים ואישית לפיצויים,"אג""ח ללא מניות","תגמולים ואישית לפיצויים | אג""ח ללא מניות",2023,6.6688,12,73.5
gemel,14849,ילין לפידות קרן השתלמות מסלול עוקב מדד s&p 500,קרנות השתלמות,מניות פאסיבי,קרנות השתלמות | מניות פאסיבי,2023,4.7921,3,157.6
gemel,1485,"הראל השתלמות אשראי ואג""ח",קרנות השתלמות,"אג""ח ללא מניות","קרנות השתלמות | אג""ח ללא מניות",2023,1.8629,12,164.6
gemel,1523,הראל השתלמות מסלול הלכה,קרנות השתלמות,כללי/מעורב/גמיש/תלוי גיל,קרנות השתלמות | כללי/מעורב/גמיש/תלוי גיל,2023,8.5394,12,405.3
gemel,1524,הראל גמל מסלול הלכה,תגמולים ואישית לפיצויים,כללי/מעורב/גמיש/תלוי גיל,תגמולים ואישית לפיצויים | כללי/מעורב/גמיש/תלוי גיל,2023,8.3369,12,181.1
gemel,1533,כלל תמר מסלול הלכתי (הוד),תגמולים ואישית לפיצויים,כללי/מעורב/גמיש/תלוי גיל,תגמולים ואישית לפיצויים | כללי/מעורב/גמיש/תלוי גיל,2023,8.5502,12,110.0
gemel,1534,כלל השתלמות הלכה,קרנות השתלמות,כללי/מעורב/גמיש/תלוי גיל,קרנות השתלמות | כללי/מעורב/גמיש/תלוי גיל,2023,8.849,12,267.7
gemel,1535,אנליסט השתלמות כספי (שקלי),קרנות השתלמות,כספי,קרנות השתלמות | כספי,2023,4.2697,12,91.6
gemel,1536,אינפיניטי גמל מניות,תגמולים ואישית לפיצויים,מניות אקטיבי,תגמולים ואישית לפיצויים | מניות אקטיבי,2023,24.1542,12,110.2
gemel,1537,אינפיניטי השתלמות מניות,קרנות השתלמות,מניות אקטיבי,קרנות השתלמות | מניות אקטיבי,2023,23.4587,12,164.0
gemel,154,הראל השתלמות כללי,קרנות השתלמות,כללי/מעורב/גמיש/תלוי גיל,קרנות השתלמות | כללי/מעורב/גמיש/תלוי גיל,2023,8.1922,12,13188.8
gemel,1689,מיטב גמל עוקב מדדי מניות,תגמולים ואישית לפיצויים,מניות פאסיבי,תגמולים ואישית לפיצויים | מניות פאסיבי,2023,49.8096,12,887.3
gemel,1692,"מיטב גמל עוקב מדדי אג""ח",תגמולים ואישית לפיצויים,"אג""ח ללא מניות","תגמולים ואישית לפיצויים | אג""ח ללא מניות",2023,10.9932,12,853.5
gemel,199,"מגדל השתלמות מסלול אשראי ואג""ח",קרנות השתלמות,"אג""ח ללא מניות","קרנות השתלמות | אג""ח ללא מניות",2023,4.9044,12,461.8
gemel,2017,אלטשולר שחם גמל הלכה,תגמולים ואישית לפיצויים,כללי/מעורב/גמיש/תלוי גיל,תגמולים ואישית לפיצויים | כללי/מעורב/גמיש/תלוי גיל,2023,14.1883,12,162.0
gemel,2048,מגדל השתלמות מסלול הלכה,קרנות השתלמות,כללי/מעורב/גמיש/תלוי גיל,קרנות השתלמות | כללי/מעורב/גמיש/תלוי גיל,2023,9.1494,12,295.4
gemel,2049,הפניקס גמל שריעה,תגמולים ואישית לפיצויים,כללי/מעורב/גמיש/תלוי גיל,תגמולים ואישית לפיצויים | כללי/מעורב/גמיש/תלוי גיל,2023,11.9418,12,25.5
gemel,2058,הפניקס השתלמות שריעה,קרנות השתלמות,כללי/מעורב/גמיש/תלוי גיל,קרנות השתלמות | כללי/מעורב/גמיש/תלוי גיל,2023,17.118,12,44.1
gemel,211,"הפניקס גמל אג""ח עד 15% מניות",תגמולים ואישית לפיצויים,עד 25% מניות,תגמולים ואישית לפיצויים | עד 25% מניות,2023,5.9366,12,2538.4
gemel,2115,"כלל השתלמות אג""ח",קרנות השתלמות,"אג""ח ללא מניות","קרנות השתלמות | אג""ח ללא מניות",2023,4.7507,12,166.1
gemel,223,"מיטב גמל אשראי ואג""ח",תגמולים ואישית לפיצויים,"אג""ח ללא מניות","תגמולים ואישית לפיצויים | אג""ח ללא מניות",2023,5.2833,12,1006.5
gemel,2252,"אינפיניטי השתלמות אג""ח עד 15% מניות",קרנות השתלמות,עד 25% מניות,קרנות השתלמות | עד 25% מניות,2023,7.7231,12,9.8
gemel,2254,אינפיניטי השתלמות משולב סחיר,קרנות השתלמות,כללי/מעורב/גמיש/תלוי גיל,קרנות השתלמות | כללי/מעורב/גמיש/תלוי גיל,2023,15.4886,12,5.5
gemel,253,"כלל תמר אג""ח עד 25% מניות",תגמולים ואישית לפיצויים,עד 25% מניות,תגמולים ואישית לפיצויים | עד 25% מניות,2023,6.3604,12,9017.6
gemel,260,מנורה מבטחים אמיר כללי,תגמולים ואישית לפיצויים,כללי/מעורב/גמיש/תלוי גיל,תגמולים ואישית לפיצויים | כללי/מעורב/גמיש/תלוי גיל,2023,8.417,12,480.1
gemel,263,"בר קרן גמולים קופת גמל לתגמולים ופיצויים בניהול כלל גמל בע""מ",תגמולים ואישית לפיצויים,כללי/מעורב/גמיש/תלוי גיל,תגמולים ואישית לפיצויים | כללי/מעורב/גמיש/תלוי גיל,2023,6.2125,12,4435.2
gemel,385,"הפניקס גמל אשראי ואג""ח",תגמולים ואישית לפיצויים,"אג""ח ללא מניות","תגמולים ואישית לפיצויים | אג""ח ללא מניות",2023,4.8822,12,1101.5
gemel,401,הפניקס גמל לבני 60 ומעלה,תגמולים ואישית לפיצויים,כללי/מעורב/גמיש/תלוי גיל,תגמולים ואישית לפיצויים | כללי/מעורב/גמיש/תלוי גיל,2023,6.6294,12,5828.8
gemel,416,"הראל השתלמות אשראי ואג""ח עם מניות (עד 25% מניות)",קרנות השתלמות,עד 25% מניות,קרנות השתלמות | עד 25% מניות,2023,5.1691,12,2376.1
gemel,456,כלל השתלמות כללי,קרנות השתלמות,כללי/מעורב/גמיש/תלוי גיל,קרנות השתלמות | כללי/מעורב/גמיש/תלוי גיל,2023,7.2657,12,20469.2
gemel,470,מגדל השתלמות לבני 60 ומעלה,קרנות השתלמות,כללי/מעורב/גמיש/תלוי גיל,קרנות השתלמות | כללי/מעורב/גמיש/תלוי גיל,2023,3.8298,7,0.0
gemel,472,"אלטשולר שחם גמל אג""ח עד 15% במניות",תגמולים ואישית לפיצויים,עד 25% מניות,תגמולים ואישית לפיצויים | עד 25% מניות,2023,5.0611,12,3286.2
gemel,481,מיטב השתלמות עוקב מדדים גמיש,קרנות השתלמות,כללי/מעורב/גמיש/תלוי גיל,קרנות השתלמות | כללי/מעורב/גמיש/תלוי גיל,2023,19.6675,12,946.7
gemel,502,"הראל גמל מסלול אג""ח עד 20% מניות",תגמולים ואישית לפיצויים,עד 25% מניות,תגמולים ואישית לפיצויים | עד 25% מניות,2023,4.6119,12,2537.5
gemel,551,מיטב גמל לבני 60 ומעלה,תגמולים ואישית לפיצויים,כללי/מעורב/גמיש/תלוי גיל,תגמולים ואישית לפיצויים | כללי/מעורב/גמיש/תלוי גיל,2023,7.8501,12,7473.2
gemel,554,מיטב השתלמות עד 6 שנות וותק,קרנות השתלמות,כללי/מעורב/גמיש/תלוי גיל,קרנות השתלמות | כללי/מעורב/גמיש/תלוי גיל,2023,9.8649,12,8715.0
gemel,558,"אלטשולר שחם השתלמות אשראי ואג""ח עם מניות (עד 25% מניות)",קרנות השתלמות,עד 25% מניות,קרנות השתלמות | עד 25% מניות,2023,5.5091,12,6156.8
gemel,566,הראל השתלמות לטווח ארוך,קרנות השתלמות,כללי/מעורב/גמיש/תלוי גיל,קרנות השתלמות | כללי/מעורב/גמיש/תלוי גיל,2023,7.6372,12,197.1
gemel,579,מגדל השתלמות מסלול כללי,קרנות השתלמות,כללי/מעורב/גמיש/תלוי גיל,קרנות השתלמות | כללי/מעורב/גמיש/תלוי גיל,2023,8.7827,12,16473.0
gemel,592,כלל תמר שקלים,תגמולים ואישית לפיצויים,"אג""ח ללא מניות","תגמולים ואישית לפיצויים | אג""ח ללא מניות",2023,4.9105,12,179.8
gemel,599,"מגדל השתלמות מסלול אג""ח עד 10% מניות",קרנות השתלמות,עד 25% מניות,קרנות השתלמות | עד 25% מניות,2023,2.6528,7,0.0
gemel,686,הפניקס השתלמות לטווח קצר,קרנות השתלמות,כללי/מעורב/גמיש/תלוי גיל,קרנות השתלמות | כללי/מעורב/גמיש/תלוי גיל,2023,7.8639,12,4657.1
gemel,715,הפניקס השתלמות כספי (שקלי),קרנות השתלמות,כספי,קרנות השתלמות | כספי,2023,3.5861,12,318.9
gemel,716,"הפניקס השתלמות אשראי ואג""ח",קרנות השתלמות,"אג""ח ללא מניות","קרנות השתלמות | אג""ח ללא מניות",2023,4.8452,12,756.1
gemel,7215,מיטב גמל לבני 50 ומטה,תגמולים ואישית לפיצויים,כללי/מעורב/גמיש/תלוי גיל,תגמולים ואישית לפיצויים | כללי/מעורב/גמיש/תלוי גיל,2023,11.2176,12,2330.2
gemel,7231,אינפיניטי גמל מסלול לבני 50 ומטה,תגמולים ואישית לפיצויים,כללי/מעורב/גמיש/תלוי גיל,תגמולים ואישית לפיצויים | כללי/מעורב/גמיש/תלוי גיל,2023,17.2109,12,24.3
gemel,7232,אינפיניטי גמל מסלול לבני 50 עד 60,תגמולים ואישית לפיצויים,כללי/מעורב/גמיש/תלוי גיל,תגמולים ואישית לפיצויים | כללי/מעורב/גמיש/תלוי גיל,2023,16.6764,12,84.5
gemel,7233,אינפיניטי גמל מסלול לבני 60 ומעלה,תגמולים ואישית לפיצויים,כללי/מעורב/גמיש/תלוי גיל,תגמולים ואישית לפיצויים | כללי/מעורב/גמיש/תלוי גיל,2023,11.5613,12,41.1
gemel,7253,מגדל השתלמות מסלול לבני 50 ומטה,קרנות השתלמות,כללי/מעורב/גמיש/תלוי גיל,קרנות השתלמות | כללי/מעורב/גמיש/תלוי גיל,2023,5.4607,7,0.0
gemel,7254,מגדל השתלמות מסלול לבני 50 עד 60,קרנות השתלמות,כללי/מעורב/גמיש/תלוי גיל,קרנות השתלמות | כללי/מעורב/גמיש/תלוי גיל,2023,4.8257,7,0.0
gemel,7256,מגדל השתלמות מסלול עוקב מדדים - גמיש,קרנות השתלמות,כללי/מעורב/גמיש/תלוי גיל,קרנות השתלמות | כללי/מעורב/גמיש/תלוי גיל,2023,9.2585,12,47.1
gemel,761,הראל גמל מסלול מניות,תגמולים ואישית לפיצויים,מניות אקטיבי,תגמולים ואישית לפיצויים | מניות אקטיבי,2023,13.1144,12,805.7
gemel,762,"הראל גמל מסלול אג""ח עד 10% מניות",תגמולים ואישית לפיצויים,עד 25% מניות,תגמולים ואישית לפיצויים | עד 25% מניות,2023,3.5218,12,1859.4
gemel,763,הראל השתלמות מסלול מניות,קרנות השתלמות,מניות אקטיבי,קרנות השתלמות | מניות אקטיבי,2023,13.3022,12,1465.9
gemel,764,"הראל השתלמות אג""ח עד 10% מניות",קרנות השתלמות,עד 25% מניות,קרנות השתלמות | עד 25% מניות,2023,3.7571,12,1265.5
gemel,767,מיטב גמל הלכה,תגמולים ואישית לפיצויים,כללי/מעורב/גמיש/תלוי גיל,תגמולים ואישית לפיצויים | כללי/מעורב/גמיש/תלוי גיל,2023,9.4852,12,197.3
gemel,768,מיטב השתלמות הלכה,קרנות השתלמות,כללי/מעורב/גמיש/תלוי גיל,קרנות השתלמות | כללי/מעורב/גמיש/תלוי גיל,2023,9.5658,12,392.7
gemel,7798,אלטשולר שחם חיסכון פלוס כללי,קופת גמל להשקעה,כללי/מעורב/גמיש/תלוי גיל,קופת גמל להשקעה | כללי/מעורב/גמיש/תלוי גיל,2023,9.5318,12,5038.4
gemel,7799,אלטשולר שחם חיסכון פלוס מניות,קופת גמל להשקעה,מניות אקטיבי,קופת גמל להשקעה | מניות אקטיבי,2023,15.9103,12,3808.2
gemel,7800,"אלטשולר שחם חיסכון פלוס אשראי ואג""ח עם מניות (עד 25% במניות)",קופת גמל להשקעה,עד 25% מניות,קופת גמל להשקעה | עד 25% מניות,2023,6.29,12,890.3
gemel,7801,"אלטשולר שחם חיסכון פלוס אשראי ואג""ח",קופת גמל להשקעה,"אג""ח ללא מניות","קופת גמל להשקעה | אג""ח ללא מניות",2023,4.3678,12,166.8
gemel,7802,אלטשולר שחם חיסכון פלוס כספי (שקלי),קופת גמל להשקעה,כספי,קופת גמל להשקעה | כספי,2023,4.3648,12,73.1
gemel,7834,אנליסט מסלולית - קופת גמל להשקעה כללי,קופת גמל להשקעה,כללי/מעורב/גמיש/תלוי גיל,קופת גמל להשקעה | כללי/מעורב/גמיש/תלוי גיל,2023,12.4287,12,1463.2
gemel,7836,אנליסט מסלולית - קופת גמל להשקעה מניות,קופת גמל להשקעה,מניות אקטיבי,קופת גמל להשקעה | מניות אקטיבי,2023,22.2154,12,2283.7
gemel,7837,"אנליסט מסלולית - קופת גמל להשקעה אשראי ואג""ח",קופת גמל להשקעה,"אג""ח ללא מניות","קופת גמל להשקעה | אג""ח ללא מניות",2023,4.6502,12,28.9
gemel,7839,אנליסט מסלולית - קופת גמל להשקעה כספי (שקלי),קופת גמל להשקעה,כספי,קופת גמל להשקעה | כספי,2023,4.2802,12,29.7
gemel,7842,אנליסט מסלולית - קופת גמל להשקעה משולב סחיר,קופת גמל להשקעה,כללי/מעורב/גמיש/תלוי גיל,קופת גמל להשקעה | כללי/מעורב/גמיש/תלוי גיל,2023,18.0714,12,273.2
gemel,7843,אנליסט מסלולית - קופת גמל להשקעה עוקב מדדים - גמיש,קופת גמל להשקעה,כללי/מעורב/גמיש/תלוי גיל,קופת גמל להשקעה | כללי/מעורב/גמיש/תלוי גיל,2023,11.8979,12,9.9
gemel,7860,מיטב גמל להשקעה מניות,קופת גמל להשקעה,מניות אקטיבי,קופת גמל להשקעה | מניות אקטיבי,2023,16.5873,12,462.3
gemel,7861,מיטב גמל להשקעה כספי (שקלי),קופת גמל להשקעה,כספי,קופת גמל להשקעה | כספי,2023,3.8243,12,32.2
gemel,7862,"מיטב גמל להשקעה אשראי ואג""ח",קופת גמל להשקעה,"אג""ח ללא מניות","קופת גמל להשקעה | אג""ח ללא מניות",2023,5.4678,12,47.2
gemel,7863,מיטב גמל להשקעה הלכה,קופת גמל להשקעה,כללי/מעורב/גמיש/תלוי גיל,קופת גמל להשקעה | כללי/מעורב/גמיש/תלוי גיל,2023,9.3641,12,44.4
gemel,7867,מיטב גמל להשקעה עוקב מדדי מניות,קופת גמל להשקעה,מניות פאסיבי,קופת גמל להשקעה | מניות פאסיבי,2023,49.9073,12,269.2
gemel,7892,סלייס קופת גמל להשקעה מדד מניות,קופת גמל להשקעה,מניות פאסיבי,קופת גמל להשקעה | מניות פאסיבי,2023,3.7494,12,2.2
gemel,7893,"סלייס קופת גמל להשקעה מדד אג""ח",קופת גמל להשקעה,"אג""ח ללא מניות","קופת גמל להשקעה | אג""ח ללא מניות",2023,5.3459,12,0.9
gemel,7895,סלייס קופת גמל להשקעה מדד ללא מניות,קופת גמל להשקעה,"אג""ח ללא מניות","קופת גמל להשקעה | אג""ח ללא מניות",2023,1.8457,12,0.4
gemel,7896,"סלייס קופת גמל להשקעה מדד חו""ל",קופת גמל להשקעה,מניות פאסיבי,קופת גמל להשקעה | מניות פאסיבי,2023,29.9854,12,12.9
gemel,7897,"סלייס קופת גמל להשקעה אג""ח ללא מניות",קופת גמל להשקעה,"אג""ח ללא מניות","קופת גמל להשקעה | אג""ח ללא מניות",2023,5.0197,12,94.6
gemel,7900,סלייס קופת גמל להשקעה כללי כללי,קופת גמל להשקעה,כללי/מעורב/גמיש/תלוי גיל,קופת גמל להשקעה | כללי/מעורב/גמיש/תלוי גיל,2023,9.9838,12,11.3
gemel,7905,"הפניקס גמל להשקעה אשראי ואג""ח",קופת גמל להשקעה,"אג""ח ללא מניות","קופת גמל להשקעה | אג""ח ללא מניות",2023,5.0015,12,77.6
gemel,7906,"הפניקס גמל להשקעה אשראי ואג""ח עם מניות (עד 25% מניות)",קופת גמל להשקעה,עד 25% מניות,קופת גמל להשקעה | עד 25% מניות,2023,6.6742,12,238.4
gemel,7907,הפניקס גמל להשקעה עוקב מדדי מניות,קופת גמל להשקעה,מניות פאסיבי,קופת גמל להשקעה | מניות פאסיבי,2023,17.7872,12,211.3
gemel,7908,הפניקס גמל להשקעה כללי,קופת גמל להשקעה,כללי/מעורב/גמיש/תלוי גיל,קופת גמל להשקעה | כללי/מעורב/גמיש/תלוי גיל,2023,8.8891,12,1713.0
gemel,7909,הפניקס גמל להשקעה עוקב מדדים - גמיש,קופת גמל להשקעה,כללי/מעורב/גמיש/תלוי גיל,קופת גמל להשקעה | כללי/מעורב/גמיש/תלוי גיל,2023,12.4401,12,80.0
gemel,7931,מגדל גמל להשקעה כספי (שקלי),קופת גמל להשקעה,כספי,קופת גמל להשקעה | כספי,2023,4.1129,12,17.4
gemel,7932,"מגדל גמל להשקעה אג""ח ממשלות",קופת גמל להשקעה,"אג""ח ללא מניות","קופת גמל להשקעה | אג""ח ללא מניות",2023,1.6764,12,8.9
gemel,7933,"מגדל גמל להשקעה חו""ל",קופת גמל להשקעה,כללי/מעורב/גמיש/תלוי גיל,קופת גמל להשקעה | כללי/מעורב/גמיש/תלוי גיל,2023,16.8971,12,67.1
gemel,7934,מגדל גמל להשקעה מניות,קופת גמל להשקעה,מניות אקטיבי,קופת גמל להשקעה | מניות אקטיבי,2023,14.9488,12,206.7
gemel,7935,"מגדל גמל להשקעה מסלול אשראי ואג""ח עם מניות (עד 25% מניות)",קופת גמל להשקעה,עד 25% מניות,קופת גמל להשקעה | עד 25% מניות,2023,5.8121,12,53.4
gemel,7936,מגדל גמל להשקעה כללי,קופת גמל להשקעה,כללי/מעורב/גמיש/תלוי גיל,קופת גמל להשקעה | כללי/מעורב/גמיש/תלוי גיל,2023,9.3793,12,500.5
gemel,7937,מגדל גמל להשקעה הלכה,קופת גמל להשקעה,כללי/מעורב/גמיש/תלוי גיל,קופת גמל להשקעה | כללי/מעורב/גמיש/תלוי גיל,2023,9.2101,12,39.5
gemel,7957,"מור גמל להשקעה מסלול מחקה מדד ת""א 35",קופת גמל להשקעה,מניות פאסיבי,קופת גמל להשקעה | מניות פאסיבי,2023,2.6956,12,62.5
gemel,7958,מור גמל להשקעה - עוקב מדד S&P500,קופת גמל להשקעה,מניות פאסיבי,קופת גמל להשקעה | מניות פאסיבי,2023,28.1383,12,937.6
gemel,7960,מור גמל להשקעה מסלול מחקה מדד תל בונד 20,קופת גמל להשקעה,"אג""ח ללא מניות","קופת גמל להשקעה | אג""ח ללא מניות",2023,4.6681,12,8.6
gemel,7961,"מור גמל להשקעה מסלול מחקה מדד אג""ח ממשלתי, צמודות מדד ממשלתי לטווח 5-10 שנים",קופת גמל להשקעה,"אג""ח ללא מניות","קופת גמל להשקעה | אג""ח ללא מניות",2023,0.8881,12,27.5
gemel,7962,"מור גמל להשקעה מסלול מחקה מדד אג""ח ממשלתי, לא צמודות בריבית קבועה",קופת גמל להשקעה,"אג""ח ללא מניות","קופת גמל להשקעה | אג""ח ללא מניות",2023,2.1193,12,10.1
gemel,7963,מור גמל להשקעה - כספי (שקלי),קופת גמל להשקעה,כספי,קופת גמל להשקעה | כספי,2023,4.2817,12,60.9
gemel,7975,הפניקס גמל להשקעה מניות,קופת גמל להשקעה,מניות אקטיבי,קופת גמל להשקעה | מניות אקטיבי,2023,13.8676,12,259.6
gemel,7978,מיטב גמל להשקעה כללי,קופת גמל להשקעה,כללי/מעורב/גמיש/תלוי גיל,קופת גמל להשקעה | כללי/מעורב/גמיש/תלוי גיל,2023,10.5226,12,1512.7
gemel,7979,מיטב גמל להשקעה עוקב מדדים גמיש,קופת גמל להשקעה,כללי/מעורב/גמיש/תלוי גיל,קופת גמל להשקעה | כללי/מעורב/גמיש/תלוי גיל,2023,15.8806,12,111.1
gemel,7980,"מיטב גמל להשקעה אשראי ואג""ח עם מניות (עד 25% במניות)",קופת גמל להשקעה,עד 25% מניות,קופת גמל להשקעה | עד 25% מניות,2023,7.2814,12,199.3
gemel,7981,מיטב גמל להשקעה מסלול אג''ח עד 10% מניות,קופת גמל להשקעה,עד 25% מניות,קופת גמל להשקעה | עד 25% מניות,2023,5.7004,12,59.2
gemel,7986,"אנליסט מסלולית - קופת גמל להשקעה אשראי ואג""ח עד 25% מניות",קופת גמל להשקעה,עד 25% מניות,קופת גמל להשקעה | עד 25% מניות,2023,7.2509,12,78.8
gemel,7988,כלל גמל לעתיד כללי,קופת גמל להשקעה,כללי/מעורב/גמיש/תלוי גיל,קופת גמל להשקעה | כללי/מעורב/גמיש/תלוי גיל,2023,8.0311,12,1562.3
gemel,7989,"כלל גמל לעתיד אשראי ואג""ח",קופת גמל להשקעה,"אג""ח ללא מניות","קופת גמל להשקעה | אג""ח ללא מניות",2023,4.7995,12,27.5
gemel,7990,"כלל גמל לעתיד - קופת גמל להשקעה אג""ח ממשלתי",קופת גמל להשקעה,"אג""ח ללא מניות","קופת גמל להשקעה | אג""ח ללא מניות",2023,3.0562,12,9.2
gemel,7991,כלל גמל לעתיד מניות,קופת גמל להשקעה,מניות אקטיבי,קופת גמל להשקעה | מניות אקטיבי,2023,10.1937,12,460.7
gemel,7992,"כלל גמל לעתיד אשרי ואג""ח עם מניות(עד 25% מניות)",קופת גמל להשקעה,עד 25% מניות,קופת גמל להשקעה | עד 25% מניות,2023,5.9705,12,173.0
gemel,7993,כלל גמל לעתיד כספי(שקלי),קופת גמל להשקעה,כספי,קופת גמל להשקעה | כספי,2023,4.6454,12,29.0
gemel,7994,כלל גמל לעתיד הלכה,קופת גמל להשקעה,כללי/מעורב/גמיש/תלוי גיל,קופת גמל להשקעה | כללי/מעורב/גמיש/תלוי גיל,2023,8.937,12,25.2
gemel,8004,הפניקס גמל להשקעה שריעה,קופת גמל להשקעה,כללי/מעורב/גמיש/תלוי גיל,קופת גמל להשקעה | כללי/מעורב/גמיש/תלוי גיל,2023,18.3612,12,12.5
gemel,8012,"מגדל לתגמולים ולפיצויים מסלול אשראי ואג""ח",תגמולים ואישית לפיצויים,"אג""ח ללא מניות","תגמולים ואישית לפיצויים | אג""ח ללא מניות",2023,5.5573,12,121.5
gemel,8058,"הראל השתלמות אג""ח קונצרני",קרנות השתלמות,"אג""ח ללא מניות","קרנות השתלמות | אג""ח ללא מניות",2023,3.054,11,0.0
gemel,811,אנליסט מסלולית קופת גמל ישראל,תגמולים ואישית לפיצויים,כללי/מעורב/גמיש/תלוי גיל,תגמולים ואישית לפיצויים | כללי/מעורב/גמיש/תלוי גיל,2023,11.6776,12,943.0
gemel,8128,"אנליסט מסלולית קופת גמל - אג""ח עד 10% מניות",תגמולים ואישית לפיצויים,עד 25% מניות,תגמולים ואישית לפיצויים | עד 25% מניות,2023,6.3081,12,48.0
gemel,8129,"אנליסט קרן השתלמות אג""ח עד 10% מניות",קרנות השתלמות,עד 25% מניות,קרנות השתלמות | עד 25% מניות,2023,6.2874,12,53.2
gemel,813,"אנליסט גמל אשראי ואג""ח",תגמולים ואישית לפיצויים,"אג""ח ללא מניות","תגמולים ואישית לפיצויים | אג""ח ללא מניות",2023,4.7851,12,81.8
gemel,814,אנליסט גמל מניות,תגמולים ואישית לפיצויים,מניות אקטיבי,תגמולים ואישית לפיצויים | מניות אקטיבי,2023,22.708,12,2161.1
gemel,815,אנליסט גמל כספי (שקלי),תגמולים ואישית לפיצויים,כספי,תגמולים ואישית לפיצויים | כספי,2023,4.2697,12,65.7
gemel,817,אנליסט גמל מניות סחיר,תגמולים ואישית לפיצויים,מניות אקטיבי,תגמולים ואישית לפיצויים | מניות אקטיבי,2023,32.2305,12,799.5
gemel,818,אנליסט גמל משולב סחיר,תגמולים ואישית לפיצויים,כללי/מעורב/גמיש/תלוי גיל,תגמולים ואישית לפיצויים | כללי/מעורב/גמיש/תלוי גיל,2023,18.3038,12,814.5
gemel,8211,הראל גמל להשקעה כללי,קופת גמל להשקעה,כללי/מעורב/גמיש/תלוי גיל,קופת גמל להשקעה | כללי/מעורב/גמיש/תלוי גיל,2023,9.3323,12,1657.7
gemel,828,מנורה מבטחים השתלמות מסלול כללי,קרנות השתלמות,כללי/מעורב/גמיש/תלוי גיל,קרנות השתלמות | כללי/מעורב/גמיש/תלוי גיל,2023,7.9885,12,10048.5
gemel,8520,"הראל גמל להשקעה אג""ח עד 10% מניות",קופת גמל להשקעה,עד 25% מניות,קופת גמל להשקעה | עד 25% מניות,2023,5.7782,12,128.3
gemel,8521,"הראל גמל להשקעה אשראי ואג""ח עם מניות (עד 25% מניות)",קופת גמל להשקעה,עד 25% מניות,קופת גמל להשקעה | עד 25% מניות,2023,6.7025,12,148.5
gemel,8522,הראל גמל להשקעה מניות,קופת גמל להשקעה,מניות אקטיבי,קופת גמל להשקעה | מניות אקטיבי,2023,17.6321,12,563.2
gemel,8523,הראל גמל להשקעה הלכה,קופת גמל להשקעה,כללי/מעורב/גמיש/תלוי גיל,קופת גמל להשקעה | כללי/מעורב/גמיש/תלוי גיל,2023,7.3263,12,24.6
gemel,8563,ילין לפידות קרן השתלמות מסלול מניות,קרנות השתלמות,מניות אקטיבי,קרנות השתלמות | מניות אקטיבי,2023,20.8621,12,5462.4
gemel,858,מגדל לתגמולים ולפיצויים מסלול כספי (שקלי),תגמולים ואישית לפיצויים,כספי,תגמולים ואישית לפיצויים | כספי,2023,4.1129,12,68.1
gemel,859,"מגדל לתגמולים ולפיצויים מסלול אג""ח ממשלות",תגמולים ואישית לפיצויים,"אג""ח ללא מניות","תגמולים ואישית לפיצויים | אג""ח ללא מניות",2023,1.6667,12,70.8
gemel,862,"מגדל לתגמולים ולפיצויים מסלול חו""ל",תגמולים ואישית לפיצויים,כללי/מעורב/גמיש/תלוי גיל,תגמולים ואישית לפיצויים | כללי/מעורב/גמיש/תלוי גיל,2023,16.625,12,344.2
gemel,8624,הפניקס גמל פאסיבי לבני 60 ומעלה,תגמולים ואישית לפיצויים,כללי/מעורב/גמיש/תלוי גיל,תגמולים ואישית לפיצויים | כללי/מעורב/גמיש/תלוי גיל,2023,8.5697,12,197.7
gemel,8629,הפניקס השתלמות עוקב מדדים גמיש,קרנות השתלמות,כללי/מעורב/גמיש/תלוי גיל,קרנות השתלמות | כללי/מעורב/גמיש/תלוי גיל,2023,12.5494,12,532.5
gemel,863,מגדל לתגמולים ולפיצויים מסלול מניות,תגמולים ואישית לפיצויים,מניות אקטיבי,תגמולים ואישית לפיצויים | מניות אקטיבי,2023,14.9388,12,311.7
gemel,864,מגדל השתלמות מסלול כספי (שקלי),קרנות השתלמות,כספי,קרנות השתלמות | כספי,2023,4.0818,12,180.3
gemel,865,"מגדל השתלמות מסלול אג""ח ממשלות",קרנות השתלמות,"אג""ח ללא מניות","קרנות השתלמות | אג""ח ללא מניות",2023,1.5951,12,151.5
gemel,8675,מנורה מבטחים גמל להשקעה כללי,קופת גמל להשקעה,כללי/מעורב/גמיש/תלוי גיל,קופת גמל להשקעה | כללי/מעורב/גמיש/תלוי גיל,2023,8.5224,12,1147.5
gemel,8678,"מנורה מבטחים גמל להשקעה מסלול אשראי ואג""ח עם מניות (עד 25% מניות)",קופת גמל להשקעה,עד 25% מניות,קופת גמל להשקעה | עד 25% מניות,2023,3.6069,12,45.1
gemel,8679,"אנליסט קרן השתלמות - אשראי ואג""ח עד 25% מניות",קרנות השתלמות,עד 25% מניות,קרנות השתלמות | עד 25% מניות,2023,7.2417,12,258.7
gemel,868,"מגדל השתלמות מסלול חו""ל",קרנות השתלמות,כללי/מעורב/גמיש/תלוי גיל,קרנות השתלמות | כללי/מעורב/גמיש/תלוי גיל,2023,16.6121,12,405.3
gemel,8683,מנורה מבטחים גמל להשקעה עוקב מדדי מניות,קופת גמל להשקעה,מניות פאסיבי,קופת גמל להשקעה | מניות פאסיבי,2023,17.1011,12,235.0
gemel,8684,"מנורה מבטחים גמל להשקעה עוקב מדדים - אג""ח עם מניות (עד 25% מניות)",קופת גמל להשקעה,עד 25% מניות,קופת גמל להשקעה | עד 25% מניות,2023,7.5889,12,59.5
gemel,869,מגדל השתלמות מסלול מניות,קרנות השתלמות,מניות אקטיבי,קרנות השתלמות | מניות אקטיבי,2023,15.076,12,962.9
gemel,8693,מנורה מבטחים גמל להשקעה כספי (שיקלי),קופת גמל להשקעה,כספי,קופת גמל להשקעה | כספי,2023,3.9892,12,30.2
gemel,8695,"אלפא מור תגמולים - מסלול עוקב מדד ""מניות תל אביב 35""",תגמולים ואישית לפיצויים,מניות פאסיבי,תגמולים ואישית לפיצויים | מניות פאסיבי,2023,2.6271,12,92.5
gemel,8696,"אלפא מור תגמולים - מסלול עוקב מדד ""מדדיות ממשלתיות לטווח של 5-10 שנים""",תגמולים ואישית לפיצויים,"אג""ח ללא מניות","תגמולים ואישית לפיצויים | אג""ח ללא מניות",2023,1.0069,12,44.5
gemel,8697,"אלפא מור תגמולים - מסלול עוקב מדד ""שקליות ריבית קבועה ממשלתיות""",תגמולים ואישית לפיצויים,"אג""ח ללא מניות","תגמולים ואישית לפיצויים | אג""ח ללא מניות",2023,1.5794,12,28.2
gemel,8698,"אלפא מור תגמולים - מסלול עוקב מדד ""תל בונד 20""",תגמולים ואישית לפיצויים,"אג""ח ללא מניות","תגמולים ואישית לפיצויים | אג""ח ללא מניות",2023,4.7728,12,29.6
gemel,8699,"אלפא מור קופת גמל לחיסכון, קופת גמל לתגמולים וקופת גמל אישית לפיצויים - כספי (שקלי)",תגמולים ואישית לפיצויים,כספי,תגמולים ואישית לפיצויים | כספי,2023,4.3232,12,178.0
gemel,8701,"מור השתלמות -מסלול עוקב מדד ""מניות תל אביב 35""",קרנות השתלמות,מניות פאסיבי,קרנות השתלמות | מניות פאסיבי,2023,3.0924,12,90.4
gemel,8702,"מור השתלמות - מסלול עוקב מדד ""מדדיות ממשלתיות לטווח של 5-10 שנים""",קרנות השתלמות,"אג""ח ללא מניות","קרנות השתלמות | אג""ח ללא מניות",2023,1.0511,12,65.0
gemel,8703,"מור השתלמות - מסלול עוקב מדד ""שקליות ריבית קבועה ממשלתיות""",קרנות השתלמות,"אג""ח ללא מניות","קרנות השתלמות | אג""ח ללא מניות",2023,1.7931,12,27.2
gemel,8704,"מור השתלמות - מסלול עוקב מדד ""תל בונד 20""",קרנות השתלמות,"אג""ח ללא מניות","קרנות השתלמות | אג""ח ללא מניות",2023,4.6635,12,17.1
gemel,8705,מור קרן השתלמות לשכירים ולעצמאים - כספי (שקלי),קרנות השתלמות,כספי,קרנות השתלמות | כספי,2023,4.2089,12,154.3
gemel,8716,מנורה מבטחים גמל להשקעה מסלול הלכה,קופת גמל להשקעה,כללי/מעורב/גמיש/תלוי גיל,קופת גמל להשקעה | כללי/מעורב/גמיש/תלוי גיל,2023,7.0274,12,35.1
gemel,874,"מיטב גמל אג""ח עד 25% מניות",תגמולים ואישית לפיצויים,עד 25% מניות,תגמולים ואישית לפיצויים | עד 25% מניות,2023,7.8485,12,3738.5
gemel,876,מיטב גמל כספי (שקלי),תגמולים ואישית לפיצויים,כספי,תגמולים ואישית לפיצויים | כספי,2023,4.0639,12,116.4
gemel,877,מיטב גמל מניות,תגמולים ואישית לפיצויים,מניות אקטיבי,תגמולים ואישית לפיצויים | מניות אקטיבי,2023,16.3956,12,908.4
gemel,8779,אנליסט קרן השתלמות משולב סחיר,קרנות השתלמות,כללי/מעורב/גמיש/תלוי גיל,קרנות השתלמות | כללי/מעורב/גמיש/תלוי גיל,2023,17.862,12,972.9
gemel,880,מיטב השתלמות כללי,קרנות השתלמות,כללי/מעורב/גמיש/תלוי גיל,קרנות השתלמות | כללי/מעורב/גמיש/תלוי גיל,2023,10.2972,12,14721.0
gemel,881,"מיטב השתלמות אג""ח צמוד מדד",קרנות השתלמות,"אג""ח ללא מניות","קרנות השתלמות | אג""ח ללא מניות",2023,5.771,12,175.2
gemel,883,מיטב השתלמות מניות,קרנות השתלמות,מניות אקטיבי,קרנות השתלמות | מניות אקטיבי,2023,16.2106,12,1520.1
gemel,8885,"מיטב השתלמות אשראי ואג""ח עם מניות (עד 25% מניות)",קרנות השתלמות,עד 25% מניות,קרנות השתלמות | עד 25% מניות,2023,8.1718,12,470.2
gemel,9113,מור חיסכון לילד - הלכה,קופת גמל להשקעה - חסכון לילד,כללי/מעורב/גמיש/תלוי גיל,קופת גמל להשקעה - חסכון לילד | כללי/מעורב/גמיש/תלוי גיל,2023,8.6515,12,65.2
gemel,923,מיטב בטחון,תגמולים ואישית לפיצויים,כללי/מעורב/גמיש/תלוי גיל,תגמולים ואישית לפיצויים | כללי/מעורב/גמיש/תלוי גיל,2023,10.7857,12,18.8
gemel,9303,מור חיסכון לילד - שריעה,קופת גמל להשקעה - חסכון לילד,כללי/מעורב/גמיש/תלוי גיל,קופת גמל להשקעה - חסכון לילד | כללי/מעורב/גמיש/תלוי גיל,2023,10.0149,12,16.9
gemel,9414,מור חיסכון לילד - חוסכים המעדיפים סיכון בינוני,קופת גמל להשקעה - חסכון לילד,כללי/מעורב/גמיש/תלוי גיל,קופת גמל להשקעה - חסכון לילד | כללי/מעורב/גמיש/תלוי גיל,2023,7.4941,12,24.9
gemel,9420,מור חיסכון לילד - חוסכים המעדיפים סיכון מוגבר,קופת גמל להשקעה - חסכון לילד,מניות אקטיבי,קופת גמל להשקעה - חסכון לילד | מניות אקטיבי,2023,12.861,12,210.2
gemel,9421,מור חיסכון לילד - חוסכים המעדיפים סיכון מועט,קופת גמל להשקעה - חסכון לילד,עד 25% מניות,קופת גמל להשקעה - חסכון לילד | עד 25% מניות,2023,5.5447,12,394.9
gemel,9451,מור קרן השתלמות לשכירים ולעצמאים - עוקב מדד S&P 500,קרנות השתלמות,מניות פאסיבי,קרנות השתלמות | מניות פאסיבי,2023,28.0344,12,1546.2
gemel,9452,"אלפא מור קופת גמל לחיסכון, קופת גמל לתגמולים וקופת גמל אישית לפיצויים - עוקב מדד S&P 500",תגמולים ואישית לפיצויים,מניות פאסיבי,תגמולים ואישית לפיצויים | מניות פאסיבי,2023,27.949,12,949.0
gemel,948,מיטב גמל שקלי טווח קצר,תגמולים ואישית לפיצויים,כספי,תגמולים ואישית לפיצויים | כספי,2023,3.8556,12,217.9
gemel,9528,הפניקס השתלמות הלכה,קרנות השתלמות,כללי/מעורב/גמיש/תלוי גיל,קרנות השתלמות | כללי/מעורב/גמיש/תלוי גיל,2023,10.5158,12,189.4
gemel,9529,הפניקס גמל מסלול לבני 50 עד 60,תגמולים ואישית לפיצויים,כללי/מעורב/גמיש/תלוי גיל,תגמולים ואישית לפיצויים | כללי/מעורב/גמיש/תלוי גיל,2023,8.7833,12,4440.7
gemel,9555,הראל חיסכון לילד - הלכה,קופת גמל להשקעה - חסכון לילד,כללי/מעורב/גמיש/תלוי גיל,קופת גמל להשקעה - חסכון לילד | כללי/מעורב/גמיש/תלוי גיל,2023,9.8014,12,2062.9
gemel,961,הפניקס גמל מסלול מניות,תגמולים ואישית לפיצויים,מניות אקטיבי,תגמולים ואישית לפיצויים | מניות אקטיבי,2023,13.2805,12,926.5
gemel,962,אנליסט השתלמות כללי,קרנות השתלמות,כללי/מעורב/גמיש/תלוי גיל,קרנות השתלמות | כללי/מעורב/גמיש/תלוי גיל,2023,12.0871,12,6873.6
gemel,963,אנליסט השתלמות מניות,קרנות השתלמות,מניות אקטיבי,קרנות השתלמות | מניות אקטיבי,2023,22.9632,12,5402.6
gemel,9638,אינפיניטי גמל להשקעה כללי,קופת גמל להשקעה,כללי/מעורב/גמיש/תלוי גיל,קופת גמל להשקעה | כללי/מעורב/גמיש/תלוי גיל,2023,13.7483,12,58.6
gemel,9639,"אינפיניטי גמל להשקעה אשראי ואג""ח עם מניות (עד 25% מניות)",קופת גמל להשקעה,עד 25% מניות,קופת גמל להשקעה | עד 25% מניות,2023,9.6138,12,41.1
gemel,964,הפניקס השתלמות כללי,קרנות השתלמות,כללי/מעורב/גמיש/תלוי גיל,קרנות השתלמות | כללי/מעורב/גמיש/תלוי גיל,2023,8.492,12,13808.3
gemel,9651,כלל תמר עד 50,תגמולים ואישית לפיצויים,כללי/מעורב/גמיש/תלוי גיל,תגמולים ואישית לפיצויים | כללי/מעורב/גמיש/תלוי גיל,2023,7.9904,12,2609.3
gemel,9652,כלל תמר 50-60,תגמולים ואישית לפיצויים,כללי/מעורב/גמיש/תלוי גיל,תגמולים ואישית לפיצויים | כללי/מעורב/גמיש/תלוי גיל,2023,7.4718,12,3855.7
gemel,9653,כלל תמר 60 ומעלה,תגמולים ואישית לפיצויים,כללי/מעורב/גמיש/תלוי גיל,תגמולים ואישית לפיצויים | כללי/מעורב/גמיש/תלוי גיל,2023,5.7636,12,3433.7
gemel,9662,"מנורה מבטחים השתלמות מסלול אשראי ואג""ח עם מניות (עד 25% מניות)",קרנות השתלמות,עד 25% מניות,קרנות השתלמות | עד 25% מניות,2023,5.4743,12,1819.1
gemel,9676,מור השתלמות קרן השתלמות לשכירים ולעצמאים מעורב מחקה מדדים,קרנות השתלמות,כללי/מעורב/גמיש/תלוי גיל,קרנות השתלמות | כללי/מעורב/גמיש/תלוי גיל,2023,3.7423,12,14.6
gemel,9677,אלפא מור קופת גמל לתגמולים ואישית לפיצויים וקופת גמל לא משלמת לקצבה מעורב מחקה מדדים,תגמולים ואישית לפיצויים,כללי/מעורב/גמיש/תלוי גיל,תגמולים ואישית לפיצויים | כללי/מעורב/גמיש/תלוי גיל,2023,4.3014,12,8.7
gemel,968,הפניקס השתלמות מניות,קרנות השתלמות,מניות אקטיבי,קרנות השתלמות | מניות אקטיבי,2023,13.0717,12,1834.2
gemel,972,"אנליסט השתלמות אשראי ואג""ח",קרנות השתלמות,"אג""ח ללא מניות","קרנות השתלמות | אג""ח ללא מניות",2023,5.0242,12,84.4
gemel,973,"אנליסט השתלמות אג""ח ממשלות",קרנות השתלמות,"אג""ח ללא מניות","קרנות השתלמות | אג""ח ללא מניות",2023,3.5558,12,42.5
gemel,9730,אנליסט מסלולית קופת גמל - מסלול לבני 50 ומטה,תגמולים ואישית לפיצויים,כללי/מעורב/גמיש/תלוי גיל,תגמולים ואישית לפיצויים | כללי/מעורב/גמיש/תלוי גיל,2023,14.2771,12,1802.3
gemel,9731,אנליסט מסלולית קופת גמל - מסלול לבני 50-60,תגמולים ואישית לפיצויים,כללי/מעורב/גמיש/תלוי גיל,תגמולים ואישית לפיצויים | כללי/מעורב/גמיש/תלוי גיל,2023,12.2164,12,2287.5
gemel,9732,אנליסט מסלולית קופת גמל - מסלול לבני 60 ומעלה,תגמולים ואישית לפיצויים,כללי/מעורב/גמיש/תלוי גיל,תגמולים ואישית לפיצויים | כללי/מעורב/גמיש/תלוי גיל,2023,8.4417,12,752.2
gemel,9742,הראל גמל מסלול לגילאי 50 עד 60_x000D_,תגמולים ואישית לפיצויים,כללי/מעורב/גמיש/תלוי גיל,תגמולים ואישית לפיצויים | כללי/מעורב/גמיש/תלוי גיל,2023,8.2175,12,6251.5
gemel,9744,הראל גמל מסלול לגילאי 50 ומטה_x000D_,תגמולים ואישית לפיצויים,כללי/מעורב/גמיש/תלוי גיל,תגמולים ואישית לפיצויים | כללי/מעורב/גמיש/תלוי גיל,2023,8.8652,12,2104.8
gemel,9745,הראל גמל מסלול לגילאי 60 ומעלה_x000D_,תגמולים ואישית לפיצויים,כללי/מעורב/גמיש/תלוי גיל,תגמולים ואישית לפיצויים | כללי/מעורב/גמיש/תלוי גיל,2023,5.5494,12,3051.6
gemel,9779,מגדל לתגמולים ולפיצויים מסלול לבני 50 ומטה,תגמולים ואישית לפיצויים,כללי/מעורב/גמיש/תלוי גיל,תגמולים ואישית לפיצויים | כללי/מעורב/גמיש/תלוי גיל,2023,10.2253,12,1438.6
gemel,9780,מגדל לתגמולים ולפיצויים מסלול לבני 50 עד 60,תגמולים ואישית לפיצויים,כללי/מעורב/גמיש/תלוי גיל,תגמולים ואישית לפיצויים | כללי/מעורב/גמיש/תלוי גיל,2023,9.0471,12,2853.9
gemel,9781,מגדל לתגמולים ולפיצויים מסלול לבני 60 ומעלה,תגמולים ואישית לפיצויים,כללי/מעורב/גמיש/תלוי גיל,תגמולים ואישית לפיצויים | כללי/מעורב/גמיש/תלוי גיל,2023,7.2427,12,1436.3
gemel,9792,מנורה מבטחים תגמולים ופיצויים מסלול לבני 50 עד 60,תגמולים ואישית לפיצויים,כללי/מעורב/גמיש/תלוי גיל,תגמולים ואישית לפיצויים | כללי/מעורב/גמיש/תלוי גיל,2023,8.332,12,4214.5
gemel,9793,מנורה מבטחים תגמולים ופיצויים מסלול לבני 50 ומטה,תגמולים ואישית לפיצויים,כללי/מעורב/גמיש/תלוי גיל,תגמולים ואישית לפיצויים | כללי/מעורב/גמיש/תלוי גיל,2023,9.4991,12,1278.1
gemel,9794,מנורה מבטחים תגמולים ופיצויים מסלול לבני 60 ומעלה,תגמולים ואישית לפיצויים,כללי/מעורב/גמיש/תלוי גיל,תגמולים ואישית לפיצויים | כללי/מעורב/גמיש/תלוי גיל,2023,6.5789,12,1333.2
gemel,9795,מנורה מבטחים תגמולים ופיצויים מסלול הלכה,תגמולים ואישית לפיצויים,כללי/מעורב/גמיש/תלוי גיל,תגמולים ואישית לפיצויים | כללי/מעורב/גמיש/תלוי גיל,2023,6.5486,12,46.8
gemel,989,אלטשולר שחם עוקב מדדי מניות,תגמולים ואישית לפיצויים,מניות פאסיבי,תגמולים ואישית לפיצויים | מניות פאסיבי,2023,21.5695,12,263.2
gemel,9895,מגדל חסכון לילד - הלכה,קופת גמל להשקעה - חסכון לילד,כללי/מעורב/גמיש/תלוי גיל,קופת גמל להשקעה - חסכון לילד | כללי/מעורב/גמיש/תלוי גיל,2023,9.1804,12,106.1
gemel,9896,מגדל חסכון לילד - חוסכים המעדיפים סיכון מועט,קופת גמל להשקעה - חסכון לילד,עד 25% מניות,קופת גמל להשקעה - חסכון לילד | עד 25% מניות,2023,6.2151,12,455.4
gemel,9897,מגדל חסכון לילד - חוסכים המעדיפים סיכון בינוני,קופת גמל להשקעה - חסכון לילד,כללי/מעורב/גמיש/תלוי גיל,קופת גמל להשקעה - חסכון לילד | כללי/מעורב/גמיש/תלוי גיל,2023,9.2662,12,101.8
gemel,9898,מגדל חסכון לילד - חוסכים המעדיפים סיכון מוגבר,קופת גמל להשקעה - חסכון לילד,מניות אקטיבי,קופת גמל להשקעה - חסכון לילד | מניות אקטיבי,2023,14.7384,12,90.9
gemel,9905,הפניקס גמל פאסיבי לבני 50 ומטה,תגמולים ואישית לפיצויים,כללי/מעורב/גמיש/תלוי גיל,תגמולים ואישית לפיצויים | כללי/מעורב/גמיש/תלוי גיל,2023,12.5698,12,110.0
gemel,9906,הפניקס גמל כספי (שיקלי),תגמולים ואישית לפיצויים,כספי,תגמולים ואישית לפיצויים | כספי,2023,3.5862,12,250.6
gemel,9916,הפניקס גמל לבני 50 ומטה,תגמולים ואישית לפיצויים,כללי/מעורב/גמיש/תלוי גיל,תגמולים ואישית לפיצויים | כללי/מעורב/גמיש/תלוי גיל,2023,8.3173,12,8979.1
gemel,9917,הפניקס גמל פאסיבי לבני 50 עד 60,תגמולים ואישית לפיצויים,כללי/מעורב/גמיש/תלוי גיל,תגמולים ואישית לפיצויים | כללי/מעורב/גמיש/תלוי גיל,2023,11.0504,12,325.2
gemel,9939,ילין לפידות קופת גמל מסלול לבני 50 ומטה,תגמולים ואישית לפיצויים,כללי/מעורב/גמיש/תלוי גיל,תגמולים ואישית לפיצויים | כללי/מעורב/גמיש/תלוי גיל,2023,13.9418,12,2546.0
gemel,9940,ילין לפידות קופת גמל מסלול לבני 50 עד 60,תגמולים ואישית לפיצויים,כללי/מעורב/גמיש/תלוי גיל,תגמולים ואישית לפיצויים | כללי/מעורב/גמיש/תלוי גיל,2023,12.3949,12,9070.5
gemel,9941,ילין לפידות קופת גמל מסלול לבני 60 ומעלה,תגמולים ואישית לפיצויים,כללי/מעורב/גמיש/תלוי גיל,תגמולים ואישית לפיצויים | כללי/מעורב/גמיש/תלוי גיל,2023,8.9923,12,2364.6
gemel,9950,אלטשולר שחם גמל לבני 50 ומטה,תגמולים ואישית לפיצויים,כללי/מעורב/גמיש/תלוי גיל,תגמולים ואישית לפיצויים | כללי/מעורב/גמיש/תלוי גיל,2023,10.2909,12,5720.0
gemel,9951,אלטשולר שחם גמל לבני 50 עד 60,תגמולים ואישית לפיצויים,כללי/מעורב/גמיש/תלוי גיל,תגמולים ואישית לפיצויים | כללי/מעורב/גמיש/תלוי גיל,2023,8.1739,12,31739.4
gemel,9952,אלטשולר שחם גמל לבני 60 ומעלה,תגמולים ואישית לפיצויים,כללי/מעורב/גמיש/תלוי גיל,תגמולים ואישית לפיצויים | כללי/מעורב/גמיש/תלוי גיל,2023,6.9036,12,9817.0
gemel,101,"הראל אג""ח עד 25% מניות",תגמולים ואישית לפיצויים,עד 25% מניות,תגמולים ואישית לפיצויים | עד 25% מניות,2024,2.7795,7,0.0
gemel,103,מיטב גמל לבני 50 עד 60,תגמולים ואישית לפיצויים,כללי/מעורב/גמיש/תלוי גיל,תגמולים ואישית לפיצויים | כללי/מעורב/גמיש/תלוי גיל,2024,13.5222,12,15432.2
gemel,1034,הראל השתלמות משולב סחיר,קרנות השתלמות,כללי/מעורב/גמיש/תלוי גיל,קרנות השתלמות | כללי/מעורב/גמיש/תלוי גיל,2024,10.7366,12,1096.9
gemel,1035,"ילין לפידות קופת גמל מסלול אג""ח עד 25% מניות",תגמולים ואישית לפיצויים,עד 25% מניות,תגמולים ואישית לפיצויים | עד 25% מניות,2024,3.8585,6,4104.2
gemel,1036,ילין לפידות קופת גמל מסלול מניות,תגמולים ואישית לפיצויים,מניות אקטיבי,תגמולים ואישית לפיצויים | מניות אקטיבי,2024,22.2694,12,4895.0
gemel,1037,"ילין לפידות קופת גמל מסלול אשראי ואג""ח",תגמולים ואישית לפיצויים,"אג""ח ללא מניות","תגמולים ואישית לפיצויים | אג""ח ללא מניות",2024,4.8135,12,491.2
gemel,1038,"ילין לפידות קרן השתלמות מסלול אג""ח עם מניות (עד 25% מניות)",קרנות השתלמות,עד 25% מניות,קרנות השתלמות | עד 25% מניות,2024,8.7841,12,4979.8
gemel,1078,"אינפיניטי גמל אשראי ואג""ח",תגמולים ואישית לפיצויים,"אג""ח ללא מניות","תגמולים ואישית לפיצויים | אג""ח ללא מניות",2024,7.1455,12,120.3
gemel,1079,אינפיניטי גמל מניות בישראל,תגמולים ואישית לפיצויים,מניות אקטיבי,תגמולים ואישית לפיצויים | מניות אקטיבי,2024,0.9352,7,0.0
gemel,1084,"אינפיניטי השתלמות אשראי ואג""ח",קרנות השתלמות,"אג""ח ללא מניות","קרנות השתלמות | אג""ח ללא מניות",2024,7.6037,12,153.4
gemel,1085,אינפיניטי השתלמות מניות בישראל,קרנות השתלמות,מניות אקטיבי,קרנות השתלמות | מניות אקטיבי,2024,5.2429,7,0.0
gemel,1093,אלטשולר שחם השתלמות כללי,קרנות השתלמות,כללי/מעורב/גמיש/תלוי גיל,קרנות השתלמות | כללי/מעורב/גמיש/תלוי גיל,2024,12.797,12,36441.5
gemel,1100,"הפניקס השתלמות אשראי ואג""ח עם מניות (עד 25% מניות)",קרנות השתלמות,עד 25% מניות,קרנות השתלמות | עד 25% מניות,2024,8.5217,12,3096.3
gemel,1114,מנורה מבטחים השתלמות כספי (שקלי),קרנות השתלמות,כספי,קרנות השתלמות | כספי,2024,4.4169,12,180.5
gemel,11310,הפניקס חיסכון לילד - חוסכים המעדיפים סיכון מועט,קופת גמל להשקעה - חסכון לילד,עד 25% מניות,קופת גמל להשקעה - חסכון לילד | עד 25% מניות,2024,5.9461,12,918.2
gemel,11311,הפניקס חיסכון לילד - חוסכים המעדיפים סיכון מוגבר,קופת גמל להשקעה - חסכון לילד,מניות אקטיבי,קופת גמל להשקעה - חסכון לילד | מניות אקטיבי,2024,21.2492,12,269.1
gemel,11312,הפניקס חיסכון לילד - חוסכים המעדיפים סיכון בינוני,קופת גמל להשקעה - חסכון לילד,כללי/מעורב/גמיש/תלוי גיל,קופת גמל להשקעה - חסכון לילד | כללי/מעורב/גמיש/תלוי גיל,2024,14.1488,12,160.6
gemel,11320,מנורה מבטחים חסכון לכל ילד מסלול הלכה,קופת גמל להשקעה - חסכון לילד,כללי/מעורב/גמיש/תלוי גיל,קופת גמל להשקעה - חסכון לילד | כללי/מעורב/גמיש/תלוי גיל,2024,11.5407,12,124.9
gemel,11321,מנורה מבטחים חסכון לכל ילד - מסלול חוסכים המעדיפים סיכון מועט,קופת גמל להשקעה - חסכון לילד,עד 25% מניות,קופת גמל להשקעה - חסכון לילד | עד 25% מניות,2024,6.916,12,537.3
gemel,11322,מנורה מבטחים חסכון לכל ילד - מסלול חוסכים המעדיפים סיכון בינוני,קופת גמל להשקעה - חסכון לילד,כללי/מעורב/גמיש/תלוי גיל,קופת גמל להשקעה - חסכון לילד | כללי/מעורב/גמיש/תלוי גיל,2024,12.0753,12,155.7
gemel,11323,מנורה מבטחים חסכון לכל ילד - מסלול חוסכים המעדיפים סיכון מוגבר,קופת גמל להשקעה - חסכון לילד,מניות אקטיבי,קופת גמל להשקעה - חסכון לילד | מניות אקטיבי,2024,20.6802,12,203.7
gemel,11325,אלטשולר שחם חיסכון לילד לחוסכים המעדיפים סיכון מועט,קופת גמל להשקעה - חסכון לילד,עד 25% מניות,קופת גמל להשקעה - חסכון לילד | עד 25% מניות,2024,8.4676,12,1014.0
gemel,11326,אלטשולר שחם חיסכון לילד לחוסכים המעדיפים סיכון בינוני,קופת גמל להשקעה - חסכון לילד,כללי/מעורב/גמיש/תלוי גיל,קופת גמל להשקעה - חסכון לילד | כללי/מעורב/גמיש/תלוי גיל,2024,12.7461,12,1917.2
gemel,11327,אלטשולר שחם חיסכון לילד לחוסכים המעדיפים סיכון מוגבר,קופת גמל להשקעה - חסכון לילד,מניות אקטיבי,קופת גמל להשקעה - חסכון לילד | מניות אקטיבי,2024,21.2543,12,5986.2
gemel,11328,אלטשולר שחם חיסכון לילד הלכה,קופת גמל להשקעה - חסכון לילד,כללי/מעורב/גמיש/תלוי גיל,קופת גמל להשקעה - חסכון לילד | כללי/מעורב/גמיש/תלוי גיל,2024,11.6556,12,863.6
gemel,11335,הפניקס חיסכון לילד - הלכה,קופת גמל להשקעה - חסכון לילד,כללי/מעורב/גמיש/תלוי גיל,קופת גמל להשקעה - חסכון לילד | כללי/מעורב/גמיש/תלוי גיל,2024,11.5765,12,56.4
gemel,11343,סלייס גמל חסכון לילד - חוסכים המעדיפים סיכון מועט,קופת גמל להשקעה - חסכון לילד,עד 25% מניות,קופת גמל להשקעה - חסכון לילד | עד 25% מניות,2024,8.1734,12,486.8
gemel,11344,סלייס גמל חסכון לילד - חוסכים המעדיפים סיכון בינוני,קופת גמל להשקעה - חסכון לילד,כללי/מעורב/גמיש/תלוי גיל,קופת גמל להשקעה - חסכון לילד | כללי/מעורב/גמיש/תלוי גיל,2024,11.6193,12,3.4
gemel,11345,סלייס גמל חסכון לילד - חוסכים המעדיפים סיכון מוגבר,קופת גמל להשקעה - חסכון לילד,מניות אקטיבי,קופת גמל להשקעה - חסכון לילד | מניות אקטיבי,2024,20.5619,12,24.1
gemel,11352,הפניקס חיסכון לילד- שריעה,קופת גמל להשקעה - חסכון לילד,כללי/מעורב/גמיש/תלוי גיל,קופת גמל להשקעה - חסכון לילד | כללי/מעורב/גמיש/תלוי גיל,2024,24.5476,12,71.5
gemel,11365,אנליסט מסלולית - קופת גמל להשקעה לחיסכון ארוך טווח לילד - מסלול לחוסכים המעדיפים סיכון מועט,קופת גמל להשקעה - חסכון לילד,עד 25% מניות,קופת גמל להשקעה - חסכון לילד | עד 25% מניות,2024,9.6957,12,486.6
gemel,11366,אנליסט מסלולית - קופת גמל להשקעה לחיסכון ארוך טווח לילד - מסלול לחוסכים המעדיפים סיכון בינוני,קופת גמל להשקעה - חסכון לילד,כללי/מעורב/גמיש/תלוי גיל,קופת גמל להשקעה - חסכון לילד | כללי/מעורב/גמיש/תלוי גיל,2024,14.8597,12,178.0
gemel,11367,אנליסט מסלולית - קופת גמל להשקעה לחיסכון ארוך טווח לילד - מסלול לחוסכים המעדיפים סיכון מוגבר,קופת גמל להשקעה - חסכון לילד,מניות אקטיבי,קופת גמל להשקעה - חסכון לילד | מניות אקטיבי,2024,23.3313,12,859.3
gemel,11372,אינפיניטי חיסכון לילד - חוסכים המעדיפים סיכון בינוני,קופת גמל להשקעה - חסכון לילד,כללי/מעורב/גמיש/תלוי גיל,קופת גמל להשקעה - חסכון לילד | כללי/מעורב/גמיש/תלוי גיל,2024,15.4567,12,16.0
gemel,11373,אינפיניטי חיסכון לילד - חוסכים המעדיפים סיכון מוגבר,קופת גמל להשקעה - חסכון לילד,מניות אקטיבי,קופת גמל להשקעה - חסכון לילד | מניות אקטיבי,2024,22.7354,12,196.0
gemel,11374,אינפיניטי חיסכון לילד - חוסכים המעדיפים סיכון מועט,קופת גמל להשקעה - חסכון לילד,עד 25% מניות,קופת גמל להשקעה - חסכון לילד | עד 25% מניות,2024,10.8735,12,469.7
gemel,11375,הראל חיסכון לילד - חוסכים המעדיפים סיכון מועט,קופת גמל להשקעה - חסכון לילד,עד 25% מניות,קופת גמל להשקעה - חסכון לילד | עד 25% מניות,2024,6.9612,12,1197.0
gemel,11376,הראל חיסכון לילד - חוסכים המעדיפים סיכון בינוני,קופת גמל להשקעה - חסכון לילד,כללי/מעורב/גמיש/תלוי גיל,קופת גמל להשקעה - חסכון לילד | כללי/מעורב/גמיש/תלוי גיל,2024,11.247,12,455.1
gemel,11377,הראל חיסכון לילד - חוסכים המעדיפים סיכון מוגבר,קופת גמל להשקעה - חסכון לילד,מניות אקטיבי,קופת גמל להשקעה - חסכון לילד | מניות אקטיבי,2024,20.1851,12,927.6
gemel,11385,מיטב קופת גמל להשקעה לחיסכון ארוך טווח לילד אחר חיסכון לכל ילד - חוסכים המעדיפים סיכון מועט,קופת גמל להשקעה - חסכון לילד,עד 25% מניות,קופת גמל להשקעה - חסכון לילד | עד 25% מניות,2024,10.2263,12,551.9
gemel,11386,מיטב קופת גמל להשקעה לחיסכון ארוך טווח לילד אחר חיסכון לכל ילד - חוסכים המעדיפים סיכון בינוני,קופת גמל להשקעה - חסכון לילד,כללי/מעורב/גמיש/תלוי גיל,קופת גמל להשקעה - חסכון לילד | כללי/מעורב/גמיש/תלוי גיל,2024,13.5291,12,245.1
gemel,11387,מיטב קופת גמל להשקעה לחיסכון ארוך טווח לילד אחר חיסכון לכל ילד - חוסכים המעדיפים סיכון מוגבר,קופת גמל להשקעה - חסכון לילד,מניות אקטיבי,קופת גמל להשקעה - חסכון לילד | מניות אקטיבי,2024,21.8826,12,290.3
gemel,11388,מיטב קופת גמל להשקעה לחיסכון ארוך טווח לילד הלכה,קופת גמל להשקעה - חסכון לילד,כללי/מעורב/גמיש/תלוי גיל,קופת גמל להשקעה - חסכון לילד | כללי/מעורב/גמיש/תלוי גיל,2024,8.5591,12,334.8
gemel,11390,ילין לפידות קופת גמל להשקעה מסלול כללי,קופת גמל להשקעה,כללי/מעורב/גמיש/תלוי גיל,קופת גמל להשקעה | כללי/מעורב/גמיש/תלוי גיל,2024,12.9144,12,3151.3
gemel,11391,"ילין לפידות קופת גמל להשקעה מסלול אשראי ואג""ח",קופת גמל להשקעה,"אג""ח ללא מניות","קופת גמל להשקעה | אג""ח ללא מניות",2024,5.8502,12,84.1
gemel,11392,"ילין לפידות קופת גמל להשקעה מסלול אשראי ואג""ח עם מניות (עד 25% מניות)",קופת גמל להשקעה,עד 25% מניות,קופת גמל להשקעה | עד 25% מניות,2024,7.8229,12,292.8
gemel,11393,"ילין לפידות קופת גמל להשקעה מסלול אג""ח ממשלות",קופת גמל להשקעה,"אג""ח ללא מניות","קופת גמל להשקעה | אג""ח ללא מניות",2024,2.7525,12,15.9
gemel,11394,ילין לפידות קופת גמל להשקעה מסלול מניות,קופת גמל להשקעה,מניות אקטיבי,קופת גמל להשקעה | מניות אקטיבי,2024,21.9908,12,2537.4
gemel,11407,אינפיניטי גמל להשקעה מניות,קופת גמל להשקעה,מניות אקטיבי,קופת גמל להשקעה | מניות אקטיבי,2024,23.9396,12,179.1
gemel,11408,מנורה מבטחים השתלמות עוקב מדדים גמיש,קרנות השתלמות,כללי/מעורב/גמיש/תלוי גיל,קרנות השתלמות | כללי/מעורב/גמיש/תלוי גיל,2024,11.761,12,697.1
gemel,11409,"מנורה מבטחים השתלמות עוקב מדדים - אג""ח עם מניות (עד 25% מניות)",קרנות השתלמות,עד 25% מניות,קרנות השתלמות | עד 25% מניות,2024,6.9397,12,95.0
gemel,1147,"מנורה מבטחים תגמולים ופיצויים אג""ח עד 10% מניות",תגמולים ואישית לפיצויים,עד 25% מניות,תגמולים ואישית לפיצויים | עד 25% מניות,2024,0.8105,7,0.0
gemel,1162,ילין לפידות קרן השתלמות מסלול כללי,קרנות השתלמות,כללי/מעורב/גמיש/תלוי גיל,קרנות השתלמות | כללי/מעורב/גמיש/תלוי גיל,2024,12.6326,12,23557.6
gemel,117,"כלל תמר אשראי ואג""ח",תגמולים ואישית לפיצויים,"אג""ח ללא מניות","תגמולים ואישית לפיצויים | אג""ח ללא מניות",2024,6.007,12,1074.4
gemel,119,מנורה מבטחים יותר מסלול ד',תגמולים ואישית לפיצויים,כללי/מעורב/גמיש/תלוי גיל,תגמולים ואישית לפיצויים | כללי/מעורב/גמיש/תלוי גיל,2024,9.1525,12,869.0
gemel,1190,"הפניקס השתלמות אג""ח עד 25% מניות",קרנות השתלמות,עד 25% מניות,קרנות השתלמות | עד 25% מניות,2024,3.3013,7,0.0
gemel,11914,אינפיניטי חיסכון לילד - הלכה,קופת גמל להשקעה - חסכון לילד,כללי/מעורב/גמיש/תלוי גיל,קופת גמל להשקעה - חסכון לילד | כללי/מעורב/גמיש/תלוי גיל,2024,16.2472,12,337.9
gemel,11926,סלייס השתלמות כללי,קרנות השתלמות,כללי/מעורב/גמיש/תלוי גיל,קרנות השתלמות | כללי/מעורב/גמיש/תלוי גיל,2024,13.8604,12,25.7
gemel,11928,"סלייס השתלמות אג""ח אג""ח",קרנות השתלמות,"אג""ח ללא מניות","קרנות השתלמות | אג""ח ללא מניות",2024,4.5609,12,129.1
gemel,11931,סלייס השתלמות מניות פאסיבי,קרנות השתלמות,מניות פאסיבי,קרנות השתלמות | מניות פאסיבי,2024,27.1307,12,26.4
gemel,11934,"סלייס השתלמות מדד חו""ל",קרנות השתלמות,מניות פאסיבי,קרנות השתלמות | מניות פאסיבי,2024,25.0607,12,31.8
gemel,11942,"סלייס גמל קופת גמל לחסכון אג""ח אג""ח",תגמולים ואישית לפיצויים,"אג""ח ללא מניות","תגמולים ואישית לפיצויים | אג""ח ללא מניות",2024,3.34,12,226.4
gemel,11943,סלייס גמל קופת גמל לחסכון מניות מניות,תגמולים ואישית לפיצויים,מניות אקטיבי,תגמולים ואישית לפיצויים | מניות אקטיבי,2024,25.9661,12,6.6
gemel,11944,"סלייס גמל קופת גמל לחסכון חו""ל חו""ל",תגמולים ואישית לפיצויים,כללי/מעורב/גמיש/תלוי גיל,תגמולים ואישית לפיצויים | כללי/מעורב/גמיש/תלוי גיל,2024,12.7246,12,20.6
gemel,11949,"סלייס גמל קופת גמל לחסכון מדד חו""ל",תגמולים ואישית לפיצויים,מניות פאסיבי,תגמולים ואישית לפיצויים | מניות פאסיבי,2024,24.1859,12,6.2
gemel,11957,"אינפיניטי השתלמות אשראי ואג""ח עם מניות (עד 25% מניות)",קרנות השתלמות,עד 25% מניות,קרנות השתלמות | עד 25% מניות,2024,9.0216,12,60.7
gemel,11979,סלייס גמל קופת גמל לחסכון מדרגות עד 50,תגמולים ואישית לפיצויים,כללי/מעורב/גמיש/תלוי גיל,תגמולים ואישית לפיצויים | כללי/מעורב/גמיש/תלוי גיל,2024,15.1889,12,26.2
gemel,11980,סלייס גמל קופת גמל לחסכון מדרגות 50-60,תגמולים ואישית לפיצויים,כללי/מעורב/גמיש/תלוי גיל,תגמולים ואישית לפיצויים | כללי/מעורב/גמיש/תלוי גיל,2024,12.5093,12,5.0
gemel,11981,סלייס גמל קופת גמל לחסכון מדרגות 60 ומעלה,תגמולים ואישית לפיצויים,כללי/מעורב/גמיש/תלוי גיל,תגמולים ואישית לפיצויים | כללי/מעורב/גמיש/תלוי גיל,2024,6.5723,12,2.9
gemel,12088,"הפניקס גמל חו""ל",תגמולים ואישית לפיצויים,כללי/מעורב/גמיש/תלוי גיל,תגמולים ואישית לפיצויים | כללי/מעורב/גמיש/תלוי גיל,2024,7.743,7,0.0
gemel,1209,"אינפיניטי גמל אג""ח ממשלות",תגמולים ואישית לפיצויים,"אג""ח ללא מניות","תגמולים ואישית לפיצויים | אג""ח ללא מניות",2024,3.0828,12,18.8
gemel,1210,"אינפיניטי השתלמות אג""ח ממשלות",קרנות השתלמות,"אג""ח ללא מניות","קרנות השתלמות | אג""ח ללא מניות",2024,3.084,12,44.3
gemel,12256,אלטשולר שחם השתלמות הלכה,קרנות השתלמות,כללי/מעורב/גמיש/תלוי גיל,קרנות השתלמות | כללי/מעורב/גמיש/תלוי גיל,2024,11.8409,12,309.4
gemel,12257,אלטשולר שחם חיסכון פלוס הלכה,קופת גמל להשקעה,כללי/מעורב/גמיש/תלוי גיל,קופת גמל להשקעה | כללי/מעורב/גמיש/תלוי גיל,2024,11.6096,12,129.8
gemel,124,כלל תמר מדד,תגמולים ואישית לפיצויים,"אג""ח ללא מניות","תגמולים ואישית לפיצויים | אג""ח ללא מניות",2024,1.2337,6,468.4
gemel,1240,"מיטב השתלמות אשראי ואג""ח",קרנות השתלמות,"אג""ח ללא מניות","קרנות השתלמות | אג""ח ללא מניות",2024,6.2723,12,763.3
gemel,12530,"ילין לפידות קרן השתלמות מסלול אג""ח עד 15% מניות",קרנות השתלמות,עד 25% מניות,קרנות השתלמות | עד 25% מניות,2024,2.5132,6,332.9
gemel,12531,"אלפא מור קופת גמל לחיסכון, קופת גמל לתגמולים וקופת גמל אישית לפיצויים - מניות",תגמולים ואישית לפיצויים,מניות אקטיבי,תגמולים ואישית לפיצויים | מניות אקטיבי,2024,21.217,12,3518.2
gemel,12532,"אלפא מור קופת גמל לחיסכון, קופת גמל לתגמולים וקופת גמל אישית לפיצויים - לבני 50 ומטה",תגמולים ואישית לפיצויים,כללי/מעורב/גמיש/תלוי גיל,תגמולים ואישית לפיצויים | כללי/מעורב/גמיש/תלוי גיל,2024,15.2361,12,5224.2
gemel,12533,"אלפא מור קופת גמל לחיסכון, קופת גמל לתגמולים וקופת גמל אישית לפיצויים - לבני 50 עד 60",תגמולים ואישית לפיצויים,כללי/מעורב/גמיש/תלוי גיל,תגמולים ואישית לפיצויים | כללי/מעורב/גמיש/תלוי גיל,2024,12.8698,12,13684.1
gemel,12534,"אלפא מור קופת גמל לחיסכון, קופת גמל לתגמולים וקופת גמל אישית לפיצויים - לבני 60 ומעלה",תגמולים ואישית לפיצויים,כללי/מעורב/גמיש/תלוי גיל,תגמולים ואישית לפיצויים | כללי/מעורב/גמיש/תלוי גיל,2024,9.4462,12,9253.1
gemel,12535,מור קרן השתלמות לשכירים ולעצמאים - כללי,קרנות השתלמות,כללי/מעורב/גמיש/תלוי גיל,קרנות השתלמות | כללי/מעורב/גמיש/תלוי גיל,2024,13.1376,12,20343.1
gemel,12536,מור קרן השתלמות לשכירים ולעצמאים - מניות,קרנות השתלמות,מניות אקטיבי,קרנות השתלמות | מניות אקטיבי,2024,21.6723,12,6174.0
gemel,12537,מור גמל להשקעה - מניות,קופת גמל להשקעה,מניות אקטיבי,קופת גמל להשקעה | מניות אקטיבי,2024,21.9905,12,2477.6
gemel,12538,מור גמל להשקעה - כללי,קופת גמל להשקעה,כללי/מעורב/גמיש/תלוי גיל,קופת גמל להשקעה | כללי/מעורב/גמיש/תלוי גיל,2024,13.0906,12,4117.4
gemel,12540,אינפיניטי גמל להשקעה הלכה,קופת גמל להשקעה,כללי/מעורב/גמיש/תלוי גיל,קופת גמל להשקעה | כללי/מעורב/גמיש/תלוי גיל,2024,16.0134,12,94.6
gemel,12541,"כלל תמר אג""ח עד 15% מניות",תגמולים ואישית לפיצויים,עד 25% מניות,תגמולים ואישית לפיצויים | עד 25% מניות,2024,2.0755,6,218.4
gemel,1256,מנורה מבטחים השתלמות מסלול מניות,קרנות השתלמות,מניות אקטיבי,קרנות השתלמות | מניות אקטיבי,2024,20.6841,12,630.3
gemel,12599,"כלל השתלמות אשראי ואג""ח עם מניות(עד 25% מניות)",קרנות השתלמות,עד 25% מניות,קרנות השתלמות | עד 25% מניות,2024,8.436,12,396.6
gemel,127,כלל תמר מניות,תגמולים ואישית לפיצויים,מניות אקטיבי,תגמולים ואישית לפיצויים | מניות אקטיבי,2024,20.7934,12,864.4
gemel,128,כלל תמר כספי(שקלי),תגמולים ואישית לפיצויים,כספי,תגמולים ואישית לפיצויים | כספי,2024,4.7189,12,289.1
gemel,1290,אלטשולר שחם השתלמות כללי ב',קרנות השתלמות,כללי/מעורב/גמיש/תלוי גיל,קרנות השתלמות | כללי/מעורב/גמיש/תלוי גיל,2024,14.1906,12,800.4
gemel,12955,"מור גמל להשקעה -אשראי ואג""ח עם מניות (עד 25% מניות)",קופת גמל להשקעה,עד 25% מניות,קופת גמל להשקעה | עד 25% מניות,2024,9.6022,12,400.6
gemel,12956,"מור קרן השתלמות לשכירים ולעצמאים - אשראי ואג""ח עם מניות (עד 25% מניות)",קרנות השתלמות,עד 25% מניות,קרנות השתלמות | עד 25% מניות,2024,9.4522,12,1337.2
gemel,12957,"אלפא מור קופת גמל לתגמולים ואישית לפיצויים וקופת גמל לא משלמת לקצבה אג""ח עד 25% במניות",תגמולים ואישית לפיצויים,עד 25% מניות,תגמולים ואישית לפיצויים | עד 25% מניות,2024,3.7303,6,682.0
gemel,1319,"ילין לפידות קרן השתלמות מסלול אשראי ואג""ח",קרנות השתלמות,"אג""ח ללא מניות","קרנות השתלמות | אג""ח ללא מניות",2024,5.055,12,617.1
gemel,13209,הפניקס גמל להשקעה כספי (שקלי),קופת גמל להשקעה,כספי,קופת גמל להשקעה | כספי,2024,4.6042,12,39.5
gemel,13228,אינפיניטי גמל להשקעה עוקב מדדים גמיש,קופת גמל להשקעה,כללי/מעורב/גמיש/תלוי גיל,קופת גמל להשקעה | כללי/מעורב/גמיש/תלוי גיל,2024,14.7342,12,14.9
gemel,13229,אינפיניטי השתלמות כללי,קרנות השתלמות,כללי/מעורב/גמיש/תלוי גיל,קרנות השתלמות | כללי/מעורב/גמיש/תלוי גיל,2024,14.2832,12,170.9
gemel,13245,מיטב השתלמות עוקב מדד S&P500,קרנות השתלמות,מניות פאסיבי,קרנות השתלמות | מניות פאסיבי,2024,25.6736,12,4017.1
gemel,13246,מיטב גמל עוקב מדד S&P500,תגמולים ואישית לפיצויים,מניות פאסיבי,תגמולים ואישית לפיצויים | מניות פאסיבי,2024,25.71,12,2310.8
gemel,13250,הפניקס גמל להשקעה עוקב מדד S&P500,קופת גמל להשקעה,מניות פאסיבי,קופת גמל להשקעה | מניות פאסיבי,2024,24.9596,12,3699.6
gemel,13254,הראל גמל להשקעה כספי (שקלי),קופת גמל להשקעה,כספי,קופת גמל להשקעה | כספי,2024,4.2402,12,45.1
gemel,13259,מיטב גמל להשקעה עוקב מדד S&P 500,קופת גמל להשקעה,מניות פאסיבי,קופת גמל להשקעה | מניות פאסיבי,2024,25.6747,12,1411.5
gemel,13263,הפניקס גמל עוקב מדד s&p500,תגמולים ואישית לפיצויים,מניות פאסיבי,תגמולים ואישית לפיצויים | מניות פאסיבי,2024,25.0229,12,6130.2
gemel,13264,הפניקס השתלמות עוקב מדד s&p500,קרנות השתלמות,מניות פאסיבי,קרנות השתלמות | מניות פאסיבי,2024,24.9741,12,10622.3
gemel,1334,הראל גמל כספי (שקלי),תגמולים ואישית לפיצויים,כספי,תגמולים ואישית לפיצויים | כספי,2024,4.3857,12,289.8
gemel,13342,כלל השתלמות עוקב מדד s&p 500,קרנות השתלמות,מניות פאסיבי,קרנות השתלמות | מניות פאסיבי,2024,25.3362,12,4084.4
gemel,13343,כלל תמר עוקב מדד s&p 500,תגמולים ואישית לפיצויים,מניות פאסיבי,תגמולים ואישית לפיצויים | מניות פאסיבי,2024,25.4093,12,1788.0
gemel,13344,כלל גמל לעתיד עוקב מדד s&p 500,קופת גמל להשקעה,מניות פאסיבי,קופת גמל להשקעה | מניות פאסיבי,2024,25.4089,12,902.5
gemel,1335,"הראל גמל מסלול אשראי ואג""ח",תגמולים ואישית לפיצויים,"אג""ח ללא מניות","תגמולים ואישית לפיצויים | אג""ח ללא מניות",2024,5.5648,12,396.2
gemel,13353,מנורה מבטחים גמל להשקעה מסלול מניות סחיר,קופת גמל להשקעה,מניות אקטיבי,קופת גמל להשקעה | מניות אקטיבי,2024,16.4774,12,195.1
gemel,13354,"מנורה מבטחים גמל להשקעה מסלול אשראי ואג""ח",קופת גמל להשקעה,"אג""ח ללא מניות","קופת גמל להשקעה | אג""ח ללא מניות",2024,7.4903,12,72.9
gemel,13355,"מנורה מבטחים תגמולים ופיצויים מסלול אשראי ואג""ח",תגמולים ואישית לפיצויים,"אג""ח ללא מניות","תגמולים ואישית לפיצויים | אג""ח ללא מניות",2024,7.6316,12,444.4
gemel,13356,מנורה מבטחים תגמולים ופיצויים מסלול עוקב מדדי מניות,תגמולים ואישית לפיצויים,מניות פאסיבי,תגמולים ואישית לפיצויים | מניות פאסיבי,2024,13.3263,12,676.8
gemel,13357,"מנורה מבטחים השתלמות מסלול אשראי ואג""ח",קרנות השתלמות,"אג""ח ללא מניות","קרנות השתלמות | אג""ח ללא מניות",2024,7.5242,12,545.9
gemel,13414,הראל גמל להשקעה עוקב מדד s&p 500,קופת גמל להשקעה,מניות פאסיבי,קופת גמל להשקעה | מניות פאסיבי,2024,25.8387,12,1904.2
gemel,1343,מנורה מבטחים תגמולים ופיצויים מסלול כספי (שקלי),תגמולים ואישית לפיצויים,כספי,תגמולים ואישית לפיצויים | כספי,2024,4.3857,12,140.4
gemel,1348,"כלל השתלמות אשראי ואג""ח",קרנות השתלמות,"אג""ח ללא מניות","קרנות השתלמות | אג""ח ללא מניות",2024,6.7265,12,387.2
gemel,1350,כלל השתלמות מניות,קרנות השתלמות,מניות אקטיבי,קרנות השתלמות | מניות אקטיבי,2024,20.8399,12,1566.9
gemel,13501,הראל גמל - עוקב מדד s&p 500,תגמולים ואישית לפיצויים,מניות פאסיבי,תגמולים ואישית לפיצויים | מניות פאסיבי,2024,25.8019,12,3269.9
gemel,13502,הראל השתלמות - עוקב מדד s&p 500,קרנות השתלמות,מניות פאסיבי,קרנות השתלמות | מניות פאסיבי,2024,25.8265,12,6151.8
gemel,1351,כלל השתלמות כספי(שקלי),קרנות השתלמות,כספי,קרנות השתלמות | כספי,2024,4.6772,12,246.0
gemel,1353,מיטב השתלמות מעל 6 שנות וותק,קרנות השתלמות,כללי/מעורב/גמיש/תלוי גיל,קרנות השתלמות | כללי/מעורב/גמיש/תלוי גיל,2024,2.4844,7,0.0
gemel,13563,מגדל גמל להשקעה עוקב מדד s&p500,קופת גמל להשקעה,מניות פאסיבי,קופת גמל להשקעה | מניות פאסיבי,2024,25.7833,12,667.2
gemel,13565,מגדל לתגמולים ולפיצויים עוקב מדד s&p500,תגמולים ואישית לפיצויים,מניות פאסיבי,תגמולים ואישית לפיצויים | מניות פאסיבי,2024,25.7594,12,1589.2
gemel,1360,"ילין לפידות קופת גמל מסלול אג""ח ממשלות",תגמולים ואישית לפיצויים,"אג""ח ללא מניות","תגמולים ואישית לפיצויים | אג""ח ללא מניות",2024,2.7623,12,87.2
gemel,1361,"ילין לפידות קרן השתלמות מסלול אג""ח ממשלות",קרנות השתלמות,"אג""ח ללא מניות","קרנות השתלמות | אג""ח ללא מניות",2024,2.7824,12,108.2
gemel,1364,מנורה מבטחים תגמולים ופיצויים מסלול מניות,תגמולים ואישית לפיצויים,מניות אקטיבי,תגמולים ואישית לפיצויים | מניות אקטיבי,2024,20.97,12,231.6
gemel,1368,הראל גמל מסלול שקלי,תגמולים ואישית לפיצויים,"אג""ח ללא מניות","תגמולים ואישית לפיצויים | אג""ח ללא מניות",2024,-1.2714,7,0.0
gemel,1369,הראל השתלמות מסלול שקלי,קרנות השתלמות,"אג""ח ללא מניות","קרנות השתלמות | אג""ח ללא מניות",2024,-1.6858,7,0.0
gemel,1370,מיטב השתלמות כספי (שקלי),קרנות השתלמות,כספי,קרנות השתלמות | כספי,2024,4.6982,12,214.9
gemel,1375,אלטשולר שחם גמל מניות,תגמולים ואישית לפיצויים,מניות אקטיבי,תגמולים ואישית לפיצויים | מניות אקטיבי,2024,21.2611,12,3080.0
gemel,1376,"אלטשולר שחם גמל אשראי ואג""ח",תגמולים ואישית לפיצויים,"אג""ח ללא מניות","תגמולים ואישית לפיצויים | אג""ח ללא מניות",2024,4.7317,12,812.2
gemel,1377,אלטשולר שחם השתלמות מניות,קרנות השתלמות,מניות אקטיבי,קרנות השתלמות | מניות אקטיבי,2024,21.3629,12,6480.3
gemel,1378,"אלטשולר שחם השתלמות אשראי ואג""ח",קרנות השתלמות,"אג""ח ללא מניות","קרנות השתלמות | אג""ח ללא מניות",2024,4.8984,12,645.1
gemel,13853,אנליסט קרן השתלמות עוקב מדד S&P500,קרנות השתלמות,מניות פאסיבי,קרנות השתלמות | מניות פאסיבי,2024,25.5708,12,1796.0
gemel,13854,אנליסט מסלולית - קופת גמל להשקעה עוקב מדד S&P500,קופת גמל להשקעה,מניות פאסיבי,קופת גמל להשקעה | מניות פאסיבי,2024,25.5821,12,1287.9
gemel,13855,אנליסט מסלולית קופת גמל - עוקב מדד S&P500,תגמולים ואישית לפיצויים,מניות פאסיבי,תגמולים ואישית לפיצויים | מניות פאסיבי,2024,25.5686,12,676.3
gemel,1386,"מיטב גמל אג""ח ממשלות",תגמולים ואישית לפיצויים,"אג""ח ללא מניות","תגמולים ואישית לפיצויים | אג""ח ללא מניות",2024,4.5354,12,85.5
gemel,13869,מנורה מבטחים השתלמות הלכה,קרנות השתלמות,כללי/מעורב/גמיש/תלוי גיל,קרנות השתלמות | כללי/מעורב/גמיש/תלוי גיל,2024,8.382,12,75.3
gemel,1387,"מיטב השתלמות אג""ח ממשלות",קרנות השתלמות,"אג""ח ללא מניות","קרנות השתלמות | אג""ח ללא מניות",2024,4.5369,12,164.0
gemel,13873,מנורה מבטחים השתלמות עוקב מדד S&P500,קרנות השתלמות,מניות פאסיבי,קרנות השתלמות | מניות פאסיבי,2024,25.6844,12,2424.3
gemel,13874,מנורה מבטחים גמל להשקעה עוקב מדד S&P500,קופת גמל להשקעה,מניות פאסיבי,קופת גמל להשקעה | מניות פאסיבי,2024,25.5862,12,684.3
gemel,1394,אלטשולר שחם גמל כספי (שקלי),תגמולים ואישית לפיצויים,כספי,תגמולים ואישית לפיצויים | כספי,2024,4.9275,12,361.2
gemel,13946,מנורה מבטחים תגמולים ופיצויים עוקב מדד S&P500,תגמולים ואישית לפיצויים,מניות פאסיבי,תגמולים ואישית לפיצויים | מניות פאסיבי,2024,25.6707,12,818.4
gemel,1395,"אלטשולר שחם גמל אג""ח ממשלות",תגמולים ואישית לפיצויים,"אג""ח ללא מניות","תגמולים ואישית לפיצויים | אג""ח ללא מניות",2024,4.079,12,203.4
gemel,1398,אלטשולר שחם השתלמות כספי (שקלי),קרנות השתלמות,כספי,קרנות השתלמות | כספי,2024,4.8544,12,309.6
gemel,1399,"אלטשולר שחם השתלמות אג""ח ממשלות",קרנות השתלמות,"אג""ח ללא מניות","קרנות השתלמות | אג""ח ללא מניות",2024,4.1206,12,213.7
gemel,1409,מנורה מבטחים השתלמות מסלול מניות סחיר,קרנות השתלמות,מניות אקטיבי,קרנות השתלמות | מניות אקטיבי,2024,16.9366,12,681.7
gemel,1412,"אנליסט גמל אג""ח ממשלות",תגמולים ואישית לפיצויים,"אג""ח ללא מניות","תגמולים ואישית לפיצויים | אג""ח ללא מניות",2024,3.7018,12,23.8
gemel,14201,הראל גמל - עוקב מדדים גמיש,תגמולים ואישית לפיצויים,כללי/מעורב/גמיש/תלוי גיל,תגמולים ואישית לפיצויים | כללי/מעורב/גמיש/תלוי גיל,2024,13.2336,12,277.0
gemel,14202,הראל גמל- משולב סחיר,תגמולים ואישית לפיצויים,כללי/מעורב/גמיש/תלוי גיל,תגמולים ואישית לפיצויים | כללי/מעורב/גמיש/תלוי גיל,2024,11.2512,12,237.4
gemel,14206,הראל גמל להשקעה קיימות,קופת גמל להשקעה,כללי/מעורב/גמיש/תלוי גיל,קופת גמל להשקעה | כללי/מעורב/גמיש/תלוי גיל,2024,-7.1954,12,2.8
gemel,14228,מגדל לתגמולים ולפיצויים מסלול עוקב מדדים - גמיש,תגמולים ואישית לפיצויים,כללי/מעורב/גמיש/תלוי גיל,תגמולים ואישית לפיצויים | כללי/מעורב/גמיש/תלוי גיל,2024,5.8674,12,537.8
gemel,14229,מגדל לתגמולים ולפיצויים מסלול משולב סחיר,תגמולים ואישית לפיצויים,כללי/מעורב/גמיש/תלוי גיל,תגמולים ואישית לפיצויים | כללי/מעורב/גמיש/תלוי גיל,2024,11.4563,12,48.5
gemel,14236,כלל תמר משולב סחיר,תגמולים ואישית לפיצויים,כללי/מעורב/גמיש/תלוי גיל,תגמולים ואישית לפיצויים | כללי/מעורב/גמיש/תלוי גיל,2024,19.4312,12,44.3
gemel,14237,כלל תמר עוקב מדדים גמיש,תגמולים ואישית לפיצויים,כללי/מעורב/גמיש/תלוי גיל,תגמולים ואישית לפיצויים | כללי/מעורב/גמיש/תלוי גיל,2024,10.7166,12,227.5
gemel,14264,מיטב גמל משולב סחיר,תגמולים ואישית לפיצויים,כללי/מעורב/גמיש/תלוי גיל,תגמולים ואישית לפיצויים | כללי/מעורב/גמיש/תלוי גיל,2024,24.8978,12,251.0
gemel,14265,מיטב גמל עוקב מדדים גמיש,תגמולים ואישית לפיצויים,כללי/מעורב/גמיש/תלוי גיל,תגמולים ואישית לפיצויים | כללי/מעורב/גמיש/תלוי גיל,2024,9.1221,12,488.6
gemel,14270,מיטב גמל להשקעה קיימות,קופת גמל להשקעה,כללי/מעורב/גמיש/תלוי גיל,קופת גמל להשקעה | כללי/מעורב/גמיש/תלוי גיל,2024,10.7638,12,21.7
gemel,14271,מנורה מבטחים תגמולים ופיצויים מסלול משולב סחיר,תגמולים ואישית לפיצויים,כללי/מעורב/גמיש/תלוי גיל,תגמולים ואישית לפיצויים | כללי/מעורב/גמיש/תלוי גיל,2024,16.5493,12,12.6
gemel,14272,מנורה מבטחים תגמולים ופיצויים מסלול עוקב מדדים גמיש,תגמולים ואישית לפיצויים,כללי/מעורב/גמיש/תלוי גיל,תגמולים ואישית לפיצויים | כללי/מעורב/גמיש/תלוי גיל,2024,11.3959,12,373.3
gemel,14279,אנליסט מסלולית קופת גמל עוקב מדדים - גמיש,תגמולים ואישית לפיצויים,כללי/מעורב/גמיש/תלוי גיל,תגמולים ואישית לפיצויים | כללי/מעורב/גמיש/תלוי גיל,2024,43.5813,12,203.9
gemel,14280,אנליסט מסלולית קופת גמל - משולב סחיר,תגמולים ואישית לפיצויים,כללי/מעורב/גמיש/תלוי גיל,תגמולים ואישית לפיצויים | כללי/מעורב/גמיש/תלוי גיל,2024,6.259,6,11.7
gemel,14281,הפניקס גמל מסלול משולב סחיר,תגמולים ואישית לפיצויים,כללי/מעורב/גמיש/תלוי גיל,תגמולים ואישית לפיצויים | כללי/מעורב/גמיש/תלוי גיל,2024,14.0557,12,52.5
gemel,14282,הפניקס גמל מסלול עוקב מדדים גמיש,תגמולים ואישית לפיצויים,כללי/מעורב/גמיש/תלוי גיל,תגמולים ואישית לפיצויים | כללי/מעורב/גמיש/תלוי גיל,2024,6.0553,7,0.0
gemel,14292,ילין לפידות קופת גמל מסלול משולב סחיר,תגמולים ואישית לפיצויים,כללי/מעורב/גמיש/תלוי גיל,תגמולים ואישית לפיצויים | כללי/מעורב/גמיש/תלוי גיל,2024,22.7433,12,107.5
gemel,14293,ילין לפידות קופת גמל מסלול עוקב מדדים גמיש,תגמולים ואישית לפיצויים,כללי/מעורב/גמיש/תלוי גיל,תגמולים ואישית לפיצויים | כללי/מעורב/גמיש/תלוי גיל,2024,11.2114,12,920.4
gemel,14331,אינפיניטי גמל משולב סחיר,תגמולים ואישית לפיצויים,כללי/מעורב/גמיש/תלוי גיל,תגמולים ואישית לפיצויים | כללי/מעורב/גמיש/תלוי גיל,2024,21.2866,5,2.8
gemel,14332,אינפיניטי גמל עוקב מדדים גמיש,תגמולים ואישית לפיצויים,כללי/מעורב/גמיש/תלוי גיל,תגמולים ואישית לפיצויים | כללי/מעורב/גמיש/תלוי גיל,2024,8.6059,7,3.1
gemel,14342,"אלפא מור קופת גמל לחיסכון, קופת גמל לתגמולים וקופת גמל אישית לפיצויים - משולב סחיר",תגמולים ואישית לפיצויים,כללי/מעורב/גמיש/תלוי גיל,תגמולים ואישית לפיצויים | כללי/מעורב/גמיש/תלוי גיל,2024,16.5859,12,603.9
gemel,14351,מנורה מבטחים תגמולים ופיצויים מסלול קיימות,תגמולים ואישית לפיצויים,כללי/מעורב/גמיש/תלוי גיל,תגמולים ואישית לפיצויים | כללי/מעורב/גמיש/תלוי גיל,2024,0.7887,12,0.8
gemel,14353,אלטשולר שחם גמל משולב סחיר,תגמולים ואישית לפיצויים,כללי/מעורב/גמיש/תלוי גיל,תגמולים ואישית לפיצויים | כללי/מעורב/גמיש/תלוי גיל,2024,12.5846,12,721.9
gemel,14354,אלטשולר שחם גמל עוקב מדדים- גמיש,תגמולים ואישית לפיצויים,כללי/מעורב/גמיש/תלוי גיל,תגמולים ואישית לפיצויים | כללי/מעורב/גמיש/תלוי גיל,2024,12.8673,12,289.2
gemel,14394,"אלפא מור קופת גמל לחיסכון, קופת גמל לתגמולים וקופת גמל אישית לפיצויים - עוקב מדדים גמיש",תגמולים ואישית לפיצויים,כללי/מעורב/גמיש/תלוי גיל,תגמולים ואישית לפיצויים | כללי/מעורב/גמיש/תלוי גיל,2024,5.6764,12,249.8
gemel,14481,"אלפא מור קופת גמל לחיסכון, קופת גמל לתגמולים וקופת גמל אישית לפיצויים - אשראי ואג""ח",תגמולים ואישית לפיצויים,"אג""ח ללא מניות","תגמולים ואישית לפיצויים | אג""ח ללא מניות",2024,9.5342,12,389.8
gemel,14482,"מור גמל להשקעה - אשראי ואג""ח",קופת גמל להשקעה,"אג""ח ללא מניות","קופת גמל להשקעה | אג""ח ללא מניות",2024,9.806,12,91.2
gemel,14483,"מור קרן השתלמות לשכירים ולעצמאים - אשראי ואג""ח",קרנות השתלמות,"אג""ח ללא מניות","קרנות השתלמות | אג""ח ללא מניות",2024,9.7074,12,208.9
gemel,14657,ילין לפידות קרן השתלמות מסלול עוקב מדדים גמיש,קרנות השתלמות,כללי/מעורב/גמיש/תלוי גיל,קרנות השתלמות | כללי/מעורב/גמיש/תלוי גיל,2024,11.3027,12,679.3
gemel,14658,ילין לפידות קופת גמל להשקעה מסלול עוקב מדדים גמיש,קופת גמל להשקעה,כללי/מעורב/גמיש/תלוי גיל,קופת גמל להשקעה | כללי/מעורב/גמיש/תלוי גיל,2024,11.2827,12,144.6
gemel,14668,מגדל השתלמות עוקב מדד S&P 500,קרנות השתלמות,מניות פאסיבי,קרנות השתלמות | מניות פאסיבי,2024,25.646,12,2601.9
gemel,14676,מנורה מבטחים השתלמות עוקב מדדי מניות,קרנות השתלמות,מניות פאסיבי,קרנות השתלמות | מניות פאסיבי,2024,17.0879,12,380.0
gemel,14678,מנורה מבטחים גמל להשקעה עוקב מדדים גמיש,קופת גמל להשקעה,כללי/מעורב/גמיש/תלוי גיל,קופת גמל להשקעה | כללי/מעורב/גמיש/תלוי גיל,2024,11.2435,12,60.3
gemel,14679,"מנורה מבטחים תגמולים ופיצויים מסלול עוקב מדדי אג""ח",תגמולים ואישית לפיצויים,"אג""ח ללא מניות","תגמולים ואישית לפיצויים | אג""ח ללא מניות",2024,5.3755,12,84.6
gemel,14680,כלל השתלמות עוקב מדדים גמיש,קרנות השתלמות,כללי/מעורב/גמיש/תלוי גיל,קרנות השתלמות | כללי/מעורב/גמיש/תלוי גיל,2024,10.521,12,239.1
gemel,14681,כלל גמל לעתיד עוקב מדדים גמיש,קופת גמל להשקעה,כללי/מעורב/גמיש/תלוי גיל,קופת גמל להשקעה | כללי/מעורב/גמיש/תלוי גיל,2024,10.444,12,46.7
gemel,14716,הראל השתלמות מסלול כספי (שקלי),קרנות השתלמות,כספי,קרנות השתלמות | כספי,2024,4.3961,12,79.9
gemel,14790,כלל השתלמות עוקב מדדי מניות,קרנות השתלמות,מניות פאסיבי,קרנות השתלמות | מניות פאסיבי,2024,11.4752,12,198.3
gemel,14791,כלל גמל לעתיד עוקב מדדי מניות,קופת גמל להשקעה,מניות פאסיבי,קופת גמל להשקעה | מניות פאסיבי,2024,11.7828,12,55.5
gemel,1484,"הראל גמל מסלול אג""ח קונצרני",תגמולים ואישית לפיצויים,"אג""ח ללא מניות","תגמולים ואישית לפיצויים | אג""ח ללא מניות",2024,2.2574,7,0.0
gemel,14849,ילין לפידות קרן השתלמות מסלול עוקב מדד s&p 500,קרנות השתלמות,מניות פאסיבי,קרנות השתלמות | מניות פאסיבי,2024,24.9723,12,1145.2
gemel,1485,"הראל השתלמות אשראי ואג""ח",קרנות השתלמות,"אג""ח ללא מניות","קרנות השתלמות | אג""ח ללא מניות",2024,5.5541,12,304.8
gemel,14858,אלטשולר שחם גמל עוקב מדד S&P 500,תגמולים ואישית לפיצויים,מניות פאסיבי,תגמולים ואישית לפיצויים | מניות פאסיבי,2024,24.9126,12,534.1
gemel,14862,אלטשולר שחם השתלמות עוקב S&P 500,קרנות השתלמות,מניות פאסיבי,קרנות השתלמות | מניות פאסיבי,2024,24.374,12,1265.6
gemel,14863,אלטשולר שחם השתלמות עוקב מדדי מניות,קרנות השתלמות,מניות פאסיבי,קרנות השתלמות | מניות פאסיבי,2024,24.6033,12,1226.3
gemel,14864,אלטשולר שחם חיסכון פלוס עוקב מדדי מניות,קופת גמל להשקעה,מניות פאסיבי,קופת גמל להשקעה | מניות פאסיבי,2024,24.7445,12,465.2
gemel,14865,אלטשולר שחם חיסכון פלוס עוקב מדד S&P 500,קופת גמל להשקעה,מניות פאסיבי,קופת גמל להשקעה | מניות פאסיבי,2024,24.607,12,846.3
gemel,14919,אינפיניטי גמל עוקב מדד s&p 500,תגמולים ואישית לפיצויים,מניות פאסיבי,תגמולים ואישית לפיצויים | מניות פאסיבי,2024,10.6182,9,18.1
gemel,14920,אינפיניטי השתלמות עוקב מדד s&p 500,קרנות השתלמות,מניות פאסיבי,קרנות השתלמות | מניות פאסיבי,2024,13.2283,8,17.0
gemel,14921,אינפיניטי השתלמות עוקב מדדי מניות,קרנות השתלמות,מניות פאסיבי,קרנות השתלמות | מניות פאסיבי,2024,10.1699,9,6.4
gemel,14922,אינפיניטי השתלמות הלכה,קרנות השתלמות,כללי/מעורב/גמיש/תלוי גיל,קרנות השתלמות | כללי/מעורב/גמיש/תלוי גיל,2024,6.3595,9,21.2
gemel,14923,אינפיניטי גמל להשקעה עוקב מדד s&p 500,קופת גמל להשקעה,מניות פאסיבי,קופת גמל להשקעה | מניות פאסיבי,2024,11.8501,9,13.9
gemel,14924,אינפיניטי גמל להשקעה עוקב מדדי מניות,קופת גמל להשקעה,מניות פאסיבי,קופת גמל להשקעה | מניות פאסיבי,2024,12.5523,9,3.4
gemel,14943,מגדל גמל להשקעה מסלול עוקב מדדי מניות,קופת גמל להשקעה,מניות פאסיבי,קופת גמל להשקעה | מניות פאסיבי,2024,25.1001,11,100.2
gemel,14944,"מגדל גמל להשקעה מסלול אשראי ואג""ח",קופת גמל להשקעה,"אג""ח ללא מניות","קופת גמל להשקעה | אג""ח ללא מניות",2024,4.8498,11,7.0
gemel,14945,מגדל השתלמות מסלול עוקב מדדי מניות,קרנות השתלמות,מניות פאסיבי,קרנות השתלמות | מניות פאסיבי,2024,25.2004,11,320.2
gemel,15007,הפניקס השתלמות עוקב מדדי מניות,קרנות השתלמות,מניות פאסיבי,קרנות השתלמות | מניות פאסיבי,2024,11.1125,11,150.3
gemel,15028,אלטשולר שחם השתלמות עוקב מדדים גמיש,קרנות השתלמות,כללי/מעורב/גמיש/תלוי גיל,קרנות השתלמות | כללי/מעורב/גמיש/תלוי גיל,2024,9.1859,10,149.9
gemel,15040,הראל גמל להשקעה עוקב מדדי מניות,קופת גמל להשקעה,מניות פאסיבי,קופת גמל להשקעה | מניות פאסיבי,2024,26.1026,11,100.6
gemel,15055,מגדל לתגמולים ולפיצויים עוקב מדדי מניות,תגמולים ואישית לפיצויים,מניות פאסיבי,תגמולים ואישית לפיצויים | מניות פאסיבי,2024,19.4056,8,180.3
gemel,15093,כלל תמר עוקב מדדי מניות,תגמולים ואישית לפיצויים,מניות פאסיבי,תגמולים ואישית לפיצויים | מניות פאסיבי,2024,6.7405,8,95.6
gemel,15208,"הפניקס גמל אג""ח סחיר",תגמולים ואישית לפיצויים,"אג""ח ללא מניות","תגמולים ואישית לפיצויים | אג""ח ללא מניות",2024,4.7333,5,25.9
gemel,15209,הפניקס גמל מניות סחיר,תגמולים ואישית לפיצויים,מניות אקטיבי,תגמולים ואישית לפיצויים | מניות אקטיבי,2024,23.7995,5,42.4
gemel,15210,הפניקס גמל עוקב מדדי מניות,תגמולים ואישית לפיצויים,מניות פאסיבי,תגמולים ואישית לפיצויים | מניות פאסיבי,2024,5.1404,5,107.7
gemel,15211,הפניקס השתלמות משולב סחיר,קרנות השתלמות,כללי/מעורב/גמיש/תלוי גיל,קרנות השתלמות | כללי/מעורב/גמיש/תלוי גיל,2024,6.9667,5,15.9
gemel,15212,"הפניקס השתלמות אג""ח סחיר",קרנות השתלמות,"אג""ח ללא מניות","קרנות השתלמות | אג""ח ללא מניות",2024,3.3935,5,12.9
gemel,15214,הפניקס גמל להשקעה משולב סחיר,קופת גמל להשקעה,כללי/מעורב/גמיש/תלוי גיל,קופת גמל להשקעה | כללי/מעורב/גמיש/תלוי גיל,2024,5.5632,5,3.9
gemel,15215,"הפניקס גמל להשקעה אג""ח סחיר",קופת גמל להשקעה,"אג""ח ללא מניות","קופת גמל להשקעה | אג""ח ללא מניות",2024,3.4237,5,5.5
gemel,1523,הראל השתלמות מסלול הלכה,קרנות השתלמות,כללי/מעורב/גמיש/תלוי גיל,קרנות השתלמות | כללי/מעורב/גמיש/תלוי גיל,2024,11.861,12,468.5
gemel,15232,הפניקס השתלמות מניות סחיר,קרנות השתלמות,מניות אקטיבי,קרנות השתלמות | מניות אקטיבי,2024,22.8124,5,40.8
gemel,15233,הפניקס גמל להשקעה מניות סחיר,קופת גמל להשקעה,מניות אקטיבי,קופת גמל להשקעה | מניות אקטיבי,2024,23.3966,5,16.5
gemel,15234,הפניקס גמל עוקב מדדים - גמיש,תגמולים ואישית לפיצויים,כללי/מעורב/גמיש/תלוי גיל,תגמולים ואישית לפיצויים | כללי/מעורב/גמיש/תלוי גיל,2024,-0.5579,5,478.4
gemel,15235,מור קרן השתלמות לשכירים ולעצמאים מתמחים באפיקי השקעה סחירים משולב סחיר,קרנות השתלמות,כללי/מעורב/גמיש/תלוי גיל,קרנות השתלמות | כללי/מעורב/גמיש/תלוי גיל,2024,8.5606,5,152.2
gemel,15236,"מור קרן השתלמות לשכירים ולעצמאים מתמחים באפיקי השקעה סחירים אג""ח עם מניות (עד 25%)",קרנות השתלמות,עד 25% מניות,קרנות השתלמות | עד 25% מניות,2024,7.9343,5,20.6
gemel,15237,"מור קרן השתלמות לשכירים ולעצמאים מתמחים באפיקי השקעה סחירים אג""ח סחיר",קרנות השתלמות,"אג""ח ללא מניות","קרנות השתלמות | אג""ח ללא מניות",2024,5.8388,5,12.1
gemel,15238,מור קרן השתלמות לשכירים ולעצמאים מתמחים באפיקי השקעה סחירים מניות סחיר,קרנות השתלמות,מניות אקטיבי,קרנות השתלמות | מניות אקטיבי,2024,11.0248,5,293.6
gemel,15239,מור קרן השתלמות לשכירים ולעצמאים עוקבי מדדים עוקב מדדים - גמיש,קרנות השתלמות,כללי/מעורב/גמיש/תלוי גיל,קרנות השתלמות | כללי/מעורב/גמיש/תלוי גיל,2024,-1.888,5,87.6
gemel,1524,הראל גמל מסלול הלכה,תגמולים ואישית לפיצויים,כללי/מעורב/גמיש/תלוי גיל,תגמולים ואישית לפיצויים | כללי/מעורב/גמיש/תלוי גיל,2024,11.4096,12,227.8
gemel,15240,"מור קרן השתלמות לשכירים ולעצמאים עוקבי מדדים עוקב מדדי אג""ח עם מניות (עד 25% מניות)",קרנות השתלמות,עד 25% מניות,קרנות השתלמות | עד 25% מניות,2024,-2.5572,5,12.2
gemel,15241,מור קרן השתלמות לשכירים ולעצמאים עוקבי מדדים עוקב מדדי מניות,קרנות השתלמות,מניות פאסיבי,קרנות השתלמות | מניות פאסיבי,2024,0.448,5,224.1
gemel,15242,"מור קרן השתלמות לשכירים ולעצמאים עוקבי מדדים עוקב מדדי אג""ח",קרנות השתלמות,"אג""ח ללא מניות","קרנות השתלמות | אג""ח ללא מניות",2024,-3.1387,5,84.8
gemel,15247,"אלפא מור קופת גמל לחיסכון, קופת גמל לתגמולים וקופת גמל אישית לפיצויים מתמחים באפיקי השקעה סחירים מניות סחיר",תגמולים ואישית לפיצויים,מניות אקטיבי,תגמולים ואישית לפיצויים | מניות אקטיבי,2024,11.2088,5,306.6
gemel,15248,"אלפא מור קופת גמל לחיסכון, קופת גמל לתגמולים וקופת גמל אישית לפיצויים מתמחים באפיקי השקעה סחירים אג""ח סחיר",תגמולים ואישית לפיצויים,"אג""ח ללא מניות","תגמולים ואישית לפיצויים | אג""ח ללא מניות",2024,5.5159,5,39.3
gemel,15249,"אלפא מור קופת גמל לחיסכון, קופת גמל לתגמולים וקופת גמל אישית לפיצויים עוקבי מדדים עוקב מדדי מניות",תגמולים ואישית לפיצויים,מניות פאסיבי,תגמולים ואישית לפיצויים | מניות פאסיבי,2024,0.4942,5,250.9
gemel,15250,"אלפא מור קופת גמל לחיסכון, קופת גמל לתגמולים וקופת גמל אישית לפיצויים עוקבי מדדים עוקב מדדי אג""ח",תגמולים ואישית לפיצויים,"אג""ח ללא מניות","תגמולים ואישית לפיצויים | אג""ח ללא מניות",2024,-2.3862,5,94.2
gemel,15253,מור גמל להשקעה - משולב סחיר,קופת גמל להשקעה,כללי/מעורב/גמיש/תלוי גיל,קופת גמל להשקעה | כללי/מעורב/גמיש/תלוי גיל,2024,8.2841,5,42.7
gemel,15254,"מור גמל להשקעה - אג""ח עם מניות (עד 25% מניות) סחיר",קופת גמל להשקעה,עד 25% מניות,קופת גמל להשקעה | עד 25% מניות,2024,7.0676,5,12.6
gemel,15255,"מור גמל להשקעה - אג""ח סחיר",קופת גמל להשקעה,"אג""ח ללא מניות","קופת גמל להשקעה | אג""ח ללא מניות",2024,5.5468,5,6.9
gemel,15256,מור גמל להשקעה - מניות סחיר,קופת גמל להשקעה,מניות אקטיבי,קופת גמל להשקעה | מניות אקטיבי,2024,11.2908,5,92.6
gemel,15257,מור גמל להשקעה - עוקב מדדים גמיש,קופת גמל להשקעה,כללי/מעורב/גמיש/תלוי גיל,קופת גמל להשקעה | כללי/מעורב/גמיש/תלוי גיל,2024,-1.368,5,16.4
gemel,15258,"מור גמל להשקעה - עוקב מדדים אג""ח עם מניות (עד 25% מניות)",קופת גמל להשקעה,עד 25% מניות,קופת גמל להשקעה | עד 25% מניות,2024,-1.7282,5,4.7
gemel,15259,מור גמל להשקעה - עוקב מדדי מניות,קופת גמל להשקעה,מניות פאסיבי,קופת גמל להשקעה | מניות פאסיבי,2024,0.0835,5,108.2
gemel,15260,"מור גמל להשקעה - עוקב מדדי אג""ח",קופת גמל להשקעה,"אג""ח ללא מניות","קופת גמל להשקעה | אג""ח ללא מניות",2024,-2.8976,5,38.8
gemel,15283,"הראל גמל להשקעה אשראי ואג""ח",קופת גמל להשקעה,"אג""ח ללא מניות","קופת גמל להשקעה | אג""ח ללא מניות",2024,3.938,5,11.1
gemel,15284,הראל גמל להשקעה עוקב מדדים - גמיש,קופת גמל להשקעה,כללי/מעורב/גמיש/תלוי גיל,קופת גמל להשקעה | כללי/מעורב/גמיש/תלוי גיל,2024,6.1381,5,22.8
gemel,15285,"הראל גמל להשקעה עוקב מדדי אג""ח",קופת גמל להשקעה,"אג""ח ללא מניות","קופת גמל להשקעה | אג""ח ללא מניות",2024,-2.6763,5,9.6
gemel,15286,הראל גמל להשקעה מניות סחיר,קופת גמל להשקעה,מניות אקטיבי,קופת גמל להשקעה | מניות אקטיבי,2024,21.5106,5,19.3
gemel,15287,"הראל גמל להשקעה אג""ח סחיר",קופת גמל להשקעה,"אג""ח ללא מניות","קופת גמל להשקעה | אג""ח ללא מניות",2024,3.9684,5,9.9
gemel,15288,הראל גמל להשקעה משולב סחיר,קופת גמל להשקעה,כללי/מעורב/גמיש/תלוי גיל,קופת גמל להשקעה | כללי/מעורב/גמיש/תלוי גיל,2024,-0.5001,5,16.5
gemel,15289,"הראל גמל להשקעה מסלול סחיר- אג""ח עם מניות (עד 25% מניות)",קופת גמל להשקעה,עד 25% מניות,קופת גמל להשקעה | עד 25% מניות,2024,4.6213,5,1.8
gemel,15290,"הראל גמל להשקעה עוקב מדדים- אג""ח עם מניות (עד 25% מניות)",קופת גמל להשקעה,עד 25% מניות,קופת גמל להשקעה | עד 25% מניות,2024,4.5559,5,5.3
gemel,15291,הראל גמל קיימות,תגמולים ואישית לפיצויים,כללי/מעורב/גמיש/תלוי גיל,תגמולים ואישית לפיצויים | כללי/מעורב/גמיש/תלוי גיל,2024,-11.0144,5,1.6
gemel,15292,"הראל גמל- עוקב מדדי אג""ח",תגמולים ואישית לפיצויים,"אג""ח ללא מניות","תגמולים ואישית לפיצויים | אג""ח ללא מניות",2024,-2.0356,5,43.4
gemel,15293,הראל גמל- עוקב מדדי מניות,תגמולים ואישית לפיצויים,מניות פאסיבי,תגמולים ואישית לפיצויים | מניות פאסיבי,2024,7.5369,5,110.4
gemel,15294,"הראל גמל- אג""ח סחיר",תגמולים ואישית לפיצויים,"אג""ח ללא מניות","תגמולים ואישית לפיצויים | אג""ח ללא מניות",2024,4.3308,5,53.9
gemel,15295,הראל גמל- מניות סחיר,תגמולים ואישית לפיצויים,מניות אקטיבי,תגמולים ואישית לפיצויים | מניות אקטיבי,2024,23.4528,5,62.5
gemel,15296,הראל השתלמות קיימות,קרנות השתלמות,כללי/מעורב/גמיש/תלוי גיל,קרנות השתלמות | כללי/מעורב/גמיש/תלוי גיל,2024,-10.9881,5,1.3
gemel,15297,הראל השתלמות עוקב מדדים - גמיש,קרנות השתלמות,כללי/מעורב/גמיש/תלוי גיל,קרנות השתלמות | כללי/מעורב/גמיש/תלוי גיל,2024,6.0961,5,64.0
gemel,15298,"הראל השתלמות עוקב מדדי אג""ח",קרנות השתלמות,"אג""ח ללא מניות","קרנות השתלמות | אג""ח ללא מניות",2024,-2.2777,5,24.6
gemel,15299,"הראל השתלמות עוקב מדדים- אג""ח עם מניות (עד 25% מניות)",קרנות השתלמות,עד 25% מניות,קרנות השתלמות | עד 25% מניות,2024,4.4626,5,10.9
gemel,15300,הראל השתלמות עוקב מדדי מניות,קרנות השתלמות,מניות פאסיבי,קרנות השתלמות | מניות פאסיבי,2024,7.1576,5,127.4
gemel,15301,"הראל השתלמות אג""ח סחיר",קרנות השתלמות,"אג""ח ללא מניות","קרנות השתלמות | אג""ח ללא מניות",2024,4.3204,5,33.0
gemel,15302,הראל השתלמות מניות סחיר,קרנות השתלמות,מניות אקטיבי,קרנות השתלמות | מניות אקטיבי,2024,22.78,5,65.0
gemel,15303,"הראל השתלמות מסלול סחיר- אג""ח עם מניות (עד 25% מניות)",קרנות השתלמות,עד 25% מניות,קרנות השתלמות | עד 25% מניות,2024,4.9597,5,17.1
gemel,15309,אנליסט מסלולית - קופת גמל להשקעה עוקב מדדי מניות,קופת גמל להשקעה,מניות פאסיבי,קופת גמל להשקעה | מניות פאסיבי,2024,3.5988,5,58.0
gemel,15310,אנליסט מסלולית קופת גמל עוקב מדדי מניות,תגמולים ואישית לפיצויים,מניות פאסיבי,תגמולים ואישית לפיצויים | מניות פאסיבי,2024,3.3522,5,142.5
gemel,15311,אנליסט מסלולית - קרן השתלמות עוקב מדדים - גמיש,קרנות השתלמות,כללי/מעורב/גמיש/תלוי גיל,קרנות השתלמות | כללי/מעורב/גמיש/תלוי גיל,2024,24.225,5,73.3
gemel,15312,אנליסט מסלולית - קרן השתלמות עוקב מדדי מניות,קרנות השתלמות,מניות פאסיבי,קרנות השתלמות | מניות פאסיבי,2024,3.4154,5,125.0
gemel,15315,אלטשולר שחם חיסכון פלוס עוקב מדדים גמיש,קופת גמל להשקעה,כללי/מעורב/גמיש/תלוי גיל,קופת גמל להשקעה | כללי/מעורב/גמיש/תלוי גיל,2024,3.49,5,26.3
gemel,1533,כלל תמר מסלול הלכתי (הוד),תגמולים ואישית לפיצויים,כללי/מעורב/גמיש/תלוי גיל,תגמולים ואישית לפיצויים | כללי/מעורב/גמיש/תלוי גיל,2024,11.1039,12,113.0
gemel,1534,כלל השתלמות הלכה,קרנות השתלמות,כללי/מעורב/גמיש/תלוי גיל,קרנות השתלמות | כללי/מעורב/גמיש/תלוי גיל,2024,11.1713,12,281.1
gemel,15340,"מגדל השתלמות אשראי ואג""ח עם מניות (עד 25% מניות)",קרנות השתלמות,עד 25% מניות,קרנות השתלמות | עד 25% מניות,2024,4.9296,5,24.6
gemel,15341,מגדל גמל להשקעה מסלול עוקב מדדים - גמיש,קופת גמל להשקעה,כללי/מעורב/גמיש/תלוי גיל,קופת גמל להשקעה | כללי/מעורב/גמיש/תלוי גיל,2024,-0.5997,5,96.5
gemel,15343,"מנורה מבטחים תגמולים ופיצויים מסלול אג""ח ממשלות",תגמולים ואישית לפיצויים,"אג""ח ללא מניות","תגמולים ואישית לפיצויים | אג""ח ללא מניות",2024,3.1881,5,627.9
gemel,15344,"מיטב גמל אג""ח סחיר",תגמולים ואישית לפיצויים,"אג""ח ללא מניות","תגמולים ואישית לפיצויים | אג""ח ללא מניות",2024,-2.3475,5,118.2
gemel,15345,מיטב גמל מניות סחיר,תגמולים ואישית לפיצויים,מניות אקטיבי,תגמולים ואישית לפיצויים | מניות אקטיבי,2024,-1.7678,5,157.4
gemel,15346,מיטב גמל קיימות,תגמולים ואישית לפיצויים,כללי/מעורב/גמיש/תלוי גיל,תגמולים ואישית לפיצויים | כללי/מעורב/גמיש/תלוי גיל,2024,4.7276,5,112.5
gemel,15347,"מיטב גמל להשקעה אג""ח סחיר",קופת גמל להשקעה,"אג""ח ללא מניות","קופת גמל להשקעה | אג""ח ללא מניות",2024,-1.9285,5,9.1
gemel,15348,"מיטב גמל להשקעה סחיר - אג""ח עם מניות (עד 25% מניות)",קופת גמל להשקעה,עד 25% מניות,קופת גמל להשקעה | עד 25% מניות,2024,4.0862,5,8.2
gemel,15349,מיטב גמל להשקעה משולב סחיר,קופת גמל להשקעה,כללי/מעורב/גמיש/תלוי גיל,קופת גמל להשקעה | כללי/מעורב/גמיש/תלוי גיל,2024,23.1085,5,28.8
gemel,1535,אנליסט השתלמות כספי (שקלי),קרנות השתלמות,כספי,קרנות השתלמות | כספי,2024,4.2713,12,99.3
gemel,15350,מיטב גמל להשקעה מניות סחיר,קופת גמל להשקעה,מניות אקטיבי,קופת גמל להשקעה | מניות אקטיבי,2024,-1.4303,5,39.6
gemel,15351,"מיטב גמל להשקעה עוקב מדדי אג""ח עם מניות (עד 25% מניות)",קופת גמל להשקעה,עד 25% מניות,קופת גמל להשקעה | עד 25% מניות,2024,-0.8234,5,9.2
gemel,15352,מיטב השתלמות מניות סחיר,קרנות השתלמות,מניות אקטיבי,קרנות השתלמות | מניות אקטיבי,2024,-1.6589,5,161.0
gemel,15353,"מיטב השתלמות אג""ח סחיר",קרנות השתלמות,"אג""ח ללא מניות","קרנות השתלמות | אג""ח ללא מניות",2024,-0.8408,5,21.0
gemel,15354,"מיטב השתלמות סחיר - אג""ח עם מניות (עד 25% מניות)",קרנות השתלמות,עד 25% מניות,קרנות השתלמות | עד 25% מניות,2024,4.127,5,19.9
gemel,15355,מיטב השתלמות משולב סחיר,קרנות השתלמות,כללי/מעורב/גמיש/תלוי גיל,קרנות השתלמות | כללי/מעורב/גמיש/תלוי גיל,2024,22.2087,5,116.5
gemel,15356,מיטב השתלמות עוקב מדדי מניות,קרנות השתלמות,מניות פאסיבי,קרנות השתלמות | מניות פאסיבי,2024,8.4354,5,327.6
gemel,15357,"מיטב השתלמות עוקב מדדי אג""ח עם מניות (עד 25% מניות)",קרנות השתלמות,עד 25% מניות,קרנות השתלמות | עד 25% מניות,2024,-0.9527,5,30.9
gemel,15358,מיטב השתלמות קיימות,קרנות השתלמות,כללי/מעורב/גמיש/תלוי גיל,קרנות השתלמות | כללי/מעורב/גמיש/תלוי גיל,2024,4.6283,5,95.8
gemel,1536,אינפיניטי גמל מניות,תגמולים ואישית לפיצויים,מניות אקטיבי,תגמולים ואישית לפיצויים | מניות אקטיבי,2024,28.5795,12,296.0
gemel,1537,אינפיניטי השתלמות מניות,קרנות השתלמות,מניות אקטיבי,קרנות השתלמות | מניות אקטיבי,2024,26.406,12,366.9
gemel,15396,אינפיניטי גמל הלכה,תגמולים ואישית לפיצויים,כללי/מעורב/גמיש/תלוי גיל,תגמולים ואישית לפיצויים | כללי/מעורב/גמיש/תלוי גיל,2024,-1.96,1,3.7
gemel,154,הראל השתלמות כללי,קרנות השתלמות,כללי/מעורב/גמיש/תלוי גיל,קרנות השתלמות | כללי/מעורב/גמיש/תלוי גיל,2024,10.9045,12,13737.8
gemel,15418,אינפיניטי גמל להשקעה משולב סחיר,קופת גמל להשקעה,כללי/מעורב/גמיש/תלוי גיל,קופת גמל להשקעה | כללי/מעורב/גמיש/תלוי גיל,2024,5.65,1,0.8
gemel,15419,ילין לפידות קופת גמל מסלול עוקב מדד s&p 500,תגמולים ואישית לפיצויים,מניות פאסיבי,תגמולים ואישית לפיצויים | מניות פאסיבי,2024,0.3747,3,116.3
gemel,15420,ילין לפידות קופת גמל להשקעה מסלול עוקב מדד s&p 500,קופת גמל להשקעה,מניות פאסיבי,קופת גמל להשקעה | מניות פאסיבי,2024,0.555,3,83.8
gemel,15423,אינפיניטי גמל עוקב מדדי מניות,תגמולים ואישית לפיצויים,מניות פאסיבי,תגמולים ואישית לפיצויים | מניות פאסיבי,2024,-1.34,1,0.4
gemel,1689,מיטב גמל עוקב מדדי מניות,תגמולים ואישית לפיצויים,מניות פאסיבי,תגמולים ואישית לפיצויים | מניות פאסיבי,2024,24.4629,12,2645.5
gemel,1692,"מיטב גמל עוקב מדדי אג""ח",תגמולים ואישית לפיצויים,"אג""ח ללא מניות","תגמולים ואישית לפיצויים | אג""ח ללא מניות",2024,7.8345,12,1120.8
gemel,199,"מגדל השתלמות מסלול אשראי ואג""ח",קרנות השתלמות,"אג""ח ללא מניות","קרנות השתלמות | אג""ח ללא מניות",2024,5.7235,12,435.5
gemel,2017,אלטשולר שחם גמל הלכה,תגמולים ואישית לפיצויים,כללי/מעורב/גמיש/תלוי גיל,תגמולים ואישית לפיצויים | כללי/מעורב/גמיש/תלוי גיל,2024,12.2621,12,237.3
gemel,2048,מגדל השתלמות מסלול הלכה,קרנות השתלמות,כללי/מעורב/גמיש/תלוי גיל,קרנות השתלמות | כללי/מעורב/גמיש/תלוי גיל,2024,12.0576,12,346.7
gemel,2049,הפניקס גמל שריעה,תגמולים ואישית לפיצויים,כללי/מעורב/גמיש/תלוי גיל,תגמולים ואישית לפיצויים | כללי/מעורב/גמיש/תלוי גיל,2024,24.5271,12,57.2
gemel,2058,הפניקס השתלמות שריעה,קרנות השתלמות,כללי/מעורב/גמיש/תלוי גיל,קרנות השתלמות | כללי/מעורב/גמיש/תלוי גיל,2024,24.5028,12,78.0
gemel,211,"הפניקס גמל אג""ח עד 15% מניות",תגמולים ואישית לפיצויים,עד 25% מניות,תגמולים ואישית לפיצויים | עד 25% מניות,2024,2.7219,7,0.0
gemel,2115,"כלל השתלמות אג""ח",קרנות השתלמות,"אג""ח ללא מניות","קרנות השתלמות | אג""ח ללא מניות",2024,0.7587,6,162.1
gemel,223,"מיטב גמל אשראי ואג""ח",תגמולים ואישית לפיצויים,"אג""ח ללא מניות","תגמולים ואישית לפיצויים | אג""ח ללא מניות",2024,6.1544,12,1220.3
gemel,2252,"אינפיניטי השתלמות אג""ח עד 15% מניות",קרנות השתלמות,עד 25% מניות,קרנות השתלמות | עד 25% מניות,2024,2.8876,7,0.0
gemel,2254,אינפיניטי השתלמות משולב סחיר,קרנות השתלמות,כללי/מעורב/גמיש/תלוי גיל,קרנות השתלמות | כללי/מעורב/גמיש/תלוי גיל,2024,33.2154,12,12.5
gemel,253,"כלל תמר אג""ח עד 25% מניות",תגמולים ואישית לפיצויים,עד 25% מניות,תגמולים ואישית לפיצויים | עד 25% מניות,2024,2.6708,6,8409.7
gemel,260,מנורה מבטחים אמיר כללי,תגמולים ואישית לפיצויים,כללי/מעורב/גמיש/תלוי גיל,תגמולים ואישית לפיצויים | כללי/מעורב/גמיש/תלוי גיל,2024,12.0629,12,460.7
gemel,263,"בר קרן גמולים קופת גמל לתגמולים ופיצויים בניהול כלל גמל בע""מ",תגמולים ואישית לפיצויים,כללי/מעורב/גמיש/תלוי גיל,תגמולים ואישית לפיצויים | כללי/מעורב/גמיש/תלוי גיל,2024,11.9436,12,4377.2
gemel,385,"הפניקס גמל אשראי ואג""ח",תגמולים ואישית לפיצויים,"אג""ח ללא מניות","תגמולים ואישית לפיצויים | אג""ח ללא מניות",2024,5.6071,12,1001.8
gemel,401,הפניקס גמל לבני 60 ומעלה,תגמולים ואישית לפיצויים,כללי/מעורב/גמיש/תלוי גיל,תגמולים ואישית לפיצויים | כללי/מעורב/גמיש/תלוי גיל,2024,10.3655,12,8064.8
gemel,416,"הראל השתלמות אשראי ואג""ח עם מניות (עד 25% מניות)",קרנות השתלמות,עד 25% מניות,קרנות השתלמות | עד 25% מניות,2024,6.5869,12,3191.0
gemel,456,כלל השתלמות כללי,קרנות השתלמות,כללי/מעורב/גמיש/תלוי גיל,קרנות השתלמות | כללי/מעורב/גמיש/תלוי גיל,2024,12.5655,12,19232.6
gemel,472,"אלטשולר שחם גמל אג""ח עד 15% במניות",תגמולים ואישית לפיצויים,עד 25% מניות,תגמולים ואישית לפיצויים | עד 25% מניות,2024,2.5509,6,3027.7
gemel,481,מיטב השתלמות עוקב מדדים גמיש,קרנות השתלמות,כללי/מעורב/גמיש/תלוי גיל,קרנות השתלמות | כללי/מעורב/גמיש/תלוי גיל,2024,11.996,12,2004.8
gemel,502,"הראל גמל מסלול אג""ח עד 20% מניות",תגמולים ואישית לפיצויים,עד 25% מניות,תגמולים ואישית לפיצויים | עד 25% מניות,2024,1.9714,7,0.0
gemel,551,מיטב גמל לבני 60 ומעלה,תגמולים ואישית לפיצויים,כללי/מעורב/גמיש/תלוי גיל,תגמולים ואישית לפיצויים | כללי/מעורב/גמיש/תלוי גיל,2024,9.9325,12,12273.8
gemel,554,מיטב השתלמות עד 6 שנות וותק,קרנות השתלמות,כללי/מעורב/גמיש/תלוי גיל,קרנות השתלמות | כללי/מעורב/גמיש/תלוי גיל,2024,4.9443,7,0.0
gemel,558,"אלטשולר שחם השתלמות אשראי ואג""ח עם מניות (עד 25% מניות)",קרנות השתלמות,עד 25% מניות,קרנות השתלמות | עד 25% מניות,2024,6.9356,12,5148.1
gemel,566,הראל השתלמות לטווח ארוך,קרנות השתלמות,כללי/מעורב/גמיש/תלוי גיל,קרנות השתלמות | כללי/מעורב/גמיש/תלוי גיל,2024,4.8424,7,0.0
gemel,579,מגדל השתלמות מסלול כללי,קרנות השתלמות,כללי/מעורב/גמיש/תלוי גיל,קרנות השתלמות | כללי/מעורב/גמיש/תלוי גיל,2024,12.1831,12,17585.2
gemel,592,כלל תמר שקלים,תגמולים ואישית לפיצויים,"אג""ח ללא מניות","תגמולים ואישית לפיצויים | אג""ח ללא מניות",2024,-0.3589,6,160.1
gemel,686,הפניקס השתלמות לטווח קצר,קרנות השתלמות,כללי/מעורב/גמיש/תלוי גיל,קרנות השתלמות | כללי/מעורב/גמיש/תלוי גיל,2024,4.9699,7,0.0
gemel,715,הפניקס השתלמות כספי (שקלי),קרנות השתלמות,כספי,קרנות השתלמות | כספי,2024,4.5417,12,275.0
gemel,716,"הפניקס השתלמות אשראי ואג""ח",קרנות השתלמות,"אג""ח ללא מניות","קרנות השתלמות | אג""ח ללא מניות",2024,5.8188,12,691.8
gemel,7215,מיטב גמל לבני 50 ומטה,תגמולים ואישית לפיצויים,כללי/מעורב/גמיש/תלוי גיל,תגמולים ואישית לפיצויים | כללי/מעורב/גמיש/תלוי גיל,2024,14.7561,12,3021.6
gemel,7231,אינפיניטי גמל מסלול לבני 50 ומטה,תגמולים ואישית לפיצויים,כללי/מעורב/גמיש/תלוי גיל,תגמולים ואישית לפיצויים | כללי/מעורב/גמיש/תלוי גיל,2024,15.9284,12,57.7
gemel,7232,אינפיניטי גמל מסלול לבני 50 עד 60,תגמולים ואישית לפיצויים,כללי/מעורב/גמיש/תלוי גיל,תגמולים ואישית לפיצויים | כללי/מעורב/גמיש/תלוי גיל,2024,15.0338,12,235.4
gemel,7233,אינפיניטי גמל מסלול לבני 60 ומעלה,תגמולים ואישית לפיצויים,כללי/מעורב/גמיש/תלוי גיל,תגמולים ואישית לפיצויים | כללי/מעורב/גמיש/תלוי גיל,2024,11.9429,12,88.7
gemel,7256,מגדל השתלמות מסלול עוקב מדדים - גמיש,קרנות השתלמות,כללי/מעורב/גמיש/תלוי גיל,קרנות השתלמות | כללי/מעורב/גמיש/תלוי גיל,2024,6.1789,12,611.2
gemel,761,הראל גמל מסלול מניות,תגמולים ואישית לפיצויים,מניות אקטיבי,תגמולים ואישית לפיצויים | מניות אקטיבי,2024,19.9915,12,945.0
gemel,762,"הראל גמל מסלול אג""ח עד 10% מניות",תגמולים ואישית לפיצויים,עד 25% מניות,תגמולים ואישית לפיצויים | עד 25% מניות,2024,1.5681,7,0.0
gemel,763,הראל השתלמות מסלול מניות,קרנות השתלמות,מניות אקטיבי,קרנות השתלמות | מניות אקטיבי,2024,20.2889,12,1738.2
gemel,764,"הראל השתלמות אג""ח עד 10% מניות",קרנות השתלמות,עד 25% מניות,קרנות השתלמות | עד 25% מניות,2024,1.6185,7,0.0
gemel,767,מיטב גמל הלכה,תגמולים ואישית לפיצויים,כללי/מעורב/גמיש/תלוי גיל,תגמולים ואישית לפיצויים | כללי/מעורב/גמיש/תלוי גיל,2024,11.6755,12,220.4
gemel,768,מיטב השתלמות הלכה,קרנות השתלמות,כללי/מעורב/גמיש/תלוי גיל,קרנות השתלמות | כללי/מעורב/גמיש/תלוי גיל,2024,11.8171,12,415.3
gemel,7798,אלטשולר שחם חיסכון פלוס כללי,קופת גמל להשקעה,כללי/מעורב/גמיש/תלוי גיל,קופת גמל להשקעה | כללי/מעורב/גמיש/תלוי גיל,2024,12.9949,12,5051.8
gemel,7799,אלטשולר שחם חיסכון פלוס מניות,קופת גמל להשקעה,מניות אקטיבי,קופת גמל להשקעה | מניות אקטיבי,2024,21.5632,12,3992.2
gemel,7800,"אלטשולר שחם חיסכון פלוס אשראי ואג""ח עם מניות (עד 25% במניות)",קופת גמל להשקעה,עד 25% מניות,קופת גמל להשקעה | עד 25% מניות,2024,7.3388,12,780.0
gemel,7801,"אלטשולר שחם חיסכון פלוס אשראי ואג""ח",קופת גמל להשקעה,"אג""ח ללא מניות","קופת גמל להשקעה | אג""ח ללא מניות",2024,4.9502,12,147.0
gemel,7802,אלטשולר שחם חיסכון פלוס כספי (שקלי),קופת גמל להשקעה,כספי,קופת גמל להשקעה | כספי,2024,4.6248,12,65.3
gemel,7834,אנליסט מסלולית - קופת גמל להשקעה כללי,קופת גמל להשקעה,כללי/מעורב/גמיש/תלוי גיל,קופת גמל להשקעה | כללי/מעורב/גמיש/תלוי גיל,2024,13.5211,12,2449.1
gemel,7836,אנליסט מסלולית - קופת גמל להשקעה מניות,קופת גמל להשקעה,מניות אקטיבי,קופת גמל להשקעה | מניות אקטיבי,2024,23.825,12,3879.2
gemel,7837,"אנליסט מסלולית - קופת גמל להשקעה אשראי ואג""ח",קופת גמל להשקעה,"אג""ח ללא מניות","קופת גמל להשקעה | אג""ח ללא מניות",2024,4.9194,12,39.9
gemel,7839,אנליסט מסלולית - קופת גמל להשקעה כספי (שקלי),קופת גמל להשקעה,כספי,קופת גמל להשקעה | כספי,2024,4.3128,12,37.4
gemel,7842,אנליסט מסלולית - קופת גמל להשקעה משולב סחיר,קופת גמל להשקעה,כללי/מעורב/גמיש/תלוי גיל,קופת גמל להשקעה | כללי/מעורב/גמיש/תלוי גיל,2024,11.7406,12,388.4
gemel,7843,אנליסט מסלולית - קופת גמל להשקעה עוקב מדדים - גמיש,קופת גמל להשקעה,כללי/מעורב/גמיש/תלוי גיל,קופת גמל להשקעה | כללי/מעורב/גמיש/תלוי גיל,2024,28.5538,12,64.1
gemel,7860,מיטב גמל להשקעה מניות,קופת גמל להשקעה,מניות אקטיבי,קופת גמל להשקעה | מניות אקטיבי,2024,22.0835,12,616.8
gemel,7861,מיטב גמל להשקעה כספי (שקלי),קופת גמל להשקעה,כספי,קופת גמל להשקעה | כספי,2024,4.6147,12,35.9
gemel,7862,"מיטב גמל להשקעה אשראי ואג""ח",קופת גמל להשקעה,"אג""ח ללא מניות","קופת גמל להשקעה | אג""ח ללא מניות",2024,5.8281,12,133.3
gemel,7863,מיטב גמל להשקעה הלכה,קופת גמל להשקעה,כללי/מעורב/גמיש/תלוי גיל,קופת גמל להשקעה | כללי/מעורב/גמיש/תלוי גיל,2024,11.1512,12,56.2
gemel,7867,מיטב גמל להשקעה עוקב מדדי מניות,קופת גמל להשקעה,מניות פאסיבי,קופת גמל להשקעה | מניות פאסיבי,2024,24.5136,12,808.0
gemel,7892,סלייס קופת גמל להשקעה מדד מניות,קופת גמל להשקעה,מניות פאסיבי,קופת גמל להשקעה | מניות פאסיבי,2024,24.5962,12,2.5
gemel,7893,"סלייס קופת גמל להשקעה מדד אג""ח",קופת גמל להשקעה,"אג""ח ללא מניות","קופת גמל להשקעה | אג""ח ללא מניות",2024,3.5084,11,1.0
gemel,7895,סלייס קופת גמל להשקעה מדד ללא מניות,קופת גמל להשקעה,"אג""ח ללא מניות","קופת גמל להשקעה | אג""ח ללא מניות",2024,1.7628,11,0.3
gemel,7896,"סלייס קופת גמל להשקעה מדד חו""ל",קופת גמל להשקעה,מניות פאסיבי,קופת גמל להשקעה | מניות פאסיבי,2024,24.2559,12,16.9
gemel,7897,"סלייס קופת גמל להשקעה אג""ח ללא מניות",קופת גמל להשקעה,"אג""ח ללא מניות","קופת גמל להשקעה | אג""ח ללא מניות",2024,3.6303,12,89.2
gemel,7900,סלייס קופת גמל להשקעה כללי כללי,קופת גמל להשקעה,כללי/מעורב/גמיש/תלוי גיל,קופת גמל להשקעה | כללי/מעורב/גמיש/תלוי גיל,2024,13.3244,12,11.0
gemel,7905,"הפניקס גמל להשקעה אשראי ואג""ח",קופת גמל להשקעה,"אג""ח ללא מניות","קופת גמל להשקעה | אג""ח ללא מניות",2024,6.0952,12,87.2
gemel,7906,"הפניקס גמל להשקעה אשראי ואג""ח עם מניות (עד 25% מניות)",קופת גמל להשקעה,עד 25% מניות,קופת גמל להשקעה | עד 25% מניות,2024,8.5959,12,219.4
gemel,7907,הפניקס גמל להשקעה עוקב מדדי מניות,קופת גמל להשקעה,מניות פאסיבי,קופת גמל להשקעה | מניות פאסיבי,2024,9.2597,12,210.7
gemel,7908,הפניקס גמל להשקעה כללי,קופת גמל להשקעה,כללי/מעורב/גמיש/תלוי גיל,קופת גמל להשקעה | כללי/מעורב/גמיש/תלוי גיל,2024,14.4243,12,1806.3
gemel,7909,הפניקס גמל להשקעה עוקב מדדים - גמיש,קופת גמל להשקעה,כללי/מעורב/גמיש/תלוי גיל,קופת גמל להשקעה | כללי/מעורב/גמיש/תלוי גיל,2024,10.3451,12,137.1
gemel,7931,מגדל גמל להשקעה כספי (שקלי),קופת גמל להשקעה,כספי,קופת גמל להשקעה | כספי,2024,4.2088,12,21.9
gemel,7932,"מגדל גמל להשקעה אג""ח ממשלות",קופת גמל להשקעה,"אג""ח ללא מניות","קופת גמל להשקעה | אג""ח ללא מניות",2024,2.6319,12,9.8
gemel,7933,"מגדל גמל להשקעה חו""ל",קופת גמל להשקעה,כללי/מעורב/גמיש/תלוי גיל,קופת גמל להשקעה | כללי/מעורב/גמיש/תלוי גיל,2024,9.0101,6,91.7
gemel,7934,מגדל גמל להשקעה מניות,קופת גמל להשקעה,מניות אקטיבי,קופת גמל להשקעה | מניות אקטיבי,2024,22.0302,12,288.7
gemel,7935,"מגדל גמל להשקעה מסלול אשראי ואג""ח עם מניות (עד 25% מניות)",קופת גמל להשקעה,עד 25% מניות,קופת גמל להשקעה | עד 25% מניות,2024,8.0635,12,56.5
gemel,7936,מגדל גמל להשקעה כללי,קופת גמל להשקעה,כללי/מעורב/גמיש/תלוי גיל,קופת גמל להשקעה | כללי/מעורב/גמיש/תלוי גיל,2024,12.924,12,632.3
gemel,7937,מגדל גמל להשקעה הלכה,קופת גמל להשקעה,כללי/מעורב/גמיש/תלוי גיל,קופת גמל להשקעה | כללי/מעורב/גמיש/תלוי גיל,2024,12.1008,12,45.8
gemel,7957,"מור גמל להשקעה מסלול מחקה מדד ת""א 35",קופת גמל להשקעה,מניות פאסיבי,קופת גמל להשקעה | מניות פאסיבי,2024,6.0423,6,70.8
gemel,7958,מור גמל להשקעה - עוקב מדד S&P500,קופת גמל להשקעה,מניות פאסיבי,קופת גמל להשקעה | מניות פאסיבי,2024,25.3131,12,1717.4
gemel,7960,מור גמל להשקעה מסלול מחקה מדד תל בונד 20,קופת גמל להשקעה,"אג""ח ללא מניות","קופת גמל להשקעה | אג""ח ללא מניות",2024,0.6875,6,10.0
gemel,7961,"מור גמל להשקעה מסלול מחקה מדד אג""ח ממשלתי, צמודות מדד ממשלתי לטווח 5-10 שנים",קופת גמל להשקעה,"אג""ח ללא מניות","קופת גמל להשקעה | אג""ח ללא מניות",2024,-1.6332,6,21.4
gemel,7962,"מור גמל להשקעה מסלול מחקה מדד אג""ח ממשלתי, לא צמודות בריבית קבועה",קופת גמל להשקעה,"אג""ח ללא מניות","קופת גמל להשקעה | אג""ח ללא מניות",2024,-1.9858,6,10.6
gemel,7963,מור גמל להשקעה - כספי (שקלי),קופת גמל להשקעה,כספי,קופת גמל להשקעה | כספי,2024,4.3233,12,42.7
gemel,7975,הפניקס גמל להשקעה מניות,קופת גמל להשקעה,מניות אקטיבי,קופת גמל להשקעה | מניות אקטיבי,2024,23.1382,12,343.1
gemel,7978,מיטב גמל להשקעה כללי,קופת גמל להשקעה,כללי/מעורב/גמיש/תלוי גיל,קופת גמל להשקעה | כללי/מעורב/גמיש/תלוי גיל,2024,13.4871,12,1941.1
gemel,7979,מיטב גמל להשקעה עוקב מדדים גמיש,קופת גמל להשקעה,כללי/מעורב/גמיש/תלוי גיל,קופת גמל להשקעה | כללי/מעורב/גמיש/תלוי גיל,2024,11.934,12,266.4
gemel,7980,"מיטב גמל להשקעה אשראי ואג""ח עם מניות (עד 25% במניות)",קופת גמל להשקעה,עד 25% מניות,קופת גמל להשקעה | עד 25% מניות,2024,8.9075,12,238.7
gemel,7981,מיטב גמל להשקעה מסלול אג''ח עד 10% מניות,קופת גמל להשקעה,עד 25% מניות,קופת גמל להשקעה | עד 25% מניות,2024,5.0756,7,0.0
gemel,7986,"אנליסט מסלולית - קופת גמל להשקעה אשראי ואג""ח עד 25% מניות",קופת גמל להשקעה,עד 25% מניות,קופת גמל להשקעה | עד 25% מניות,2024,8.3762,12,112.9
gemel,7988,כלל גמל לעתיד כללי,קופת גמל להשקעה,כללי/מעורב/גמיש/תלוי גיל,קופת גמל להשקעה | כללי/מעורב/גמיש/תלוי גיל,2024,12.9221,12,1388.8
gemel,7989,"כלל גמל לעתיד אשראי ואג""ח",קופת גמל להשקעה,"אג""ח ללא מניות","קופת גמל להשקעה | אג""ח ללא מניות",2024,5.2698,12,40.2
gemel,7990,"כלל גמל לעתיד - קופת גמל להשקעה אג""ח ממשלתי",קופת גמל להשקעה,"אג""ח ללא מניות","קופת גמל להשקעה | אג""ח ללא מניות",2024,-0.7608,6,8.4
gemel,7991,כלל גמל לעתיד מניות,קופת גמל להשקעה,מניות אקטיבי,קופת גמל להשקעה | מניות אקטיבי,2024,21.0269,12,441.6
gemel,7992,"כלל גמל לעתיד אשראי ואג""ח עם מניות(עד 25% מניות)",קופת גמל להשקעה,עד 25% מניות,קופת גמל להשקעה | עד 25% מניות,2024,8.5645,12,152.4
gemel,7993,כלל גמל לעתיד כספי(שקלי),קופת גמל להשקעה,כספי,קופת גמל להשקעה | כספי,2024,4.6981,12,32.5
gemel,7994,כלל גמל לעתיד הלכה,קופת גמל להשקעה,כללי/מעורב/גמיש/תלוי גיל,קופת גמל להשקעה | כללי/מעורב/גמיש/תלוי גיל,2024,11.1725,12,27.5
gemel,8004,הפניקס גמל להשקעה שריעה,קופת גמל להשקעה,כללי/מעורב/גמיש/תלוי גיל,קופת גמל להשקעה | כללי/מעורב/גמיש/תלוי גיל,2024,24.4759,12,25.1
gemel,8012,"מגדל לתגמולים ולפיצויים מסלול אשראי ואג""ח",תגמולים ואישית לפיצויים,"אג""ח ללא מניות","תגמולים ואישית לפיצויים | אג""ח ללא מניות",2024,6.4383,12,153.7
gemel,811,אנליסט מסלולית קופת גמל ישראל,תגמולים ואישית לפיצויים,כללי/מעורב/גמיש/תלוי גיל,תגמולים ואישית לפיצויים | כללי/מעורב/גמיש/תלוי גיל,2024,4.3138,6,973.9
gemel,8128,"אנליסט מסלולית קופת גמל - אג""ח עד 10% מניות",תגמולים ואישית לפיצויים,עד 25% מניות,תגמולים ואישית לפיצויים | עד 25% מניות,2024,1.5841,6,57.2
gemel,8129,"אנליסט קרן השתלמות אג""ח עד 10% מניות",קרנות השתלמות,עד 25% מניות,קרנות השתלמות | עד 25% מניות,2024,1.808,6,59.3
gemel,813,"אנליסט גמל אשראי ואג""ח",תגמולים ואישית לפיצויים,"אג""ח ללא מניות","תגמולים ואישית לפיצויים | אג""ח ללא מניות",2024,4.8168,12,176.1
gemel,814,אנליסט גמל מניות,תגמולים ואישית לפיצויים,מניות אקטיבי,תגמולים ואישית לפיצויים | מניות אקטיבי,2024,23.3164,12,4188.6
gemel,815,אנליסט גמל כספי (שקלי),תגמולים ואישית לפיצויים,כספי,תגמולים ואישית לפיצויים | כספי,2024,4.3025,12,61.7
gemel,817,אנליסט גמל מניות סחיר,תגמולים ואישית לפיצויים,מניות אקטיבי,תגמולים ואישית לפיצויים | מניות אקטיבי,2024,23.0441,12,1571.8
gemel,818,אנליסט גמל משולב סחיר,תגמולים ואישית לפיצויים,כללי/מעורב/גמיש/תלוי גיל,תגמולים ואישית לפיצויים | כללי/מעורב/גמיש/תלוי גיל,2024,11.5703,12,1374.7
gemel,8211,הראל גמל להשקעה כללי,קופת גמל להשקעה,כללי/מעורב/גמיש/תלוי גיל,קופת גמל להשקעה | כללי/מעורב/גמיש/תלוי גיל,2024,14.802,12,1858.5
gemel,828,מנורה מבטחים השתלמות מסלול כללי,קרנות השתלמות,כללי/מעורב/גמיש/תלוי גיל,קרנות השתלמות | כללי/מעורב/גמיש/תלוי גיל,2024,12.0919,12,10803.7
gemel,8520,"הראל גמל להשקעה אג""ח עד 10% מניות",קופת גמל להשקעה,עד 25% מניות,קופת גמל להשקעה | עד 25% מניות,2024,2.2559,7,0.0
gemel,8521,"הראל גמל להשקעה אשראי ואג""ח עם מניות (עד 25% מניות)",קופת גמל להשקעה,עד 25% מניות,קופת גמל להשקעה | עד 25% מניות,2024,9.3209,12,265.4
gemel,8522,הראל גמל להשקעה מניות,קופת גמל להשקעה,מניות אקטיבי,קופת גמל להשקעה | מניות אקטיבי,2024,26.6567,12,759.3
gemel,8523,הראל גמל להשקעה הלכה,קופת גמל להשקעה,כללי/מעורב/גמיש/תלוי גיל,קופת גמל להשקעה | כללי/מעורב/גמיש/תלוי גיל,2024,10.8872,12,34.9
gemel,8563,ילין לפידות קרן השתלמות מסלול מניות,קרנות השתלמות,מניות אקטיבי,קרנות השתלמות | מניות אקטיבי,2024,22.0637,12,9546.7
gemel,858,מגדל לתגמולים ולפיצויים מסלול כספי (שקלי),תגמולים ואישית לפיצויים,כספי,תגמולים ואישית לפיצויים | כספי,2024,4.1777,12,79.9
gemel,859,"מגדל לתגמולים ולפיצויים מסלול אג""ח ממשלות",תגמולים ואישית לפיצויים,"אג""ח ללא מניות","תגמולים ואישית לפיצויים | אג""ח ללא מניות",2024,2.5305,12,63.7
gemel,862,"מגדל לתגמולים ולפיצויים מסלול חו""ל",תגמולים ואישית לפיצויים,כללי/מעורב/גמיש/תלוי גיל,תגמולים ואישית לפיצויים | כללי/מעורב/גמיש/תלוי גיל,2024,9.1189,6,475.9
gemel,8624,הפניקס גמל פאסיבי לבני 60 ומעלה,תגמולים ואישית לפיצויים,כללי/מעורב/גמיש/תלוי גיל,תגמולים ואישית לפיצויים | כללי/מעורב/גמיש/תלוי גיל,2024,4.795,7,0.0
gemel,8629,הפניקס השתלמות עוקב מדדים גמיש,קרנות השתלמות,כללי/מעורב/גמיש/תלוי גיל,קרנות השתלמות | כללי/מעורב/גמיש/תלוי גיל,2024,10.3657,12,696.2
gemel,863,מגדל לתגמולים ולפיצויים מסלול מניות,תגמולים ואישית לפיצויים,מניות אקטיבי,תגמולים ואישית לפיצויים | מניות אקטיבי,2024,22.0182,12,474.4
gemel,864,מגדל השתלמות מסלול כספי (שקלי),קרנות השתלמות,כספי,קרנות השתלמות | כספי,2024,4.1777,12,186.6
gemel,865,"מגדל השתלמות מסלול אג""ח ממשלות",קרנות השתלמות,"אג""ח ללא מניות","קרנות השתלמות | אג""ח ללא מניות",2024,2.561,12,135.2
gemel,8675,מנורה מבטחים גמל להשקעה כללי,קופת גמל להשקעה,כללי/מעורב/גמיש/תלוי גיל,קופת גמל להשקעה | כללי/מעורב/גמיש/תלוי גיל,2024,12.6585,12,1197.9
gemel,8678,"מנורה מבטחים גמל להשקעה מסלול אשראי ואג""ח עם מניות (עד 25% מניות)",קופת גמל להשקעה,עד 25% מניות,קופת גמל להשקעה | עד 25% מניות,2024,4.4488,12,46.4
gemel,8679,"אנליסט קרן השתלמות - אשראי ואג""ח עד 25% מניות",קרנות השתלמות,עד 25% מניות,קרנות השתלמות | עד 25% מניות,2024,8.5475,12,318.9
gemel,868,"מגדל השתלמות מסלול חו""ל",קרנות השתלמות,כללי/מעורב/גמיש/תלוי גיל,קרנות השתלמות | כללי/מעורב/גמיש/תלוי גיל,2024,9.0652,6,537.6
gemel,8683,מנורה מבטחים גמל להשקעה עוקב מדדי מניות,קופת גמל להשקעה,מניות פאסיבי,קופת גמל להשקעה | מניות פאסיבי,2024,18.0065,12,328.3
gemel,8684,"מנורה מבטחים גמל להשקעה עוקב מדדים - אג""ח עם מניות (עד 25% מניות)",קופת גמל להשקעה,עד 25% מניות,קופת גמל להשקעה | עד 25% מניות,2024,8.0236,12,64.4
gemel,869,מגדל השתלמות מסלול מניות,קרנות השתלמות,מניות אקטיבי,קרנות השתלמות | מניות אקטיבי,2024,22.0514,12,1277.5
gemel,8693,מנורה מבטחים גמל להשקעה כספי (שיקלי),קופת גמל להשקעה,כספי,קופת גמל להשקעה | כספי,2024,4.4482,12,34.8
gemel,8695,"אלפא מור תגמולים - מסלול עוקב מדד ""מניות תל אביב 35""",תגמולים ואישית לפיצויים,מניות פאסיבי,תגמולים ואישית לפיצויים | מניות פאסיבי,2024,6.266,6,120.9
gemel,8696,"אלפא מור תגמולים - מסלול עוקב מדד ""מדדיות ממשלתיות לטווח של 5-10 שנים""",תגמולים ואישית לפיצויים,"אג""ח ללא מניות","תגמולים ואישית לפיצויים | אג""ח ללא מניות",2024,-1.653,6,32.9
gemel,8697,"אלפא מור תגמולים - מסלול עוקב מדד ""שקליות ריבית קבועה ממשלתיות""",תגמולים ואישית לפיצויים,"אג""ח ללא מניות","תגמולים ואישית לפיצויים | אג""ח ללא מניות",2024,-2.0654,6,22.6
gemel,8698,"אלפא מור תגמולים - מסלול עוקב מדד ""תל בונד 20""",תגמולים ואישית לפיצויים,"אג""ח ללא מניות","תגמולים ואישית לפיצויים | אג""ח ללא מניות",2024,0.6769,6,31.2
gemel,8699,"אלפא מור קופת גמל לחיסכון, קופת גמל לתגמולים וקופת גמל אישית לפיצויים - כספי (שקלי)",תגמולים ואישית לפיצויים,כספי,תגמולים ואישית לפיצויים | כספי,2024,4.4585,12,125.1
gemel,8701,"מור השתלמות -מסלול עוקב מדד ""מניות תל אביב 35""",קרנות השתלמות,מניות פאסיבי,קרנות השתלמות | מניות פאסיבי,2024,6.0701,6,112.1
gemel,8702,"מור השתלמות - מסלול עוקב מדד ""מדדיות ממשלתיות לטווח של 5-10 שנים""",קרנות השתלמות,"אג""ח ללא מניות","קרנות השתלמות | אג""ח ללא מניות",2024,-1.5937,6,49.4
gemel,8703,"מור השתלמות - מסלול עוקב מדד ""שקליות ריבית קבועה ממשלתיות""",קרנות השתלמות,"אג""ח ללא מניות","קרנות השתלמות | אג""ח ללא מניות",2024,-2.0351,6,20.5
gemel,8704,"מור השתלמות - מסלול עוקב מדד ""תל בונד 20""",קרנות השתלמות,"אג""ח ללא מניות","קרנות השתלמות | אג""ח ללא מניות",2024,0.6967,6,16.7
gemel,8705,מור קרן השתלמות לשכירים ולעצמאים - כספי (שקלי),קרנות השתלמות,כספי,קרנות השתלמות | כספי,2024,4.2713,12,120.0
gemel,8716,מנורה מבטחים גמל להשקעה מסלול הלכה,קופת גמל להשקעה,כללי/מעורב/גמיש/תלוי גיל,קופת גמל להשקעה | כללי/מעורב/גמיש/תלוי גיל,2024,9.362,12,35.0
gemel,874,"מיטב גמל אג""ח עד 25% מניות",תגמולים ואישית לפיצויים,עד 25% מניות,תגמולים ואישית לפיצויים | עד 25% מניות,2024,3.4474,7,0.0
gemel,876,מיטב גמל כספי (שקלי),תגמולים ואישית לפיצויים,כספי,תגמולים ואישית לפיצויים | כספי,2024,2.6948,12,275.1
gemel,877,מיטב גמל מניות,תגמולים ואישית לפיצויים,מניות אקטיבי,תגמולים ואישית לפיצויים | מניות אקטיבי,2024,21.8983,12,1343.2
gemel,8779,אנליסט קרן השתלמות משולב סחיר,קרנות השתלמות,כללי/מעורב/גמיש/תלוי גיל,קרנות השתלמות | כללי/מעורב/גמיש/תלוי גיל,2024,11.6573,12,1522.0
gemel,880,מיטב השתלמות כללי,קרנות השתלמות,כללי/מעורב/גמיש/תלוי גיל,קרנות השתלמות | כללי/מעורב/גמיש/תלוי גיל,2024,13.4788,12,26075.6
gemel,881,"מיטב השתלמות אג""ח צמוד מדד",קרנות השתלמות,"אג""ח ללא מניות","קרנות השתלמות | אג""ח ללא מניות",2024,1.8317,7,0.0
gemel,883,מיטב השתלמות מניות,קרנות השתלמות,מניות אקטיבי,קרנות השתלמות | מניות אקטיבי,2024,22.1461,12,2052.6
gemel,8885,"מיטב השתלמות אשראי ואג""ח עם מניות (עד 25% מניות)",קרנות השתלמות,עד 25% מניות,קרנות השתלמות | עד 25% מניות,2024,9.7596,12,3165.5
gemel,9113,מור חיסכון לילד - הלכה,קופת גמל להשקעה - חסכון לילד,כללי/מעורב/גמיש/תלוי גיל,קופת גמל להשקעה - חסכון לילד | כללי/מעורב/גמיש/תלוי גיל,2024,20.2729,12,85.9
gemel,923,מיטב בטחון,תגמולים ואישית לפיצויים,כללי/מעורב/גמיש/תלוי גיל,תגמולים ואישית לפיצויים | כללי/מעורב/גמיש/תלוי גיל,2024,13.291,12,21.8
gemel,9303,מור חיסכון לילד - שריעה,קופת גמל להשקעה - חסכון לילד,כללי/מעורב/גמיש/תלוי גיל,קופת גמל להשקעה - חסכון לילד | כללי/מעורב/גמיש/תלוי גיל,2024,5.921,12,18.7
gemel,9414,מור חיסכון לילד - חוסכים המעדיפים סיכון בינוני,קופת גמל להשקעה - חסכון לילד,כללי/מעורב/גמיש/תלוי גיל,קופת גמל להשקעה - חסכון לילד | כללי/מעורב/גמיש/תלוי גיל,2024,13.874,12,29.6
gemel,9420,מור חיסכון לילד - חוסכים המעדיפים סיכון מוגבר,קופת גמל להשקעה - חסכון לילד,מניות אקטיבי,קופת גמל להשקעה - חסכון לילד | מניות אקטיבי,2024,24.7261,12,299.3
gemel,9421,מור חיסכון לילד - חוסכים המעדיפים סיכון מועט,קופת גמל להשקעה - חסכון לילד,עד 25% מניות,קופת גמל להשקעה - חסכון לילד | עד 25% מניות,2024,9.9079,12,468.3
gemel,9451,מור קרן השתלמות לשכירים ולעצמאים - עוקב מדד S&P 500,קרנות השתלמות,מניות פאסיבי,קרנות השתלמות | מניות פאסיבי,2024,25.14,12,2826.5
gemel,9452,"אלפא מור קופת גמל לחיסכון, קופת גמל לתגמולים וקופת גמל אישית לפיצויים - עוקב מדד S&P 500",תגמולים ואישית לפיצויים,מניות פאסיבי,תגמולים ואישית לפיצויים | מניות פאסיבי,2024,25.2372,12,1685.0
gemel,948,מיטב גמל שקלי טווח קצר,תגמולים ואישית לפיצויים,כספי,תגמולים ואישית לפיצויים | כספי,2024,2.2813,7,0.0
gemel,9528,הפניקס השתלמות הלכה,קרנות השתלמות,כללי/מעורב/גמיש/תלוי גיל,קרנות השתלמות | כללי/מעורב/גמיש/תלוי גיל,2024,12.7969,12,247.6
gemel,9529,הפניקס גמל מסלול לבני 50 עד 60,תגמולים ואישית לפיצויים,כללי/מעורב/גמיש/תלוי גיל,תגמולים ואישית לפיצויים | כללי/מעורב/גמיש/תלוי גיל,2024,14.2145,12,4983.3
gemel,9555,הראל חיסכון לילד - הלכה,קופת גמל להשקעה - חסכון לילד,כללי/מעורב/גמיש/תלוי גיל,קופת גמל להשקעה - חסכון לילד | כללי/מעורב/גמיש/תלוי גיל,2024,11.9016,12,2391.6
gemel,961,הפניקס גמל מסלול מניות,תגמולים ואישית לפיצויים,מניות אקטיבי,תגמולים ואישית לפיצויים | מניות אקטיבי,2024,23.0438,12,1045.2
gemel,962,אנליסט השתלמות כללי,קרנות השתלמות,כללי/מעורב/גמיש/תלוי גיל,קרנות השתלמות | כללי/מעורב/גמיש/תלוי גיל,2024,14.5223,12,10884.7
gemel,963,אנליסט השתלמות מניות,קרנות השתלמות,מניות אקטיבי,קרנות השתלמות | מניות אקטיבי,2024,23.4451,12,10093.1
gemel,9638,אינפיניטי גמל להשקעה כללי,קופת גמל להשקעה,כללי/מעורב/גמיש/תלוי גיל,קופת גמל להשקעה | כללי/מעורב/גמיש/תלוי גיל,2024,14.6256,12,106.2
gemel,9639,"אינפיניטי גמל להשקעה אשראי ואג""ח עם מניות (עד 25% מניות)",קופת גמל להשקעה,עד 25% מניות,קופת גמל להשקעה | עד 25% מניות,2024,8.9997,12,45.1
gemel,964,הפניקס השתלמות כללי,קרנות השתלמות,כללי/מעורב/גמיש/תלוי גיל,קרנות השתלמות | כללי/מעורב/גמיש/תלוי גיל,2024,14.1021,12,18239.3
gemel,9651,כלל תמר עד 50,תגמולים ואישית לפיצויים,כללי/מעורב/גמיש/תלוי גיל,תגמולים ואישית לפיצויים | כללי/מעורב/גמיש/תלוי גיל,2024,13.5396,12,2352.2
gemel,9652,כלל תמר 50-60,תגמולים ואישית לפיצויים,כללי/מעורב/גמיש/תלוי גיל,תגמולים ואישית לפיצויים | כללי/מעורב/גמיש/תלוי גיל,2024,12.5456,12,3586.7
gemel,9653,כלל תמר 60 ומעלה,תגמולים ואישית לפיצויים,כללי/מעורב/גמיש/תלוי גיל,תגמולים ואישית לפיצויים | כללי/מעורב/גמיש/תלוי גיל,2024,8.9025,12,11552.6
gemel,9662,"מנורה מבטחים השתלמות מסלול אשראי ואג""ח עם מניות (עד 25% מניות)",קרנות השתלמות,עד 25% מניות,קרנות השתלמות | עד 25% מניות,2024,5.2949,12,1658.8
gemel,9676,מור השתלמות קרן השתלמות לשכירים ולעצמאים מעורב מחקה מדדים,קרנות השתלמות,כללי/מעורב/גמיש/תלוי גיל,קרנות השתלמות | כללי/מעורב/גמיש/תלוי גיל,2024,1.5376,6,19.0
gemel,9677,אלפא מור קופת גמל לתגמולים ואישית לפיצויים וקופת גמל לא משלמת לקצבה מעורב מחקה מדדים,תגמולים ואישית לפיצויים,כללי/מעורב/גמיש/תלוי גיל,תגמולים ואישית לפיצויים | כללי/מעורב/גמיש/תלוי גיל,2024,1.3564,6,12.2
gemel,968,הפניקס השתלמות מניות,קרנות השתלמות,מניות אקטיבי,קרנות השתלמות | מניות אקטיבי,2024,22.6952,12,1985.1
gemel,972,"אנליסט השתלמות אשראי ואג""ח",קרנות השתלמות,"אג""ח ללא מניות","קרנות השתלמות | אג""ח ללא מניות",2024,4.8481,12,161.4
gemel,973,"אנליסט השתלמות אג""ח ממשלות",קרנות השתלמות,"אג""ח ללא מניות","קרנות השתלמות | אג""ח ללא מניות",2024,3.7424,12,42.6
gemel,9730,אנליסט מסלולית קופת גמל - מסלול לבני 50 ומטה,תגמולים ואישית לפיצויים,כללי/מעורב/גמיש/תלוי גיל,תגמולים ואישית לפיצויים | כללי/מעורב/גמיש/תלוי גיל,2024,17.4505,12,4220.6
gemel,9731,אנליסט מסלולית קופת גמל - מסלול לבני 50-60,תגמולים ואישית לפיצויים,כללי/מעורב/גמיש/תלוי גיל,תגמולים ואישית לפיצויים | כללי/מעורב/גמיש/תלוי גיל,2024,13.3109,12,4342.7
gemel,9732,אנליסט מסלולית קופת גמל - מסלול לבני 60 ומעלה,תגמולים ואישית לפיצויים,כללי/מעורב/גמיש/תלוי גיל,תגמולים ואישית לפיצויים | כללי/מעורב/גמיש/תלוי גיל,2024,9.2514,12,1422.5
gemel,9742,הראל גמל מסלול לגילאי 50 עד 60,תגמולים ואישית לפיצויים,כללי/מעורב/גמיש/תלוי גיל,תגמולים ואישית לפיצויים | כללי/מעורב/גמיש/תלוי גיל,2024,11.0689,12,6300.6
gemel,9744,הראל גמל מסלול לגילאי 50 ומטה,תגמולים ואישית לפיצויים,כללי/מעורב/גמיש/תלוי גיל,תגמולים ואישית לפיצויים | כללי/מעורב/גמיש/תלוי גיל,2024,12.3282,12,2265.0
gemel,9745,הראל גמל מסלול לגילאי 60 ומעלה,תגמולים ואישית לפיצויים,כללי/מעורב/גמיש/תלוי גיל,תגמולים ואישית לפיצויים | כללי/מעורב/גמיש/תלוי גיל,2024,7.8871,12,14678.5
gemel,9779,מגדל לתגמולים ולפיצויים מסלול לבני 50 ומטה,תגמולים ואישית לפיצויים,כללי/מעורב/גמיש/תלוי גיל,תגמולים ואישית לפיצויים | כללי/מעורב/גמיש/תלוי גיל,2024,14.108,12,1640.9
gemel,9780,מגדל לתגמולים ולפיצויים מסלול לבני 50 עד 60,תגמולים ואישית לפיצויים,כללי/מעורב/גמיש/תלוי גיל,תגמולים ואישית לפיצויים | כללי/מעורב/גמיש/תלוי גיל,2024,12.5047,12,3313.8
gemel,9781,מגדל לתגמולים ולפיצויים מסלול לבני 60 ומעלה,תגמולים ואישית לפיצויים,כללי/מעורב/גמיש/תלוי גיל,תגמולים ואישית לפיצויים | כללי/מעורב/גמיש/תלוי גיל,2024,9.4667,12,1816.5
gemel,9792,מנורה מבטחים תגמולים ופיצויים מסלול לבני 50 עד 60,תגמולים ואישית לפיצויים,כללי/מעורב/גמיש/תלוי גיל,תגמולים ואישית לפיצויים | כללי/מעורב/גמיש/תלוי גיל,2024,11.461,12,4387.9
gemel,9793,מנורה מבטחים תגמולים ופיצויים מסלול לבני 50 ומטה,תגמולים ואישית לפיצויים,כללי/מעורב/גמיש/תלוי גיל,תגמולים ואישית לפיצויים | כללי/מעורב/גמיש/תלוי גיל,2024,13.8086,12,1379.9
gemel,9794,מנורה מבטחים תגמולים ופיצויים מסלול לבני 60 ומעלה,תגמולים ואישית לפיצויים,כללי/מעורב/גמיש/תלוי גיל,תגמולים ואישית לפיצויים | כללי/מעורב/גמיש/תלוי גיל,2024,8.9323,12,1775.8
gemel,9795,מנורה מבטחים תגמולים ופיצויים מסלול הלכה,תגמולים ואישית לפיצויים,כללי/מעורב/גמיש/תלוי גיל,תגמולים ואישית לפיצויים | כללי/מעורב/גמיש/תלוי גיל,2024,9.1127,12,56.2
gemel,989,אלטשולר שחם עוקב מדדי מניות,תגמולים ואישית לפיצויים,מניות פאסיבי,תגמולים ואישית לפיצויים | מניות פאסיבי,2024,25.3091,12,1239.8
gemel,9895,מגדל חסכון לילד - הלכה,קופת גמל להשקעה - חסכון לילד,כללי/מעורב/גמיש/תלוי גיל,קופת גמל להשקעה - חסכון לילד | כללי/מעורב/גמיש/תלוי גיל,2024,11.8701,12,126.3
gemel,9896,מגדל חסכון לילד - חוסכים המעדיפים סיכון מועט,קופת גמל להשקעה - חסכון לילד,עד 25% מניות,קופת גמל להשקעה - חסכון לילד | עד 25% מניות,2024,8.7459,12,535.0
gemel,9897,מגדל חסכון לילד - חוסכים המעדיפים סיכון בינוני,קופת גמל להשקעה - חסכון לילד,כללי/מעורב/גמיש/תלוי גיל,קופת גמל להשקעה - חסכון לילד | כללי/מעורב/גמיש/תלוי גיל,2024,12.4609,12,120.9
gemel,9898,מגדל חסכון לילד - חוסכים המעדיפים סיכון מוגבר,קופת גמל להשקעה - חסכון לילד,מניות אקטיבי,קופת גמל להשקעה - חסכון לילד | מניות אקטיבי,2024,21.1854,12,134.9
gemel,9905,הפניקס גמל פאסיבי לבני 50 ומטה,תגמולים ואישית לפיצויים,כללי/מעורב/גמיש/תלוי גיל,תגמולים ואישית לפיצויים | כללי/מעורב/גמיש/תלוי גיל,2024,7.1788,7,0.0
gemel,9906,הפניקס גמל כספי (שיקלי),תגמולים ואישית לפיצויים,כספי,תגמולים ואישית לפיצויים | כספי,2024,4.5,12,203.4
gemel,9916,הפניקס גמל לבני 50 ומטה,תגמולים ואישית לפיצויים,כללי/מעורב/גמיש/תלוי גיל,תגמולים ואישית לפיצויים | כללי/מעורב/גמיש/תלוי גיל,2024,15.8958,12,8935.6
gemel,9917,הפניקס גמל פאסיבי לבני 50 עד 60,תגמולים ואישית לפיצויים,כללי/מעורב/גמיש/תלוי גיל,תגמולים ואישית לפיצויים | כללי/מעורב/גמיש/תלוי גיל,2024,6.0033,7,0.0
gemel,9939,ילין לפידות קופת גמל מסלול לבני 50 ומטה,תגמולים ואישית לפיצויים,כללי/מעורב/גמיש/תלוי גיל,תגמולים ואישית לפיצויים | כללי/מעורב/גמיש/תלוי גיל,2024,14.1877,12,3914.7
gemel,9940,ילין לפידות קופת גמל מסלול לבני 50 עד 60,תגמולים ואישית לפיצויים,כללי/מעורב/גמיש/תלוי גיל,תגמולים ואישית לפיצויים | כללי/מעורב/גמיש/תלוי גיל,2024,12.6107,12,12656.0
gemel,9941,ילין לפידות קופת גמל מסלול לבני 60 ומעלה,תגמולים ואישית לפיצויים,כללי/מעורב/גמיש/תלוי גיל,תגמולים ואישית לפיצויים | כללי/מעורב/גמיש/תלוי גיל,2024,8.4747,12,7615.3
gemel,9950,אלטשולר שחם גמל לבני 50 ומטה,תגמולים ואישית לפיצויים,כללי/מעורב/גמיש/תלוי גיל,תגמולים ואישית לפיצויים | כללי/מעורב/גמיש/תלוי גיל,2024,14.4549,12,5461.5
gemel,9951,אלטשולר שחם גמל לבני 50 עד 60,תגמולים ואישית לפיצויים,כללי/מעורב/גמיש/תלוי גיל,תגמולים ואישית לפיצויים | כללי/מעורב/גמיש/תלוי גיל,2024,12.168,12,30524.5
gemel,9952,אלטשולר שחם גמל לבני 60 ומעלה,תגמולים ואישית לפיצויים,כללי/מעורב/גמיש/תלוי גיל,תגמולים ואישית לפיצויים | כללי/מעורב/גמיש/תלוי גיל,2024,8.4593,12,12289.8
gemel,103,מיטב גמל לבני 50 עד 60,תגמולים ואישית לפיצויים,כללי/מעורב/גמיש/תלוי גיל,תגמולים ואישית לפיצויים | כללי/מעורב/גמיש/תלוי גיל,2025,15.2666,12,20711.8
gemel,1034,הראל השתלמות משולב סחיר,קרנות השתלמות,כללי/מעורב/גמיש/תלוי גיל,קרנות השתלמות | כללי/מעורב/גמיש/תלוי גיל,2025,2.3393,12,724.5
gemel,1036,ילין לפידות קופת גמל מסלול מניות,תגמולים ואישית לפיצויים,מניות אקטיבי,תגמולים ואישית לפיצויים | מניות אקטיבי,2025,21.9662,12,6364.4
gemel,1037,"ילין לפידות קופת גמל מסלול אשראי ואג""ח",תגמולים ואישית לפיצויים,"אג""ח ללא מניות","תגמולים ואישית לפיצויים | אג""ח ללא מניות",2025,6.7506,12,419.2
gemel,1038,"ילין לפידות קרן השתלמות מסלול אג""ח עם מניות (עד 25% מניות)",קרנות השתלמות,עד 25% מניות,קרנות השתלמות | עד 25% מניות,2025,9.0111,12,4777.4
gemel,1078,"אינפיניטי גמל אשראי ואג""ח",תגמולים ואישית לפיצויים,"אג""ח ללא מניות","תגמולים ואישית לפיצויים | אג""ח ללא מניות",2025,7.2912,12,119.4
gemel,1084,"אינפיניטי השתלמות אשראי ואג""ח",קרנות השתלמות,"אג""ח ללא מניות","קרנות השתלמות | אג""ח ללא מניות",2025,6.9754,12,157.4
gemel,1093,אלטשולר שחם השתלמות כללי,קרנות השתלמות,כללי/מעורב/גמיש/תלוי גיל,קרנות השתלמות | כללי/מעורב/גמיש/תלוי גיל,2025,12.8742,12,32442.4
gemel,1100,"הפניקס השתלמות אשראי ואג""ח עם מניות (עד 25% מניות)",קרנות השתלמות,עד 25% מניות,קרנות השתלמות | עד 25% מניות,2025,8.2714,12,2940.4
gemel,1114,מנורה מבטחים השתלמות כספי (שקלי),קרנות השתלמות,כספי,קרנות השתלמות | כספי,2025,4.417,12,168.9
gemel,11310,הפניקס חיסכון לילד - חוסכים המעדיפים סיכון מועט,קופת גמל להשקעה - חסכון לילד,עד 25% מניות,קופת גמל להשקעה - חסכון לילד | עד 25% מניות,2025,5.3694,12,1513.8
gemel,11311,הפניקס חיסכון לילד - חוסכים המעדיפים סיכון מוגבר,קופת גמל להשקעה - חסכון לילד,מניות אקטיבי,קופת גמל להשקעה - חסכון לילד | מניות אקטיבי,2025,25.1634,12,461.9
gemel,11312,הפניקס חיסכון לילד - חוסכים המעדיפים סיכון בינוני,קופת גמל להשקעה - חסכון לילד,כללי/מעורב/גמיש/תלוי גיל,קופת גמל להשקעה - חסכון לילד | כללי/מעורב/גמיש/תלוי גיל,2025,15.57,12,193.7
gemel,11320,מנורה מבטחים חסכון לכל ילד מסלול הלכה,קופת גמל להשקעה - חסכון לילד,כללי/מעורב/גמיש/תלוי גיל,קופת גמל להשקעה - חסכון לילד | כללי/מעורב/גמיש/תלוי גיל,2025,14.2241,12,143.2
gemel,11321,מנורה מבטחים חסכון לכל ילד - מסלול חוסכים המעדיפים סיכון מועט,קופת גמל להשקעה - חסכון לילד,עד 25% מניות,קופת גמל להשקעה - חסכון לילד | עד 25% מניות,2025,7.8031,12,599.5
gemel,11322,מנורה מבטחים חסכון לכל ילד - מסלול חוסכים המעדיפים סיכון בינוני,קופת גמל להשקעה - חסכון לילד,כללי/מעורב/גמיש/תלוי גיל,קופת גמל להשקעה - חסכון לילד | כללי/מעורב/גמיש/תלוי גיל,2025,15.9132,12,183.9
gemel,11323,מנורה מבטחים חסכון לכל ילד - מסלול חוסכים המעדיפים סיכון מוגבר,קופת גמל להשקעה - חסכון לילד,מניות אקטיבי,קופת גמל להשקעה - חסכון לילד | מניות אקטיבי,2025,27.8822,12,323.3
gemel,11325,אלטשולר שחם חיסכון לילד לחוסכים המעדיפים סיכון מועט,קופת גמל להשקעה - חסכון לילד,עד 25% מניות,קופת גמל להשקעה - חסכון לילד | עד 25% מניות,2025,8.9278,12,1132.2
gemel,11326,אלטשולר שחם חיסכון לילד לחוסכים המעדיפים סיכון בינוני,קופת גמל להשקעה - חסכון לילד,כללי/מעורב/גמיש/תלוי גיל,קופת גמל להשקעה - חסכון לילד | כללי/מעורב/גמיש/תלוי גיל,2025,13.4837,12,2183.1
gemel,11327,אלטשולר שחם חיסכון לילד לחוסכים המעדיפים סיכון מוגבר,קופת גמל להשקעה - חסכון לילד,מניות אקטיבי,קופת גמל להשקעה - חסכון לילד | מניות אקטיבי,2025,20.545,12,7721.2
gemel,11328,אלטשולר שחם חיסכון לילד הלכה,קופת גמל להשקעה - חסכון לילד,כללי/מעורב/גמיש/תלוי גיל,קופת גמל להשקעה - חסכון לילד | כללי/מעורב/גמיש/תלוי גיל,2025,11.8139,12,949.4
gemel,11335,הפניקס חיסכון לילד - הלכה,קופת גמל להשקעה - חסכון לילד,כללי/מעורב/גמיש/תלוי גיל,קופת גמל להשקעה - חסכון לילד | כללי/מעורב/גמיש/תלוי גיל,2025,13.4674,12,66.4
gemel,11343,סלייס גמל חסכון לילד - חוסכים המעדיפים סיכון מועט,קופת גמל להשקעה - חסכון לילד,עד 25% מניות,קופת גמל להשקעה - חסכון לילד | עד 25% מניות,2025,0.6508,2,498.8
gemel,11344,סלייס גמל חסכון לילד - חוסכים המעדיפים סיכון בינוני,קופת גמל להשקעה - חסכון לילד,כללי/מעורב/גמיש/תלוי גיל,קופת גמל להשקעה - חסכון לילד | כללי/מעורב/גמיש/תלוי גיל,2025,0.7852,2,3.5
gemel,11345,סלייס גמל חסכון לילד - חוסכים המעדיפים סיכון מוגבר,קופת גמל להשקעה - חסכון לילד,מניות אקטיבי,קופת גמל להשקעה - חסכון לילד | מניות אקטיבי,2025,1.7353,2,26.8
gemel,11352,הפניקס חיסכון לילד- שריעה,קופת גמל להשקעה - חסכון לילד,כללי/מעורב/גמיש/תלוי גיל,קופת גמל להשקעה - חסכון לילד | כללי/מעורב/גמיש/תלוי גיל,2025,4.1876,12,78.6
gemel,11365,אנליסט מסלולית - קופת גמל להשקעה לחיסכון ארוך טווח לילד - מסלול לחוסכים המעדיפים סיכון מועט,קופת גמל להשקעה - חסכון לילד,עד 25% מניות,קופת גמל להשקעה - חסכון לילד | עד 25% מניות,2025,11.3018,12,561.6
gemel,11366,אנליסט מסלולית - קופת גמל להשקעה לחיסכון ארוך טווח לילד - מסלול לחוסכים המעדיפים סיכון בינוני,קופת גמל להשקעה - חסכון לילד,כללי/מעורב/גמיש/תלוי גיל,קופת גמל להשקעה - חסכון לילד | כללי/מעורב/גמיש/תלוי גיל,2025,15.1517,12,210.0
gemel,11367,אנליסט מסלולית - קופת גמל להשקעה לחיסכון ארוך טווח לילד - מסלול לחוסכים המעדיפים סיכון מוגבר,קופת גמל להשקעה - חסכון לילד,מניות אקטיבי,קופת גמל להשקעה - חסכון לילד | מניות אקטיבי,2025,20.6294,12,1376.5
gemel,11372,אינפיניטי חיסכון לילד - חוסכים המעדיפים סיכון בינוני,קופת גמל להשקעה - חסכון לילד,כללי/מעורב/גמיש/תלוי גיל,קופת גמל להשקעה - חסכון לילד | כללי/מעורב/גמיש/תלוי גיל,2025,15.8748,12,21.7
gemel,11373,אינפיניטי חיסכון לילד - חוסכים המעדיפים סיכון מוגבר,קופת גמל להשקעה - חסכון לילד,מניות אקטיבי,קופת גמל להשקעה - חסכון לילד | מניות אקטיבי,2025,23.0477,12,452.5
gemel,11374,אינפיניטי חיסכון לילד - חוסכים המעדיפים סיכון מועט,קופת גמל להשקעה - חסכון לילד,עד 25% מניות,קופת גמל להשקעה - חסכון לילד | עד 25% מניות,2025,11.7591,12,547.3
gemel,11375,הראל חיסכון לילד - חוסכים המעדיפים סיכון מועט,קופת גמל להשקעה - חסכון לילד,עד 25% מניות,קופת גמל להשקעה - חסכון לילד | עד 25% מניות,2025,7.1776,12,1318.8
gemel,11376,הראל חיסכון לילד - חוסכים המעדיפים סיכון בינוני,קופת גמל להשקעה - חסכון לילד,כללי/מעורב/גמיש/תלוי גיל,קופת גמל להשקעה - חסכון לילד | כללי/מעורב/גמיש/תלוי גיל,2025,14.3588,12,528.1
gemel,11377,הראל חיסכון לילד - חוסכים המעדיפים סיכון מוגבר,קופת גמל להשקעה - חסכון לילד,מניות אקטיבי,קופת גמל להשקעה - חסכון לילד | מניות אקטיבי,2025,26.4149,12,1340.8
gemel,11385,מיטב קופת גמל להשקעה לחיסכון ארוך טווח לילד אחר חיסכון לכל ילד - חוסכים המעדיפים סיכון מועט,קופת גמל להשקעה - חסכון לילד,עד 25% מניות,קופת גמל להשקעה - חסכון לילד | עד 25% מניות,2025,11.909,12,635.8
gemel,11386,מיטב קופת גמל להשקעה לחיסכון ארוך טווח לילד אחר חיסכון לכל ילד - חוסכים המעדיפים סיכון בינוני,קופת גמל להשקעה - חסכון לילד,כללי/מעורב/גמיש/תלוי גיל,קופת גמל להשקעה - חסכון לילד | כללי/מעורב/גמיש/תלוי גיל,2025,15.6725,12,286.4
gemel,11387,מיטב קופת גמל להשקעה לחיסכון ארוך טווח לילד אחר חיסכון לכל ילד - חוסכים המעדיפים סיכון מוגבר,קופת גמל להשקעה - חסכון לילד,מניות אקטיבי,קופת גמל להשקעה - חסכון לילד | מניות אקטיבי,2025,26.5911,12,460.6
gemel,11388,מיטב קופת גמל להשקעה לחיסכון ארוך טווח לילד הלכה,קופת גמל להשקעה - חסכון לילד,כללי/מעורב/גמיש/תלוי גיל,קופת גמל להשקעה - חסכון לילד | כללי/מעורב/גמיש/תלוי גיל,2025,2.6714,12,593.9
gemel,11390,ילין לפידות קופת גמל להשקעה מסלול כללי,קופת גמל להשקעה,כללי/מעורב/גמיש/תלוי גיל,קופת גמל להשקעה | כללי/מעורב/גמיש/תלוי גיל,2025,13.5219,12,3723.4
gemel,11391,"ילין לפידות קופת גמל להשקעה מסלול אשראי ואג""ח",קופת גמל להשקעה,"אג""ח ללא מניות","קופת גמל להשקעה | אג""ח ללא מניות",2025,7.133,12,101.8
gemel,11392,"ילין לפידות קופת גמל להשקעה מסלול אשראי ואג""ח עם מניות (עד 25% מניות)",קופת גמל להשקעה,עד 25% מניות,קופת גמל להשקעה | עד 25% מניות,2025,9.1002,12,334.6
gemel,11393,"ילין לפידות קופת גמל להשקעה מסלול אג""ח ממשלות",קופת גמל להשקעה,"אג""ח ללא מניות","קופת גמל להשקעה | אג""ח ללא מניות",2025,5.2434,12,23.0
gemel,11394,ילין לפידות קופת גמל להשקעה מסלול מניות,קופת גמל להשקעה,מניות אקטיבי,קופת גמל להשקעה | מניות אקטיבי,2025,22.0128,12,3409.9
gemel,11407,אינפיניטי גמל להשקעה מניות,קופת גמל להשקעה,מניות אקטיבי,קופת גמל להשקעה | מניות אקטיבי,2025,22.2979,12,327.9
gemel,11408,מנורה מבטחים השתלמות עוקב מדדים גמיש,קרנות השתלמות,כללי/מעורב/גמיש/תלוי גיל,קרנות השתלמות | כללי/מעורב/גמיש/תלוי גיל,2025,12.7692,12,1015.4
gemel,11409,"מנורה מבטחים השתלמות עוקב מדדים - אג""ח עם מניות (עד 25% מניות)",קרנות השתלמות,עד 25% מניות,קרנות השתלמות | עד 25% מניות,2025,9.9035,12,133.3
gemel,1162,ילין לפידות קרן השתלמות מסלול כללי,קרנות השתלמות,כללי/מעורב/גמיש/תלוי גיל,קרנות השתלמות | כללי/מעורב/גמיש/תלוי גיל,2025,13.3801,12,24801.5
gemel,117,"כלל תמר אשראי ואג""ח",תגמולים ואישית לפיצויים,"אג""ח ללא מניות","תגמולים ואישית לפיצויים | אג""ח ללא מניות",2025,6.663,12,1014.4
gemel,119,מנורה מבטחים יותר מסלול ד',תגמולים ואישית לפיצויים,כללי/מעורב/גמיש/תלוי גיל,תגמולים ואישית לפיצויים | כללי/מעורב/גמיש/תלוי גיל,2025,10.9769,12,882.2
gemel,11914,אינפיניטי חיסכון לילד - הלכה,קופת גמל להשקעה - חסכון לילד,כללי/מעורב/גמיש/תלוי גיל,קופת גמל להשקעה - חסכון לילד | כללי/מעורב/גמיש/תלוי גיל,2025,10.4472,12,632.9
gemel,11926,סלייס השתלמות כללי,קרנות השתלמות,כללי/מעורב/גמיש/תלוי גיל,קרנות השתלמות | כללי/מעורב/גמיש/תלוי גיל,2025,0.5019,2,26.5
gemel,11928,"סלייס השתלמות אג""ח אג""ח",קרנות השתלמות,"אג""ח ללא מניות","קרנות השתלמות | אג""ח ללא מניות",2025,-0.8184,2,127.1
gemel,11931,סלייס השתלמות מניות פאסיבי,קרנות השתלמות,מניות פאסיבי,קרנות השתלמות | מניות פאסיבי,2025,7.7849,2,28.4
gemel,11934,"סלייס השתלמות מדד חו""ל",קרנות השתלמות,מניות פאסיבי,קרנות השתלמות | מניות פאסיבי,2025,-2.1344,2,31.4
gemel,11942,"סלייס גמל קופת גמל לחסכון אג""ח אג""ח",תגמולים ואישית לפיצויים,"אג""ח ללא מניות","תגמולים ואישית לפיצויים | אג""ח ללא מניות",2025,-1.3157,2,215.8
gemel,11943,סלייס גמל קופת גמל לחסכון מניות מניות,תגמולים ואישית לפיצויים,מניות אקטיבי,תגמולים ואישית לפיצויים | מניות אקטיבי,2025,0.7754,2,6.3
gemel,11944,"סלייס גמל קופת גמל לחסכון חו""ל חו""ל",תגמולים ואישית לפיצויים,כללי/מעורב/גמיש/תלוי גיל,תגמולים ואישית לפיצויים | כללי/מעורב/גמיש/תלוי גיל,2025,0.7995,2,20.3
gemel,11949,"סלייס גמל קופת גמל לחסכון מדד חו""ל",תגמולים ואישית לפיצויים,מניות פאסיבי,תגמולים ואישית לפיצויים | מניות פאסיבי,2025,-1.7846,2,6.4
gemel,11957,"אינפיניטי השתלמות אשראי ואג""ח עם מניות (עד 25% מניות)",קרנות השתלמות,עד 25% מניות,קרנות השתלמות | עד 25% מניות,2025,9.3285,12,83.4
gemel,11979,סלייס גמל קופת גמל לחסכון מדרגות עד 50,תגמולים ואישית לפיצויים,כללי/מעורב/גמיש/תלוי גיל,תגמולים ואישית לפיצויים | כללי/מעורב/גמיש/תלוי גיל,2025,0.5632,2,24.6
gemel,11980,סלייס גמל קופת גמל לחסכון מדרגות 50-60,תגמולים ואישית לפיצויים,כללי/מעורב/גמיש/תלוי גיל,תגמולים ואישית לפיצויים | כללי/מעורב/גמיש/תלוי גיל,2025,1.13,2,4.8
gemel,11981,סלייס גמל קופת גמל לחסכון מדרגות 60 ומעלה,תגמולים ואישית לפיצויים,כללי/מעורב/גמיש/תלוי גיל,תגמולים ואישית לפיצויים | כללי/מעורב/גמיש/תלוי גיל,2025,0.2896,2,3.0
gemel,1209,"אינפיניטי גמל אג""ח ממשלות",תגמולים ואישית לפיצויים,"אג""ח ללא מניות","תגמולים ואישית לפיצויים | אג""ח ללא מניות",2025,5.4912,12,19.3
gemel,1210,"אינפיניטי השתלמות אג""ח ממשלות",קרנות השתלמות,"אג""ח ללא מניות","קרנות השתלמות | אג""ח ללא מניות",2025,5.2759,12,46.2
gemel,12256,אלטשולר שחם השתלמות הלכה,קרנות השתלמות,כללי/מעורב/גמיש/תלוי גיל,קרנות השתלמות | כללי/מעורב/גמיש/תלוי גיל,2025,12.3158,12,308.8
gemel,12257,אלטשולר שחם חיסכון פלוס הלכה,קופת גמל להשקעה,כללי/מעורב/גמיש/תלוי גיל,קופת גמל להשקעה | כללי/מעורב/גמיש/תלוי גיל,2025,11.9041,12,139.0
gemel,1240,"מיטב השתלמות אשראי ואג""ח",קרנות השתלמות,"אג""ח ללא מניות","קרנות השתלמות | אג""ח ללא מניות",2025,6.7956,12,913.9
gemel,12531,"אלפא מור קופת גמל לחיסכון, קופת גמל לתגמולים וקופת גמל אישית לפיצויים - מניות",תגמולים ואישית לפיצויים,מניות אקטיבי,תגמולים ואישית לפיצויים | מניות אקטיבי,2025,25.5523,12,6479.0
gemel,12532,"אלפא מור קופת גמל לחיסכון, קופת גמל לתגמולים וקופת גמל אישית לפיצויים - לבני 50 ומטה",תגמולים ואישית לפיצויים,כללי/מעורב/גמיש/תלוי גיל,תגמולים ואישית לפיצויים | כללי/מעורב/גמיש/תלוי גיל,2025,16.2104,12,7151.9
gemel,12533,"אלפא מור קופת גמל לחיסכון, קופת גמל לתגמולים וקופת גמל אישית לפיצויים - לבני 50 עד 60",תגמולים ואישית לפיצויים,כללי/מעורב/גמיש/תלוי גיל,תגמולים ואישית לפיצויים | כללי/מעורב/גמיש/תלוי גיל,2025,13.7249,12,16989.6
gemel,12534,"אלפא מור קופת גמל לחיסכון, קופת גמל לתגמולים וקופת גמל אישית לפיצויים - לבני 60 ומעלה",תגמולים ואישית לפיצויים,כללי/מעורב/גמיש/תלוי גיל,תגמולים ואישית לפיצויים | כללי/מעורב/גמיש/תלוי גיל,2025,8.9917,12,10334.5
gemel,12535,מור קרן השתלמות לשכירים ולעצמאים - כללי,קרנות השתלמות,כללי/מעורב/גמיש/תלוי גיל,קרנות השתלמות | כללי/מעורב/גמיש/תלוי גיל,2025,14.7253,12,25747.3
gemel,12536,מור קרן השתלמות לשכירים ולעצמאים - מניות,קרנות השתלמות,מניות אקטיבי,קרנות השתלמות | מניות אקטיבי,2025,25.8626,12,11646.4
gemel,12537,מור גמל להשקעה - מניות,קופת גמל להשקעה,מניות אקטיבי,קופת גמל להשקעה | מניות אקטיבי,2025,26.7215,12,4153.2
gemel,12538,מור גמל להשקעה - כללי,קופת גמל להשקעה,כללי/מעורב/גמיש/תלוי גיל,קופת גמל להשקעה | כללי/מעורב/גמיש/תלוי גיל,2025,14.9711,12,5530.8
gemel,12540,אינפיניטי גמל להשקעה הלכה,קופת גמל להשקעה,כללי/מעורב/גמיש/תלוי גיל,קופת גמל להשקעה | כללי/מעורב/גמיש/תלוי גיל,2025,11.2305,12,109.3
gemel,1256,מנורה מבטחים השתלמות מסלול מניות,קרנות השתלמות,מניות אקטיבי,קרנות השתלמות | מניות אקטיבי,2025,27.9383,12,1530.2
gemel,12599,"כלל השתלמות אשראי ואג""ח עם מניות(עד 25% מניות)",קרנות השתלמות,עד 25% מניות,קרנות השתלמות | עד 25% מניות,2025,9.9404,12,436.9
gemel,127,כלל תמר מניות,תגמולים ואישית לפיצויים,מניות אקטיבי,תגמולים ואישית לפיצויים | מניות אקטיבי,2025,27.4452,12,1349.7
gemel,128,כלל תמר כספי(שקלי),תגמולים ואישית לפיצויים,כספי,תגמולים ואישית לפיצויים | כספי,2025,5.2099,12,274.8
gemel,1290,אלטשולר שחם השתלמות כללי ב',קרנות השתלמות,כללי/מעורב/גמיש/תלוי גיל,קרנות השתלמות | כללי/מעורב/גמיש/תלוי גיל,2025,14.4028,12,701.6
gemel,12955,"מור גמל להשקעה -אשראי ואג""ח עם מניות (עד 25% מניות)",קופת גמל להשקעה,עד 25% מניות,קופת גמל להשקעה | עד 25% מניות,2025,9.1352,12,503.5
gemel,12956,"מור קרן השתלמות לשכירים ולעצמאים - אשראי ואג""ח עם מניות (עד 25% מניות)",קרנות השתלמות,עד 25% מניות,קרנות השתלמות | עד 25% מניות,2025,9.2092,12,1517.2
gemel,1319,"ילין לפידות קרן השתלמות מסלול אשראי ואג""ח",קרנות השתלמות,"אג""ח ללא מניות","קרנות השתלמות | אג""ח ללא מניות",2025,6.8669,12,578.0
gemel,13209,הפניקס גמל להשקעה כספי (שקלי),קופת גמל להשקעה,כספי,קופת גמל להשקעה | כספי,2025,4.552,12,48.8
gemel,13228,אינפיניטי גמל להשקעה עוקב מדדים גמיש,קופת גמל להשקעה,כללי/מעורב/גמיש/תלוי גיל,קופת גמל להשקעה | כללי/מעורב/גמיש/תלוי גיל,2025,14.9333,12,20.7
gemel,13229,אינפיניטי השתלמות כללי,קרנות השתלמות,כללי/מעורב/גמיש/תלוי גיל,קרנות השתלמות | כללי/מעורב/גמיש/תלוי גיל,2025,15.3899,12,280.3
gemel,13245,מיטב השתלמות עוקב מדד S&P500,קרנות השתלמות,מניות פאסיבי,קרנות השתלמות | מניות פאסיבי,2025,3.0143,12,3797.2
gemel,13246,מיטב גמל עוקב מדד S&P500,תגמולים ואישית לפיצויים,מניות פאסיבי,תגמולים ואישית לפיצויים | מניות פאסיבי,2025,3.067,12,2212.4
gemel,13250,הפניקס גמל להשקעה עוקב מדד S&P500,קופת גמל להשקעה,מניות פאסיבי,קופת גמל להשקעה | מניות פאסיבי,2025,2.9424,12,3822.5
gemel,13254,הראל גמל להשקעה כספי (שקלי),קופת גמל להשקעה,כספי,קופת גמל להשקעה | כספי,2025,4.3129,12,49.5
gemel,13259,מיטב גמל להשקעה עוקב מדד S&P 500,קופת גמל להשקעה,מניות פאסיבי,קופת גמל להשקעה | מניות פאסיבי,2025,3.0456,12,1370.3
gemel,13263,הפניקס גמל עוקב מדד s&p500,תגמולים ואישית לפיצויים,מניות פאסיבי,תגמולים ואישית לפיצויים | מניות פאסיבי,2025,2.9621,12,5724.4
gemel,13264,הפניקס השתלמות עוקב מדד s&p500,קרנות השתלמות,מניות פאסיבי,קרנות השתלמות | מניות פאסיבי,2025,2.9422,12,10852.4
gemel,1334,הראל גמל כספי (שקלי),תגמולים ואישית לפיצויים,כספי,תגמולים ואישית לפיצויים | כספי,2025,4.5418,12,287.1
gemel,13342,כלל השתלמות עוקב מדד s&p 500,קרנות השתלמות,מניות פאסיבי,קרנות השתלמות | מניות פאסיבי,2025,2.5119,12,4631.1
gemel,13343,כלל תמר עוקב מדד s&p 500,תגמולים ואישית לפיצויים,מניות פאסיבי,תגמולים ואישית לפיצויים | מניות פאסיבי,2025,2.5116,12,1786.1
gemel,13344,כלל גמל לעתיד עוקב מדד s&p 500,קופת גמל להשקעה,מניות פאסיבי,קופת גמל להשקעה | מניות פאסיבי,2025,2.5019,12,907.4
gemel,1335,"הראל גמל מסלול אשראי ואג""ח",תגמולים ואישית לפיצויים,"אג""ח ללא מניות","תגמולים ואישית לפיצויים | אג""ח ללא מניות",2025,7.1399,12,470.3
gemel,13353,מנורה מבטחים גמל להשקעה מסלול מניות סחיר,קופת גמל להשקעה,מניות אקטיבי,קופת גמל להשקעה | מניות אקטיבי,2025,9.7904,12,228.4
gemel,13354,"מנורה מבטחים גמל להשקעה מסלול אשראי ואג""ח",קופת גמל להשקעה,"אג""ח ללא מניות","קופת גמל להשקעה | אג""ח ללא מניות",2025,8.8601,12,66.8
gemel,13355,"מנורה מבטחים תגמולים ופיצויים מסלול אשראי ואג""ח",תגמולים ואישית לפיצויים,"אג""ח ללא מניות","תגמולים ואישית לפיצויים | אג""ח ללא מניות",2025,8.5148,12,370.9
gemel,13356,מנורה מבטחים תגמולים ופיצויים מסלול עוקב מדדי מניות,תגמולים ואישית לפיצויים,מניות פאסיבי,תגמולים ואישית לפיצויים | מניות פאסיבי,2025,7.9451,12,748.1
gemel,13357,"מנורה מבטחים השתלמות מסלול אשראי ואג""ח",קרנות השתלמות,"אג""ח ללא מניות","קרנות השתלמות | אג""ח ללא מניות",2025,8.6985,12,550.1
gemel,13414,הראל גמל להשקעה עוקב מדד s&p 500,קופת גמל להשקעה,מניות פאסיבי,קופת גמל להשקעה | מניות פאסיבי,2025,2.6111,12,2174.6
gemel,1343,מנורה מבטחים תגמולים ופיצויים מסלול כספי (שקלי),תגמולים ואישית לפיצויים,כספי,תגמולים ואישית לפיצויים | כספי,2025,4.4066,12,128.3
gemel,1348,"כלל השתלמות אשראי ואג""ח",קרנות השתלמות,"אג""ח ללא מניות","קרנות השתלמות | אג""ח ללא מניות",2025,6.7588,12,390.5
gemel,1350,כלל השתלמות מניות,קרנות השתלמות,מניות אקטיבי,קרנות השתלמות | מניות אקטיבי,2025,27.4505,12,2604.3
gemel,13501,הראל גמל - עוקב מדד s&p 500,תגמולים ואישית לפיצויים,מניות פאסיבי,תגמולים ואישית לפיצויים | מניות פאסיבי,2025,2.6426,12,3363.9
gemel,13502,הראל השתלמות - עוקב מדד s&p 500,קרנות השתלמות,מניות פאסיבי,קרנות השתלמות | מניות פאסיבי,2025,2.6422,12,7454.0
gemel,1351,כלל השתלמות כספי(שקלי),קרנות השתלמות,כספי,קרנות השתלמות | כספי,2025,5.2099,12,215.6
gemel,13563,מגדל גמל להשקעה עוקב מדד s&p500,קופת גמל להשקעה,מניות פאסיבי,קופת גמל להשקעה | מניות פאסיבי,2025,2.8516,12,921.2
gemel,13565,מגדל לתגמולים ולפיצויים עוקב מדד s&p500,תגמולים ואישית לפיצויים,מניות פאסיבי,תגמולים ואישית לפיצויים | מניות פאסיבי,2025,2.768,12,1954.2
gemel,1360,"ילין לפידות קופת גמל מסלול אג""ח ממשלות",תגמולים ואישית לפיצויים,"אג""ח ללא מניות","תגמולים ואישית לפיצויים | אג""ח ללא מניות",2025,5.1708,12,87.9
gemel,1361,"ילין לפידות קרן השתלמות מסלול אג""ח ממשלות",קרנות השתלמות,"אג""ח ללא מניות","קרנות השתלמות | אג""ח ללא מניות",2025,5.0558,12,125.9
gemel,1364,מנורה מבטחים תגמולים ופיצויים מסלול מניות,תגמולים ואישית לפיצויים,מניות אקטיבי,תגמולים ואישית לפיצויים | מניות אקטיבי,2025,27.7126,12,639.8
gemel,1370,מיטב השתלמות כספי (שקלי),קרנות השתלמות,כספי,קרנות השתלמות | כספי,2025,4.6356,12,214.2
gemel,1375,אלטשולר שחם גמל מניות,תגמולים ואישית לפיצויים,מניות אקטיבי,תגמולים ואישית לפיצויים | מניות אקטיבי,2025,21.0839,12,3197.3
gemel,1376,"אלטשולר שחם גמל אשראי ואג""ח",תגמולים ואישית לפיצויים,"אג""ח ללא מניות","תגמולים ואישית לפיצויים | אג""ח ללא מניות",2025,5.131,12,745.6
gemel,1377,אלטשולר שחם השתלמות מניות,קרנות השתלמות,מניות אקטיבי,קרנות השתלמות | מניות אקטיבי,2025,21.02,12,6884.6
gemel,1378,"אלטשולר שחם השתלמות אשראי ואג""ח",קרנות השתלמות,"אג""ח ללא מניות","קרנות השתלמות | אג""ח ללא מניות",2025,5.235,12,578.1
gemel,13853,אנליסט קרן השתלמות עוקב מדד S&P500,קרנות השתלמות,מניות פאסיבי,קרנות השתלמות | מניות פאסיבי,2025,2.5506,12,1735.1
gemel,13854,אנליסט מסלולית - קופת גמל להשקעה עוקב מדד S&P500,קופת גמל להשקעה,מניות פאסיבי,קופת גמל להשקעה | מניות פאסיבי,2025,2.5822,12,1218.4
gemel,13855,אנליסט מסלולית קופת גמל - עוקב מדד S&P500,תגמולים ואישית לפיצויים,מניות פאסיבי,תגמולים ואישית לפיצויים | מניות פאסיבי,2025,2.5817,12,678.4
gemel,1386,"מיטב גמל אג""ח ממשלות",תגמולים ואישית לפיצויים,"אג""ח ללא מניות","תגמולים ואישית לפיצויים | אג""ח ללא מניות",2025,6.0191,12,112.6
gemel,13869,מנורה מבטחים השתלמות הלכה,קרנות השתלמות,כללי/מעורב/גמיש/תלוי גיל,קרנות השתלמות | כללי/מעורב/גמיש/תלוי גיל,2025,13.0364,12,119.5
gemel,1387,"מיטב השתלמות אג""ח ממשלות",קרנות השתלמות,"אג""ח ללא מניות","קרנות השתלמות | אג""ח ללא מניות",2025,6.0204,12,182.8
gemel,13873,מנורה מבטחים השתלמות עוקב מדד S&P500,קרנות השתלמות,מניות פאסיבי,קרנות השתלמות | מניות פאסיבי,2025,2.909,12,2877.4
gemel,13874,מנורה מבטחים גמל להשקעה עוקב מדד S&P500,קופת גמל להשקעה,מניות פאסיבי,קופת גמל להשקעה | מניות פאסיבי,2025,2.897,12,715.7
gemel,1394,אלטשולר שחם גמל כספי (שקלי),תגמולים ואישית לפיצויים,כספי,תגמולים ואישית לפיצויים | כספי,2025,5.1754,12,308.0
gemel,13946,מנורה מבטחים תגמולים ופיצויים עוקב מדד S&P500,תגמולים ואישית לפיצויים,מניות פאסיבי,תגמולים ואישית לפיצויים | מניות פאסיבי,2025,2.9506,12,929.0
gemel,1395,"אלטשולר שחם גמל אג""ח ממשלות",תגמולים ואישית לפיצויים,"אג""ח ללא מניות","תגמולים ואישית לפיצויים | אג""ח ללא מניות",2025,6.317,12,189.4
gemel,1398,אלטשולר שחם השתלמות כספי (שקלי),קרנות השתלמות,כספי,קרנות השתלמות | כספי,2025,5.2071,12,263.9
gemel,1399,"אלטשולר שחם השתלמות אג""ח ממשלות",קרנות השתלמות,"אג""ח ללא מניות","קרנות השתלמות | אג""ח ללא מניות",2025,6.2349,12,210.2
gemel,1409,מנורה מבטחים השתלמות מסלול מניות סחיר,קרנות השתלמות,מניות אקטיבי,קרנות השתלמות | מניות אקטיבי,2025,13.0386,12,748.0
gemel,1412,"אנליסט גמל אג""ח ממשלות",תגמולים ואישית לפיצויים,"אג""ח ללא מניות","תגמולים ואישית לפיצויים | אג""ח ללא מניות",2025,5.8079,12,34.9
gemel,14201,הראל גמל - עוקב מדדים גמיש,תגמולים ואישית לפיצויים,כללי/מעורב/גמיש/תלוי גיל,תגמולים ואישית לפיצויים | כללי/מעורב/גמיש/תלוי גיל,2025,15.2532,12,890.4
gemel,14202,הראל גמל- משולב סחיר,תגמולים ואישית לפיצויים,כללי/מעורב/גמיש/תלוי גיל,תגמולים ואישית לפיצויים | כללי/מעורב/גמיש/תלוי גיל,2025,2.1312,12,175.1
gemel,14206,הראל גמל להשקעה קיימות,קופת גמל להשקעה,כללי/מעורב/גמיש/תלוי גיל,קופת גמל להשקעה | כללי/מעורב/גמיש/תלוי גיל,2025,13.895,12,5.9
gemel,14228,מגדל לתגמולים ולפיצויים מסלול עוקב מדדים - גמיש,תגמולים ואישית לפיצויים,כללי/מעורב/גמיש/תלוי גיל,תגמולים ואישית לפיצויים | כללי/מעורב/גמיש/תלוי גיל,2025,0.1516,12,304.2
gemel,14229,מגדל לתגמולים ולפיצויים מסלול משולב סחיר,תגמולים ואישית לפיצויים,כללי/מעורב/גמיש/תלוי גיל,תגמולים ואישית לפיצויים | כללי/מעורב/גמיש/תלוי גיל,2025,15.7694,12,182.9
gemel,14236,כלל תמר משולב סחיר,תגמולים ואישית לפיצויים,כללי/מעורב/גמיש/תלוי גיל,תגמולים ואישית לפיצויים | כללי/מעורב/גמיש/תלוי גיל,2025,29.6798,12,370.9
gemel,14237,כלל תמר עוקב מדדים גמיש,תגמולים ואישית לפיצויים,כללי/מעורב/גמיש/תלוי גיל,תגמולים ואישית לפיצויים | כללי/מעורב/גמיש/תלוי גיל,2025,0.024,12,157.4
gemel,14264,מיטב גמל משולב סחיר,תגמולים ואישית לפיצויים,כללי/מעורב/גמיש/תלוי גיל,תגמולים ואישית לפיצויים | כללי/מעורב/גמיש/תלוי גיל,2025,51.379,12,2056.1
gemel,14265,מיטב גמל עוקב מדדים גמיש,תגמולים ואישית לפיצויים,כללי/מעורב/גמיש/תלוי גיל,תגמולים ואישית לפיצויים | כללי/מעורב/גמיש/תלוי גיל,2025,5.399,12,442.9
gemel,14270,מיטב גמל להשקעה קיימות,קופת גמל להשקעה,כללי/מעורב/גמיש/תלוי גיל,קופת גמל להשקעה | כללי/מעורב/גמיש/תלוי גיל,2025,15.7724,12,66.4
gemel,14271,מנורה מבטחים תגמולים ופיצויים מסלול משולב סחיר,תגמולים ואישית לפיצויים,כללי/מעורב/גמיש/תלוי גיל,תגמולים ואישית לפיצויים | כללי/מעורב/גמיש/תלוי גיל,2025,5.6176,12,203.9
gemel,14272,מנורה מבטחים תגמולים ופיצויים מסלול עוקב מדדים גמיש,תגמולים ואישית לפיצויים,כללי/מעורב/גמיש/תלוי גיל,תגמולים ואישית לפיצויים | כללי/מעורב/גמיש/תלוי גיל,2025,12.4952,12,536.3
gemel,14279,אנליסט מסלולית קופת גמל עוקב מדדים - גמיש,תגמולים ואישית לפיצויים,כללי/מעורב/גמיש/תלוי גיל,תגמולים ואישית לפיצויים | כללי/מעורב/גמיש/תלוי גיל,2025,45.7108,12,1230.6
gemel,14281,הפניקס גמל מסלול משולב סחיר,תגמולים ואישית לפיצויים,כללי/מעורב/גמיש/תלוי גיל,תגמולים ואישית לפיצויים | כללי/מעורב/גמיש/תלוי גיל,2025,15.9256,12,215.4
gemel,14292,ילין לפידות קופת גמל מסלול משולב סחיר,תגמולים ואישית לפיצויים,כללי/מעורב/גמיש/תלוי גיל,תגמולים ואישית לפיצויים | כללי/מעורב/גמיש/תלוי גיל,2025,30.7459,12,602.6
gemel,14293,ילין לפידות קופת גמל מסלול עוקב מדדים גמיש,תגמולים ואישית לפיצויים,כללי/מעורב/גמיש/תלוי גיל,תגמולים ואישית לפיצויים | כללי/מעורב/גמיש/תלוי גיל,2025,2.8855,12,527.9
gemel,14331,אינפיניטי גמל משולב סחיר,תגמולים ואישית לפיצויים,כללי/מעורב/גמיש/תלוי גיל,תגמולים ואישית לפיצויים | כללי/מעורב/גמיש/תלוי גיל,2025,51.3494,12,57.8
gemel,14332,אינפיניטי גמל עוקב מדדים גמיש,תגמולים ואישית לפיצויים,כללי/מעורב/גמיש/תלוי גיל,תגמולים ואישית לפיצויים | כללי/מעורב/גמיש/תלוי גיל,2025,14.1969,12,7.2
gemel,14342,"אלפא מור קופת גמל לחיסכון, קופת גמל לתגמולים וקופת גמל אישית לפיצויים - משולב סחיר",תגמולים ואישית לפיצויים,כללי/מעורב/גמיש/תלוי גיל,תגמולים ואישית לפיצויים | כללי/מעורב/גמיש/תלוי גיל,2025,17.2514,12,1626.5
gemel,14351,מנורה מבטחים תגמולים ופיצויים מסלול קיימות,תגמולים ואישית לפיצויים,כללי/מעורב/גמיש/תלוי גיל,תגמולים ואישית לפיצויים | כללי/מעורב/גמיש/תלוי גיל,2025,5.3961,12,0.4
gemel,14353,אלטשולר שחם גמל משולב סחיר,תגמולים ואישית לפיצויים,כללי/מעורב/גמיש/תלוי גיל,תגמולים ואישית לפיצויים | כללי/מעורב/גמיש/תלוי גיל,2025,14.0912,12,719.0
gemel,14354,אלטשולר שחם גמל עוקב מדדים- גמיש,תגמולים ואישית לפיצויים,כללי/מעורב/גמיש/תלוי גיל,תגמולים ואישית לפיצויים | כללי/מעורב/גמיש/תלוי גיל,2025,2.2266,12,196.4
gemel,14394,"אלפא מור קופת גמל לחיסכון, קופת גמל לתגמולים וקופת גמל אישית לפיצויים - עוקב מדדים גמיש",תגמולים ואישית לפיצויים,כללי/מעורב/גמיש/תלוי גיל,תגמולים ואישית לפיצויים | כללי/מעורב/גמיש/תלוי גיל,2025,0.4199,12,145.6
gemel,14481,"אלפא מור קופת גמל לחיסכון, קופת גמל לתגמולים וקופת גמל אישית לפיצויים - אשראי ואג""ח",תגמולים ואישית לפיצויים,"אג""ח ללא מניות","תגמולים ואישית לפיצויים | אג""ח ללא מניות",2025,8.7134,12,814.3
gemel,14482,"מור גמל להשקעה - אשראי ואג""ח",קופת גמל להשקעה,"אג""ח ללא מניות","קופת גמל להשקעה | אג""ח ללא מניות",2025,9.1338,12,230.5
gemel,14483,"מור קרן השתלמות לשכירים ולעצמאים - אשראי ואג""ח",קרנות השתלמות,"אג""ח ללא מניות","קרנות השתלמות | אג""ח ללא מניות",2025,8.7338,12,398.3
gemel,14657,ילין לפידות קרן השתלמות מסלול עוקב מדדים גמיש,קרנות השתלמות,כללי/מעורב/גמיש/תלוי גיל,קרנות השתלמות | כללי/מעורב/גמיש/תלוי גיל,2025,2.8558,12,461.9
gemel,14658,ילין לפידות קופת גמל להשקעה מסלול עוקב מדדים גמיש,קופת גמל להשקעה,כללי/מעורב/גמיש/תלוי גיל,קופת גמל להשקעה | כללי/מעורב/גמיש/תלוי גיל,2025,2.7518,12,107.9
gemel,14668,מגדל השתלמות עוקב מדד S&P 500,קרנות השתלמות,מניות פאסיבי,קרנות השתלמות | מניות פאסיבי,2025,2.7277,12,3591.1
gemel,14676,מנורה מבטחים השתלמות עוקב מדדי מניות,קרנות השתלמות,מניות פאסיבי,קרנות השתלמות | מניות פאסיבי,2025,18.1266,12,681.2
gemel,14678,מנורה מבטחים גמל להשקעה עוקב מדדים גמיש,קופת גמל להשקעה,כללי/מעורב/גמיש/תלוי גיל,קופת גמל להשקעה | כללי/מעורב/גמיש/תלוי גיל,2025,12.5146,12,103.7
gemel,14679,"מנורה מבטחים תגמולים ופיצויים מסלול עוקב מדדי אג""ח",תגמולים ואישית לפיצויים,"אג""ח ללא מניות","תגמולים ואישית לפיצויים | אג""ח ללא מניות",2025,5.2542,12,82.6
gemel,14680,כלל השתלמות עוקב מדדים גמיש,קרנות השתלמות,כללי/מעורב/גמיש/תלוי גיל,קרנות השתלמות | כללי/מעורב/גמיש/תלוי גיל,2025,0.085,12,197.3
gemel,14681,כלל גמל לעתיד עוקב מדדים גמיש,קופת גמל להשקעה,כללי/מעורב/גמיש/תלוי גיל,קופת גמל להשקעה | כללי/מעורב/גמיש/תלוי גיל,2025,0.0045,12,36.3
gemel,14716,הראל השתלמות מסלול כספי (שקלי),קרנות השתלמות,כספי,קרנות השתלמות | כספי,2025,4.5523,12,110.1
gemel,14790,כלל השתלמות עוקב מדדי מניות,קרנות השתלמות,מניות פאסיבי,קרנות השתלמות | מניות פאסיבי,2025,1.9495,12,255.9
gemel,14791,כלל גמל לעתיד עוקב מדדי מניות,קופת גמל להשקעה,מניות פאסיבי,קופת גמל להשקעה | מניות פאסיבי,2025,1.7851,12,69.0
gemel,14849,ילין לפידות קרן השתלמות מסלול עוקב מדד s&p 500,קרנות השתלמות,מניות פאסיבי,קרנות השתלמות | מניות פאסיבי,2025,2.5369,12,1072.3
gemel,1485,"הראל השתלמות אשראי ואג""ח",קרנות השתלמות,"אג""ח ללא מניות","קרנות השתלמות | אג""ח ללא מניות",2025,7.0137,12,317.5
gemel,14858,אלטשולר שחם גמל עוקב מדד S&P 500,תגמולים ואישית לפיצויים,מניות פאסיבי,תגמולים ואישית לפיצויים | מניות פאסיבי,2025,2.947,12,536.2
gemel,14862,אלטשולר שחם השתלמות עוקב S&P 500,קרנות השתלמות,מניות פאסיבי,קרנות השתלמות | מניות פאסיבי,2025,2.8775,12,1248.4
gemel,14863,אלטשולר שחם השתלמות עוקב מדדי מניות,קרנות השתלמות,מניות פאסיבי,קרנות השתלמות | מניות פאסיבי,2025,8.661,12,1174.5
gemel,14864,אלטשולר שחם חיסכון פלוס עוקב מדדי מניות,קופת גמל להשקעה,מניות פאסיבי,קופת גמל להשקעה | מניות פאסיבי,2025,8.6011,12,525.9
gemel,14865,אלטשולר שחם חיסכון פלוס עוקב מדד S&P 500,קופת גמל להשקעה,מניות פאסיבי,קופת גמל להשקעה | מניות פאסיבי,2025,2.8793,12,970.9
gemel,14919,אינפיניטי גמל עוקב מדד s&p 500,תגמולים ואישית לפיצויים,מניות פאסיבי,תגמולים ואישית לפיצויים | מניות פאסיבי,2025,5.7207,12,29.4
gemel,14920,אינפיניטי השתלמות עוקב מדד s&p 500,קרנות השתלמות,מניות פאסיבי,קרנות השתלמות | מניות פאסיבי,2025,5.9705,12,36.1
gemel,14921,אינפיניטי השתלמות עוקב מדדי מניות,קרנות השתלמות,מניות פאסיבי,קרנות השתלמות | מניות פאסיבי,2025,14.0066,12,19.8
gemel,14922,אינפיניטי השתלמות הלכה,קרנות השתלמות,כללי/מעורב/גמיש/תלוי גיל,קרנות השתלמות | כללי/מעורב/גמיש/תלוי גיל,2025,10.142,12,36.9
gemel,14923,אינפיניטי גמל להשקעה עוקב מדד s&p 500,קופת גמל להשקעה,מניות פאסיבי,קופת גמל להשקעה | מניות פאסיבי,2025,6.7192,12,26.7
gemel,14924,אינפיניטי גמל להשקעה עוקב מדדי מניות,קופת גמל להשקעה,מניות פאסיבי,קופת גמל להשקעה | מניות פאסיבי,2025,14.1075,12,10.4
gemel,14943,מגדל גמל להשקעה מסלול עוקב מדדי מניות,קופת גמל להשקעה,מניות פאסיבי,קופת גמל להשקעה | מניות פאסיבי,2025,6.5214,12,194.3
gemel,14944,"מגדל גמל להשקעה מסלול אשראי ואג""ח",קופת גמל להשקעה,"אג""ח ללא מניות","קופת גמל להשקעה | אג""ח ללא מניות",2025,6.3883,12,28.9
gemel,14945,מגדל השתלמות מסלול עוקב מדדי מניות,קרנות השתלמות,מניות פאסיבי,קרנות השתלמות | מניות פאסיבי,2025,6.3488,12,580.4
gemel,15007,הפניקס השתלמות עוקב מדדי מניות,קרנות השתלמות,מניות פאסיבי,קרנות השתלמות | מניות פאסיבי,2025,3.0222,12,272.6
gemel,15028,אלטשולר שחם השתלמות עוקב מדדים גמיש,קרנות השתלמות,כללי/מעורב/גמיש/תלוי גיל,קרנות השתלמות | כללי/מעורב/גמיש/תלוי גיל,2025,14.0192,12,175.5
gemel,15040,הראל גמל להשקעה עוקב מדדי מניות,קופת גמל להשקעה,מניות פאסיבי,קופת גמל להשקעה | מניות פאסיבי,2025,6.2725,12,204.4
gemel,15055,מגדל לתגמולים ולפיצויים עוקב מדדי מניות,תגמולים ואישית לפיצויים,מניות פאסיבי,תגמולים ואישית לפיצויים | מניות פאסיבי,2025,6.33,12,426.2
gemel,15093,כלל תמר עוקב מדדי מניות,תגמולים ואישית לפיצויים,מניות פאסיבי,תגמולים ואישית לפיצויים | מניות פאסיבי,2025,2.0516,12,132.4
gemel,15208,"הפניקס גמל אג""ח סחיר",תגמולים ואישית לפיצויים,"אג""ח ללא מניות","תגמולים ואישית לפיצויים | אג""ח ללא מניות",2025,13.266,12,78.3
gemel,15209,הפניקס גמל מניות סחיר,תגמולים ואישית לפיצויים,מניות אקטיבי,תגמולים ואישית לפיצויים | מניות אקטיבי,2025,44.702,12,661.1
gemel,15210,הפניקס גמל עוקב מדדי מניות,תגמולים ואישית לפיצויים,מניות פאסיבי,תגמולים ואישית לפיצויים | מניות פאסיבי,2025,3.548,12,215.9
gemel,15211,הפניקס השתלמות משולב סחיר,קרנות השתלמות,כללי/מעורב/גמיש/תלוי גיל,קרנות השתלמות | כללי/מעורב/גמיש/תלוי גיל,2025,15.8812,12,82.1
gemel,15212,"הפניקס השתלמות אג""ח סחיר",קרנות השתלמות,"אג""ח ללא מניות","קרנות השתלמות | אג""ח ללא מניות",2025,6.1671,12,40.9
gemel,15214,הפניקס גמל להשקעה משולב סחיר,קופת גמל להשקעה,כללי/מעורב/גמיש/תלוי גיל,קופת גמל להשקעה | כללי/מעורב/גמיש/תלוי גיל,2025,16.2193,12,24.3
gemel,15215,"הפניקס גמל להשקעה אג""ח סחיר",קופת גמל להשקעה,"אג""ח ללא מניות","קופת גמל להשקעה | אג""ח ללא מניות",2025,6.2307,12,13.7
gemel,1523,הראל השתלמות מסלול הלכה,קרנות השתלמות,כללי/מעורב/גמיש/תלוי גיל,קרנות השתלמות | כללי/מעורב/גמיש/תלוי גיל,2025,14.8146,12,580.1
gemel,15232,הפניקס השתלמות מניות סחיר,קרנות השתלמות,מניות אקטיבי,קרנות השתלמות | מניות אקטיבי,2025,46.4322,12,796.1
gemel,15233,הפניקס גמל להשקעה מניות סחיר,קופת גמל להשקעה,מניות אקטיבי,קופת גמל להשקעה | מניות אקטיבי,2025,46.2465,12,269.7
gemel,15234,הפניקס גמל עוקב מדדים - גמיש,תגמולים ואישית לפיצויים,כללי/מעורב/גמיש/תלוי גיל,תגמולים ואישית לפיצויים | כללי/מעורב/גמיש/תלוי גיל,2025,2.2364,12,298.8
gemel,15235,מור קרן השתלמות לשכירים ולעצמאים מתמחים באפיקי השקעה סחירים משולב סחיר,קרנות השתלמות,כללי/מעורב/גמיש/תלוי גיל,קרנות השתלמות | כללי/מעורב/גמיש/תלוי גיל,2025,15.7596,12,803.0
gemel,15236,"מור קרן השתלמות לשכירים ולעצמאים מתמחים באפיקי השקעה סחירים אג""ח עם מניות (עד 25%)",קרנות השתלמות,עד 25% מניות,קרנות השתלמות | עד 25% מניות,2025,12.4146,12,75.7
gemel,15237,"מור קרן השתלמות לשכירים ולעצמאים מתמחים באפיקי השקעה סחירים אג""ח סחיר",קרנות השתלמות,"אג""ח ללא מניות","קרנות השתלמות | אג""ח ללא מניות",2025,9.2403,12,39.0
gemel,15238,מור קרן השתלמות לשכירים ולעצמאים מתמחים באפיקי השקעה סחירים מניות סחיר,קרנות השתלמות,מניות אקטיבי,קרנות השתלמות | מניות אקטיבי,2025,27.062,12,1237.5
gemel,15239,מור קרן השתלמות לשכירים ולעצמאים עוקבי מדדים עוקב מדדים - גמיש,קרנות השתלמות,כללי/מעורב/גמיש/תלוי גיל,קרנות השתלמות | כללי/מעורב/גמיש/תלוי גיל,2025,-0.7228,12,78.3
gemel,1524,הראל גמל מסלול הלכה,תגמולים ואישית לפיצויים,כללי/מעורב/גמיש/תלוי גיל,תגמולים ואישית לפיצויים | כללי/מעורב/גמיש/תלוי גיל,2025,15.3423,12,279.6
gemel,15240,"מור קרן השתלמות לשכירים ולעצמאים עוקבי מדדים עוקב מדדי אג""ח עם מניות (עד 25% מניות)",קרנות השתלמות,עד 25% מניות,קרנות השתלמות | עד 25% מניות,2025,-3.5976,12,17.6
gemel,15241,מור קרן השתלמות לשכירים ולעצמאים עוקבי מדדים עוקב מדדי מניות,קרנות השתלמות,מניות פאסיבי,קרנות השתלמות | מניות פאסיבי,2025,4.9805,12,283.2
gemel,15242,"מור קרן השתלמות לשכירים ולעצמאים עוקבי מדדים עוקב מדדי אג""ח",קרנות השתלמות,"אג""ח ללא מניות","קרנות השתלמות | אג""ח ללא מניות",2025,-4.9764,12,55.6
gemel,15247,"אלפא מור קופת גמל לחיסכון, קופת גמל לתגמולים וקופת גמל אישית לפיצויים מתמחים באפיקי השקעה סחירים מניות סחיר",תגמולים ואישית לפיצויים,מניות אקטיבי,תגמולים ואישית לפיצויים | מניות אקטיבי,2025,27.5967,12,1154.9
gemel,15248,"אלפא מור קופת גמל לחיסכון, קופת גמל לתגמולים וקופת גמל אישית לפיצויים מתמחים באפיקי השקעה סחירים אג""ח סחיר",תגמולים ואישית לפיצויים,"אג""ח ללא מניות","תגמולים ואישית לפיצויים | אג""ח ללא מניות",2025,9.0561,12,84.9
gemel,15249,"אלפא מור קופת גמל לחיסכון, קופת גמל לתגמולים וקופת גמל אישית לפיצויים עוקבי מדדים עוקב מדדי מניות",תגמולים ואישית לפיצויים,מניות פאסיבי,תגמולים ואישית לפיצויים | מניות פאסיבי,2025,5.1185,12,288.1
gemel,15250,"אלפא מור קופת גמל לחיסכון, קופת גמל לתגמולים וקופת גמל אישית לפיצויים עוקבי מדדים עוקב מדדי אג""ח",תגמולים ואישית לפיצויים,"אג""ח ללא מניות","תגמולים ואישית לפיצויים | אג""ח ללא מניות",2025,-5.3672,12,52.8
gemel,15253,מור גמל להשקעה - משולב סחיר,קופת גמל להשקעה,כללי/מעורב/גמיש/תלוי גיל,קופת גמל להשקעה | כללי/מעורב/גמיש/תלוי גיל,2025,15.856,12,183.3
gemel,15254,"מור גמל להשקעה - אג""ח עם מניות (עד 25% מניות) סחיר",קופת גמל להשקעה,עד 25% מניות,קופת גמל להשקעה | עד 25% מניות,2025,12.2904,12,43.7
gemel,15255,"מור גמל להשקעה - אג""ח סחיר",קופת גמל להשקעה,"אג""ח ללא מניות","קופת גמל להשקעה | אג""ח ללא מניות",2025,9.5347,12,21.0
gemel,15256,מור גמל להשקעה - מניות סחיר,קופת גמל להשקעה,מניות אקטיבי,קופת גמל להשקעה | מניות אקטיבי,2025,27.7598,12,380.4
gemel,15257,מור גמל להשקעה - עוקב מדדים גמיש,קופת גמל להשקעה,כללי/מעורב/גמיש/תלוי גיל,קופת גמל להשקעה | כללי/מעורב/גמיש/תלוי גיל,2025,-0.7068,12,22.4
gemel,15258,"מור גמל להשקעה - עוקב מדדים אג""ח עם מניות (עד 25% מניות)",קופת גמל להשקעה,עד 25% מניות,קופת גמל להשקעה | עד 25% מניות,2025,-4.1156,12,5.5
gemel,15259,מור גמל להשקעה - עוקב מדדי מניות,קופת גמל להשקעה,מניות פאסיבי,קופת גמל להשקעה | מניות פאסיבי,2025,5.3791,12,124.5
gemel,15260,"מור גמל להשקעה - עוקב מדדי אג""ח",קופת גמל להשקעה,"אג""ח ללא מניות","קופת גמל להשקעה | אג""ח ללא מניות",2025,-4.8245,12,27.0
gemel,15283,"הראל גמל להשקעה אשראי ואג""ח",קופת גמל להשקעה,"אג""ח ללא מניות","קופת גמל להשקעה | אג""ח ללא מניות",2025,6.8093,12,38.1
gemel,15284,הראל גמל להשקעה עוקב מדדים - גמיש,קופת גמל להשקעה,כללי/מעורב/גמיש/תלוי גיל,קופת גמל להשקעה | כללי/מעורב/גמיש/תלוי גיל,2025,15.3112,12,91.7
gemel,15285,"הראל גמל להשקעה עוקב מדדי אג""ח",קופת גמל להשקעה,"אג""ח ללא מניות","קופת גמל להשקעה | אג""ח ללא מניות",2025,-5.065,12,11.9
gemel,15286,הראל גמל להשקעה מניות סחיר,קופת גמל להשקעה,מניות אקטיבי,קופת גמל להשקעה | מניות אקטיבי,2025,63.0318,12,474.4
gemel,15287,"הראל גמל להשקעה אג""ח סחיר",קופת גמל להשקעה,"אג""ח ללא מניות","קופת גמל להשקעה | אג""ח ללא מניות",2025,6.6072,12,28.5
gemel,15288,הראל גמל להשקעה משולב סחיר,קופת גמל להשקעה,כללי/מעורב/גמיש/תלוי גיל,קופת גמל להשקעה | כללי/מעורב/גמיש/תלוי גיל,2025,-0.0033,12,21.4
gemel,15289,"הראל גמל להשקעה מסלול סחיר- אג""ח עם מניות (עד 25% מניות)",קופת גמל להשקעה,עד 25% מניות,קופת גמל להשקעה | עד 25% מניות,2025,10.025,12,12.1
gemel,15290,"הראל גמל להשקעה עוקב מדדים- אג""ח עם מניות (עד 25% מניות)",קופת גמל להשקעה,עד 25% מניות,קופת גמל להשקעה | עד 25% מניות,2025,9.5397,12,21.4
gemel,15291,הראל גמל קיימות,תגמולים ואישית לפיצויים,כללי/מעורב/גמיש/תלוי גיל,תגמולים ואישית לפיצויים | כללי/מעורב/גמיש/תלוי גיל,2025,14.1472,12,3.7
gemel,15292,"הראל גמל- עוקב מדדי אג""ח",תגמולים ואישית לפיצויים,"אג""ח ללא מניות","תגמולים ואישית לפיצויים | אג""ח ללא מניות",2025,-5.0461,12,59.8
gemel,15293,הראל גמל- עוקב מדדי מניות,תגמולים ואישית לפיצויים,מניות פאסיבי,תגמולים ואישית לפיצויים | מניות פאסיבי,2025,6.2681,12,269.6
gemel,15294,"הראל גמל- אג""ח סחיר",תגמולים ואישית לפיצויים,"אג""ח ללא מניות","תגמולים ואישית לפיצויים | אג""ח ללא מניות",2025,6.7702,12,181.6
gemel,15295,הראל גמל- מניות סחיר,תגמולים ואישית לפיצויים,מניות אקטיבי,תגמולים ואישית לפיצויים | מניות אקטיבי,2025,50.9966,12,731.7
gemel,15296,הראל השתלמות קיימות,קרנות השתלמות,כללי/מעורב/גמיש/תלוי גיל,קרנות השתלמות | כללי/מעורב/גמיש/תלוי גיל,2025,14.002,12,11.5
gemel,15297,הראל השתלמות עוקב מדדים - גמיש,קרנות השתלמות,כללי/מעורב/גמיש/תלוי גיל,קרנות השתלמות | כללי/מעורב/גמיש/תלוי גיל,2025,15.2418,12,291.3
gemel,15298,"הראל השתלמות עוקב מדדי אג""ח",קרנות השתלמות,"אג""ח ללא מניות","קרנות השתלמות | אג""ח ללא מניות",2025,-5.1238,12,32.0
gemel,15299,"הראל השתלמות עוקב מדדים- אג""ח עם מניות (עד 25% מניות)",קרנות השתלמות,עד 25% מניות,קרנות השתלמות | עד 25% מניות,2025,9.5294,12,29.6
gemel,15300,הראל השתלמות עוקב מדדי מניות,קרנות השתלמות,מניות פאסיבי,קרנות השתלמות | מניות פאסיבי,2025,6.3113,12,344.0
gemel,15301,"הראל השתלמות אג""ח סחיר",קרנות השתלמות,"אג""ח ללא מניות","קרנות השתלמות | אג""ח ללא מניות",2025,6.7807,12,106.6
gemel,15302,הראל השתלמות מניות סחיר,קרנות השתלמות,מניות אקטיבי,קרנות השתלמות | מניות אקטיבי,2025,50.8921,12,919.4
gemel,15303,"הראל השתלמות מסלול סחיר- אג""ח עם מניות (עד 25% מניות)",קרנות השתלמות,עד 25% מניות,קרנות השתלמות | עד 25% מניות,2025,11.3225,12,77.6
gemel,15309,אנליסט מסלולית - קופת גמל להשקעה עוקב מדדי מניות,קופת גמל להשקעה,מניות פאסיבי,קופת גמל להשקעה | מניות פאסיבי,2025,8.8371,12,143.1
gemel,15310,אנליסט מסלולית קופת גמל עוקב מדדי מניות,תגמולים ואישית לפיצויים,מניות פאסיבי,תגמולים ואישית לפיצויים | מניות פאסיבי,2025,8.8748,12,244.8
gemel,15311,אנליסט מסלולית - קרן השתלמות עוקב מדדים - גמיש,קרנות השתלמות,כללי/מעורב/גמיש/תלוי גיל,קרנות השתלמות | כללי/מעורב/גמיש/תלוי גיל,2025,45.591,12,1065.0
gemel,15312,אנליסט מסלולית - קרן השתלמות עוקב מדדי מניות,קרנות השתלמות,מניות פאסיבי,קרנות השתלמות | מניות פאסיבי,2025,8.9193,12,283.9
gemel,15315,אלטשולר שחם חיסכון פלוס עוקב מדדים גמיש,קופת גמל להשקעה,כללי/מעורב/גמיש/תלוי גיל,קופת גמל להשקעה | כללי/מעורב/גמיש/תלוי גיל,2025,13.5633,12,47.9
gemel,1533,כלל תמר מסלול הלכתי (הוד),תגמולים ואישית לפיצויים,כללי/מעורב/גמיש/תלוי גיל,תגמולים ואישית לפיצויים | כללי/מעורב/גמיש/תלוי גיל,2025,14.9514,12,135.8
gemel,1534,כלל השתלמות הלכה,קרנות השתלמות,כללי/מעורב/גמיש/תלוי גיל,קרנות השתלמות | כללי/מעורב/גמיש/תלוי גיל,2025,15.2222,12,317.6
gemel,15340,"מגדל השתלמות אשראי ואג""ח עם מניות (עד 25% מניות)",קרנות השתלמות,עד 25% מניות,קרנות השתלמות | עד 25% מניות,2025,10.6246,12,113.4
gemel,15341,מגדל גמל להשקעה מסלול עוקב מדדים - גמיש,קופת גמל להשקעה,כללי/מעורב/גמיש/תלוי גיל,קופת גמל להשקעה | כללי/מעורב/גמיש/תלוי גיל,2025,0.291,12,64.0
gemel,15343,"מנורה מבטחים תגמולים ופיצויים מסלול אג""ח ממשלות",תגמולים ואישית לפיצויים,"אג""ח ללא מניות","תגמולים ואישית לפיצויים | אג""ח ללא מניות",2025,2.5689,6,587.3
gemel,15344,"מיטב גמל אג""ח סחיר",תגמולים ואישית לפיצויים,"אג""ח ללא מניות","תגמולים ואישית לפיצויים | אג""ח ללא מניות",2025,-3.9393,12,75.4
gemel,15345,מיטב גמל מניות סחיר,תגמולים ואישית לפיצויים,מניות אקטיבי,תגמולים ואישית לפיצויים | מניות אקטיבי,2025,3.7387,12,342.4
gemel,15346,מיטב גמל קיימות,תגמולים ואישית לפיצויים,כללי/מעורב/גמיש/תלוי גיל,תגמולים ואישית לפיצויים | כללי/מעורב/גמיש/תלוי גיל,2025,15.6892,12,312.8
gemel,15347,"מיטב גמל להשקעה אג""ח סחיר",קופת גמל להשקעה,"אג""ח ללא מניות","קופת גמל להשקעה | אג""ח ללא מניות",2025,-4.5097,12,9.5
gemel,15348,"מיטב גמל להשקעה סחיר - אג""ח עם מניות (עד 25% מניות)",קופת גמל להשקעה,עד 25% מניות,קופת גמל להשקעה | עד 25% מניות,2025,13.211,12,32.4
gemel,15349,מיטב גמל להשקעה משולב סחיר,קופת גמל להשקעה,כללי/מעורב/גמיש/תלוי גיל,קופת גמל להשקעה | כללי/מעורב/גמיש/תלוי גיל,2025,51.349,12,458.2
gemel,1535,אנליסט השתלמות כספי (שקלי),קרנות השתלמות,כספי,קרנות השתלמות | כספי,2025,4.3857,12,102.2
gemel,15350,מיטב גמל להשקעה מניות סחיר,קופת גמל להשקעה,מניות אקטיבי,קופת גמל להשקעה | מניות אקטיבי,2025,3.7168,12,84.5
gemel,15351,"מיטב גמל להשקעה עוקב מדדי אג""ח עם מניות (עד 25% מניות)",קופת גמל להשקעה,עד 25% מניות,קופת גמל להשקעה | עד 25% מניות,2025,-3.5967,12,15.1
gemel,15352,מיטב השתלמות מניות סחיר,קרנות השתלמות,מניות אקטיבי,קרנות השתלמות | מניות אקטיבי,2025,3.5093,12,376.6
gemel,15353,"מיטב השתלמות אג""ח סחיר",קרנות השתלמות,"אג""ח ללא מניות","קרנות השתלמות | אג""ח ללא מניות",2025,-4.9318,12,26.7
gemel,15354,"מיטב השתלמות סחיר - אג""ח עם מניות (עד 25% מניות)",קרנות השתלמות,עד 25% מניות,קרנות השתלמות | עד 25% מניות,2025,13.1402,12,92.2
gemel,15355,מיטב השתלמות משולב סחיר,קרנות השתלמות,כללי/מעורב/גמיש/תלוי גיל,קרנות השתלמות | כללי/מעורב/גמיש/תלוי גיל,2025,51.3858,12,1518.2
gemel,15356,מיטב השתלמות עוקב מדדי מניות,קרנות השתלמות,מניות פאסיבי,קרנות השתלמות | מניות פאסיבי,2025,20.023,12,1292.2
gemel,15357,"מיטב השתלמות עוקב מדדי אג""ח עם מניות (עד 25% מניות)",קרנות השתלמות,עד 25% מניות,קרנות השתלמות | עד 25% מניות,2025,-3.3225,12,38.7
gemel,15358,מיטב השתלמות קיימות,קרנות השתלמות,כללי/מעורב/גמיש/תלוי גיל,קרנות השתלמות | כללי/מעורב/גמיש/תלוי גיל,2025,15.3949,12,295.9
gemel,1536,אינפיניטי גמל מניות,תגמולים ואישית לפיצויים,מניות אקטיבי,תגמולים ואישית לפיצויים | מניות אקטיבי,2025,24.8439,12,641.2
gemel,1537,אינפיניטי השתלמות מניות,קרנות השתלמות,מניות אקטיבי,קרנות השתלמות | מניות אקטיבי,2025,24.5159,12,778.1
gemel,15396,אינפיניטי גמל הלכה,תגמולים ואישית לפיצויים,כללי/מעורב/גמיש/תלוי גיל,תגמולים ואישית לפיצויים | כללי/מעורב/גמיש/תלוי גיל,2025,10.5259,12,20.4
gemel,154,הראל השתלמות כללי,קרנות השתלמות,כללי/מעורב/גמיש/תלוי גיל,קרנות השתלמות | כללי/מעורב/גמיש/תלוי גיל,2025,14.4745,12,14558.7
gemel,15418,אינפיניטי גמל להשקעה משולב סחיר,קופת גמל להשקעה,כללי/מעורב/גמיש/תלוי גיל,קופת גמל להשקעה | כללי/מעורב/גמיש/תלוי גיל,2025,49.0173,12,32.2
gemel,15419,ילין לפידות קופת גמל מסלול עוקב מדד s&p 500,תגמולים ואישית לפיצויים,מניות פאסיבי,תגמולים ואישית לפיצויים | מניות פאסיבי,2025,2.718,12,173.1
gemel,15420,ילין לפידות קופת גמל להשקעה מסלול עוקב מדד s&p 500,קופת גמל להשקעה,מניות פאסיבי,קופת גמל להשקעה | מניות פאסיבי,2025,2.3919,12,131.6
gemel,15423,אינפיניטי גמל עוקב מדדי מניות,תגמולים ואישית לפיצויים,מניות פאסיבי,תגמולים ואישית לפיצויים | מניות פאסיבי,2025,15.6404,12,11.2
gemel,15424,כלל השתלמות מניות סחיר,קרנות השתלמות,מניות אקטיבי,קרנות השתלמות | מניות אקטיבי,2025,45.9303,10,216.1
gemel,15425,"כלל השתלמות אג""ח סחיר",קרנות השתלמות,"אג""ח ללא מניות","קרנות השתלמות | אג""ח ללא מניות",2025,6.0165,10,15.0
gemel,15426,כלל השתלמות משולב סחיר,קרנות השתלמות,כללי/מעורב/גמיש/תלוי גיל,קרנות השתלמות | כללי/מעורב/גמיש/תלוי גיל,2025,26.2234,10,130.3
gemel,15427,כלל גמל לעתיד מניות סחיר,קופת גמל להשקעה,מניות אקטיבי,קופת גמל להשקעה | מניות אקטיבי,2025,47.0581,10,73.3
gemel,15428,"כלל גמל לעתיד אג""ח סחיר",קופת גמל להשקעה,"אג""ח ללא מניות","קופת גמל להשקעה | אג""ח ללא מניות",2025,5.5775,10,4.2
gemel,15429,כלל גמל לעתיד משולב סחיר,קופת גמל להשקעה,כללי/מעורב/גמיש/תלוי גיל,קופת גמל להשקעה | כללי/מעורב/גמיש/תלוי גיל,2025,26.6871,10,46.3
gemel,15430,כלל תמר מניות סחיר,תגמולים ואישית לפיצויים,מניות אקטיבי,תגמולים ואישית לפיצויים | מניות אקטיבי,2025,45.8423,10,126.7
gemel,15431,"כלל תמר אג""ח סחיר",תגמולים ואישית לפיצויים,"אג""ח ללא מניות","תגמולים ואישית לפיצויים | אג""ח ללא מניות",2025,6.1452,10,13.2
gemel,15448,מגדל השתלמות משולב סחיר,קרנות השתלמות,כללי/מעורב/גמיש/תלוי גיל,קרנות השתלמות | כללי/מעורב/גמיש/תלוי גיל,2025,15.7235,12,57.4
gemel,15449,מגדל השתלמות מניות סחיר,קרנות השתלמות,מניות אקטיבי,קרנות השתלמות | מניות אקטיבי,2025,48.4444,12,352.1
gemel,15450,"מגדל השתלמות עוקב מדדי אג""ח",קרנות השתלמות,"אג""ח ללא מניות","קרנות השתלמות | אג""ח ללא מניות",2025,-4.3451,12,14.9
gemel,15452,מגדל לתגמולים ולפיצויים הלכה,תגמולים ואישית לפיצויים,כללי/מעורב/גמיש/תלוי גיל,תגמולים ואישית לפיצויים | כללי/מעורב/גמיש/תלוי גיל,2025,14.866,12,44.2
gemel,15453,מגדל לתגמולים ולפיצויים מניות סחיר,תגמולים ואישית לפיצויים,מניות אקטיבי,תגמולים ואישית לפיצויים | מניות אקטיבי,2025,48.2877,12,324.4
gemel,15454,"מגדל לתגמולים ולפיצויים עוקב מדדי אג""ח",תגמולים ואישית לפיצויים,"אג""ח ללא מניות","תגמולים ואישית לפיצויים | אג""ח ללא מניות",2025,-4.298,12,15.9
gemel,15455,מגדל גמל להשקעה משולב סחיר,קופת גמל להשקעה,כללי/מעורב/גמיש/תלוי גיל,קופת גמל להשקעה | כללי/מעורב/גמיש/תלוי גיל,2025,15.862,12,15.9
gemel,15456,מגדל גמל להשקעה מניות סחיר,קופת גמל להשקעה,מניות אקטיבי,קופת גמל להשקעה | מניות אקטיבי,2025,48.281,12,128.7
gemel,15457,"מגדל גמל להשקעה עוקב מדדי אג""ח",קופת גמל להשקעה,"אג""ח ללא מניות","קופת גמל להשקעה | אג""ח ללא מניות",2025,-4.6379,12,3.5
gemel,15458,אלטשולר שחם השתלמות משולב סחיר,קרנות השתלמות,כללי/מעורב/גמיש/תלוי גיל,קרנות השתלמות | כללי/מעורב/גמיש/תלוי גיל,2025,25.9181,12,218.0
gemel,15465,מנורה מבטחים גמל להשקעה משולב סחיר,קופת גמל להשקעה,כללי/מעורב/גמיש/תלוי גיל,קופת גמל להשקעה | כללי/מעורב/גמיש/תלוי גיל,2025,3.4289,11,27.7
gemel,15466,מנורה מבטחים השתלמות משולב סחיר,קרנות השתלמות,כללי/מעורב/גמיש/תלוי גיל,קרנות השתלמות | כללי/מעורב/גמיש/תלוי גיל,2025,3.632,11,90.9
gemel,15540,אלטשולר שחם גמל מניות סחיר,תגמולים ואישית לפיצויים,מניות אקטיבי,תגמולים ואישית לפיצויים | מניות אקטיבי,2025,44.7843,9,152.7
gemel,15541,אלטשולר שחם חיסכון פלוס משולב סחיר,קופת גמל להשקעה,כללי/מעורב/גמיש/תלוי גיל,קופת גמל להשקעה | כללי/מעורב/גמיש/תלוי גיל,2025,23.6104,9,36.4
gemel,15714,ילין לפידות קרן השתלמות מסלול מניות סחיר,קרנות השתלמות,מניות אקטיבי,קרנות השתלמות | מניות אקטיבי,2025,8.1288,2,77.5
gemel,15715,ילין לפידות קופת גמל להשקעה מסלול מניות סחיר,קופת גמל להשקעה,מניות אקטיבי,קופת גמל להשקעה | מניות אקטיבי,2025,7.6925,2,26.7
gemel,1689,מיטב גמל עוקב מדדי מניות,תגמולים ואישית לפיצויים,מניות פאסיבי,תגמולים ואישית לפיצויים | מניות פאסיבי,2025,20.02,12,3854.4
gemel,1692,"מיטב גמל עוקב מדדי אג""ח",תגמולים ואישית לפיצויים,"אג""ח ללא מניות","תגמולים ואישית לפיצויים | אג""ח ללא מניות",2025,-3.5535,12,523.7
gemel,199,"מגדל השתלמות מסלול אשראי ואג""ח",קרנות השתלמות,"אג""ח ללא מניות","קרנות השתלמות | אג""ח ללא מניות",2025,6.232,12,456.4
gemel,2017,אלטשולר שחם גמל הלכה,תגמולים ואישית לפיצויים,כללי/מעורב/גמיש/תלוי גיל,תגמולים ואישית לפיצויים | כללי/מעורב/גמיש/תלוי גיל,2025,11.0288,12,227.6
gemel,2048,מגדל השתלמות מסלול הלכה,קרנות השתלמות,כללי/מעורב/גמיש/תלוי גיל,קרנות השתלמות | כללי/מעורב/גמיש/תלוי גיל,2025,14.7449,12,470.9
gemel,2049,הפניקס גמל שריעה,תגמולים ואישית לפיצויים,כללי/מעורב/גמיש/תלוי גיל,תגמולים ואישית לפיצויים | כללי/מעורב/גמיש/תלוי גיל,2025,4.0784,12,97.7
gemel,2058,הפניקס השתלמות שריעה,קרנות השתלמות,כללי/מעורב/גמיש/תלוי גיל,קרנות השתלמות | כללי/מעורב/גמיש/תלוי גיל,2025,4.2051,12,144.0
gemel,223,"מיטב גמל אשראי ואג""ח",תגמולים ואישית לפיצויים,"אג""ח ללא מניות","תגמולים ואישית לפיצויים | אג""ח ללא מניות",2025,6.9224,12,1542.6
gemel,2254,אינפיניטי השתלמות משולב סחיר,קרנות השתלמות,כללי/מעורב/גמיש/תלוי גיל,קרנות השתלמות | כללי/מעורב/גמיש/תלוי גיל,2025,47.865,12,125.6
gemel,260,מנורה מבטחים אמיר כללי,תגמולים ואישית לפיצויים,כללי/מעורב/גמיש/תלוי גיל,תגמולים ואישית לפיצויים | כללי/מעורב/גמיש/תלוי גיל,2025,13.742,12,467.4
gemel,263,"בר קרן גמולים קופת גמל לתגמולים ופיצויים בניהול כלל גמל בע""מ",תגמולים ואישית לפיצויים,כללי/מעורב/גמיש/תלוי גיל,תגמולים ואישית לפיצויים | כללי/מעורב/גמיש/תלוי גיל,2025,16.1799,12,4680.4
gemel,385,"הפניקס גמל אשראי ואג""ח",תגמולים ואישית לפיצויים,"אג""ח ללא מניות","תגמולים ואישית לפיצויים | אג""ח ללא מניות",2025,6.0185,12,1020.5
gemel,401,הפניקס גמל לבני 60 ומעלה,תגמולים ואישית לפיצויים,כללי/מעורב/גמיש/תלוי גיל,תגמולים ואישית לפיצויים | כללי/מעורב/גמיש/תלוי גיל,2025,11.6709,12,9786.9
gemel,416,"הראל השתלמות אשראי ואג""ח עם מניות (עד 25% מניות)",קרנות השתלמות,עד 25% מניות,קרנות השתלמות | עד 25% מניות,2025,6.7962,12,2785.8
gemel,456,כלל השתלמות כללי,קרנות השתלמות,כללי/מעורב/גמיש/תלוי גיל,קרנות השתלמות | כללי/מעורב/גמיש/תלוי גיל,2025,16.7703,12,20520.7
gemel,481,מיטב השתלמות עוקב מדדים גמיש,קרנות השתלמות,כללי/מעורב/גמיש/תלוי גיל,קרנות השתלמות | כללי/מעורב/גמיש/תלוי גיל,2025,5.3785,12,1378.8
gemel,551,מיטב גמל לבני 60 ומעלה,תגמולים ואישית לפיצויים,כללי/מעורב/גמיש/תלוי גיל,תגמולים ואישית לפיצויים | כללי/מעורב/גמיש/תלוי גיל,2025,11.5788,12,14998.9
gemel,558,"אלטשולר שחם השתלמות אשראי ואג""ח עם מניות (עד 25% מניות)",קרנות השתלמות,עד 25% מניות,קרנות השתלמות | עד 25% מניות,2025,8.1083,12,4356.4
gemel,579,מגדל השתלמות מסלול כללי,קרנות השתלמות,כללי/מעורב/גמיש/תלוי גיל,קרנות השתלמות | כללי/מעורב/גמיש/תלוי גיל,2025,14.8201,12,19494.2
gemel,715,הפניקס השתלמות כספי (שקלי),קרנות השתלמות,כספי,קרנות השתלמות | כספי,2025,4.6771,12,250.1
gemel,716,"הפניקס השתלמות אשראי ואג""ח",קרנות השתלמות,"אג""ח ללא מניות","קרנות השתלמות | אג""ח ללא מניות",2025,5.9668,12,708.9
gemel,7215,מיטב גמל לבני 50 ומטה,תגמולים ואישית לפיצויים,כללי/מעורב/גמיש/תלוי גיל,תגמולים ואישית לפיצויים | כללי/מעורב/גמיש/תלוי גיל,2025,17.417,12,4483.8
gemel,7231,אינפיניטי גמל מסלול לבני 50 ומטה,תגמולים ואישית לפיצויים,כללי/מעורב/גמיש/תלוי גיל,תגמולים ואישית לפיצויים | כללי/מעורב/גמיש/תלוי גיל,2025,16.2818,12,130.6
gemel,7232,אינפיניטי גמל מסלול לבני 50 עד 60,תגמולים ואישית לפיצויים,כללי/מעורב/גמיש/תלוי גיל,תגמולים ואישית לפיצויים | כללי/מעורב/גמיש/תלוי גיל,2025,15.1521,12,405.7
gemel,7233,אינפיניטי גמל מסלול לבני 60 ומעלה,תגמולים ואישית לפיצויים,כללי/מעורב/גמיש/תלוי גיל,תגמולים ואישית לפיצויים | כללי/מעורב/גמיש/תלוי גיל,2025,12.8315,12,182.9
gemel,7256,מגדל השתלמות מסלול עוקב מדדים - גמיש,קרנות השתלמות,כללי/מעורב/גמיש/תלוי גיל,קרנות השתלמות | כללי/מעורב/גמיש/תלוי גיל,2025,0.3499,12,413.3
gemel,761,הראל גמל מסלול מניות,תגמולים ואישית לפיצויים,מניות אקטיבי,תגמולים ואישית לפיצויים | מניות אקטיבי,2025,26.4791,12,1552.0
gemel,763,הראל השתלמות מסלול מניות,קרנות השתלמות,מניות אקטיבי,קרנות השתלמות | מניות אקטיבי,2025,26.4041,12,2823.8
gemel,767,מיטב גמל הלכה,תגמולים ואישית לפיצויים,כללי/מעורב/גמיש/תלוי גיל,תגמולים ואישית לפיצויים | כללי/מעורב/גמיש/תלוי גיל,2025,14.0858,12,271.6
gemel,768,מיטב השתלמות הלכה,קרנות השתלמות,כללי/מעורב/גמיש/תלוי גיל,קרנות השתלמות | כללי/מעורב/גמיש/תלוי גיל,2025,14.0802,12,448.2
gemel,7798,אלטשולר שחם חיסכון פלוס כללי,קופת גמל להשקעה,כללי/מעורב/גמיש/תלוי גיל,קופת גמל להשקעה | כללי/מעורב/גמיש/תלוי גיל,2025,13.2647,12,4829.8
gemel,7799,אלטשולר שחם חיסכון פלוס מניות,קופת גמל להשקעה,מניות אקטיבי,קופת גמל להשקעה | מניות אקטיבי,2025,20.8642,12,4530.6
gemel,7800,"אלטשולר שחם חיסכון פלוס אשראי ואג""ח עם מניות (עד 25% במניות)",קופת גמל להשקעה,עד 25% מניות,קופת גמל להשקעה | עד 25% מניות,2025,8.9865,12,727.7
gemel,7801,"אלטשולר שחם חיסכון פלוס אשראי ואג""ח",קופת גמל להשקעה,"אג""ח ללא מניות","קופת גמל להשקעה | אג""ח ללא מניות",2025,5.3179,12,146.6
gemel,7802,אלטשולר שחם חיסכון פלוס כספי (שקלי),קופת גמל להשקעה,כספי,קופת גמל להשקעה | כספי,2025,5.2816,12,64.9
gemel,7834,אנליסט מסלולית - קופת גמל להשקעה כללי,קופת גמל להשקעה,כללי/מעורב/גמיש/תלוי גיל,קופת גמל להשקעה | כללי/מעורב/גמיש/תלוי גיל,2025,14.3008,12,3814.3
gemel,7836,אנליסט מסלולית - קופת גמל להשקעה מניות,קופת גמל להשקעה,מניות אקטיבי,קופת גמל להשקעה | מניות אקטיבי,2025,20.6975,12,5946.5
gemel,7837,"אנליסט מסלולית - קופת גמל להשקעה אשראי ואג""ח",קופת גמל להשקעה,"אג""ח ללא מניות","קופת גמל להשקעה | אג""ח ללא מניות",2025,6.2743,12,78.0
gemel,7839,אנליסט מסלולית - קופת גמל להשקעה כספי (שקלי),קופת גמל להשקעה,כספי,קופת גמל להשקעה | כספי,2025,4.4169,12,46.8
gemel,7842,אנליסט מסלולית - קופת גמל להשקעה משולב סחיר,קופת גמל להשקעה,כללי/מעורב/גמיש/תלוי גיל,קופת גמל להשקעה | כללי/מעורב/גמיש/תלוי גיל,2025,-1.6643,12,234.7
gemel,7843,אנליסט מסלולית - קופת גמל להשקעה עוקב מדדים - גמיש,קופת גמל להשקעה,כללי/מעורב/גמיש/תלוי גיל,קופת גמל להשקעה | כללי/מעורב/גמיש/תלוי גיל,2025,45.7381,12,705.9
gemel,7860,מיטב גמל להשקעה מניות,קופת גמל להשקעה,מניות אקטיבי,קופת גמל להשקעה | מניות אקטיבי,2025,26.4939,12,1242.4
gemel,7861,מיטב גמל להשקעה כספי (שקלי),קופת גמל להשקעה,כספי,קופת גמל להשקעה | כספי,2025,4.4897,12,43.0
gemel,7862,"מיטב גמל להשקעה אשראי ואג""ח",קופת גמל להשקעה,"אג""ח ללא מניות","קופת גמל להשקעה | אג""ח ללא מניות",2025,6.8894,12,183.0
gemel,7863,מיטב גמל להשקעה הלכה,קופת גמל להשקעה,כללי/מעורב/גמיש/תלוי גיל,קופת גמל להשקעה | כללי/מעורב/גמיש/תלוי גיל,2025,14.9108,12,95.4
gemel,7867,מיטב גמל להשקעה עוקב מדדי מניות,קופת גמל להשקעה,מניות פאסיבי,קופת גמל להשקעה | מניות פאסיבי,2025,20.0797,12,1250.8
gemel,7892,סלייס קופת גמל להשקעה מדד מניות,קופת גמל להשקעה,מניות פאסיבי,קופת גמל להשקעה | מניות פאסיבי,2025,1.9169,2,2.5
gemel,7893,"סלייס קופת גמל להשקעה מדד אג""ח",קופת גמל להשקעה,"אג""ח ללא מניות","קופת גמל להשקעה | אג""ח ללא מניות",2025,0.02,1,1.3
gemel,7895,סלייס קופת גמל להשקעה מדד ללא מניות,קופת גמל להשקעה,"אג""ח ללא מניות","קופת גמל להשקעה | אג""ח ללא מניות",2025,0.3497,2,0.3
gemel,7896,"סלייס קופת גמל להשקעה מדד חו""ל",קופת גמל להשקעה,מניות פאסיבי,קופת גמל להשקעה | מניות פאסיבי,2025,-2.8658,2,15.8
gemel,7897,"סלייס קופת גמל להשקעה אג""ח ללא מניות",קופת גמל להשקעה,"אג""ח ללא מניות","קופת גמל להשקעה | אג""ח ללא מניות",2025,-1.4463,2,87.6
gemel,7900,סלייס קופת גמל להשקעה כללי כללי,קופת גמל להשקעה,כללי/מעורב/גמיש/תלוי גיל,קופת גמל להשקעה | כללי/מעורב/גמיש/תלוי גיל,2025,0.0352,2,11.2
gemel,7905,"הפניקס גמל להשקעה אשראי ואג""ח",קופת גמל להשקעה,"אג""ח ללא מניות","קופת גמל להשקעה | אג""ח ללא מניות",2025,5.9389,12,125.1
gemel,7906,"הפניקס גמל להשקעה אשראי ואג""ח עם מניות (עד 25% מניות)",קופת גמל להשקעה,עד 25% מניות,קופת גמל להשקעה | עד 25% מניות,2025,9.6979,12,261.0
gemel,7907,הפניקס גמל להשקעה עוקב מדדי מניות,קופת גמל להשקעה,מניות פאסיבי,קופת גמל להשקעה | מניות פאסיבי,2025,3.5526,12,217.9
gemel,7908,הפניקס גמל להשקעה כללי,קופת גמל להשקעה,כללי/מעורב/גמיש/תלוי גיל,קופת גמל להשקעה | כללי/מעורב/גמיש/תלוי גיל,2025,15.2428,12,2778.2
gemel,7909,הפניקס גמל להשקעה עוקב מדדים - גמיש,קופת גמל להשקעה,כללי/מעורב/גמיש/תלוי גיל,קופת גמל להשקעה | כללי/מעורב/גמיש/תלוי גיל,2025,2.2625,12,98.0
gemel,7931,מגדל גמל להשקעה כספי (שקלי),קופת גמל להשקעה,כספי,קופת גמל להשקעה | כספי,2025,4.6875,12,30.7
gemel,7932,"מגדל גמל להשקעה אג""ח ממשלות",קופת גמל להשקעה,"אג""ח ללא מניות","קופת גמל להשקעה | אג""ח ללא מניות",2025,5.2483,12,15.5
gemel,7934,מגדל גמל להשקעה מניות,קופת גמל להשקעה,מניות אקטיבי,קופת גמל להשקעה | מניות אקטיבי,2025,26.7349,12,705.6
gemel,7935,"מגדל גמל להשקעה מסלול אשראי ואג""ח עם מניות (עד 25% מניות)",קופת גמל להשקעה,עד 25% מניות,קופת גמל להשקעה | עד 25% מניות,2025,10.8907,12,89.2
gemel,7936,מגדל גמל להשקעה כללי,קופת גמל להשקעה,כללי/מעורב/גמיש/תלוי גיל,קופת גמל להשקעה | כללי/מעורב/גמיש/תלוי גיל,2025,16.1923,12,1010.1
gemel,7937,מגדל גמל להשקעה הלכה,קופת גמל להשקעה,כללי/מעורב/גמיש/תלוי גיל,קופת גמל להשקעה | כללי/מעורב/גמיש/תלוי גיל,2025,15.0498,12,102.1
gemel,7958,מור גמל להשקעה - עוקב מדד S&P500,קופת גמל להשקעה,מניות פאסיבי,קופת גמל להשקעה | מניות פאסיבי,2025,2.9119,12,1489.5
gemel,7963,מור גמל להשקעה - כספי (שקלי),קופת גמל להשקעה,כספי,קופת גמל להשקעה | כספי,2025,4.4897,12,37.9
gemel,7975,הפניקס גמל להשקעה מניות,קופת גמל להשקעה,מניות אקטיבי,קופת גמל להשקעה | מניות אקטיבי,2025,25.8854,12,1105.6
gemel,7978,מיטב גמל להשקעה כללי,קופת גמל להשקעה,כללי/מעורב/גמיש/תלוי גיל,קופת גמל להשקעה | כללי/מעורב/גמיש/תלוי גיל,2025,15.4354,12,2936.5
gemel,7979,מיטב גמל להשקעה עוקב מדדים גמיש,קופת גמל להשקעה,כללי/מעורב/גמיש/תלוי גיל,קופת גמל להשקעה | כללי/מעורב/גמיש/תלוי גיל,2025,5.5456,12,203.6
gemel,7980,"מיטב גמל להשקעה אשראי ואג""ח עם מניות (עד 25% במניות)",קופת גמל להשקעה,עד 25% מניות,קופת גמל להשקעה | עד 25% מניות,2025,11.1371,12,334.2
gemel,7986,"אנליסט מסלולית - קופת גמל להשקעה אשראי ואג""ח עד 25% מניות",קופת גמל להשקעה,עד 25% מניות,קופת גמל להשקעה | עד 25% מניות,2025,10.4058,12,169.6
gemel,7988,כלל גמל לעתיד כללי,קופת גמל להשקעה,כללי/מעורב/גמיש/תלוי גיל,קופת גמל להשקעה | כללי/מעורב/גמיש/תלוי גיל,2025,16.34,12,1559.7
gemel,7989,"כלל גמל לעתיד אשראי ואג""ח",קופת גמל להשקעה,"אג""ח ללא מניות","קופת גמל להשקעה | אג""ח ללא מניות",2025,6.9571,12,45.1
gemel,7991,כלל גמל לעתיד מניות,קופת גמל להשקעה,מניות אקטיבי,קופת גמל להשקעה | מניות אקטיבי,2025,27.3039,12,672.6
gemel,7992,"כלל גמל לעתיד אשראי ואג""ח עם מניות(עד 25% מניות)",קופת גמל להשקעה,עד 25% מניות,קופת גמל להשקעה | עד 25% מניות,2025,10.2352,12,156.9
gemel,7993,כלל גמל לעתיד כספי(שקלי),קופת גמל להשקעה,כספי,קופת גמל להשקעה | כספי,2025,5.2728,12,30.3
gemel,7994,כלל גמל לעתיד הלכה,קופת גמל להשקעה,כללי/מעורב/גמיש/תלוי גיל,קופת גמל להשקעה | כללי/מעורב/גמיש/תלוי גיל,2025,14.9099,12,35.6
gemel,8004,הפניקס גמל להשקעה שריעה,קופת גמל להשקעה,כללי/מעורב/גמיש/תלוי גיל,קופת גמל להשקעה | כללי/מעורב/גמיש/תלוי גיל,2025,4.0993,12,27.4
gemel,8012,"מגדל לתגמולים ולפיצויים מסלול אשראי ואג""ח",תגמולים ואישית לפיצויים,"אג""ח ללא מניות","תגמולים ואישית לפיצויים | אג""ח ללא מניות",2025,6.2423,12,227.2
gemel,813,"אנליסט גמל אשראי ואג""ח",תגמולים ואישית לפיצויים,"אג""ח ללא מניות","תגמולים ואישית לפיצויים | אג""ח ללא מניות",2025,6.1382,12,244.0
gemel,814,אנליסט גמל מניות,תגמולים ואישית לפיצויים,מניות אקטיבי,תגמולים ואישית לפיצויים | מניות אקטיבי,2025,20.3519,12,7212.2
gemel,815,אנליסט גמל כספי (שקלי),תגמולים ואישית לפיצויים,כספי,תגמולים ואישית לפיצויים | כספי,2025,4.3961,12,66.3
gemel,817,אנליסט גמל מניות סחיר,תגמולים ואישית לפיצויים,מניות אקטיבי,תגמולים ואישית לפיצויים | מניות אקטיבי,2025,4.2668,12,1266.1
gemel,818,אנליסט גמל משולב סחיר,תגמולים ואישית לפיצויים,כללי/מעורב/גמיש/תלוי גיל,תגמולים ואישית לפיצויים | כללי/מעורב/גמיש/תלוי גיל,2025,-1.6451,12,738.9
gemel,8211,הראל גמל להשקעה כללי,קופת גמל להשקעה,כללי/מעורב/גמיש/תלוי גיל,קופת גמל להשקעה | כללי/מעורב/גמיש/תלוי גיל,2025,18.2812,12,3808.9
gemel,828,מנורה מבטחים השתלמות מסלול כללי,קרנות השתלמות,כללי/מעורב/גמיש/תלוי גיל,קרנות השתלמות | כללי/מעורב/גמיש/תלוי גיל,2025,16.3107,12,12417.1
gemel,8521,"הראל גמל להשקעה אשראי ואג""ח עם מניות (עד 25% מניות)",קופת גמל להשקעה,עד 25% מניות,קופת גמל להשקעה | עד 25% מניות,2025,11.1541,12,314.5
gemel,8522,הראל גמל להשקעה מניות,קופת גמל להשקעה,מניות אקטיבי,קופת גמל להשקעה | מניות אקטיבי,2025,33.3506,12,2811.7
gemel,8523,הראל גמל להשקעה הלכה,קופת גמל להשקעה,כללי/מעורב/גמיש/תלוי גיל,קופת גמל להשקעה | כללי/מעורב/גמיש/תלוי גיל,2025,14.143,12,66.4
gemel,8563,ילין לפידות קרן השתלמות מסלול מניות,קרנות השתלמות,מניות אקטיבי,קרנות השתלמות | מניות אקטיבי,2025,21.8436,12,12845.4
gemel,858,מגדל לתגמולים ולפיצויים מסלול כספי (שקלי),תגמולים ואישית לפיצויים,כספי,תגמולים ואישית לפיצויים | כספי,2025,4.6249,12,83.6
gemel,859,"מגדל לתגמולים ולפיצויים מסלול אג""ח ממשלות",תגמולים ואישית לפיצויים,"אג""ח ללא מניות","תגמולים ואישית לפיצויים | אג""ח ללא מניות",2025,5.1551,12,68.5
gemel,8629,הפניקס השתלמות עוקב מדדים גמיש,קרנות השתלמות,כללי/מעורב/גמיש/תלוי גיל,קרנות השתלמות | כללי/מעורב/גמיש/תלוי גיל,2025,2.1798,12,506.7
gemel,863,מגדל לתגמולים ולפיצויים מסלול מניות,תגמולים ואישית לפיצויים,מניות אקטיבי,תגמולים ואישית לפיצויים | מניות אקטיבי,2025,25.9839,12,1313.5
gemel,864,מגדל השתלמות מסלול כספי (שקלי),קרנות השתלמות,כספי,קרנות השתלמות | כספי,2025,4.7083,12,180.1
gemel,865,"מגדל השתלמות מסלול אג""ח ממשלות",קרנות השתלמות,"אג""ח ללא מניות","קרנות השתלמות | אג""ח ללא מניות",2025,5.1758,12,130.1
gemel,8675,מנורה מבטחים גמל להשקעה כללי,קופת גמל להשקעה,כללי/מעורב/גמיש/תלוי גיל,קופת גמל להשקעה | כללי/מעורב/גמיש/תלוי גיל,2025,16.6794,12,1401.7
gemel,8678,"מנורה מבטחים גמל להשקעה מסלול אשראי ואג""ח עם מניות (עד 25% מניות)",קופת גמל להשקעה,עד 25% מניות,קופת גמל להשקעה | עד 25% מניות,2025,7.8218,12,48.5
gemel,8679,"אנליסט קרן השתלמות - אשראי ואג""ח עד 25% מניות",קרנות השתלמות,עד 25% מניות,קרנות השתלמות | עד 25% מניות,2025,10.0452,12,456.0
gemel,8683,מנורה מבטחים גמל להשקעה עוקב מדדי מניות,קופת גמל להשקעה,מניות פאסיבי,קופת גמל להשקעה | מניות פאסיבי,2025,18.5185,12,499.2
gemel,8684,"מנורה מבטחים גמל להשקעה עוקב מדדים - אג""ח עם מניות (עד 25% מניות)",קופת גמל להשקעה,עד 25% מניות,קופת גמל להשקעה | עד 25% מניות,2025,8.6559,12,66.6
gemel,869,מגדל השתלמות מסלול מניות,קרנות השתלמות,מניות אקטיבי,קרנות השתלמות | מניות אקטיבי,2025,25.4798,12,2637.7
gemel,8693,מנורה מבטחים גמל להשקעה כספי (שיקלי),קופת גמל להשקעה,כספי,קופת גמל להשקעה | כספי,2025,4.417,12,36.9
gemel,8699,"אלפא מור קופת גמל לחיסכון, קופת גמל לתגמולים וקופת גמל אישית לפיצויים - כספי (שקלי)",תגמולים ואישית לפיצויים,כספי,תגמולים ואישית לפיצויים | כספי,2025,4.573,12,112.8
gemel,8705,מור קרן השתלמות לשכירים ולעצמאים - כספי (שקלי),קרנות השתלמות,כספי,קרנות השתלמות | כספי,2025,4.3857,12,106.5
gemel,8716,מנורה מבטחים גמל להשקעה מסלול הלכה,קופת גמל להשקעה,כללי/מעורב/גמיש/תלוי גיל,קופת גמל להשקעה | כללי/מעורב/גמיש/תלוי גיל,2025,13.7225,12,43.9
gemel,876,מיטב גמל כספי (שקלי),תגמולים ואישית לפיצויים,כספי,תגמולים ואישית לפיצויים | כספי,2025,4.1256,12,243.8
gemel,877,מיטב גמל מניות,תגמולים ואישית לפיצויים,מניות אקטיבי,תגמולים ואישית לפיצויים | מניות אקטיבי,2025,26.3453,12,3195.6
gemel,8779,אנליסט קרן השתלמות משולב סחיר,קרנות השתלמות,כללי/מעורב/גמיש/תלוי גיל,קרנות השתלמות | כללי/מעורב/גמיש/תלוי גיל,2025,-1.604,12,914.0
gemel,880,מיטב השתלמות כללי,קרנות השתלמות,כללי/מעורב/גמיש/תלוי גיל,קרנות השתלמות | כללי/מעורב/גמיש/תלוי גיל,2025,15.1891,12,31207.3
gemel,883,מיטב השתלמות מניות,קרנות השתלמות,מניות אקטיבי,קרנות השתלמות | מניות אקטיבי,2025,26.4568,12,4392.1
gemel,8885,"מיטב השתלמות אשראי ואג""ח עם מניות (עד 25% מניות)",קרנות השתלמות,עד 25% מניות,קרנות השתלמות | עד 25% מניות,2025,11.1634,12,3485.3
gemel,9113,מור חיסכון לילד - הלכה,קופת גמל להשקעה - חסכון לילד,כללי/מעורב/גמיש/תלוי גיל,קופת גמל להשקעה - חסכון לילד | כללי/מעורב/גמיש/תלוי גיל,2025,23.4886,12,110.2
gemel,923,מיטב בטחון,תגמולים ואישית לפיצויים,כללי/מעורב/גמיש/תלוי גיל,תגמולים ואישית לפיצויים | כללי/מעורב/גמיש/תלוי גיל,2025,14.9449,12,22.5
gemel,9303,מור חיסכון לילד - שריעה,קופת גמל להשקעה - חסכון לילד,כללי/מעורב/גמיש/תלוי גיל,קופת גמל להשקעה - חסכון לילד | כללי/מעורב/גמיש/תלוי גיל,2025,-2.3919,12,18.9
gemel,9414,מור חיסכון לילד - חוסכים המעדיפים סיכון בינוני,קופת גמל להשקעה - חסכון לילד,כללי/מעורב/גמיש/תלוי גיל,קופת גמל להשקעה - חסכון לילד | כללי/מעורב/גמיש/תלוי גיל,2025,15.718,12,36.5
gemel,9420,מור חיסכון לילד - חוסכים המעדיפים סיכון מוגבר,קופת גמל להשקעה - חסכון לילד,מניות אקטיבי,קופת גמל להשקעה - חסכון לילד | מניות אקטיבי,2025,27.8417,12,476.5
gemel,9421,מור חיסכון לילד - חוסכים המעדיפים סיכון מועט,קופת גמל להשקעה - חסכון לילד,עד 25% מניות,קופת גמל להשקעה - חסכון לילד | עד 25% מניות,2025,10.7727,12,539.8
gemel,9451,מור קרן השתלמות לשכירים ולעצמאים - עוקב מדד S&P 500,קרנות השתלמות,מניות פאסיבי,קרנות השתלמות | מניות פאסיבי,2025,2.8379,12,2513.2
gemel,9452,"אלפא מור קופת גמל לחיסכון, קופת גמל לתגמולים וקופת גמל אישית לפיצויים - עוקב מדד S&P 500",תגמולים ואישית לפיצויים,מניות פאסיבי,תגמולים ואישית לפיצויים | מניות פאסיבי,2025,2.8362,12,1356.0
gemel,9528,הפניקס השתלמות הלכה,קרנות השתלמות,כללי/מעורב/גמיש/תלוי גיל,קרנות השתלמות | כללי/מעורב/גמיש/תלוי גיל,2025,14.5765,12,324.9
gemel,9529,הפניקס גמל מסלול לבני 50 עד 60,תגמולים ואישית לפיצויים,כללי/מעורב/גמיש/תלוי גיל,תגמולים ואישית לפיצויים | כללי/מעורב/גמיש/תלוי גיל,2025,15.5411,12,7557.4
gemel,9555,הראל חיסכון לילד - הלכה,קופת גמל להשקעה - חסכון לילד,כללי/מעורב/גמיש/תלוי גיל,קופת גמל להשקעה - חסכון לילד | כללי/מעורב/גמיש/תלוי גיל,2025,19.8374,12,2806.7
gemel,961,הפניקס גמל מסלול מניות,תגמולים ואישית לפיצויים,מניות אקטיבי,תגמולים ואישית לפיצויים | מניות אקטיבי,2025,25.8349,12,2852.6
gemel,962,אנליסט השתלמות כללי,קרנות השתלמות,כללי/מעורב/גמיש/תלוי גיל,קרנות השתלמות | כללי/מעורב/גמיש/תלוי גיל,2025,15.1035,12,19456.8
gemel,963,אנליסט השתלמות מניות,קרנות השתלמות,מניות אקטיבי,קרנות השתלמות | מניות אקטיבי,2025,20.7351,12,15970.8
gemel,9638,אינפיניטי גמל להשקעה כללי,קופת גמל להשקעה,כללי/מעורב/גמיש/תלוי גיל,קופת גמל להשקעה | כללי/מעורב/גמיש/תלוי גיל,2025,13.8429,12,157.6
gemel,9639,"אינפיניטי גמל להשקעה אשראי ואג""ח עם מניות (עד 25% מניות)",קופת גמל להשקעה,עד 25% מניות,קופת גמל להשקעה | עד 25% מניות,2025,10.6432,12,56.5
gemel,964,הפניקס השתלמות כללי,קרנות השתלמות,כללי/מעורב/גמיש/תלוי גיל,קרנות השתלמות | כללי/מעורב/גמיש/תלוי גיל,2025,15.7466,12,21994.3
gemel,9651,כלל תמר עד 50,תגמולים ואישית לפיצויים,כללי/מעורב/גמיש/תלוי גיל,תגמולים ואישית לפיצויים | כללי/מעורב/גמיש/תלוי גיל,2025,18.2322,12,2501.4
gemel,9652,כלל תמר 50-60,תגמולים ואישית לפיצויים,כללי/מעורב/גמיש/תלוי גיל,תגמולים ואישית לפיצויים | כללי/מעורב/גמיש/תלוי גיל,2025,15.9142,12,4235.6
gemel,9653,כלל תמר 60 ומעלה,תגמולים ואישית לפיצויים,כללי/מעורב/גמיש/תלוי גיל,תגמולים ואישית לפיצויים | כללי/מעורב/גמיש/תלוי גיל,2025,11.3268,12,11274.2
gemel,9662,"מנורה מבטחים השתלמות מסלול אשראי ואג""ח עם מניות (עד 25% מניות)",קרנות השתלמות,עד 25% מניות,קרנות השתלמות | עד 25% מניות,2025,5.5465,12,1554.9
gemel,968,הפניקס השתלמות מניות,קרנות השתלמות,מניות אקטיבי,קרנות השתלמות | מניות אקטיבי,2025,25.8906,12,4537.3
gemel,972,"אנליסט השתלמות אשראי ואג""ח",קרנות השתלמות,"אג""ח ללא מניות","קרנות השתלמות | אג""ח ללא מניות",2025,6.2331,12,228.6
gemel,973,"אנליסט השתלמות אג""ח ממשלות",קרנות השתלמות,"אג""ח ללא מניות","קרנות השתלמות | אג""ח ללא מניות",2025,5.9979,12,56.5
gemel,9730,אנליסט מסלולית קופת גמל - מסלול לבני 50 ומטה,תגמולים ואישית לפיצויים,כללי/מעורב/גמיש/תלוי גיל,תגמולים ואישית לפיצויים | כללי/מעורב/גמיש/תלוי גיל,2025,17.1072,12,6823.3
gemel,9731,אנליסט מסלולית קופת גמל - מסלול לבני 50-60,תגמולים ואישית לפיצויים,כללי/מעורב/גמיש/תלוי גיל,תגמולים ואישית לפיצויים | כללי/מעורב/גמיש/תלוי גיל,2025,14.4091,12,7100.9
gemel,9732,אנליסט מסלולית קופת גמל - מסלול לבני 60 ומעלה,תגמולים ואישית לפיצויים,כללי/מעורב/גמיש/תלוי גיל,תגמולים ואישית לפיצויים | כללי/מעורב/גמיש/תלוי גיל,2025,11.0941,12,2255.0
gemel,9742,הראל גמל מסלול לגילאי 50 עד 60,תגמולים ואישית לפיצויים,כללי/מעורב/גמיש/תלוי גיל,תגמולים ואישית לפיצויים | כללי/מעורב/גמיש/תלוי גיל,2025,14.1899,12,6513.4
gemel,9744,הראל גמל מסלול לגילאי 50 ומטה,תגמולים ואישית לפיצויים,כללי/מעורב/גמיש/תלוי גיל,תגמולים ואישית לפיצויים | כללי/מעורב/גמיש/תלוי גיל,2025,16.6133,12,2458.3
gemel,9745,הראל גמל מסלול לגילאי 60 ומעלה,תגמולים ואישית לפיצויים,כללי/מעורב/גמיש/תלוי גיל,תגמולים ואישית לפיצויים | כללי/מעורב/גמיש/תלוי גיל,2025,10.0176,12,13443.0
gemel,9779,מגדל לתגמולים ולפיצויים מסלול לבני 50 ומטה,תגמולים ואישית לפיצויים,כללי/מעורב/גמיש/תלוי גיל,תגמולים ואישית לפיצויים | כללי/מעורב/גמיש/תלוי גיל,2025,17.1326,12,2045.5
gemel,9780,מגדל לתגמולים ולפיצויים מסלול לבני 50 עד 60,תגמולים ואישית לפיצויים,כללי/מעורב/גמיש/תלוי גיל,תגמולים ואישית לפיצויים | כללי/מעורב/גמיש/תלוי גיל,2025,15.0535,12,3984.3
gemel,9781,מגדל לתגמולים ולפיצויים מסלול לבני 60 ומעלה,תגמולים ואישית לפיצויים,כללי/מעורב/גמיש/תלוי גיל,תגמולים ואישית לפיצויים | כללי/מעורב/גמיש/תלוי גיל,2025,11.0551,12,2448.3
gemel,9792,מנורה מבטחים תגמולים ופיצויים מסלול לבני 50 עד 60,תגמולים ואישית לפיצויים,כללי/מעורב/גמיש/תלוי גיל,תגמולים ואישית לפיצויים | כללי/מעורב/גמיש/תלוי גיל,2025,15.2484,12,4856.8
gemel,9793,מנורה מבטחים תגמולים ופיצויים מסלול לבני 50 ומטה,תגמולים ואישית לפיצויים,כללי/מעורב/גמיש/תלוי גיל,תגמולים ואישית לפיצויים | כללי/מעורב/גמיש/תלוי גיל,2025,18.6373,12,4406.4
gemel,9794,מנורה מבטחים תגמולים ופיצויים מסלול לבני 60 ומעלה,תגמולים ואישית לפיצויים,כללי/מעורב/גמיש/תלוי גיל,תגמולים ואישית לפיצויים | כללי/מעורב/גמיש/תלוי גיל,2025,11.7787,12,3015.5
gemel,9795,מנורה מבטחים תגמולים ופיצויים מסלול הלכה,תגמולים ואישית לפיצויים,כללי/מעורב/גמיש/תלוי גיל,תגמולים ואישית לפיצויים | כללי/מעורב/גמיש/תלוי גיל,2025,14.4444,12,78.0
gemel,989,אלטשולר שחם עוקב מדדי מניות,תגמולים ואישית לפיצויים,מניות פאסיבי,תגמולים ואישית לפיצויים | מניות פאסיבי,2025,8.7943,12,1084.5
gemel,9895,מגדל חסכון לילד - הלכה,קופת גמל להשקעה - חסכון לילד,כללי/מעורב/גמיש/תלוי גיל,קופת גמל להשקעה - חסכון לילד | כללי/מעורב/גמיש/תלוי גיל,2025,14.7781,12,143.0
gemel,9896,מגדל חסכון לילד - חוסכים המעדיפים סיכון מועט,קופת גמל להשקעה - חסכון לילד,עד 25% מניות,קופת גמל להשקעה - חסכון לילד | עד 25% מניות,2025,10.3452,12,616.1
gemel,9897,מגדל חסכון לילד - חוסכים המעדיפים סיכון בינוני,קופת גמל להשקעה - חסכון לילד,כללי/מעורב/גמיש/תלוי גיל,קופת גמל להשקעה - חסכון לילד | כללי/מעורב/גמיש/תלוי גיל,2025,14.8931,12,144.1
gemel,9898,מגדל חסכון לילד - חוסכים המעדיפים סיכון מוגבר,קופת גמל להשקעה - חסכון לילד,מניות אקטיבי,קופת גמל להשקעה - חסכון לילד | מניות אקטיבי,2025,25.5668,12,207.2
gemel,9906,הפניקס גמל כספי (שיקלי),תגמולים ואישית לפיצויים,כספי,תגמולים ואישית לפיצויים | כספי,2025,4.5208,12,185.2
gemel,9916,הפניקס גמל לבני 50 ומטה,תגמולים ואישית לפיצויים,כללי/מעורב/גמיש/תלוי גיל,תגמולים ואישית לפיצויים | כללי/מעורב/גמיש/תלוי גיל,2025,18.4756,12,10537.6
gemel,9939,ילין לפידות קופת גמל מסלול לבני 50 ומטה,תגמולים ואישית לפיצויים,כללי/מעורב/גמיש/תלוי גיל,תגמולים ואישית לפיצויים | כללי/מעורב/גמיש/תלוי גיל,2025,14.8732,12,4289.9
gemel,9940,ילין לפידות קופת גמל מסלול לבני 50 עד 60,תגמולים ואישית לפיצויים,כללי/מעורב/גמיש/תלוי גיל,תגמולים ואישית לפיצויים | כללי/מעורב/גמיש/תלוי גיל,2025,13.4346,12,13605.6
gemel,9941,ילין לפידות קופת גמל מסלול לבני 60 ומעלה,תגמולים ואישית לפיצויים,כללי/מעורב/גמיש/תלוי גיל,תגמולים ואישית לפיצויים | כללי/מעורב/גמיש/תלוי גיל,2025,10.3741,12,7574.9
gemel,9950,אלטשולר שחם גמל לבני 50 ומטה,תגמולים ואישית לפיצויים,כללי/מעורב/גמיש/תלוי גיל,תגמולים ואישית לפיצויים | כללי/מעורב/גמיש/תלוי גיל,2025,14.9628,12,4921.2
gemel,9951,אלטשולר שחם גמל לבני 50 עד 60,תגמולים ואישית לפיצויים,כללי/מעורב/גמיש/תלוי גיל,תגמולים ואישית לפיצויים | כללי/מעורב/גמיש/תלוי גיל,2025,12.6819,12,28094.9
gemel,9952,אלטשולר שחם גמל לבני 60 ומעלה,תגמולים ואישית לפיצויים,כללי/מעורב/גמיש/תלוי גיל,תגמולים ואישית לפיצויים | כללי/מעורב/גמיש/תלוי גיל,2025,8.7821,12,10635.6
