fund_id,fund_name,classification,specialization,sub_specialization,risk_level,risk_source,equity_pct_median,std_dev_median,months
510,יובלים - קופת גמל לחגים והבראה,מטרה אחרת,כללי,כללי,בינוני,map,8.6,2.87,99
586,יובלים - קופת גמל לחופשה,מטרה אחרת,כללי,כללי,בינוני,map,0.0,2.53,98
526,מבטחים - קופת גמל למחלה ותאונה,מטרה אחרת,כללי,כללי,בינוני,track,35.6,5.76,192
1154,"מבטחים קופת גמל למטרות חופשה, חגים והבראה",מטרה אחרת,כללי,כללי,בינוני,track,24.3,5.47,192
513,קרן מקפת - קרנות למטרה אחרת,מטרה אחרת,כללי,כללי,בינוני,track,35.5,5.71,192
1101,"משכית מסלול חו""ל",מרכזית לפיצויים,ללא סיווג,"חו""ל",,,,,1
429,אי.בי.אי - נגב קופה מרכזית לפיצויים רב מסלולית,מרכזית לפיצויים,כללי,כללי,בינוני,track,20.0,,108
1206,אי.בי.אי מרכזית לפיצויים מסלול כללי,מרכזית לפיצויים,כללי,כללי,בינוני,track,25.4,4.44,108
9482,אי.בי.אי. - קופת גמל מרכזית להשתתפות בפנסיה תקציבית כללי כללי,מרכזית לפיצויים,כללי,כללי,בינוני,map,,,31
1072,איילון לפיצויים מסלול כללי,מרכזית לפיצויים,כללי,כללי,בינוני,track,35.5,6.62,2
512,איילון מרכזית לפיצויים מסלול כללי,מרכזית לפיצויים,כללי,כללי,בינוני,map,35.5,5.18,42
1539,אינפיניטי פיצויים רבת מסלולים,מרכזית לפיצויים,כללי,כללי,בינוני,track,27.0,,175
9539,אינפיניטי קופת גמל לפנסיה תקציבית _x000D_,מרכזית לפיצויים,כללי,כללי,בינוני,map,,,14
748,איפקס קופה מרכזית לפיצויים,מרכזית לפיצויים,כללי,כללי,בינוני,track,30.0,8.25,55
1268,אלומות מסלולית לפיצויים מסלול כללי,מרכזית לפיצויים,כללי,כללי,בינוני,track,28.3,,3
1912,אלטשולר שחם לפנסיה תקציבית מסלול כללי,מרכזית לפיצויים,כללי,כללי,בינוני,map,40.9,7.68,119
1094,אלטשולר שחם פיצויים כללי,מרכזית לפיצויים,כללי,כללי,בינוני,track,38.3,6.05,163
754,אלטשולר שחם קופה מרכזית לפיצויים,מרכזית לפיצויים,כללי,כללי,בינוני,track,31.1,9.25,4
219,אלמוג קופה מרכזית לפיצויים ליד כלל ישראל,מרכזית לפיצויים,כללי,כללי,בינוני,map,34.4,5.14,130
118,אנליסט קופה מרכזית לפיצויים מסלול כללי,מרכזית לפיצויים,כללי,כללי,בינוני,track,35.4,6.64,192
173,אקסלנס טפחות מרכזית,מרכזית לפיצויים,כללי,כללי,בינוני,track,31.3,7.08,37
687,אקסלנס מרכזית לפיצויים,מרכזית לפיצויים,כללי,כללי,בינוני,track,31.5,8.81,37
802,אקסלנס משכית - מסלול כללי,מרכזית לפיצויים,כללי,כללי,בינוני,track,43.1,7.78,37
404,אשכול קופה מרכזית לפיצויי פיטורין מסלול כללי,מרכזית לפיצויים,כללי,כללי,בינוני,track,32.2,8.96,16
952,אתגרים לפיצויים - מסלול כללי,מרכזית לפיצויים,כללי,כללי,בינוני,map,21.3,8.41,7
1315,גאון גמל מרכזית להשתתפות בפנסיה תקציבית,מרכזית לפיצויים,כללי,כללי,בינוני,map,,,3
617,גליל - קופת מסלולים מרכזית לפיצויים,מרכזית לפיצויים,כללי,כללי,בינוני,track,10.1,,6
553,דש - מרכזית לפיצויים,מרכזית לפיצויים,כללי,כללי,בינוני,track,31.0,5.75,13
461,דש דור ברגר קופת פיצויים,מרכזית לפיצויים,כללי,כללי,בינוני,track,30.7,4.56,13
138,דש קפיטל קופת גמל מרכזית לפיצויים,מרכזית לפיצויים,כללי,כללי,בינוני,track,29.4,5.3,13
268,הביטחון-קופת גמל מרכזית לפיצויים,מרכזית לפיצויים,כללי,כללי,בינוני,track,37.0,6.5,2
1003,הדס ארזים אפסילון מרכזית לפיצויים מסלול כללי,מרכזית לפיצויים,כללי,כללי,בינוני,track,24.9,10.93,42
1314,הדס ארזים קופת גמל מרכזית להשתתפות בפנסיה תקציבית,מרכזית לפיצויים,כללי,כללי,בינוני,map,10.0,,66
684,הדס קופה מרכזית לפיצויים,מרכזית לפיצויים,כללי,כללי,בינוני,track,21.3,,192
262,הלמן-אלדובי מרכזית לפיצויים כללי,מרכזית לפיצויים,כללי,כללי,בינוני,map,23.2,3.6,142
9418,הפניקס גמל מסלולית לפיצויים רבת מסלולים,מרכזית לפיצויים,כללי,כללי,בינוני,map,39.9,,126
954,הפניקס מרכזית,מרכזית לפיצויים,כללי,כללי,בינוני,map,15.6,3.07,86
242,הפניקס מרכזית לפיצויים,מרכזית לפיצויים,כללי,כללי,בינוני,track,35.2,6.67,181
8765,הפניקס מרכזית לפיצויים מחקה מדדים,מרכזית לפיצויים,כללי,כללי,בינוני,map,38.4,6.72,132
384,הפניקס מרכזית לפיצויים עד 15% מניות,מרכזית לפיצויים,כללי,כללי,בינוני,track,13.2,3.27,181
682,הפניקס מרכזית לפיצויים רב מסלולית- סנונית,מרכזית לפיצויים,כללי,כללי,בינוני,track,15.9,,192
9484,הפניקס קופת גמל מרכזית להשתתפות בפנסיה תקציבית,מרכזית לפיצויים,כללי,כללי,בינוני,map,0.0,8.64,108
616,הראל עדי גמל מסלולית לפיצויים,מרכזית לפיצויים,כללי,כללי,בינוני,map,20.1,,145
1223,הראל עדי פיצויים בטא,מרכזית לפיצויים,כללי,כללי,בינוני,map,45.0,6.52,145
237,הראל עדי פיצויים כללי,מרכזית לפיצויים,כללי,כללי,בינוני,map,33.4,4.94,145
150,הראל עדי שיא פיצויים כללי,מרכזית לפיצויים,כללי,כללי,בינוני,map,33.5,4.87,145
820,הראל פרופיל אישי למעסיק,מרכזית לפיצויים,כללי,כללי,בינוני,track,20.9,,132
1296,הראל קופה לפנסיה תקציבית,מרכזית לפיצויים,כללי,כללי,בינוני,track,33.8,5.84,132
155,"הראל קמ""פ מסלול כללי",מרכזית לפיצויים,כללי,כללי,בינוני,track,35.5,5.92,132
589,יובלים - קופה מרכזית לפיצויים,מרכזית לפיצויים,כללי,כללי,בינוני,track,0.0,5.22,55
1039,ילין לפידות קופה מרכזית לפיצויים,מרכזית לפיצויים,כללי,כללי,בינוני,track,11.4,3.83,183
8056,ילין לפידות קופה מרכזית לפיצויים כללי ב',מרכזית לפיצויים,כללי,כללי,בינוני,map,33.0,6.33,150
1121,ישיר דינאמית מרכזית לפיצויים,מרכזית לפיצויים,כללי,כללי,בינוני,track,26.3,,6
250,ישיר פיצויים המלאכה מקבוצת ביטוח ישיר,מרכזית לפיצויים,כללי,כללי,בינוני,track,22.8,5.98,12
810,כוכב-מרכזית לפיצויים,מרכזית לפיצויים,כללי,כללי,בינוני,map,,,1
152,כלל ברזל - קופה מרכזית לפיצויים,מרכזית לפיצויים,כללי,כללי,בינוני,track,0.0,3.07,192
614,כלל גמל מרכזית-מסלולית,מרכזית לפיצויים,כללי,כללי,בינוני,track,24.0,,192
443,כלל גמל קופה מרכזית לפיצויים,מרכזית לפיצויים,כללי,כללי,בינוני,map,34.4,5.21,130
727,כלל מושלם פיצויים,מרכזית לפיצויים,כללי,כללי,בינוני,track,32.6,7.75,48
241,כלל פיצויים למעסיק,מרכזית לפיצויים,כללי,כללי,בינוני,track,35.8,6.41,192
1284,כלל תקציבית,מרכזית לפיצויים,כללי,כללי,בינוני,map,0.0,2.3,192
827,מבטחים מרכזית לפיצויים,מרכזית לפיצויים,כללי,כללי,בינוני,track,24.5,5.55,192
870,מגדל פלטינום למעסיק,מרכזית לפיצויים,כללי,כללי,בינוני,track,20.6,,24
745,"מגדל-קופ""ג מרכזית לפיצויים",מרכזית לפיצויים,כללי,כללי,בינוני,track,35.7,6.02,171
1169,מגדלור מרכזית לפיצויים אפיקים,מרכזית לפיצויים,כללי,כללי,בינוני,map,,,3
1168,מגדלור מרכזית לפיצויים נאות,מרכזית לפיצויים,כללי,כללי,בינוני,map,,,3
516,"מגן קרן פנסיה מרכזית בע""מ - קופה מרכזית לפיצויים",מרכזית לפיצויים,כללי,כללי,בינוני,map,3.2,5.96,40
331,מיטב גאון פיצויים - מסלול כללי,מרכזית לפיצויים,כללי,כללי,בינוני,track,25.7,9.7,6
1197,מיטב וויזר מרכזית לפיצויים כללית,מרכזית לפיצויים,כללי,כללי,בינוני,track,31.9,,15
248,מיטב מרום מסלול כללי,מרכזית לפיצויים,כללי,כללי,בינוני,track,30.5,7.7,55
735,מיטב מרום רבת מסלולים,מרכזית לפיצויים,כללי,כללי,בינוני,track,15.8,,55
9491,מיטב מרכזית להשתתפות בפנסיה תקציבית כללי,מרכזית לפיצויים,כללי,כללי,בינוני,map,26.3,5.13,124
886,מיטב פיצויים - כללי,מרכזית לפיצויים,כללי,כללי,בינוני,track,35.5,6.51,192
885,מיטב פיצויים - רבת מסלולים,מרכזית לפיצויים,כללי,כללי,בינוני,track,18.6,,192
1118,מיטב פיצויים פלוס,מרכזית לפיצויים,כללי,כללי,בינוני,track,24.2,8.53,27
769,מיטב פיצויים שוהם כהלכה,מרכזית לפיצויים,הלכתי,הלכה יהודית,בינוני,equity,34.3,6.59,192
1188,מילניום קופה מרכזית לפיצויים,מרכזית לפיצויים,כללי,כללי,בינוני,track,24.1,,15
1280,מנורה מבטחים משתתפת בפנסיה תקציבית,מרכזית לפיצויים,כללי,כללי,בינוני,track,26.1,4.58,192
1144,מנורה מרכזית לפיצויים כללי,מרכזית לפיצויים,כללי,כללי,בינוני,track,35.0,6.62,192
1304,מקפת תקציבית,מרכזית לפיצויים,כללי,כללי,בינוני,track,17.3,3.28,171
1279,ספרינט קופה מרכזית לפיצויים,מרכזית לפיצויים,כללי,כללי,בינוני,map,20.1,,4
231,עומרים קופה מרכזית לפיצויים,מרכזית לפיצויים,כללי,כללי,בינוני,map,0.1,3.62,4
1283,פסגות מרכזית להשתתפות בפנסיה תקציבית,מרכזית לפיצויים,כללי,כללי,בינוני,map,0.0,,23
1271,קואטרו מנורה מרכזית לפיצויים,מרכזית לפיצויים,כללי,כללי,בינוני,track,20.7,,7
239,קופה כללית לפיצויים,מרכזית לפיצויים,כללי,כללי,בינוני,track,36.0,6.5,192
1282,קופה מרכזית להשתתפות בפנסיה תקציבית של העובדים בעיריית תל-אביב יפו,מרכזית לפיצויים,כללי,כללי,בינוני,map,,,173
1018,תמיר פישמן מרכזית לפיצויים כללי,מרכזית לפיצויים,כללי,כללי,בינוני,track,13.8,6.67,38
1176,תמיר פישמן פיצויים ערך,מרכזית לפיצויים,כללי,כללי,בינוני,map,0.0,,22
615,תצפית - ק. מסלולים מרכזית לפיצויים,מרכזית לפיצויים,כללי,כללי,בינוני,map,25.2,,42
1212,אינפיניטי פיצויים (ב) מסלול סל מנייתי,מרכזית לפיצויים,מניות,מניות,גבוה,map,,,9
1211,אינפיניטי פיצויים סל מניות,מרכזית לפיצויים,מניות,מניות,גבוה,track,98.1,12.37,189
1234,הדס ארזים אפסילון מרכזית לפיצויים מסלול מנייתי,מרכזית לפיצויים,מניות,מניות,גבוה,map,96.5,19.98,43
804,הפניקס מרכזית לפיצויים מחקה מדדי מניות,מרכזית לפיצויים,מדד,מניות,גבוה,equity,95.9,12.86,181
844,הראל עדי שיא פיצויים מניות,מרכזית לפיצויים,מניות,מניות,גבוה,map,93.8,12.41,145
739,"הראל קמ""פ מסלול מניות",מרכזית לפיצויים,מניות,מניות,גבוה,track,97.8,11.86,132
1224,פסגות פיצויים מסלול מניות,מרכזית לפיצויים,מניות,מניות,גבוה,map,,,4
1071,איילון לפיצויים מסלול שקלי,מרכזית לפיצויים,שיקלי,שקלי,נמוך,map,,,4
1070,איילון מרכזית לפיצויים מסלול צמוד מדד,מרכזית לפיצויים,מדד,מדד,נמוך,map,0.0,3.08,42
1086,אינפיניטי פיצויים (ב) מסלול צמוד מדד,מרכזית לפיצויים,מדד,מדד,נמוך,map,,,9
1089,"אינפיניטי פיצויים (ל) מסלול סל אג""ח",מרכזית לפיצויים,"אג""ח","אג""ח",נמוך,equity,0.0,4.98,9
1090,אינפיניטי פיצויים (פ) מסלול צמוד מדד,מרכזית לפיצויים,מדד,מדד,נמוך,map,,,1
1095,"אינפיניטי פיצויים סל אג""ח",מרכזית לפיצויים,"אג""ח","אג""ח",נמוך,equity,0.1,3.06,189
1338,"אלומות מסלולית לפיצויים מסלול אג""ח ללא מניות",מרכזית לפיצויים,"אג""ח","אג""ח ללא מניות",נמוך,track,0.0,,3
1417,"אלטשולר שחם פיצויים אשראי ואג""ח",מרכזית לפיצויים,"אג""ח","אג""ח ללא מניות",נמוך,track,0.0,3.53,163
951,אתגרים לפיצויים - מסלול שיקלי,מרכזית לפיצויים,שיקלי,שקלי,נמוך,map,,,4
2061,"דש - מרכזית לפיצויים אג""ח ממשלתי",מרכזית לפיצויים,"אג""ח","אג""ח ממשלתי",נמוך,equity,0.0,,13
2062,דש - מרכזית לפיצויים צמוד מדד,מרכזית לפיצויים,מדד,מדד,נמוך,equity,0.0,,13
2060,דש דור ברגר פיצויים צמוד מדד,מרכזית לפיצויים,מדד,מדד,נמוך,map,,,12
1233,"הלמן-אלדובי מרכזית לפיצויים מסלול אג""ח",מרכזית לפיצויים,"אג""ח","אג""ח",נמוך,map,0.0,2.24,142
8766,"הפניקס מרכזית לפיצויים מחקה מדדי אג""ח",מרכזית לפיצויים,"אג""ח",פאסיבי,נמוך,map,0.0,3.63,132
806,הפניקס מרכזית לפיצויים צמוד מדד,מרכזית לפיצויים,מדד,מדד,נמוך,equity,0.0,3.17,181
801,הפניקס מרכזית לפיצויים שקלי,מרכזית לפיצויים,שיקלי,שקלי,נמוך,track,0.0,2.62,181
1225,"הראל עדי פיצויים אג""ח",מרכזית לפיצויים,"אג""ח","אג""ח",נמוך,map,0.0,2.43,145
842,הראל עדי שיא פיצויים מדדית ללא מניות,מרכזית לפיצויים,מדד,מדד טווח ארוך,נמוך,map,0.0,3.67,145
840,הראל עדי שיא פיצויים שקלית ללא מניות,מרכזית לפיצויים,שיקלי,שקלי,נמוך,map,0.0,2.54,145
741,"הראל קמ""פ מסלול אג""ח צמוד מדד",מרכזית לפיצויים,"אג""ח","אג""ח צמוד מדד",נמוך,track,0.0,3.24,132
742,"הראל קמ""פ מסלול שקלי",מרכזית לפיצויים,שיקלי,שקלי,נמוך,track,0.0,1.89,132
1449,"מיטב וויזר מרכזית לפיצויים אג""ח ממשלתי",מרכזית לפיצויים,"אג""ח","אג""ח ממשלתי",נמוך,equity,0.0,,15
950,מיטב מסלולית לפיצויים - מסלול צמוד מדד,מרכזית לפיצויים,מדד,מדד,נמוך,map,3.3,6.51,28
1527,"מיטב מרום מסלול אג""ח מדינה",מרכזית לפיצויים,"אג""ח","אג""ח ממשלתי",נמוך,equity,0.0,,42
1529,מיטב מרום מסלול מדד,מרכזית לפיצויים,מדד,מדד,נמוך,equity,0.0,,43
1107,"מיטב פיצויים - אג""ח ללא מניות",מרכזית לפיצויים,"אג""ח","אג""ח",נמוך,map,0.0,3.31,192
1372,מיטב פיצויים - טווח קצר,מרכזית לפיצויים,כללי,ללא מניות,נמוך,map,0.0,0.24,192
1528,מיטב פיצויים שקלי,מרכזית לפיצויים,שיקלי,שקלי,נמוך,map,0.0,2.56,180
1359,מנורה מבטחים משתתפת בפנסיה תקציבית מסלול ללא מניות,מרכזית לפיצויים,כללי,ללא מניות,נמוך,map,0.0,2.58,192
1374,מנורה מרכזית לפיצויים ללא מניות,מרכזית לפיצויים,כללי,ללא מניות,נמוך,track,0.0,2.61,192
1155,"תמיר פישמן מרכזית לפיצויים אג""ח",מרכזית לפיצויים,"אג""ח","אג""ח",נמוך,equity,0.0,,38
1416,"אי.בי.אי מרכזית לפיצויים מסלול אג""ח",מרכזית לפיצויים,"אג""ח","אג""ח",נמוך מאוד,map,0.0,2.27,108
1309,"אלטשולר שחם לפנסיה תקציבית מסלול אג""ח",מרכזית לפיצויים,"אג""ח","אג""ח",נמוך מאוד,map,0.0,2.49,192
2008,אלטשולר שחם פיצויים כספי (שקלי),מרכזית לפיצויים,שיקלי,כספית,נמוך מאוד,track,0.0,0.13,163
1413,אנליסט קופה מרכזית לפיצויים מסלול ממשלתי,מרכזית לפיצויים,כללי,ממשלתי,נמוך מאוד,equity,0.0,0.95,174
805,אקסלנס משכית - מסלול שקלי טווח קצר,מרכזית לפיצויים,שיקלי,שקלי טווח קצר,נמוך מאוד,track,0.0,0.56,37
2059,"דש דור ברגר פיצויים אג""ח ממשלתי",מרכזית לפיצויים,"אג""ח","אג""ח ממשלתי",נמוך מאוד,map,,,13
1357,הדס ארזים אפסילון מרכזית לפיצויים שקלי טווח קצר,מרכזית לפיצויים,שיקלי,שקלי טווח קצר,נמוך מאוד,map,0.0,,46
9475,הפניקס מרכזית לפיצויים שקלי קצר,מרכזית לפיצויים,שיקלי,שקלי טווח קצר,נמוך מאוד,map,0.0,0.72,124
839,הראל עדי שיא פיצויים כספית,מרכזית לפיצויים,שיקלי,כספית,נמוך מאוד,map,0.0,0.27,145
1069,"איילון לפיצויים מסלול מט""ח",מרכזית לפיצויים,"מט""ח","מט""ח",נמוך-בינוני,map,,,4
1087,"אינפיניטי פיצויים (ב) מסלול סל אג""ח",מרכזית לפיצויים,"אג""ח","אג""ח",נמוך-בינוני,equity,5.5,5.06,9
588,"אלטשולר שחם פיצויים אשראי ואג""ח (עד 25% מניות)",מרכזית לפיצויים,"אג""ח",משולב מניות,נמוך-בינוני,track,11.6,3.85,163
2086,אנליסט קופה מרכזית לפיצויים מסלול עד 10% במניות,מרכזית לפיצויים,כללי,עד 10% מניות,נמוך-בינוני,map,9.1,2.52,103
807,"אקסלנס משכית - מסלול מט""ח טווח קצר",מרכזית לפיצויים,"מט""ח","מט""ח טווח קצר",נמוך-בינוני,map,0.0,9.85,18
803,"אקסלנס משכית - מסלול מט""חי",מרכזית לפיצויים,"מט""ח","מט""ח",נמוך-בינוני,track,0.0,8.88,37
845,הראל עדי שיא פיצויים עד 10% מניות,מרכזית לפיצויים,כללי,עד 10% מניות,נמוך-בינוני,map,9.6,2.96,145
743,"הראל קמ""פ אג""ח עד 15% מניות",מרכזית לפיצויים,"אג""ח","אג""ח",נמוך-בינוני,equity,14.2,3.87,132
1530,"מיטב מרום מסלול מט""ח",מרכזית לפיצויים,"מט""ח","מט""ח",נמוך-בינוני,track,0.0,,43
1276,מיטב פיצויים סלע,מרכזית לפיצויים,כללי,עד 10% מניות,נמוך-בינוני,equity,8.9,2.98,192
1145,מנורה מרכזית לפיצויים עד 10% מניות,מרכזית לפיצויים,כללי,עד 10% מניות,נמוך-בינוני,equity,9.3,4.01,192
9638,אינפיניטי גמל להשקעה כללי,קופת גמל להשקעה,כללי,כללי,בינוני,track,44.5,7.86,110
15418,אינפיניטי גמל להשקעה משולב סחיר,קופת גמל להשקעה,מתמחים באפיקי השקעה סחירים,משולב סחיר,בינוני,track,94.4,,14
13228,אינפיניטי גמל להשקעה עוקב מדדים גמיש,קופת גמל להשקעה,עוקבי מדדים,עוקב מדדים - גמיש,בינוני,map,50.5,6.88,68
12257,אלטשולר שחם חיסכון פלוס הלכה,קופת גמל להשקעה,הלכתי,הלכה יהודית,בינוני,equity,44.9,7.87,94
7798,אלטשולר שחם חיסכון פלוס כללי,קופת גמל להשקעה,כללי,כללי,בינוני,track,43.1,7.92,110
15541,אלטשולר שחם חיסכון פלוס משולב סחיר,קופת גמל להשקעה,מתמחים באפיקי השקעה סחירים,משולב סחיר,בינוני,track,48.0,,10
15315,אלטשולר שחם חיסכון פלוס עוקב מדדים גמיש,קופת גמל להשקעה,עוקבי מדדים,עוקב מדדים - גמיש,בינוני,map,48.7,,19
7834,אנליסט מסלולית - קופת גמל להשקעה כללי,קופת גמל להשקעה,כללי,כללי,בינוני,map,45.3,7.46,110
7842,אנליסט מסלולית - קופת גמל להשקעה משולב סחיר,קופת גמל להשקעה,מתמחים באפיקי השקעה סחירים,משולב סחיר,בינוני,map,40.1,5.63,110
7843,אנליסט מסלולית - קופת גמל להשקעה עוקב מדדים - גמיש,קופת גמל להשקעה,עוקבי מדדים,עוקב מדדים - גמיש,בינוני,map,41.6,7.0,110
7998,הלמן-אלדובי להשקעה כללי,קופת גמל להשקעה,כללי,כללי,בינוני,track,32.8,,28
7999,הלמן-אלדובי להשקעה פאסיבי-כללי,קופת גמל להשקעה,כללי,פאסיבי,בינוני,track,30.9,,28
7973,הלמן-אלדובי קופת גמל להשקעה כללי,קופת גמל להשקעה,כללי,כללי,בינוני,map,34.4,,60
7974,הלמן-אלדובי קופת גמל להשקעה פאסיבי - כללי,קופת גמל להשקעה,כללי,פאסיבי,בינוני,map,39.5,,60
7908,הפניקס גמל להשקעה כללי,קופת גמל להשקעה,כללי,כללי,בינוני,track,42.0,8.06,110
15214,הפניקס גמל להשקעה משולב סחיר,קופת גמל להשקעה,מתמחים באפיקי השקעה סחירים,משולב סחיר,בינוני,map,48.5,,19
7909,הפניקס גמל להשקעה עוקב מדדים - גמיש,קופת גמל להשקעה,עוקבי מדדים,עוקב מדדים - גמיש,בינוני,track,42.6,7.76,110
8523,הראל גמל להשקעה הלכה,קופת גמל להשקעה,הלכתי,הלכה יהודית,בינוני,equity,39.3,6.28,110
8211,הראל גמל להשקעה כללי,קופת גמל להשקעה,כללי,כללי,בינוני,track,42.9,7.24,110
15288,הראל גמל להשקעה משולב סחיר,קופת גמל להשקעה,מתמחים באפיקי השקעה סחירים,משולב סחיר,בינוני,track,45.5,,18
15284,הראל גמל להשקעה עוקב מדדים - גמיש,קופת גמל להשקעה,עוקבי מדדים,עוקב מדדים - גמיש,בינוני,track,51.4,,18
11390,ילין לפידות קופת גמל להשקעה מסלול כללי,קופת גמל להשקעה,כללי,כללי,בינוני,map,45.1,7.63,110
14658,ילין לפידות קופת גמל להשקעה מסלול עוקב מדדים גמיש,קופת גמל להשקעה,עוקבי מדדים,עוקב מדדים - גמיש,בינוני,track,47.6,,34
7994,כלל גמל לעתיד הלכה,קופת גמל להשקעה,הלכתי,הלכה יהודית,בינוני,equity,42.0,7.36,110
7988,כלל גמל לעתיד כללי,קופת גמל להשקעה,כללי,כללי,בינוני,map,39.9,7.56,110
15429,כלל גמל לעתיד משולב סחיר,קופת גמל להשקעה,מתמחים באפיקי השקעה סחירים,משולב סחיר,בינוני,track,54.6,,11
14681,כלל גמל לעתיד עוקב מדדים גמיש,קופת גמל להשקעה,עוקבי מדדים,עוקב מדדים - גמיש,בינוני,map,49.8,,33
7937,מגדל גמל להשקעה הלכה,קופת גמל להשקעה,הלכתי,הלכה יהודית,בינוני,equity,41.3,7.46,110
7933,"מגדל גמל להשקעה חו""ל",קופת גמל להשקעה,"חו""ל","חו""ל",בינוני,equity,34.4,5.16,92
7936,מגדל גמל להשקעה כללי,קופת גמל להשקעה,כללי,כללי,בינוני,track,41.6,7.05,110
15341,מגדל גמל להשקעה מסלול עוקב מדדים - גמיש,קופת גמל להשקעה,עוקבי מדדים,עוקב מדדים - גמיש,בינוני,map,48.3,,19
15455,מגדל גמל להשקעה משולב סחיר,קופת גמל להשקעה,מתמחים באפיקי השקעה סחירים,משולב סחיר,בינוני,track,53.7,,13
12538,מור גמל להשקעה - כללי,קופת גמל להשקעה,כללי,כללי,בינוני,track,43.9,6.55,85
15253,מור גמל להשקעה - משולב סחיר,קופת גמל להשקעה,מתמחים באפיקי השקעה סחירים,משולב סחיר,בינוני,map,40.6,,19
15257,מור גמל להשקעה - עוקב מדדים גמיש,קופת גמל להשקעה,עוקבי מדדים,עוקב מדדים - גמיש,בינוני,map,42.7,,19
11938,מור גמל להשקעה כללי פאסיבי,קופת גמל להשקעה,כללי,פאסיבי,בינוני,map,,,77
7863,מיטב גמל להשקעה הלכה,קופת גמל להשקעה,הלכתי,הלכה יהודית,בינוני,equity,38.6,7.06,110
7978,מיטב גמל להשקעה כללי,קופת גמל להשקעה,כללי,כללי,בינוני,track,40.6,7.69,110
15349,מיטב גמל להשקעה משולב סחיר,קופת גמל להשקעה,מתמחים באפיקי השקעה סחירים,משולב סחיר,בינוני,map,97.0,,19
7979,מיטב גמל להשקעה עוקב מדדים גמיש,קופת גמל להשקעה,עוקבי מדדים,עוקב מדדים - גמיש,בינוני,track,43.4,8.13,110
8675,מנורה מבטחים גמל להשקעה כללי,קופת גמל להשקעה,כללי,כללי,בינוני,track,42.6,7.93,110
8716,מנורה מבטחים גמל להשקעה מסלול הלכה,קופת גמל להשקעה,הלכתי,הלכה יהודית,בינוני,equity,38.5,7.45,110
15465,מנורה מבטחים גמל להשקעה משולב סחיר,קופת גמל להשקעה,מתמחים באפיקי השקעה סחירים,משולב סחיר,בינוני,track,64.4,,12
14678,מנורה מבטחים גמל להשקעה עוקב מדדים גמיש,קופת גמל להשקעה,עוקבי מדדים,עוקב מדדים - גמיש,בינוני,map,48.3,,32
7899,"סלייס קופת גמל להשקעה אג""ח משולב במניות - פאסיבי",קופת גמל להשקעה,"אג""ח",משולב במניות - פאסיבי,בינוני,map,,,93
7902,"סלייס קופת גמל להשקעה אג""ח משולב מניות",קופת גמל להשקעה,"אג""ח",משולב מניות,בינוני,map,,,93
7900,סלייס קופת גמל להשקעה כללי כללי,קופת גמל להשקעה,כללי,כללי,בינוני,map,63.8,,100
7813,"פסגות NEXT גמל להשקעה חו""ל",קופת גמל להשקעה,"חו""ל","חו""ל",בינוני,equity,35.0,,60
7810,פסגות NEXT גמל להשקעה כללי,קופת גמל להשקעה,כללי,כללי,בינוני,map,35.7,,60
11578,"אי.בי.אי. גמל קופת גמל להשקעה מחקה מדד נדל""ן מניב ישראל",קופת גמל להשקעה,מדד,מניות ישראל,גבוה,equity,99.7,,21
12540,אינפיניטי גמל להשקעה הלכה,קופת גמל להשקעה,הלכתי,הלכה יהודית,גבוה,equity,96.4,11.5,85
11407,אינפיניטי גמל להשקעה מניות,קופת גמל להשקעה,מתמחים בניהול אקטיבי,מניות,גבוה,map,92.7,13.78,110
14923,אינפיניטי גמל להשקעה עוקב מדד s&p 500,קופת גמל להשקעה,עוקבי מדדים,עוקב מדד s&p 500,גבוה,map,96.4,,24
14924,אינפיניטי גמל להשקעה עוקב מדדי מניות,קופת גמל להשקעה,עוקבי מדדים,עוקב מדדי מניות,גבוה,map,90.2,,24
7799,אלטשולר שחם חיסכון פלוס מניות,קופת גמל להשקעה,מתמחים בניהול אקטיבי,מניות,גבוה,equity,94.3,14.79,110
14865,אלטשולר שחם חיסכון פלוס עוקב מדד S&P 500,קופת גמל להשקעה,עוקבי מדדים,עוקב מדד s&p 500,גבוה,map,98.6,,26
14864,אלטשולר שחם חיסכון פלוס עוקב מדדי מניות,קופת גמל להשקעה,עוקבי מדדים,עוקב מדדי מניות,גבוה,map,98.5,,27
7836,אנליסט מסלולית - קופת גמל להשקעה מניות,קופת גמל להשקעה,מתמחים בניהול אקטיבי,מניות,גבוה,map,97.2,15.39,110
13854,אנליסט מסלולית - קופת גמל להשקעה עוקב מדד S&P500,קופת גמל להשקעה,עוקבי מדדים,עוקב מדד s&p 500,גבוה,map,99.7,,45
15309,אנליסט מסלולית - קופת גמל להשקעה עוקב מדדי מניות,קופת גמל להשקעה,עוקבי מדדים,עוקב מדדי מניות,גבוה,map,99.2,,19
8003,הלמן-אלדובי להשקעה מניות,קופת גמל להשקעה,מניות,מניות,גבוה,track,92.7,,28
11411,הלמן-אלדובי קופת גמל להשקעה מחקה מדד S&P500,קופת גמל להשקעה,מניות,"חו""ל - פאסיבי",גבוה,map,99.3,,60
7976,הלמן-אלדובי קופת גמל להשקעה פאסיבי - מדדי מניות,קופת גמל להשקעה,מניות,פאסיבי,גבוה,map,99.5,,60
7975,הפניקס גמל להשקעה מניות,קופת גמל להשקעה,מתמחים בניהול אקטיבי,מניות,גבוה,map,95.0,14.32,110
15233,הפניקס גמל להשקעה מניות סחיר,קופת גמל להשקעה,מתמחים באפיקי השקעה סחירים,מניות סחיר,גבוה,map,95.1,,19
13250,הפניקס גמל להשקעה עוקב מדד S&P500,קופת גמל להשקעה,עוקבי מדדים,עוקב מדד s&p 500,גבוה,track,97.6,9.94,65
7907,הפניקס גמל להשקעה עוקב מדדי מניות,קופת גמל להשקעה,עוקבי מדדים,עוקב מדדי מניות,גבוה,track,96.1,14.22,110
8522,הראל גמל להשקעה מניות,קופת גמל להשקעה,מתמחים בניהול אקטיבי,מניות,גבוה,equity,94.5,14.75,110
15286,הראל גמל להשקעה מניות סחיר,קופת גמל להשקעה,מתמחים באפיקי השקעה סחירים,מניות סחיר,גבוה,track,98.5,,18
13414,הראל גמל להשקעה עוקב מדד s&p 500,קופת גמל להשקעה,עוקבי מדדים,עוקב מדד s&p 500,גבוה,map,98.6,,59
15040,הראל גמל להשקעה עוקב מדדי מניות,קופת גמל להשקעה,עוקבי מדדים,עוקב מדדי מניות,גבוה,map,97.1,,25
14206,הראל גמל להשקעה קיימות,קופת גמל להשקעה,קיימות,קיימות,גבוה,equity,87.8,,36
11394,ילין לפידות קופת גמל להשקעה מסלול מניות,קופת גמל להשקעה,מתמחים בניהול אקטיבי,מניות,גבוה,map,93.8,14.2,110
15715,ילין לפידות קופת גמל להשקעה מסלול מניות סחיר,קופת גמל להשקעה,מתמחים באפיקי השקעה סחירים,מניות סחיר,גבוה,track,98.9,,3
15420,ילין לפידות קופת גמל להשקעה מסלול עוקב מדד s&p 500,קופת גמל להשקעה,עוקבי מדדים,עוקב מדד s&p 500,גבוה,track,99.4,,16
7991,כלל גמל לעתיד מניות,קופת גמל להשקעה,מתמחים בניהול אקטיבי,מניות,גבוה,map,98.5,15.66,110
15427,כלל גמל לעתיד מניות סחיר,קופת גמל להשקעה,מתמחים באפיקי השקעה סחירים,מניות סחיר,גבוה,track,98.1,,11
13344,כלל גמל לעתיד עוקב מדד s&p 500,קופת גמל להשקעה,עוקבי מדדים,עוקב מדד s&p 500,גבוה,track,98.6,9.79,61
14791,כלל גמל לעתיד עוקב מדדי מניות,קופת גמל להשקעה,עוקבי מדדים,עוקב מדדי מניות,גבוה,map,96.2,,26
7934,מגדל גמל להשקעה מניות,קופת גמל להשקעה,מתמחים בניהול אקטיבי,מניות,גבוה,equity,97.9,13.86,110
15456,מגדל גמל להשקעה מניות סחיר,קופת גמל להשקעה,מתמחים באפיקי השקעה סחירים,מניות סחיר,גבוה,track,96.2,,13
14943,מגדל גמל להשקעה מסלול עוקב מדדי מניות,קופת גמל להשקעה,עוקבי מדדים,עוקב מדדי מניות,גבוה,map,99.3,,25
13563,מגדל גמל להשקעה עוקב מדד s&p500,קופת גמל להשקעה,עוקבי מדדים,עוקב מדד s&p 500,גבוה,map,99.5,,59
12537,מור גמל להשקעה - מניות,קופת גמל להשקעה,מתמחים בניהול אקטיבי,מניות,גבוה,equity,93.3,14.25,85
15256,מור גמל להשקעה - מניות סחיר,קופת גמל להשקעה,מתמחים באפיקי השקעה סחירים,מניות סחיר,גבוה,map,91.6,,19
7958,מור גמל להשקעה - עוקב מדד S&P500,קופת גמל להשקעה,עוקבי מדדים,עוקב מדד s&p 500,גבוה,map,99.5,12.61,110
15259,מור גמל להשקעה - עוקב מדדי מניות,קופת גמל להשקעה,עוקבי מדדים,עוקב מדדי מניות,גבוה,map,98.8,,19
7957,"מור גמל להשקעה מסלול מחקה מדד ת""א 35",קופת גמל להשקעה,מניות,מניות ישראל,גבוה,map,100.0,15.39,92
15252,מור קופת גמל להשקעה מתמחים בניהול אקטיבי מניות,קופת גמל להשקעה,מתמחים בניהול אקטיבי,מניות,גבוה,map,,,2
7860,מיטב גמל להשקעה מניות,קופת גמל להשקעה,מתמחים בניהול אקטיבי,מניות,גבוה,map,95.9,15.15,110
15350,מיטב גמל להשקעה מניות סחיר,קופת גמל להשקעה,מתמחים באפיקי השקעה סחירים,מניות סחיר,גבוה,map,97.6,,19
13259,מיטב גמל להשקעה עוקב מדד S&P 500,קופת גמל להשקעה,עוקבי מדדים,עוקב מדד s&p 500,גבוה,map,99.1,10.11,66
7867,מיטב גמל להשקעה עוקב מדדי מניות,קופת גמל להשקעה,עוקבי מדדים,עוקב מדדי מניות,גבוה,track,96.8,15.59,110
14270,מיטב גמל להשקעה קיימות,קופת גמל להשקעה,קיימות,קיימות,גבוה,equity,96.4,,36
15724,מנורה מבטחים גמל להשקעה מסלול מניות,קופת גמל להשקעה,מתמחים בניהול אקטיבי,מניות,גבוה,equity,86.6,,1
13353,מנורה מבטחים גמל להשקעה מסלול מניות סחיר,קופת גמל להשקעה,מתמחים באפיקי השקעה סחירים,מניות סחיר,גבוה,track,97.6,,60
13874,מנורה מבטחים גמל להשקעה עוקב מדד S&P500,קופת גמל להשקעה,עוקבי מדדים,עוקב מדד s&p 500,גבוה,map,98.7,,46
8683,מנורה מבטחים גמל להשקעה עוקב מדדי מניות,קופת גמל להשקעה,עוקבי מדדים,עוקב מדדי מניות,גבוה,map,98.0,12.54,110
7896,"סלייס קופת גמל להשקעה מדד חו""ל",קופת גמל להשקעה,מדד,"חו""ל",גבוה,equity,97.5,,100
7892,סלייס קופת גמל להשקעה מדד מניות,קופת גמל להשקעה,מדד,מניות,גבוה,map,100.0,16.39,100
7898,סלייס קופת גמל להשקעה מניות מניות,קופת גמל להשקעה,מניות,מניות,גבוה,map,,,93
13340,פסגות NEXT גמל להשקעה מחקה מדד S&P500,קופת גמל להשקעה,מדד,"מניות חו""ל",גבוה,map,,,1
7811,פסגות NEXT גמל להשקעה מניות,קופת גמל להשקעה,מניות,מניות,גבוה,map,95.1,,60
7801,"אלטשולר שחם חיסכון פלוס אשראי ואג""ח",קופת גמל להשקעה,מתמחים בניהול אקטיבי,"אשראי ואג""ח",נמוך,map,0.0,3.33,110
7837,"אנליסט מסלולית - קופת גמל להשקעה אשראי ואג""ח",קופת גמל להשקעה,מתמחים בניהול אקטיבי,"אשראי ואג""ח",נמוך,map,0.0,3.99,110
15215,"הפניקס גמל להשקעה אג""ח סחיר",קופת גמל להשקעה,מתמחים באפיקי השקעה סחירים,"אג""ח סחיר",נמוך,map,0.2,,19
7905,"הפניקס גמל להשקעה אשראי ואג""ח",קופת גמל להשקעה,מתמחים בניהול אקטיבי,"אשראי ואג""ח",נמוך,equity,0.1,3.38,110
8004,הפניקס גמל להשקעה שריעה,קופת גמל להשקעה,הלכתי,הלכה איסלאמית,נמוך,equity,0.0,3.78,109
15287,"הראל גמל להשקעה אג""ח סחיר",קופת גמל להשקעה,מתמחים באפיקי השקעה סחירים,"אג""ח סחיר",נמוך,equity,0.0,,18
15283,"הראל גמל להשקעה אשראי ואג""ח",קופת גמל להשקעה,מתמחים בניהול אקטיבי,"אשראי ואג""ח",נמוך,equity,0.0,,18
15285,"הראל גמל להשקעה עוקב מדדי אג""ח",קופת גמל להשקעה,עוקבי מדדים,"עוקב מדדי אג""ח",נמוך,equity,0.0,,18
11391,"ילין לפידות קופת גמל להשקעה מסלול אשראי ואג""ח",קופת גמל להשקעה,מתמחים בניהול אקטיבי,"אשראי ואג""ח",נמוך,map,8.9,4.24,110
15428,"כלל גמל לעתיד אג""ח סחיר",קופת גמל להשקעה,מתמחים באפיקי השקעה סחירים,"אג""ח סחיר",נמוך,equity,0.0,,11
7989,"כלל גמל לעתיד אשראי ואג""ח",קופת גמל להשקעה,מתמחים בניהול אקטיבי,"אשראי ואג""ח",נמוך,map,0.0,3.13,110
7932,"מגדל גמל להשקעה אג""ח ממשלות",קופת גמל להשקעה,מתמחים בניהול אקטיבי,"אג""ח ממשלות",נמוך,map,0.0,3.56,110
14944,"מגדל גמל להשקעה מסלול אשראי ואג""ח",קופת גמל להשקעה,מתמחים בניהול אקטיבי,"אשראי ואג""ח",נמוך,map,0.1,,25
15457,"מגדל גמל להשקעה עוקב מדדי אג""ח",קופת גמל להשקעה,עוקבי מדדים,"עוקב מדדי אג""ח",נמוך,equity,0.0,,13
15255,"מור גמל להשקעה - אג""ח סחיר",קופת גמל להשקעה,מתמחים באפיקי השקעה סחירים,"אג""ח סחיר",נמוך,map,2.8,,19
14482,"מור גמל להשקעה - אשראי ואג""ח",קופת גמל להשקעה,מתמחים בניהול אקטיבי,"אשראי ואג""ח",נמוך,map,2.4,,31
15260,"מור גמל להשקעה - עוקב מדדי אג""ח",קופת גמל להשקעה,עוקבי מדדים,"עוקב מדדי אג""ח",נמוך,map,0.0,,19
7960,מור גמל להשקעה מסלול מחקה מדד תל בונד 20,קופת גמל להשקעה,"אג""ח","אג""ח קונצרניות",נמוך,map,0.0,5.28,92
15251,"מור קופת גמל להשקעה מתמחים בניהול אקטיבי אשראי ואג""ח",קופת גמל להשקעה,מתמחים בניהול אקטיבי,"אשראי ואג""ח",נמוך,map,,,2
15347,"מיטב גמל להשקעה אג""ח סחיר",קופת גמל להשקעה,מתמחים באפיקי השקעה סחירים,"אג""ח סחיר",נמוך,map,0.0,,19
7862,"מיטב גמל להשקעה אשראי ואג""ח",קופת גמל להשקעה,מתמחים בניהול אקטיבי,"אשראי ואג""ח",נמוך,equity,0.0,2.95,110
7897,"סלייס קופת גמל להשקעה אג""ח ללא מניות",קופת גמל להשקעה,"אג""ח","אג""ח ללא מניות",נמוך,map,0.0,2.07,100
7893,"סלייס קופת גמל להשקעה מדד אג""ח",קופת גמל להשקעה,מדד,"אג""ח",נמוך,map,0.0,,98
7894,"סלייס קופת גמל להשקעה מדד אג""ח ישראל",קופת גמל להשקעה,מדד,"אג""ח ישראל",נמוך,map,,,93
7895,סלייס קופת גמל להשקעה מדד ללא מניות,קופת גמל להשקעה,מדד,מדד ללא מניות,נמוך,map,0.0,3.5,99
7812,"פסגות NEXT גמל להשקעה אג""ח",קופת גמל להשקעה,"אג""ח","אג""ח",נמוך,map,,,60
7815,"פסגות NEXT גמל להשקעה אג""ח קונצרני",קופת גמל להשקעה,"אג""ח","אג""ח קונצרניות",נמוך,map,,,60
7802,אלטשולר שחם חיסכון פלוס כספי (שקלי),קופת גמל להשקעה,מתמחים בניהול אקטיבי,כספי (שקלי),נמוך מאוד,map,0.0,0.5,110
7839,אנליסט מסלולית - קופת גמל להשקעה כספי (שקלי),קופת גמל להשקעה,מתמחים בניהול אקטיבי,כספי (שקלי),נמוך מאוד,map,0.0,0.56,110
13209,הפניקס גמל להשקעה כספי (שקלי),קופת גמל להשקעה,מתמחים בניהול אקטיבי,כספי (שקלי),נמוך מאוד,equity,0.0,0.67,69
13254,הראל גמל להשקעה כספי (שקלי),קופת גמל להשקעה,מתמחים בניהול אקטיבי,כספי (שקלי),נמוך מאוד,map,0.0,0.77,65
11393,"ילין לפידות קופת גמל להשקעה מסלול אג""ח ממשלות",קופת גמל להשקעה,מתמחים בניהול אקטיבי,"אג""ח ממשלות",נמוך מאוד,map,0.0,2.48,110
7990,"כלל גמל לעתיד - קופת גמל להשקעה אג""ח ממשלתי",קופת גמל להשקעה,"אג""ח","אג""ח ממשלתי",נמוך מאוד,map,0.0,2.62,92
7993,כלל גמל לעתיד כספי(שקלי),קופת גמל להשקעה,מתמחים בניהול אקטיבי,כספי (שקלי),נמוך מאוד,map,0.0,0.61,110
7931,מגדל גמל להשקעה כספי (שקלי),קופת גמל להשקעה,מתמחים בניהול אקטיבי,כספי (שקלי),נמוך מאוד,map,0.0,0.6,110
7963,מור גמל להשקעה - כספי (שקלי),קופת גמל להשקעה,מתמחים בניהול אקטיבי,כספי (שקלי),נמוך מאוד,map,0.0,0.52,109
7962,"מור גמל להשקעה מסלול מחקה מדד אג""ח ממשלתי, לא צמודות בריבית קבועה",קופת גמל להשקעה,"אג""ח","אג""ח לא צמוד",נמוך מאוד,map,0.0,3.8,92
7961,"מור גמל להשקעה מסלול מחקה מדד אג""ח ממשלתי, צמודות מדד ממשלתי לטווח 5-10 שנים",קופת גמל להשקעה,"אג""ח","אג""ח צמוד מדד בינוני",נמוך מאוד,map,0.0,4.73,92
7861,מיטב גמל להשקעה כספי (שקלי),קופת גמל להשקעה,מתמחים בניהול אקטיבי,כספי (שקלי),נמוך מאוד,map,0.0,0.56,110
8693,מנורה מבטחים גמל להשקעה כספי (שיקלי),קופת גמל להשקעה,מתמחים בניהול אקטיבי,כספי (שקלי),נמוך מאוד,map,0.0,0.56,110
7901,סלייס קופת גמל להשקעה שיקלי כספית,קופת גמל להשקעה,שיקלי,כספית,נמוך מאוד,map,,,93
13341,פסגות NEXT גמל להשקעה כספי,קופת גמל להשקעה,שיקלי,כספית,נמוך מאוד,map,,,1
9639,"אינפיניטי גמל להשקעה אשראי ואג""ח עם מניות (עד 25% מניות)",קופת גמל להשקעה,מתמחים בניהול אקטיבי,"אשראי ואג""ח",נמוך-בינוני,equity,14.4,4.9,110
7800,"אלטשולר שחם חיסכון פלוס אשראי ואג""ח עם מניות (עד 25% במניות)",קופת גמל להשקעה,מתמחים בניהול אקטיבי,"אשראי ואג""ח",נמוך-בינוני,equity,12.4,4.79,110
7986,"אנליסט מסלולית - קופת גמל להשקעה אשראי ואג""ח עד 25% מניות",קופת גמל להשקעה,מתמחים בניהול אקטיבי,"אשראי ואג""ח",נמוך-בינוני,map,19.1,4.76,110
7977,"הלמן-אלדובי קופת גמל להשקעה פאסיבי - מדדי אג""ח עד 10% במדדי מניות",קופת גמל להשקעה,"אג""ח",משולב במניות - פאסיבי,נמוך-בינוני,map,9.8,,61
7906,"הפניקס גמל להשקעה אשראי ואג""ח עם מניות (עד 25% מניות)",קופת גמל להשקעה,מתמחים בניהול אקטיבי,"אשראי ואג""ח",נמוך-בינוני,equity,13.9,5.21,110
8520,"הראל גמל להשקעה אג""ח עד 10% מניות",קופת גמל להשקעה,"אג""ח",משולב מניות,נמוך-בינוני,map,9.4,4.09,93
8521,"הראל גמל להשקעה אשראי ואג""ח עם מניות (עד 25% מניות)",קופת גמל להשקעה,מתמחים בניהול אקטיבי,"אשראי ואג""ח",נמוך-בינוני,equity,18.9,5.05,110
15289,"הראל גמל להשקעה מסלול סחיר- אג""ח עם מניות (עד 25% מניות)",קופת גמל להשקעה,מתמחים באפיקי השקעה סחירים,"אג""ח סחיר",נמוך-בינוני,equity,23.3,,18
15290,"הראל גמל להשקעה עוקב מדדים- אג""ח עם מניות (עד 25% מניות)",קופת גמל להשקעה,עוקבי מדדים,"עוקב מדדי אג""ח",נמוך-בינוני,equity,24.6,,18
11392,"ילין לפידות קופת גמל להשקעה מסלול אשראי ואג""ח עם מניות (עד 25% מניות)",קופת גמל להשקעה,מתמחים בניהול אקטיבי,"אשראי ואג""ח",נמוך-בינוני,map,18.7,5.25,110
7992,"כלל גמל לעתיד אשראי ואג""ח עם מניות(עד 25% מניות)",קופת גמל להשקעה,מתמחים בניהול אקטיבי,"אשראי ואג""ח",נמוך-בינוני,map,13.6,4.72,110
7935,"מגדל גמל להשקעה מסלול אשראי ואג""ח עם מניות (עד 25% מניות)",קופת גמל להשקעה,מתמחים בניהול אקטיבי,"אשראי ואג""ח",נמוך-בינוני,map,8.6,4.61,110
15254,"מור גמל להשקעה - אג""ח עם מניות (עד 25% מניות) סחיר",קופת גמל להשקעה,מתמחים באפיקי השקעה סחירים,"אג""ח סחיר",נמוך-בינוני,map,21.6,,19
15258,"מור גמל להשקעה - עוקב מדדים אג""ח עם מניות (עד 25% מניות)",קופת גמל להשקעה,עוקבי מדדים,"עוקב מדדי אג""ח",נמוך-בינוני,map,20.3,,19
12955,"מור גמל להשקעה -אשראי ואג""ח עם מניות (עד 25% מניות)",קופת גמל להשקעה,מתמחים בניהול אקטיבי,"אשראי ואג""ח",נמוך-בינוני,map,22.8,3.34,69
7980,"מיטב גמל להשקעה אשראי ואג""ח עם מניות (עד 25% במניות)",קופת גמל להשקעה,מתמחים בניהול אקטיבי,"אשראי ואג""ח",נמוך-בינוני,map,17.8,5.23,110
7981,מיטב גמל להשקעה מסלול אג''ח עד 10% מניות,קופת גמל להשקעה,"אג""ח",משולב מניות,נמוך-בינוני,map,8.5,4.29,93
15348,"מיטב גמל להשקעה סחיר - אג""ח עם מניות (עד 25% מניות)",קופת גמל להשקעה,מתמחים באפיקי השקעה סחירים,"אג""ח סחיר",נמוך-בינוני,map,21.7,,19
15351,"מיטב גמל להשקעה עוקב מדדי אג""ח עם מניות (עד 25% מניות)",קופת גמל להשקעה,עוקבי מדדים,"עוקב מדדי אג""ח",נמוך-בינוני,map,20.6,,19
13354,"מנורה מבטחים גמל להשקעה מסלול אשראי ואג""ח",קופת גמל להשקעה,מתמחים בניהול אקטיבי,"אשראי ואג""ח",נמוך-בינוני,equity,23.7,,60
8678,"מנורה מבטחים גמל להשקעה מסלול אשראי ואג""ח עם מניות (עד 25% מניות)",קופת גמל להשקעה,מתמחים בניהול אקטיבי,"אשראי ואג""ח",נמוך-בינוני,map,0.0,3.44,110
8684,"מנורה מבטחים גמל להשקעה עוקב מדדים - אג""ח עם מניות (עד 25% מניות)",קופת גמל להשקעה,עוקבי מדדים,"עוקב מדדי אג""ח",נמוך-בינוני,equity,22.1,5.72,110
7814,"פסגות NEXT גמל להשקעה אג""ח עד 10% מניות",קופת גמל להשקעה,"אג""ח",משולב מניות,נמוך-בינוני,map,9.6,,60
11346,קל גמל להשקעה - חסכון לכל ילד הלכתי הלכה איסלאמית,קופת גמל להשקעה - חסכון לילד,הלכתי,הלכה איסלאמית,,,,,1
11372,אינפיניטי חיסכון לילד - חוסכים המעדיפים סיכון בינוני,קופת גמל להשקעה - חסכון לילד,"מודל חכ""מ אחר",חיסכון לילד -חוסכים המעדיפים סיכון בינוני,בינוני,map,44.8,8.21,110
11328,אלטשולר שחם חיסכון לילד הלכה,קופת גמל להשקעה - חסכון לילד,הלכתי,הלכה יהודית,בינוני,equity,43.9,7.67,109
11326,אלטשולר שחם חיסכון לילד לחוסכים המעדיפים סיכון בינוני,קופת גמל להשקעה - חסכון לילד,"מודל חכ""מ אחר",חיסכון לילד -חוסכים המעדיפים סיכון בינוני,בינוני,map,42.7,7.81,109
11366,אנליסט מסלולית - קופת גמל להשקעה לחיסכון ארוך טווח לילד - מסלול לחוסכים המעדיפים סיכון בינוני,קופת גמל להשקעה - חסכון לילד,"מודל חכ""מ אחר",חיסכון לילד -חוסכים המעדיפים סיכון בינוני,בינוני,map,45.8,8.62,109
11353,הלמן-אלדובי חיסכון לילד- הלכה,קופת גמל להשקעה - חסכון לילד,הלכתי,הלכה יהודית,בינוני,equity,35.0,,59
11355,הלמן-אלדובי חיסכון לילד- חוסכים המעדיפים סיכון בינוני,קופת גמל להשקעה - חסכון לילד,"מודל חכ""מ אחר",חיסכון לילד -חוסכים המעדיפים סיכון בינוני,בינוני,map,35.5,,59
11335,הפניקס חיסכון לילד - הלכה,קופת גמל להשקעה - חסכון לילד,הלכתי,הלכה יהודית,בינוני,equity,41.5,7.0,109
11312,הפניקס חיסכון לילד - חוסכים המעדיפים סיכון בינוני,קופת גמל להשקעה - חסכון לילד,"מודל חכ""מ אחר",חיסכון לילד -חוסכים המעדיפים סיכון בינוני,בינוני,map,42.1,8.29,109
9555,הראל חיסכון לילד - הלכה,קופת גמל להשקעה - חסכון לילד,הלכתי,הלכה יהודית,בינוני,equity,41.8,6.82,109
11376,הראל חיסכון לילד - חוסכים המעדיפים סיכון בינוני,קופת גמל להשקעה - חסכון לילד,"מודל חכ""מ אחר",חיסכון לילד -חוסכים המעדיפים סיכון בינוני,בינוני,map,41.8,7.34,109
9895,מגדל חסכון לילד - הלכה,קופת גמל להשקעה - חסכון לילד,הלכתי,הלכה יהודית,בינוני,equity,41.6,7.47,110
9897,מגדל חסכון לילד - חוסכים המעדיפים סיכון בינוני,קופת גמל להשקעה - חסכון לילד,"מודל חכ""מ אחר",חיסכון לילד -חוסכים המעדיפים סיכון בינוני,בינוני,map,41.5,7.25,110
9113,מור חיסכון לילד - הלכה,קופת גמל להשקעה - חסכון לילד,הלכתי,הלכה יהודית,בינוני,equity,33.7,5.07,109
9414,מור חיסכון לילד - חוסכים המעדיפים סיכון בינוני,קופת גמל להשקעה - חסכון לילד,כללי,כללי,בינוני,map,40.8,7.45,109
11386,מיטב קופת גמל להשקעה לחיסכון ארוך טווח לילד אחר חיסכון לכל ילד - חוסכים המעדיפים סיכון בינוני,קופת גמל להשקעה - חסכון לילד,"מודל חכ""מ אחר",חיסכון לילד -חוסכים המעדיפים סיכון בינוני,בינוני,map,40.5,7.76,109
11388,מיטב קופת גמל להשקעה לחיסכון ארוך טווח לילד הלכה,קופת גמל להשקעה - חסכון לילד,הלכתי,הלכה יהודית,בינוני,equity,41.4,7.33,109
11322,מנורה מבטחים חסכון לכל ילד - מסלול חוסכים המעדיפים סיכון בינוני,קופת גמל להשקעה - חסכון לילד,"מודל חכ""מ אחר",חיסכון לילד -חוסכים המעדיפים סיכון בינוני,בינוני,map,41.4,7.97,110
11320,מנורה מבטחים חסכון לכל ילד מסלול הלכה,קופת גמל להשקעה - חסכון לילד,הלכתי,הלכה יהודית,בינוני,equity,39.1,7.37,110
11344,סלייס גמל חסכון לילד - חוסכים המעדיפים סיכון בינוני,קופת גמל להשקעה - חסכון לילד,"מודל חכ""מ אחר",חיסכון לילד -חוסכים המעדיפים סיכון בינוני,בינוני,map,36.5,8.32,100
11383,פסגות חיסכון לילד - הלכה,קופת גמל להשקעה - חסכון לילד,הלכתי,הלכה יהודית,בינוני,equity,36.5,,60
11381,פסגות חיסכון לילד - חוסכים המעדיפים סיכון בינוני,קופת גמל להשקעה - חסכון לילד,"מודל חכ""מ אחר",חיסכון לילד -חוסכים המעדיפים סיכון בינוני,בינוני,map,36.0,,60
11914,אינפיניטי חיסכון לילד - הלכה,קופת גמל להשקעה - חסכון לילד,הלכתי,הלכה יהודית,גבוה,equity,95.7,11.75,104
11373,אינפיניטי חיסכון לילד - חוסכים המעדיפים סיכון מוגבר,קופת גמל להשקעה - חסכון לילד,"מודל חכ""מ אחר",חיסכון לילד -חוסכים המעדיפים סיכון גבוה,גבוה,map,92.9,12.83,110
11327,אלטשולר שחם חיסכון לילד לחוסכים המעדיפים סיכון מוגבר,קופת גמל להשקעה - חסכון לילד,"מודל חכ""מ אחר",חיסכון לילד -חוסכים המעדיפים סיכון גבוה,גבוה,map,94.1,14.68,109
11367,אנליסט מסלולית - קופת גמל להשקעה לחיסכון ארוך טווח לילד - מסלול לחוסכים המעדיפים סיכון מוגבר,קופת גמל להשקעה - חסכון לילד,"מודל חכ""מ אחר",חיסכון לילד -חוסכים המעדיפים סיכון גבוה,גבוה,map,96.8,15.11,109
11356,הלמן-אלדובי חיסכון לילד- חוסכים המעדיפים סיכון מוגבר,קופת גמל להשקעה - חסכון לילד,"מודל חכ""מ אחר",חיסכון לילד -חוסכים המעדיפים סיכון גבוה,גבוה,map,95.6,,59
11311,הפניקס חיסכון לילד - חוסכים המעדיפים סיכון מוגבר,קופת גמל להשקעה - חסכון לילד,"מודל חכ""מ אחר",חיסכון לילד -חוסכים המעדיפים סיכון גבוה,גבוה,map,96.0,13.99,109
11377,הראל חיסכון לילד - חוסכים המעדיפים סיכון מוגבר,קופת גמל להשקעה - חסכון לילד,"מודל חכ""מ אחר",חיסכון לילד -חוסכים המעדיפים סיכון גבוה,גבוה,map,99.1,14.98,109
9898,מגדל חסכון לילד - חוסכים המעדיפים סיכון מוגבר,קופת גמל להשקעה - חסכון לילד,"מודל חכ""מ אחר",חיסכון לילד -חוסכים המעדיפים סיכון גבוה,גבוה,map,94.7,13.18,110
9420,מור חיסכון לילד - חוסכים המעדיפים סיכון מוגבר,קופת גמל להשקעה - חסכון לילד,מניות,מניות,גבוה,map,70.3,10.34,109
11387,מיטב קופת גמל להשקעה לחיסכון ארוך טווח לילד אחר חיסכון לכל ילד - חוסכים המעדיפים סיכון מוגבר,קופת גמל להשקעה - חסכון לילד,"מודל חכ""מ אחר",חיסכון לילד -חוסכים המעדיפים סיכון גבוה,גבוה,map,94.9,15.38,109
11323,מנורה מבטחים חסכון לכל ילד - מסלול חוסכים המעדיפים סיכון מוגבר,קופת גמל להשקעה - חסכון לילד,"מודל חכ""מ אחר",חיסכון לילד -חוסכים המעדיפים סיכון גבוה,גבוה,map,97.7,15.52,110
11345,סלייס גמל חסכון לילד - חוסכים המעדיפים סיכון מוגבר,קופת גמל להשקעה - חסכון לילד,"מודל חכ""מ אחר",חיסכון לילד -חוסכים המעדיפים סיכון גבוה,גבוה,map,84.0,12.04,100
11382,פסגות חיסכון לילד - חוסכים המעדיפים סיכון מוגבר,קופת גמל להשקעה - חסכון לילד,"מודל חכ""מ אחר",חיסכון לילד -חוסכים המעדיפים סיכון גבוה,גבוה,map,95.1,,60
11374,אינפיניטי חיסכון לילד - חוסכים המעדיפים סיכון מועט,קופת גמל להשקעה - חסכון לילד,"מודל חכ""מ אחר",חיסכון לילד -חוסכים המעדיפים סיכון מועט,נמוך,map,15.5,5.5,110
11325,אלטשולר שחם חיסכון לילד לחוסכים המעדיפים סיכון מועט,קופת גמל להשקעה - חסכון לילד,"מודל חכ""מ אחר",חיסכון לילד -חוסכים המעדיפים סיכון מועט,נמוך,map,21.4,5.63,109
11365,אנליסט מסלולית - קופת גמל להשקעה לחיסכון ארוך טווח לילד - מסלול לחוסכים המעדיפים סיכון מועט,קופת גמל להשקעה - חסכון לילד,"מודל חכ""מ אחר",חיסכון לילד -חוסכים המעדיפים סיכון מועט,נמוך,map,24.3,5.25,109
11354,הלמן-אלדובי חיסכון לילד- חוסכים המעדיפים סיכון מועט,קופת גמל להשקעה - חסכון לילד,"מודל חכ""מ אחר",חיסכון לילד -חוסכים המעדיפים סיכון מועט,נמוך,map,7.3,,59
11310,הפניקס חיסכון לילד - חוסכים המעדיפים סיכון מועט,קופת גמל להשקעה - חסכון לילד,"מודל חכ""מ אחר",חיסכון לילד -חוסכים המעדיפים סיכון מועט,נמוך,map,0.1,4.07,109
11352,הפניקס חיסכון לילד- שריעה,קופת גמל להשקעה - חסכון לילד,הלכתי,הלכה איסלאמית,נמוך,equity,0.0,4.17,109
11375,הראל חיסכון לילד - חוסכים המעדיפים סיכון מועט,קופת גמל להשקעה - חסכון לילד,"מודל חכ""מ אחר",חיסכון לילד -חוסכים המעדיפים סיכון מועט,נמוך,map,10.2,3.86,109
9896,מגדל חסכון לילד - חוסכים המעדיפים סיכון מועט,קופת גמל להשקעה - חסכון לילד,"מודל חכ""מ אחר",חיסכון לילד -חוסכים המעדיפים סיכון מועט,נמוך,map,19.5,5.25,110
9421,מור חיסכון לילד - חוסכים המעדיפים סיכון מועט,קופת גמל להשקעה - חסכון לילד,"מודל חכ""מ אחר",חיסכון לילד -חוסכים המעדיפים סיכון מועט,נמוך,map,22.2,5.56,109
11385,מיטב קופת גמל להשקעה לחיסכון ארוך טווח לילד אחר חיסכון לכל ילד - חוסכים המעדיפים סיכון מועט,קופת גמל להשקעה - חסכון לילד,"מודל חכ""מ אחר",חיסכון לילד -חוסכים המעדיפים סיכון מועט,נמוך,map,22.4,5.17,109
11321,מנורה מבטחים חסכון לכל ילד - מסלול חוסכים המעדיפים סיכון מועט,קופת גמל להשקעה - חסכון לילד,"מודל חכ""מ אחר",חיסכון לילד -חוסכים המעדיפים סיכון מועט,נמוך,map,9.1,4.41,110
11343,סלייס גמל חסכון לילד - חוסכים המעדיפים סיכון מועט,קופת גמל להשקעה - חסכון לילד,"מודל חכ""מ אחר",חיסכון לילד -חוסכים המעדיפים סיכון מועט,נמוך,map,19.2,4.82,100
11380,פסגות חיסכון לילד - חוסכים המעדיפים סיכון מועט,קופת גמל להשקעה - חסכון לילד,"מודל חכ""מ אחר",חיסכון לילד -חוסכים המעדיפים סיכון מועט,נמוך,map,9.6,,60
9303,מור חיסכון לילד - שריעה,קופת גמל להשקעה - חסכון לילד,הלכתי,הלכה איסלאמית,נמוך-בינוני,equity,15.4,4.29,109
2092,"אקסלנס השתלמות זהב חו""ל",קרנות השתלמות,ללא סיווג,"חו""ל",,,,,15
2096,"אקסלנס השתלמות חו""ל",קרנות השתלמות,ללא סיווג,"חו""ל",,,,,43
11936,"סלייס השתלמות חו""ל חו""ל",קרנות השתלמות,"חו""ל","חו""ל",,,,,86
1204,אי.בי.אי קרן השתלמות מסלול כללי,קרנות השתלמות,כללי,כללי,בינוני,track,29.8,4.46,108
7819,אי.בי.אי קרן השתלמות מסלול פאסיבי - כללי,קרנות השתלמות,כללי,פאסיבי,בינוני,map,39.3,,30
9432,"איילון השתלמות מסלול חו""ל",קרנות השתלמות,ללא סיווג,"חו""ל",בינוני,equity,33.7,,18
1538,איילון השתלמות מסלול כהלכה,קרנות השתלמות,הלכתי,הלכה יהודית,בינוני,equity,35.0,4.63,42
398,איילון השתלמות מסלול כללי,קרנות השתלמות,כללי,כללי,בינוני,map,35.9,5.23,42
1060,איילון השתלמות מסלול כללי ב',קרנות השתלמות,כללי,כללי,בינוני,track,23.7,6.56,2
514,איילון מקפת השתלמות - כללי,קרנות השתלמות,כללי,כללי,בינוני,track,36.6,6.6,2
1143,איילון מקפת השתלמות - ללא מניות,קרנות השתלמות,כללי,כללי,בינוני,track,0.0,0.43,2
1083,אינפיניטי השתלמות כללי,קרנות השתלמות,כללי,כללי,בינוני,map,35.4,4.99,109
13229,אינפיניטי השתלמות כללי,קרנות השתלמות,כללי,כללי,בינוני,map,47.2,6.46,68
2254,אינפיניטי השתלמות משולב סחיר,קרנות השתלמות,מתמחים באפיקי השקעה סחירים,משולב סחיר,בינוני,map,49.0,8.67,152
749,איפקס השתלמות כללי,קרנות השתלמות,כללי,כללי,בינוני,track,30.6,8.13,54
1275,איפקס עוז השתלמות,קרנות השתלמות,כללי,כללי,בינוני,track,40.2,7.73,54
1267,אלומות קרן השתלמות מסלול כללי,קרנות השתלמות,כללי,כללי,בינוני,track,29.9,,3
12256,אלטשולר שחם השתלמות הלכה,קרנות השתלמות,הלכתי,הלכה יהודית,בינוני,equity,45.4,7.45,94
1093,אלטשולר שחם השתלמות כללי,קרנות השתלמות,כללי,כללי,בינוני,track,36.7,6.16,163
1290,אלטשולר שחם השתלמות כללי ב',קרנות השתלמות,כללי,כללי,בינוני,track,49.7,6.25,163
1289,אלטשולר שחם השתלמות מסלול קלאסי,קרנות השתלמות,כללי,כללי,בינוני,track,6.9,3.72,16
15458,אלטשולר שחם השתלמות משולב סחיר,קרנות השתלמות,מתמחים באפיקי השקעה סחירים,משולב סחיר,בינוני,track,47.5,,13
15028,אלטשולר שחם השתלמות עוקב מדדים גמיש,קרנות השתלמות,עוקבי מדדים,עוקב מדדים - גמיש,בינוני,map,49.8,,24
757,אלטשולר שחם קרנות השתלמות,קרנות השתלמות,כללי,כללי,בינוני,track,31.5,9.29,4
962,אנליסט השתלמות כללי,קרנות השתלמות,כללי,כללי,בינוני,track,41.2,7.25,192
15311,אנליסט מסלולית - קרן השתלמות עוקב מדדים - גמיש,קרנות השתלמות,עוקבי מדדים,עוקב מדדים - גמיש,בינוני,map,97.5,,19
560,אנליסט קרן השתלמות כללי,קרנות השתלמות,כללי,כללי,בינוני,track,30.1,10.89,72
7703,אנליסט קרן השתלמות כללי פאסיבי,קרנות השתלמות,כללי,פאסיבי,בינוני,map,,,13
8779,אנליסט קרן השתלמות משולב סחיר,קרנות השתלמות,מתמחים באפיקי השקעה סחירים,משולב סחיר,בינוני,map,37.7,5.07,131
714,אקסלנס השתלמות זהב עד 15% מניות,קרנות השתלמות,כללי,כללי,בינוני,track,9.8,6.64,37
809,אקסלנס השתלמות ללא מניות,קרנות השתלמות,כללי,כללי,בינוני,track,0.0,3.12,37
399,אקסלנס השתלמות פלטינום,קרנות השתלמות,כללי,כללי,בינוני,track,31.6,7.55,37
406,אקסלנס טפחות השתלמות,קרנות השתלמות,כללי,כללי,בינוני,track,24.5,7.35,13
795,אקסלנס עדי - מסלול כללי,קרנות השתלמות,כללי,כללי,בינוני,track,30.3,7.26,13
986,אתגרים תעשיות מסלול כללי,קרנות השתלמות,כללי,כללי,בינוני,map,,,4
825,דש אקונומיסט השתלמות,קרנות השתלמות,כללי,כללי,בינוני,track,31.6,5.2,12
2057,"דש אקונומיסט השתלמות חו""ל",קרנות השתלמות,ללא סיווג,"חו""ל",בינוני,equity,31.7,,12
1002,הדס ארזים אפסילון השתלמות מסלול כללי,קרנות השתלמות,כללי,כללי,בינוני,track,29.6,10.69,45
1435,הדס ארזים משתלמת מסלול זהב,קרנות השתלמות,כללי,כללי,בינוני,track,16.0,,45
640,הייטק השתלמות-קרן השתלמות למגזר ההייטק והטכנולוגיה,קרנות השתלמות,כללי,כללי,בינוני,map,,,1
145,הלמן - אלדובי השתלמות,קרנות השתלמות,כללי,כללי,בינוני,track,33.8,9.77,6
411,הלמן-אלדובי השתלמות,קרנות השתלמות,כללי,כללי,בינוני,track,28.5,5.13,18
9870,"הלמן-אלדובי השתלמות חו""ל",קרנות השתלמות,ללא סיווג,"חו""ל",בינוני,equity,37.8,,37
9871,הלמן-אלדובי השתלמות ישראל,קרנות השתלמות,ישראל,ישראל,בינוני,equity,34.4,,37
132,הלמן-אלדובי השתלמות כללי,קרנות השתלמות,כללי,כללי,בינוני,map,33.4,4.37,142
9869,הלמן-אלדובי השתלמות פאסיבי -כללי,קרנות השתלמות,כללי,פאסיבי,בינוני,map,33.0,5.66,71
1483,הפניקס השתלמות - מסלול שיטת הפניקס,קרנות השתלמות,קוהורטות,קוהורטות,בינוני,equity,33.2,,65
9528,הפניקס השתלמות הלכה,קרנות השתלמות,הלכתי,הלכה יהודית,בינוני,equity,43.2,7.12,120
964,הפניקס השתלמות כללי,קרנות השתלמות,כללי,כללי,בינוני,track,34.6,6.37,181
686,הפניקס השתלמות לטווח קצר,קרנות השתלמות,מתמחה אחר,אוכלוסיית יעד,בינוני,equity,33.7,5.7,164
15211,הפניקס השתלמות משולב סחיר,קרנות השתלמות,מתמחים באפיקי השקעה סחירים,משולב סחיר,בינוני,map,47.4,,19
8629,הפניקס השתלמות עוקב מדדים גמיש,קרנות השתלמות,עוקבי מדדים,עוקב מדדים - גמיש,בינוני,track,38.3,7.04,136
154,הראל השתלמות כללי,קרנות השתלמות,כללי,כללי,בינוני,track,38.5,5.37,132
9568,הראל השתלמות כללי פאסיבי,קרנות השתלמות,כללי,פאסיבי,בינוני,map,,,16
566,הראל השתלמות לטווח ארוך,קרנות השתלמות,מתמחה אחר,אוכלוסיית יעד,בינוני,equity,50.0,5.7,115
1523,הראל השתלמות מסלול הלכה,קרנות השתלמות,הלכתי,הלכה יהודית,בינוני,equity,38.4,5.76,132
1034,הראל השתלמות משולב סחיר,קרנות השתלמות,מתמחים באפיקי השקעה סחירים,משולב סחיר,בינוני,track,38.2,5.74,132
15297,הראל השתלמות עוקב מדדים - גמיש,קרנות השתלמות,עוקבי מדדים,עוקב מדדים - גמיש,בינוני,track,51.5,,18
2128,השתלמות שיטת הפניקס סל עוקב מדד Barclays capital,קרנות השתלמות,כללי,כללי,בינוני,map,0.0,,48
2130,השתלמות שיטת הפניקס סל עוקב מדד IBoxx $ Liquid,קרנות השתלמות,כללי,כללי,בינוני,map,0.0,,48
585,יובלים -קרן השתלמות,קרנות השתלמות,כללי,כללי,בינוני,map,,,1
1162,ילין לפידות קרן השתלמות מסלול כללי,קרנות השתלמות,כללי,כללי,בינוני,track,36.0,5.95,183
14657,ילין לפידות קרן השתלמות מסלול עוקב מדדים גמיש,קרנות השתלמות,עוקבי מדדים,עוקב מדדים - גמיש,בינוני,track,47.4,,34
391,ישיר מרתון השתלמות,קרנות השתלמות,כללי,כללי,בינוני,track,22.7,6.99,12
1534,כלל השתלמות הלכה,קרנות השתלמות,הלכתי,הלכה יהודית,בינוני,equity,37.0,6.02,180
456,כלל השתלמות כללי,קרנות השתלמות,כללי,כללי,בינוני,track,37.4,6.38,192
772,כלל השתלמות מסלולית מסלול כללי,קרנות השתלמות,כללי,כללי,בינוני,track,32.8,7.16,24
15426,כלל השתלמות משולב סחיר,קרנות השתלמות,מתמחים באפיקי השקעה סחירים,משולב סחיר,בינוני,track,53.4,,11
14680,כלל השתלמות עוקב מדדים גמיש,קרנות השתלמות,עוקבי מדדים,עוקב מדדים - גמיש,בינוני,map,49.7,,33
721,כלל מושלם השתלמות,קרנות השתלמות,כללי,כללי,בינוני,track,33.9,7.41,45
561,להבה מסלול כללי,קרנות השתלמות,כללי,כללי,בינוני,map,29.4,6.34,25
1382,"להבה מסלול מט""ח",קרנות השתלמות,כללי,כללי,בינוני,map,,,3
1157,מגדל השתלמות מסלול ביג כללי לפחות 30% מניות,קרנות השתלמות,כללי,כללי,בינוני,map,39.8,4.74,79
2048,מגדל השתלמות מסלול הלכה,קרנות השתלמות,הלכתי,הלכה יהודית,בינוני,equity,36.8,6.43,159
868,"מגדל השתלמות מסלול חו""ל",קרנות השתלמות,ללא סיווג,"חו""ל",בינוני,equity,33.9,5.65,153
579,מגדל השתלמות מסלול כללי,קרנות השתלמות,כללי,כללי,בינוני,track,36.5,5.51,171
7253,מגדל השתלמות מסלול לבני 50 ומטה,קרנות השתלמות,מתמחה אחר,אוכלוסיית יעד,בינוני,map,44.9,7.31,93
7254,מגדל השתלמות מסלול לבני 50 עד 60,קרנות השתלמות,מתמחה אחר,אוכלוסיית יעד,בינוני,map,34.4,6.26,93
7256,מגדל השתלמות מסלול עוקב מדדים - גמיש,קרנות השתלמות,עוקבי מדדים,עוקב מדדים - גמיש,בינוני,map,40.6,7.22,121
15448,מגדל השתלמות משולב סחיר,קרנות השתלמות,מתמחים באפיקי השקעה סחירים,משולב סחיר,בינוני,track,54.8,,13
975,מגדל פלטינום להשתלמות כללי,קרנות השתלמות,כללי,כללי,בינוני,track,29.4,8.46,12
867,מגדל פלטינום להשתלמות מסלול ברומטר,קרנות השתלמות,כללי,כללי,בינוני,track,13.0,7.54,12
386,מגדל קהל השתלמות מסלול כללי,קרנות השתלמות,כללי,כללי,בינוני,track,30.5,7.72,27
1167,מגדלור להשתלמות אפיקים,קרנות השתלמות,כללי,כללי,בינוני,map,,,3
1166,מגדלור להשתלמות נאות,קרנות השתלמות,כללי,כללי,בינוני,map,,,3
9676,מור השתלמות קרן השתלמות לשכירים ולעצמאים מעורב מחקה מדדים,קרנות השתלמות,כללי,כללי,בינוני,map,39.1,7.38,105
12535,מור קרן השתלמות לשכירים ולעצמאים - כללי,קרנות השתלמות,כללי,כללי,בינוני,track,44.0,6.31,85
15235,מור קרן השתלמות לשכירים ולעצמאים מתמחים באפיקי השקעה סחירים משולב סחיר,קרנות השתלמות,מתמחים באפיקי השקעה סחירים,משולב סחיר,בינוני,map,40.9,,19
15239,מור קרן השתלמות לשכירים ולעצמאים עוקבי מדדים עוקב מדדים - גמיש,קרנות השתלמות,עוקבי מדדים,עוקב מדדים - גמיש,בינוני,map,43.3,,19
182,מיטב גאון השתלמות מסלולית-מסלול כללי,קרנות השתלמות,כללי,כללי,בינוני,track,25.7,9.66,6
1139,מיטב דינאמית להשתלמות מסלול כללי,קרנות השתלמות,כללי,כללי,בינוני,track,34.1,10.02,27
2055,"מיטב דש השתלמות חו""ל",קרנות השתלמות,ללא סיווג,"חו""ל",בינוני,equity,34.8,5.33,85
768,מיטב השתלמות הלכה,קרנות השתלמות,הלכתי,הלכה יהודית,בינוני,equity,35.5,6.08,192
1252,"מיטב השתלמות חכם מסלול אג""ח ש",קרנות השתלמות,כללי,כללי,בינוני,track,24.6,4.22,54
1251,מיטב השתלמות חכם מסלול כללי,קרנות השתלמות,כללי,כללי,בינוני,track,35.3,7.26,54
356,מיטב השתלמות חכם מסלול משתלם,קרנות השתלמות,כללי,כללי,בינוני,track,29.2,7.33,54
879,מיטב השתלמות כללי,קרנות השתלמות,כללי,כללי,בינוני,track,34.7,9.5,45
880,מיטב השתלמות כללי,קרנות השתלמות,כללי,כללי,בינוני,track,37.2,6.31,192
15355,מיטב השתלמות משולב סחיר,קרנות השתלמות,מתמחים באפיקי השקעה סחירים,משולב סחיר,בינוני,map,96.0,,19
554,מיטב השתלמות עד 6 שנות וותק,קרנות השתלמות,מתמחה אחר,אוכלוסיית יעד,בינוני,map,34.9,4.93,133
481,מיטב השתלמות עוקב מדדים גמיש,קרנות השתלמות,עוקבי מדדים,עוקב מדדים - גמיש,בינוני,track,41.3,7.72,121
1117,מיטב השתלמות פלוס,קרנות השתלמות,כללי,כללי,בינוני,track,24.5,8.61,27
1196,מיטב וויזר השתלמות כללית,קרנות השתלמות,כללי,כללי,בינוני,track,29.8,,15
786,מיטב מאור,קרנות השתלמות,כללי,כללי,בינוני,track,0.0,4.47,54
387,מיטב משתלם א',קרנות השתלמות,כללי,כללי,בינוני,map,30.5,7.82,37
1186,מילניום קרן השתלמות מסלולית - מסלול כללי,קרנות השתלמות,כללי,כללי,בינוני,track,28.3,,15
1148,מנורה השתלמות כללי,קרנות השתלמות,כללי,כללי,בינוני,track,27.6,10.35,46
13869,מנורה מבטחים השתלמות הלכה,קרנות השתלמות,הלכתי,הלכה יהודית,בינוני,equity,40.1,,46
828,מנורה מבטחים השתלמות מסלול כללי,קרנות השתלמות,כללי,כללי,בינוני,track,33.6,6.65,192
1861,מנורה מבטחים השתלמות מסלול לטווח ארוך,קרנות השתלמות,מתמחה אחר,אוכלוסיית יעד,בינוני,equity,45.0,,66
15466,מנורה מבטחים השתלמות משולב סחיר,קרנות השתלמות,מתמחים באפיקי השקעה סחירים,משולב סחיר,בינוני,track,63.1,,12
11408,מנורה מבטחים השתלמות עוקב מדדים גמיש,קרנות השתלמות,עוקבי מדדים,עוקב מדדים - גמיש,בינוני,map,38.5,7.02,110
819,מעלות כלל השתלמות,קרנות השתלמות,כללי,כללי,בינוני,track,33.0,7.73,45
925,מקפת החדשה קרן השתלמות,קרנות השתלמות,כללי,כללי,בינוני,track,35.2,6.04,12
11935,"סלייס השתלמות אג""ח צמוד מדד בינוני",קרנות השתלמות,"אג""ח","אג""ח צמוד מדד בינוני",בינוני,map,,,86
11926,סלייס השתלמות כללי,קרנות השתלמות,כללי,כללי,בינוני,map,61.0,7.94,93
11927,סלייס השתלמות כללי פאסיבי,קרנות השתלמות,כללי,פאסיבי,בינוני,map,,,86
1278,ספרינט קרן השתלמות,קרנות השתלמות,כללי,כללי,בינוני,map,20.2,,4
609,פסגות השתלמות פלטינום,קרנות השתלמות,כללי,כללי,בינוני,map,30.4,9.23,25
1260,פסגות שיא השתלמות בטא,קרנות השתלמות,כללי,כללי,בינוני,map,42.4,6.46,73
2018,פסגות שיא השתלמות הלכה,קרנות השתלמות,הלכתי,הלכה יהודית,בינוני,equity,32.4,4.19,119
2244,"פסגות שיא השתלמות חו""ל",קרנות השתלמות,ללא סיווג,"חו""ל",בינוני,equity,34.7,5.63,105
1183,פסגות שיא השתלמות ישראל,קרנות השתלמות,ישראל,ישראל,בינוני,equity,33.5,4.83,142
396,פסגות שיא השתלמות כללי,קרנות השתלמות,כללי,כללי,בינוני,map,32.7,5.06,142
1218,פסגות שיא השתלמות כללי,קרנות השתלמות,כללי,כללי,בינוני,map,27.6,7.21,49
1059,פסגות שיא השתלמות פאסיבי- כללי,קרנות השתלמות,כללי,פאסיבי,בינוני,map,34.4,4.88,142
746,קהילה קרן השתלמות,קרנות השתלמות,כללי,כללי,בינוני,track,34.8,8.73,24
1270,קואטרו מנורה השתלמות א',קרנות השתלמות,כללי,כללי,בינוני,track,25.0,,7
1300,קואטרו מנורה השתלמות ב',קרנות השתלמות,כללי,כללי,בינוני,track,25.3,,7
437,קרן השתלמות נירית כללית,קרנות השתלמות,כללי,כללי,בינוני,track,30.8,9.0,16
1017,תמיר פישמן השתלמות כללי,קרנות השתלמות,כללי,כללי,בינוני,track,30.5,8.8,38
8723,אי.בי.אי השתלמות מסלול מחקה מדד STOXX EUROPE 600,קרנות השתלמות,מדד,מדד,גבוה,map,,,10
1205,אי.בי.אי קרן השתלמות מסלול מניות,קרנות השתלמות,מניות,מניות,גבוה,track,90.9,10.7,108
1518,אי.בי.אי קרן השתלמות מסלול מניות בארץ,קרנות השתלמות,מניות,מניות ישראל,גבוה,map,91.5,,57
1055,איילון השתלמות מסלול מניות,קרנות השתלמות,מניות,מניות,גבוה,map,93.2,10.77,42
1081,אינפיניטי השתלמות (ב) מסלול סל מנייתי,קרנות השתלמות,מניות,מניות,גבוה,track,98.6,20.91,9
14922,אינפיניטי השתלמות הלכה,קרנות השתלמות,הלכתי,הלכה יהודית,גבוה,equity,95.5,,24
1537,אינפיניטי השתלמות מניות,קרנות השתלמות,מתמחים בניהול אקטיבי,מניות,גבוה,map,95.7,11.32,177
1085,אינפיניטי השתלמות מניות בישראל,קרנות השתלמות,מניות,מניות ישראל,גבוה,map,98.9,14.75,172
14920,אינפיניטי השתלמות עוקב מדד s&p 500,קרנות השתלמות,עוקבי מדדים,עוקב מדד s&p 500,גבוה,map,97.2,,24
14921,אינפיניטי השתלמות עוקב מדדי מניות,קרנות השתלמות,עוקבי מדדים,עוקב מדדי מניות,גבוה,map,90.8,,24
2022,איפקס השתלמות מניות,קרנות השתלמות,מניות,מניות,גבוה,track,84.4,,30
1339,אלומות קרן השתלמות מסלול מנייתי,קרנות השתלמות,מניות,מניות,גבוה,track,86.9,,3
1377,אלטשולר שחם השתלמות מניות,קרנות השתלמות,מתמחים בניהול אקטיבי,מניות,גבוה,equity,92.3,11.82,163
14862,אלטשולר שחם השתלמות עוקב S&P 500,קרנות השתלמות,עוקבי מדדים,עוקב מדד s&p 500,גבוה,map,98.8,,27
14863,אלטשולר שחם השתלמות עוקב מדדי מניות,קרנות השתלמות,עוקבי מדדים,עוקב מדדי מניות,גבוה,map,98.8,,26
963,אנליסט השתלמות מניות,קרנות השתלמות,מתמחים בניהול אקטיבי,מניות,גבוה,equity,96.0,13.3,192
15312,אנליסט מסלולית - קרן השתלמות עוקב מדדי מניות,קרנות השתלמות,עוקבי מדדים,עוקב מדדי מניות,גבוה,map,98.7,,19
13853,אנליסט קרן השתלמות עוקב מדד S&P500,קרנות השתלמות,עוקבי מדדים,עוקב מדד s&p 500,גבוה,map,99.5,,45
718,אקסלנס השתלמות זהב - מסלול מניות,קרנות השתלמות,מניות,מניות,גבוה,track,94.7,17.53,37
797,אקסלנס השתלמות מניות,קרנות השתלמות,מניות,מניות,גבוה,map,94.9,16.52,62
2094,אקסלנס השתלמות מניות,קרנות השתלמות,מניות,מניות,גבוה,map,,,19
9919,"אקסלנס השתלמות פאסיבי- מדדי חו""ל",קרנות השתלמות,"חו""ל",פאסיבי,גבוה,map,40.4,,26
8630,אקסלנס השתלמות פאסיבי-מדדי מניות,קרנות השתלמות,מניות,פאסיבי,גבוה,map,95.7,11.46,74
2029,דש אקונומיסט השתלמות מניות,קרנות השתלמות,מניות,מניות,גבוה,track,89.7,,12
2033,דש השתלמות מניות,קרנות השתלמות,מניות,מניות,גבוה,track,87.9,,9
1232,הדס ארזים אפסילון השתלמות מסלול מנייתי,קרנות השתלמות,מניות,מניות,גבוה,track,96.4,19.16,45
2265,הלמן-אלדובי השתלמות מחקה מדד S&P500,קרנות השתלמות,מניות,"חו""ל - פאסיבי",גבוה,map,99.1,11.88,101
2264,"הלמן-אלדובי השתלמות מחקה מדד ת""א 35",קרנות השתלמות,מניות,פאסיבי,גבוה,map,99.2,11.71,92
738,הלמן-אלדובי השתלמות מניות,קרנות השתלמות,מניות,מניות,גבוה,map,96.1,12.25,142
1544,"הלמן-אלדובי קרן השתלמות מסלול פאסיבי - מדדי מניות חו""ל",קרנות השתלמות,מניות,"חו""ל - פאסיבי",גבוה,map,97.5,9.96,120
9548,"הפניקס השתלמות - מסלול פאסיבי- מדדי מניות חו""ל",קרנות השתלמות,מניות,"חו""ל - פאסיבי",גבוה,map,91.8,,25
968,הפניקס השתלמות מניות,קרנות השתלמות,מניות,מניות,גבוה,track,94.7,14.04,181
15232,הפניקס השתלמות מניות סחיר,קרנות השתלמות,מתמחים באפיקי השקעה סחירים,מניות סחיר,גבוה,map,93.9,,19
9547,הפניקס השתלמות מסלול פאסיבי - מדדי מניות,קרנות השתלמות,מניות,פאסיבי,גבוה,map,91.2,,25
13264,הפניקס השתלמות עוקב מדד s&p500,קרנות השתלמות,מניות,"חו""ל - פאסיבי",גבוה,map,97.8,9.82,65
15007,הפניקס השתלמות עוקב מדדי מניות,קרנות השתלמות,עוקבי מדדים,עוקב מדדי מניות,גבוה,map,91.8,,25
13502,הראל השתלמות - עוקב מדד s&p 500,קרנות השתלמות,עוקבי מדדים,עוקב מדד s&p 500,גבוה,map,98.5,,58
15302,הראל השתלמות מניות סחיר,קרנות השתלמות,מתמחים באפיקי השקעה סחירים,מניות סחיר,גבוה,track,99.0,,18
763,הראל השתלמות מסלול מניות,קרנות השתלמות,מתמחים בניהול אקטיבי,מניות,גבוה,equity,97.0,11.62,132
15300,הראל השתלמות עוקב מדדי מניות,קרנות השתלמות,עוקבי מדדים,עוקב מדדי מניות,גבוה,track,97.4,,18
15296,הראל השתלמות קיימות,קרנות השתלמות,קיימות,קיימות,גבוה,equity,89.0,,18
2129,השתלמות שיטת הפניקס סל עוקב מדד J.P.Morgan,קרנות השתלמות,כללי,כללי,גבוה,map,0.0,,48
1513,השתלמות שיטת הפניקס סל עוקב מדד msci שווקים מתעוררים,קרנות השתלמות,מניות,"מניות חו""ל",גבוה,map,99.5,,48
1512,השתלמות שיטת הפניקס סל עוקב מדד s$p500,קרנות השתלמות,מניות,"מניות חו""ל",גבוה,map,98.8,,48
1511,השתלמות שיטת הפניקס סל עוקב מדד דאו ג'ונס יורוסטוק 50,קרנות השתלמות,מניות,"מניות חו""ל",גבוה,map,99.3,,48
1503,"השתלמות שיטת הפניקס סל עוקב מדד ת""א 100",קרנות השתלמות,מניות,מניות,גבוה,map,99.5,,48
2126,"השתלמות שיטת הפניקס סל עוקב מדד ת""א 25",קרנות השתלמות,כללי,כללי,גבוה,map,98.5,,48
8563,ילין לפידות קרן השתלמות מסלול מניות,קרנות השתלמות,מתמחים בניהול אקטיבי,מניות,גבוה,map,92.7,12.35,138
15714,ילין לפידות קרן השתלמות מסלול מניות סחיר,קרנות השתלמות,מתמחים באפיקי השקעה סחירים,מניות סחיר,גבוה,track,99.1,,3
14849,ילין לפידות קרן השתלמות מסלול עוקב מדד s&p 500,קרנות השתלמות,עוקבי מדדים,עוקב מדד s&p 500,גבוה,map,99.5,,29
1350,כלל השתלמות מניות,קרנות השתלמות,מתמחים בניהול אקטיבי,מניות,גבוה,equity,97.8,12.62,192
15424,כלל השתלמות מניות סחיר,קרנות השתלמות,מתמחים באפיקי השקעה סחירים,מניות סחיר,גבוה,track,97.8,,11
13342,כלל השתלמות עוקב מדד s&p 500,קרנות השתלמות,עוקבי מדדים,עוקב מדד s&p 500,גבוה,track,98.1,9.73,61
14790,כלל השתלמות עוקב מדדי מניות,קרנות השתלמות,עוקבי מדדים,עוקב מדדי מניות,גבוה,map,96.4,,26
1381,להבה מסלול מניות,קרנות השתלמות,מניות,מניות,גבוה,map,,,3
15449,מגדל השתלמות מניות סחיר,קרנות השתלמות,מתמחים באפיקי השקעה סחירים,מניות סחיר,גבוה,track,97.0,,13
869,מגדל השתלמות מסלול מניות,קרנות השתלמות,מתמחים בניהול אקטיבי,מניות,גבוה,equity,96.5,12.21,171
14945,מגדל השתלמות מסלול עוקב מדדי מניות,קרנות השתלמות,עוקבי מדדים,עוקב מדדי מניות,גבוה,map,99.1,,25
14668,מגדל השתלמות עוקב מדד S&P 500,קרנות השתלמות,עוקבי מדדים,עוקב מדד s&p 500,גבוה,track,99.3,,30
8701,"מור השתלמות -מסלול עוקב מדד ""מניות תל אביב 35""",קרנות השתלמות,מניות,מניות ישראל,גבוה,track,99.5,13.21,115
12536,מור קרן השתלמות לשכירים ולעצמאים - מניות,קרנות השתלמות,מתמחים בניהול אקטיבי,מניות,גבוה,equity,95.3,14.07,85
9451,מור קרן השתלמות לשכירים ולעצמאים - עוקב מדד S&P 500,קרנות השתלמות,עוקבי מדדים,עוקב מדד s&p 500,גבוה,map,99.7,12.59,125
15238,מור קרן השתלמות לשכירים ולעצמאים מתמחים באפיקי השקעה סחירים מניות סחיר,קרנות השתלמות,מתמחים באפיקי השקעה סחירים,מניות סחיר,גבוה,map,91.0,,19
15244,מור קרן השתלמות לשכירים ולעצמאים מתמחים בניהול אקטיבי מניות,קרנות השתלמות,מתמחים בניהול אקטיבי,"אשראי ואג""ח",גבוה,map,,,2
15241,מור קרן השתלמות לשכירים ולעצמאים עוקבי מדדים עוקב מדדי מניות,קרנות השתלמות,עוקבי מדדים,עוקב מדדי מניות,גבוה,map,98.0,,19
778,מיטב דינאמית להשתלמות מסלול מניות,קרנות השתלמות,מניות,מניות,גבוה,track,89.8,20.71,27
1250,מיטב השתלמות חכם מסלול מנייתי,קרנות השתלמות,מניות,מניות,גבוה,track,89.4,14.65,54
883,מיטב השתלמות מניות,קרנות השתלמות,מתמחים בניהול אקטיבי,מניות,גבוה,equity,96.3,13.55,192
1244,מיטב השתלמות מניות,קרנות השתלמות,מניות,מניות,גבוה,track,88.2,22.41,45
15352,מיטב השתלמות מניות סחיר,קרנות השתלמות,מתמחים באפיקי השקעה סחירים,מניות סחיר,גבוה,map,96.6,,19
13245,מיטב השתלמות עוקב מדד S&P500,קרנות השתלמות,עוקבי מדדים,עוקב מדד s&p 500,גבוה,map,98.7,10.25,67
15356,מיטב השתלמות עוקב מדדי מניות,קרנות השתלמות,עוקבי מדדים,עוקב מדדי מניות,גבוה,map,96.8,,19
15358,מיטב השתלמות קיימות,קרנות השתלמות,קיימות,קיימות,גבוה,equity,97.5,,19
1208,מיטב וויזר השתלמות מניות,קרנות השתלמות,מניות,מניות,גבוה,track,85.0,,15
1220,מילניום קרן השתלמות מסלולית - מסלול מניות,קרנות השתלמות,מניות,מניות,גבוה,track,91.3,,15
1256,מנורה מבטחים השתלמות מסלול מניות,קרנות השתלמות,מתמחים בניהול אקטיבי,מניות,גבוה,equity,96.8,12.03,192
1366,מנורה מבטחים השתלמות מסלול מניות,קרנות השתלמות,מניות,מניות,גבוה,track,95.5,,46
1409,מנורה מבטחים השתלמות מסלול מניות סחיר,קרנות השתלמות,מתמחים באפיקי השקעה סחירים,מניות סחיר,גבוה,track,96.6,11.52,192
13873,מנורה מבטחים השתלמות עוקב מדד S&P500,קרנות השתלמות,עוקבי מדדים,עוקב מדד s&p 500,גבוה,map,98.1,,46
14676,מנורה מבטחים השתלמות עוקב מדדי מניות,קרנות השתלמות,עוקבי מדדים,עוקב מדדי מניות,גבוה,map,96.9,,32
1112,מנורה מסד השתלמות - מסלול מנייתי,קרנות השתלמות,מניות,מניות,גבוה,map,,,1
855,נירית מניות,קרנות השתלמות,מניות,מניות,גבוה,track,90.9,18.02,16
11937,"סלייס השתלמות חו""ל פאסיבי",קרנות השתלמות,"חו""ל",פאסיבי,גבוה,map,,,86
11934,"סלייס השתלמות מדד חו""ל",קרנות השתלמות,מדד,"חו""ל",גבוה,equity,97.1,10.92,93
11932,סלייס השתלמות מדד מניות ישראל,קרנות השתלמות,מדד,מניות ישראל,גבוה,map,,,86
11929,סלייס השתלמות מניות מניות,קרנות השתלמות,מניות,מניות,גבוה,map,,,86
11931,סלייס השתלמות מניות פאסיבי,קרנות השתלמות,מניות,פאסיבי,גבוה,map,97.5,,93
1185,פסגות השתלמות מניות,קרנות השתלמות,מניות,מניות,גבוה,track,95.7,18.52,48
13358,פסגות שיא השתלמות מחקה מדד S&P 500,קרנות השתלמות,מדד,מדד,גבוה,map,,,1
612,פסגות שיא השתלמות מניות,קרנות השתלמות,מניות,מניות,גבוה,map,92.4,12.06,142
1217,פסגות שיא השתלמות מנייתי,קרנות השתלמות,מניות,מניות,גבוה,map,91.2,,25
1015,"תמיר פישמן השתלמות מניות בישראל ובחו""ל",קרנות השתלמות,מניות,מניות,גבוה,track,94.1,19.07,38
1519,"תמיר פישמן השתלמות מניות חו""ל",קרנות השתלמות,מניות,"מניות חו""ל",גבוה,track,90.2,,28
1061,איילון השתלמות מסלול שקלי,קרנות השתלמות,שיקלי,שקלי,נמוך,map,0.0,0.75,42
2239,"איילון מקפת השתלמות - אג""ח",קרנות השתלמות,"אג""ח","אג""ח",נמוך,equity,0.0,,2
1080,"אינפיניטי השתלמות (ב) מסלול סל אג""ח",קרנות השתלמות,"אג""ח","אג""ח",נמוך,equity,0.0,3.46,9
1082,"אינפיניטי השתלמות (ל) מסלול סל אג""ח",קרנות השתלמות,"אג""ח","אג""ח",נמוך,equity,0.0,3.36,9
1210,"אינפיניטי השתלמות אג""ח ממשלות",קרנות השתלמות,מתמחים בניהול אקטיבי,"אג""ח ממשלות",נמוך,equity,0.0,1.98,189
1491,"אינפיניטי השתלמות אג""ח קונצרני",קרנות השתלמות,"אג""ח","אג""ח קונצרניות",נמוך,map,0.0,4.27,129
1084,"אינפיניטי השתלמות אשראי ואג""ח",קרנות השתלמות,מתמחים בניהול אקטיבי,"אשראי ואג""ח",נמוך,equity,0.0,2.99,189
2021,"איפקס השתלמות אג""ח ממשלתי",קרנות השתלמות,"אג""ח","אג""ח ממשלתי",נמוך,equity,0.0,,30
1340,"אלומות קרן השתלמות מסלול אג""ח ללא מניות",קרנות השתלמות,"אג""ח","אג""ח ללא מניות",נמוך,track,0.0,,3
1399,"אלטשולר שחם השתלמות אג""ח ממשלות",קרנות השתלמות,מתמחים בניהול אקטיבי,"אג""ח ממשלות",נמוך,equity,0.0,2.45,163
1378,"אלטשולר שחם השתלמות אשראי ואג""ח",קרנות השתלמות,מתמחים בניהול אקטיבי,"אשראי ואג""ח",נמוך,equity,0.0,3.22,163
2007,"אלטשולר שחם השתלמות מסלול אג""ח צמוד מדד",קרנות השתלמות,"אג""ח","אג""ח צמוד מדד",נמוך,track,0.0,,16
973,"אנליסט השתלמות אג""ח ממשלות",קרנות השתלמות,מתמחים בניהול אקטיבי,"אג""ח ממשלות",נמוך,equity,0.0,2.12,192
972,"אנליסט השתלמות אשראי ואג""ח",קרנות השתלמות,מתמחים בניהול אקטיבי,"אשראי ואג""ח",נמוך,equity,0.0,3.16,192
8631,"אקסלנס השתלמות פאסיבי-מדדי אג""ח",קרנות השתלמות,"אג""ח",פאסיבי,נמוך,map,0.0,,41
794,אקסלנס השתלמות פלטינום שקלי,קרנות השתלמות,שיקלי,שקלי,נמוך,track,0.0,3.09,37
799,אקסלנס השתלמות צמוד מדד,קרנות השתלמות,מדד,מדד,נמוך,map,0.0,3.59,62
2095,אקסלנס השתלמות צמוד מדד,קרנות השתלמות,מדד,מדד,נמוך,map,,,19
2093,אקסלנס השתלמותשקלי,קרנות השתלמות,שיקלי,שקלי,נמוך,map,,,19
800,"אקסלנס עדי - מסלול מט""ח טווח קצר",קרנות השתלמות,"מט""ח","מט""ח טווח קצר",נמוך,equity,0.0,9.48,13
1179,"גאון השתלמות תיק אג""ח",קרנות השתלמות,"אג""ח","אג""ח",נמוך,map,,,3
2028,"דש אקונומיסט השתלמות אג""ח כללי",קרנות השתלמות,"אג""ח","אג""ח",נמוך,equity,0.0,,12
2032,"דש השתלמות אג""ח כללי",קרנות השתלמות,"אג""ח","אג""ח",נמוך,equity,0.0,,9
1231,"הדס ארזים אפסילון השתלמות מסלול אג""ח",קרנות השתלמות,"אג""ח","אג""ח",נמוך,equity,0.0,3.36,45
736,"הלמן-אלדובי השתלמות אג""ח",קרנות השתלמות,"אג""ח","אג""ח",נמוך,equity,0.0,2.41,108
737,הלמן-אלדובי השתלמות שקלי,קרנות השתלמות,שיקלי,שקלי,נמוך,track,0.0,1.96,108
1202,"הלמן-אלדובי קרן השתלמות מסלול אג""ח ללא מניות",קרנות השתלמות,"אג""ח","אג""ח ללא מניות",נמוך,map,0.0,2.21,142
1443,"הלמן-אלדובי קרן השתלמות מסלול פאסיבי - מדדי אג""ח ממשלת ישראל",קרנות השתלמות,"אג""ח",פאסיבי,נמוך,map,0.0,1.62,142
1354,"הפניקס השתלמות - מסלול אג""ח",קרנות השתלמות,"אג""ח","אג""ח",נמוך,map,0.0,1.58,86
8596,"הפניקס השתלמות - מסלול אג""ח",קרנות השתלמות,"אג""ח","אג""ח",נמוך,map,,,22
9545,"הפניקס השתלמות - מסלול פאסיבי - מדדי אג""ח",קרנות השתלמות,"אג""ח",פאסיבי,נמוך,map,0.0,,25
9546,"הפניקס השתלמות - מסלול פאסיבי - מדדי אג""ח חו""ל",קרנות השתלמות,"אג""ח","חו""ל - פאסיבי",נמוך,map,0.0,,25
15212,"הפניקס השתלמות אג""ח סחיר",קרנות השתלמות,מתמחים באפיקי השקעה סחירים,"אג""ח סחיר",נמוך,map,0.2,,19
716,"הפניקס השתלמות אשראי ואג""ח",קרנות השתלמות,מתמחים בניהול אקטיבי,"אשראי ואג""ח",נמוך,equity,0.0,3.25,181
15301,"הראל השתלמות אג""ח סחיר",קרנות השתלמות,מתמחים באפיקי השקעה סחירים,"אג""ח סחיר",נמוך,equity,0.0,,18
8058,"הראל השתלמות אג""ח קונצרני",קרנות השתלמות,"אג""ח","אג""ח קונצרניות",נמוך,map,0.0,4.62,110
1485,"הראל השתלמות אשראי ואג""ח",קרנות השתלמות,מתמחים בניהול אקטיבי,"אשראי ואג""ח",נמוך,equity,0.2,2.34,132
1369,הראל השתלמות מסלול שקלי,קרנות השתלמות,שיקלי,שקלי,נמוך,map,0.0,1.76,115
15298,"הראל השתלמות עוקב מדדי אג""ח",קרנות השתלמות,עוקבי מדדים,"עוקב מדדי אג""ח",נמוך,equity,0.0,,18
1510,"השתלמות שיטת הפניקס סל עוקב מדד אג""ח לא צמוד ריבית קבועה",קרנות השתלמות,"אג""ח","אג""ח",נמוך,map,0.0,,48
1504,השתלמות שיטת הפניקס סל עוקב מדד תל בונד 20,קרנות השתלמות,"אג""ח","אג""ח קונצרניות",נמוך,map,0.0,,48
2127,השתלמות שיטת הפניקס סל עוקב תל בונד שקלי,קרנות השתלמות,כללי,כללי,נמוך,map,0.0,,48
1361,"ילין לפידות קרן השתלמות מסלול אג""ח ממשלות",קרנות השתלמות,מתמחים בניהול אקטיבי,"אג""ח ממשלות",נמוך,equity,0.0,1.59,183
1319,"ילין לפידות קרן השתלמות מסלול אשראי ואג""ח",קרנות השתלמות,מתמחים בניהול אקטיבי,"אשראי ואג""ח",נמוך,equity,0.4,2.61,183
2115,"כלל השתלמות אג""ח",קרנות השתלמות,"אג""ח","אג""ח",נמוך,map,0.0,2.7,143
15425,"כלל השתלמות אג""ח סחיר",קרנות השתלמות,מתמחים באפיקי השקעה סחירים,"אג""ח סחיר",נמוך,equity,0.0,,11
1348,"כלל השתלמות אשראי ואג""ח",קרנות השתלמות,מתמחים בניהול אקטיבי,"אשראי ואג""ח",נמוך,map,0.0,3.12,192
1352,כלל השתלמות שקלים,קרנות השתלמות,שיקלי,שקלי,נמוך,map,,,74
1380,להבה מסלול שקלי,קרנות השתלמות,שיקלי,שקלי,נמוך,map,0.0,,25
865,"מגדל השתלמות מסלול אג""ח ממשלות",קרנות השתלמות,מתמחים בניהול אקטיבי,"אג""ח ממשלות",נמוך,equity,0.0,2.9,171
199,"מגדל השתלמות מסלול אשראי ואג""ח",קרנות השתלמות,מתמחים בניהול אקטיבי,"אשראי ואג""ח",נמוך,equity,0.0,3.41,171
866,מגדל השתלמות מסלול צמוד מדד,קרנות השתלמות,מדד,מדד,נמוך,equity,0.0,3.6,51
15450,"מגדל השתלמות עוקב מדדי אג""ח",קרנות השתלמות,עוקבי מדדים,"עוקב מדדי אג""ח",נמוך,equity,0.0,,13
8704,"מור השתלמות - מסלול עוקב מדד ""תל בונד 20""",קרנות השתלמות,"אג""ח","אג""ח קונצרניות",נמוך,map,0.0,4.61,115
14483,"מור קרן השתלמות לשכירים ולעצמאים - אשראי ואג""ח",קרנות השתלמות,מתמחים בניהול אקטיבי,"אשראי ואג""ח",נמוך,map,2.6,,31
15237,"מור קרן השתלמות לשכירים ולעצמאים מתמחים באפיקי השקעה סחירים אג""ח סחיר",קרנות השתלמות,מתמחים באפיקי השקעה סחירים,"אג""ח סחיר",נמוך,map,2.7,,19
15243,"מור קרן השתלמות לשכירים ולעצמאים מתמחים בניהול אקטיבי אשראי ואג""ח",קרנות השתלמות,מתמחים בניהול אקטיבי,"אשראי ואג""ח",נמוך,map,,,2
15242,"מור קרן השתלמות לשכירים ולעצמאים עוקבי מדדים עוקב מדדי אג""ח",קרנות השתלמות,עוקבי מדדים,"עוקב מדדי אג""ח",נמוך,map,0.0,,19
780,מיטב דינאמית להשתלמות מסלול צמוד מדד,קרנות השתלמות,מדד,מדד,נמוך,equity,0.0,4.49,27
781,מיטב דינאמית להשתלמות מסלול שקלי,קרנות השתלמות,שיקלי,שקלי,נמוך,track,0.0,3.64,27
882,מיטב דש השתלמות מסלול שקלי,קרנות השתלמות,שיקלי,שקלי,נמוך,map,0.0,3.26,73
1387,"מיטב השתלמות אג""ח ממשלות",קרנות השתלמות,מתמחים בניהול אקטיבי,"אג""ח ממשלות",נמוך,equity,0.0,2.03,150
15353,"מיטב השתלמות אג""ח סחיר",קרנות השתלמות,מתמחים באפיקי השקעה סחירים,"אג""ח סחיר",נמוך,map,0.0,,19
881,"מיטב השתלמות אג""ח צמוד מדד",קרנות השתלמות,"אג""ח","אג""ח צמוד מדד",נמוך,map,1.5,3.47,175
1240,"מיטב השתלמות אשראי ואג""ח",קרנות השתלמות,מתמחים בניהול אקטיבי,"אשראי ואג""ח",נמוך,equity,0.0,2.52,192
1254,"מיטב השתלמות חכם מסלול אג""ח ב",קרנות השתלמות,"אג""ח","אג""ח ללא מניות",נמוך,track,0.0,2.45,54
1098,"מיטב השתלמות מסלול אג""ח",קרנות השתלמות,"אג""ח","אג""ח",נמוך,equity,4.0,6.15,45
1468,"מיטב וויזר השתלמות אג""ח ממשלתי",קרנות השתלמות,"אג""ח","אג""ח ממשלתי",נמוך,equity,0.0,,15
1311,"מילניום קרן השתלמות מסלולית - מסלול אג""ח ללא מניות",קרנות השתלמות,"אג""ח","אג""ח ללא מניות",נמוך,track,0.0,,15
1408,"מנורה מבטחים השתלמות מסלול אג""ח ממשלת ישראל",קרנות השתלמות,"אג""ח","אג""ח ממשלתי",נמוך,map,0.0,2.41,168
1110,"מנורה מבטחים השתלמות מסלול אג""ח קונצרני",קרנות השתלמות,"אג""ח","אג""ח קונצרניות",נמוך,map,0.0,3.14,139
1406,"מנורה מבטחים השתלמות מסלול אג""ח קונצרניות",קרנות השתלמות,"אג""ח","אג""ח קונצרניות",נמוך,map,0.0,4.13,73
11928,"סלייס השתלמות אג""ח אג""ח",קרנות השתלמות,"אג""ח","אג""ח",נמוך,map,0.0,2.12,93
11930,"סלייס השתלמות אג""ח פאסיבי",קרנות השתלמות,"אג""ח",פאסיבי,נמוך,map,,,86
11933,"סלייס השתלמות מדד אג""ח ישראל",קרנות השתלמות,מדד,"אג""ח ישראל",נמוך,map,,,86
1184,"פסגות השתלמות אג""ח",קרנות השתלמות,"אג""ח","אג""ח",נמוך,equity,0.0,4.05,48
1426,"פסגות השתלמות אג""ח מדינה",קרנות השתלמות,"אג""ח","אג""ח ממשלתי",נמוך,equity,0.0,3.27,48
610,"פסגות שיא השתלמות אג""ח",קרנות השתלמות,"אג""ח","אג""ח ללא מניות",נמוך,map,0.0,2.73,142
1429,"פסגות שיא השתלמות אג""ח ממשלת ישראל",קרנות השתלמות,"אג""ח","אג""ח ממשלתי",נמוך,map,0.0,2.19,142
1427,"פסגות שיא השתלמות מסלולית אג""ח ללא מניות",קרנות השתלמות,כללי,ללא מניות,נמוך,map,0.0,,25
1365,"קואטרו מנורה השתלמות אג""ח ללא מניות",קרנות השתלמות,"אג""ח","אג""ח ללא מניות",נמוך,track,0.0,,7
1390,קרן השתלמות נירית שקלי,קרנות השתלמות,שיקלי,שקלי,נמוך,map,,,12
1016,"תמיר פישמן השתלמות אג""ח",קרנות השתלמות,"אג""ח","אג""ח",נמוך,equity,0.0,4.67,38
1175,"תמיר פישמן השתלמות אג""ח מדינה",קרנות השתלמות,"אג""ח","אג""ח ממשלתי",נמוך,equity,0.0,,38
2268,אי.בי.אי השתלמות מחקה מדד מדדיות ממשלתיות 2-5 שנים,קרנות השתלמות,"אג""ח","אג""ח",נמוך מאוד,map,0.0,,27
2272,אי.בי.אי השתלמות מסלול מחקה מדד תל בונד 20,קרנות השתלמות,"אג""ח","אג""ח",נמוך מאוד,map,0.0,,27
2269,אי.בי.אי מחקה מדד מדדיות ממשלתיות 5-10 שנים,קרנות השתלמות,"אג""ח","אג""ח",נמוך מאוד,map,0.0,,27
2266,אי.בי.אי מחקה מדד שקליות ריבית קבועה ממשלתיות 2-5,קרנות השתלמות,"אג""ח","אג""ח",נמוך מאוד,map,0.0,,27
2267,אי.בי.אי מחקה מדד שקליות ריבית קבועה ממשלתיות 5+,קרנות השתלמות,"אג""ח","אג""ח",נמוך מאוד,map,0.0,,27
1014,אי.בי.אי קרן השתלמות מסלול שקלי לטווח קצר,קרנות השתלמות,שיקלי,שקלי טווח קצר,נמוך מאוד,map,0.0,0.4,68
1057,"איילון השתלמות מסלול אג""ח",קרנות השתלמות,"אג""ח","אג""ח",נמוך מאוד,map,0.0,2.84,42
1398,אלטשולר שחם השתלמות כספי (שקלי),קרנות השתלמות,מתמחים בניהול אקטיבי,כספי (שקלי),נמוך מאוד,equity,0.0,0.26,163
1535,אנליסט השתלמות כספי (שקלי),קרנות השתלמות,מתמחים בניהול אקטיבי,כספי (שקלי),נמוך מאוד,equity,0.0,0.53,168
798,אקסלנס עדי - מסלול שקלי טווח קצר,קרנות השתלמות,שיקלי,שקלי טווח קצר,נמוך מאוד,track,0.0,0.65,13
2056,דש אקונומיסט השתלמות שקלי קצר,קרנות השתלמות,שיקלי,שקלי טווח קצר,נמוך מאוד,track,0.0,,12
2054,דש השתלמות שקלי קצר,קרנות השתלמות,שיקלי,שקלי טווח קצר,נמוך מאוד,track,0.0,,9
1356,הדס ארזים אפסילון השתלמות מסלול שקלי טווח קצר,קרנות השתלמות,שיקלי,שקלי טווח קצר,נמוך מאוד,track,0.0,,45
1432,הדס ארזים משתלמת מסלול כספית,קרנות השתלמות,שיקלי,כספית,נמוך מאוד,track,0.0,,45
9549,הפניקס השתלמות - מסלול מתמחה שקלי טווח קצר,קרנות השתלמות,שיקלי,שקלי טווח קצר,נמוך מאוד,map,0.0,,25
715,הפניקס השתלמות כספי (שקלי),קרנות השתלמות,מתמחים בניהול אקטיבי,כספי (שקלי),נמוך מאוד,equity,0.0,1.12,181
2058,הפניקס השתלמות שריעה,קרנות השתלמות,הלכתי,הלכה איסלאמית,נמוך מאוד,equity,0.0,1.45,163
14716,הראל השתלמות מסלול כספי (שקלי),קרנות השתלמות,מתמחים בניהול אקטיבי,כספי (שקלי),נמוך מאוד,map,0.0,,31
2248,"השתלמות שיטת הפניקס אג""ח ממשלתי בריבית קבועה 2-5 ש",קרנות השתלמות,,,נמוך מאוד,map,0.0,,42
2125,השתלמות שיטת הפניקס אגח ממשלתי שקלי ריבית קבועה +5,קרנות השתלמות,כללי,כללי,נמוך מאוד,map,0.0,,48
1505,השתלמות שיטת הפניקס סל עוקב מדד ממשלתי צמוד 0-2,קרנות השתלמות,"אג""ח","אג""ח ממשלתי",נמוך מאוד,map,0.0,,49
1506,השתלמות שיטת הפניקס סל עוקב מדד ממשלתי צמוד 2-5,קרנות השתלמות,"אג""ח","אג""ח ממשלתי",נמוך מאוד,map,0.0,,48
2124,השתלמות שיטת הפניקס סל עוקב מדד ממשלתי צמוד 5-10,קרנות השתלמות,כללי,כללי,נמוך מאוד,map,0.0,,48
1509,"השתלמות שיטת הפניקס סל עוקב מדד מק""מ",קרנות השתלמות,"אג""ח","אג""ח",נמוך מאוד,map,0.0,,48
1351,כלל השתלמות כספי(שקלי),קרנות השתלמות,מתמחים בניהול אקטיבי,כספי (שקלי),נמוך מאוד,map,0.0,0.29,192
864,מגדל השתלמות מסלול כספי (שקלי),קרנות השתלמות,מתמחים בניהול אקטיבי,כספי (שקלי),נמוך מאוד,equity,0.0,0.52,171
8702,"מור השתלמות - מסלול עוקב מדד ""מדדיות ממשלתיות לטווח של 5-10 שנים""",קרנות השתלמות,"אג""ח","אג""ח ממשלתי",נמוך מאוד,map,0.0,4.3,115
8703,"מור השתלמות - מסלול עוקב מדד ""שקליות ריבית קבועה ממשלתיות""",קרנות השתלמות,"אג""ח","אג""ח ממשלתי",נמוך מאוד,map,0.0,3.13,115
8705,מור קרן השתלמות לשכירים ולעצמאים - כספי (שקלי),קרנות השתלמות,מתמחים בניהול אקטיבי,כספי (שקלי),נמוך מאוד,map,0.0,0.41,133
1370,מיטב השתלמות כספי (שקלי),קרנות השתלמות,מתמחים בניהול אקטיבי,כספי (שקלי),נמוך מאוד,equity,0.0,0.26,192
1114,מנורה מבטחים השתלמות כספי (שקלי),קרנות השתלמות,מתמחים בניהול אקטיבי,כספי (שקלי),נמוך מאוד,equity,0.0,0.36,192
1407,"מנורה מבטחים השתלמות מסלול אג""ח ממשלתי צמוד",קרנות השתלמות,"אג""ח","אג""ח ממשלתי",נמוך מאוד,map,0.0,3.22,73
1425,פסגות השתלמות כספית,קרנות השתלמות,שיקלי,כספית,נמוך מאוד,track,0.0,0.24,48
611,פסגות שיא השתלמות כספי,קרנות השתלמות,שיקלי,כספית,נמוך מאוד,map,0.0,0.27,142
1428,פסגות שיא השתלמות מסלולית כספית,קרנות השתלמות,שיקלי,כספית,נמוך מאוד,map,0.0,,25
1391,"קרן השתלמות נירית אג""ח ממשלתי",קרנות השתלמות,"אג""ח","אג""ח ממשלתי",נמוך מאוד,map,,,12
2270,אי.בי.אי השתלמות פאסיבי משולב עד 10% מניות,קרנות השתלמות,"אג""ח",משולב במניות - פאסיבי,נמוך-בינוני,map,10.0,2.47,67
1056,"איילון השתלמות מסלול מט""ח",קרנות השתלמות,"מט""ח","מט""ח",נמוך-בינוני,map,0.0,5.74,42
2252,"אינפיניטי השתלמות אג""ח עד 15% מניות",קרנות השתלמות,"אג""ח",משולב מניות,נמוך-בינוני,map,14.4,4.81,135
11957,"אינפיניטי השתלמות אשראי ואג""ח עם מניות (עד 25% מניות)",קרנות השתלמות,מתמחים בניהול אקטיבי,"אשראי ואג""ח",נמוך-בינוני,map,23.4,5.8,103
1274,איפקס סלע השתלמות,קרנות השתלמות,כללי,עד 10% מניות,נמוך-בינוני,equity,6.6,3.43,54
558,"אלטשולר שחם השתלמות אשראי ואג""ח עם מניות (עד 25% מניות)",קרנות השתלמות,מתמחים בניהול אקטיבי,"אשראי ואג""ח",נמוך-בינוני,equity,11.5,3.78,163
8679,"אנליסט קרן השתלמות - אשראי ואג""ח עד 25% מניות",קרנות השתלמות,מתמחים בניהול אקטיבי,"אשראי ואג""ח",נמוך-בינוני,map,18.9,4.59,133
8129,"אנליסט קרן השתלמות אג""ח עד 10% מניות",קרנות השתלמות,"אג""ח","אג""ח",נמוך-בינוני,map,9.4,3.65,129
9882,"אקסלנס השתלמות אג""ח עד 10% מניות",קרנות השתלמות,"אג""ח",משולב מניות,נמוך-בינוני,map,9.0,,26
2091,"אקסלנס השתלמות אג""ח עד 20% מניות",קרנות השתלמות,"אג""ח",משולב מניות,נמוך-בינוני,map,17.5,3.19,66
2088,"אקסלנס השתלמות אג""ח קונצרני עד 20%מניות",קרנות השתלמות,"אג""ח","אג""ח קונצרניות",נמוך-בינוני,map,15.0,,44
796,"אקסלנס השתלמות מט""ח",קרנות השתלמות,"מט""ח","מט""ח",נמוך-בינוני,map,0.0,7.92,62
8628,"אקסלנס השתלמות פאסיבי-מדדי אג""ח עד 25% במדדי מניות",קרנות השתלמות,"אג""ח",משולב במניות - פאסיבי,נמוך-בינוני,map,20.6,5.11,86
1367,"הלמן-אלדובי השתלמות אג""ח עד 15% במניות",קרנות השתלמות,"אג""ח",משולב מניות,נמוך-בינוני,track,12.9,1.95,69
395,"הלמן-אלדובי השתלמות אג""ח עד 25% במניות",קרנות השתלמות,"אג""ח",משולב מניות,נמוך-בינוני,map,23.9,3.7,103
2271,הלמן-אלדובי השתלמות פאסיבי משולב עד 25% מניות,קרנות השתלמות,"אג""ח",משולב במניות - פאסיבי,נמוך-בינוני,map,24.8,5.15,101
1203,"הלמן-אלדובי קרן השתלמות מסלול אג""ח עד 10% מניות",קרנות השתלמות,"אג""ח","אג""ח",נמוך-בינוני,map,8.8,2.7,142
8597,"הפניקס השתלמות - מסלול אג""ח עד 25% מניות",קרנות השתלמות,"אג""ח",משולב מניות,נמוך-בינוני,map,16.8,,42
1190,"הפניקס השתלמות אג""ח עד 25% מניות",קרנות השתלמות,"אג""ח",משולב מניות,נמוך-בינוני,map,19.0,5.34,164
1100,"הפניקס השתלמות אשראי ואג""ח עם מניות (עד 25% מניות)",קרנות השתלמות,מתמחים בניהול אקטיבי,"אשראי ואג""ח",נמוך-בינוני,equity,13.1,3.39,181
764,"הראל השתלמות אג""ח עד 10% מניות",קרנות השתלמות,"אג""ח","אג""ח",נמוך-בינוני,map,10.4,2.97,115
416,"הראל השתלמות אשראי ואג""ח עם מניות (עד 25% מניות)",קרנות השתלמות,מתמחים בניהול אקטיבי,"אשראי ואג""ח",נמוך-בינוני,equity,20.0,3.87,132
15303,"הראל השתלמות מסלול סחיר- אג""ח עם מניות (עד 25% מניות)",קרנות השתלמות,מתמחים באפיקי השקעה סחירים,"אג""ח סחיר",נמוך-בינוני,equity,24.4,,18
15299,"הראל השתלמות עוקב מדדים- אג""ח עם מניות (עד 25% מניות)",קרנות השתלמות,עוקבי מדדים,"עוקב מדדי אג""ח",נמוך-בינוני,equity,24.6,,18
2131,"השתלמות שיטת הפניקס סל עוקב ליבור דולר ארה""ב לחודש",קרנות השתלמות,כללי,כללי,נמוך-בינוני,map,0.0,,48
12530,"ילין לפידות קרן השתלמות מסלול אג""ח עד 15% מניות",קרנות השתלמות,"אג""ח",משולב מניות,נמוך-בינוני,map,13.7,4.46,68
1038,"ילין לפידות קרן השתלמות מסלול אג""ח עם מניות (עד 25% מניות)",קרנות השתלמות,מתמחים בניהול אקטיבי,"אשראי ואג""ח",נמוך-בינוני,equity,24.6,4.79,183
12599,"כלל השתלמות אשראי ואג""ח עם מניות(עד 25% מניות)",קרנות השתלמות,מתמחים בניהול אקטיבי,"אשראי ואג""ח",נמוך-בינוני,map,13.3,4.54,82
1349,"כלל השתלמות מט""ח",קרנות השתלמות,"מט""ח","מט""ח",נמוך-בינוני,map,,,74
1379,להבה מסלול מדדי,קרנות השתלמות,מדד,מדד,נמוך-בינוני,map,,,3
15340,"מגדל השתלמות אשראי ואג""ח עם מניות (עד 25% מניות)",קרנות השתלמות,מתמחים בניהול אקטיבי,"אשראי ואג""ח",נמוך-בינוני,map,23.9,,19
470,מגדל השתלמות לבני 60 ומעלה,קרנות השתלמות,מתמחה אחר,אוכלוסיית יעד,נמוך-בינוני,map,23.2,5.05,93
599,"מגדל השתלמות מסלול אג""ח עד 10% מניות",קרנות השתלמות,"אג""ח",משולב מניות,נמוך-בינוני,map,8.4,3.88,143
777,"מגדל השתלמות מסלול מט""ח",קרנות השתלמות,"מט""ח","מט""ח",נמוך-בינוני,track,0.0,6.38,51
12956,"מור קרן השתלמות לשכירים ולעצמאים - אשראי ואג""ח עם מניות (עד 25% מניות)",קרנות השתלמות,מתמחים בניהול אקטיבי,"אשראי ואג""ח",נמוך-בינוני,map,23.2,3.24,69
15236,"מור קרן השתלמות לשכירים ולעצמאים מתמחים באפיקי השקעה סחירים אג""ח עם מניות (עד 25%)",קרנות השתלמות,מתמחים באפיקי השקעה סחירים,"אג""ח סחיר",נמוך-בינוני,map,21.7,,19
15240,"מור קרן השתלמות לשכירים ולעצמאים עוקבי מדדים עוקב מדדי אג""ח עם מניות (עד 25% מניות)",קרנות השתלמות,עוקבי מדדים,"עוקב מדדי אג""ח",נמוך-בינוני,map,18.2,,19
779,"מיטב גאון השתלמות מסלולית-מסלול מט""ח",קרנות השתלמות,"מט""ח","מט""ח",נמוך-בינוני,track,0.0,8.35,6
643,מיטב דש השתלמות חכם עד 3 שנות וותק,קרנות השתלמות,כללי,כללי,נמוך-בינוני,map,46.9,6.39,31
1241,"מיטב השתלמות אג""ח 85",קרנות השתלמות,"אג""ח","אג""ח",נמוך-בינוני,equity,12.8,5.35,51
8885,"מיטב השתלמות אשראי ואג""ח עם מניות (עד 25% מניות)",קרנות השתלמות,מתמחים בניהול אקטיבי,"אשראי ואג""ח",נמוך-בינוני,map,21.5,4.63,129
1253,"מיטב השתלמות חכם מסלול אג""ח ח",קרנות השתלמות,"אג""ח","אג""ח",נמוך-בינוני,equity,12.8,3.93,54
1353,מיטב השתלמות מעל 6 שנות וותק,קרנות השתלמות,מתמחה אחר,אוכלוסיית יעד,נמוך-בינוני,equity,14.1,2.54,133
15354,"מיטב השתלמות סחיר - אג""ח עם מניות (עד 25% מניות)",קרנות השתלמות,מתמחים באפיקי השקעה סחירים,"אג""ח סחיר",נמוך-בינוני,map,21.9,,19
15357,"מיטב השתלמות עוקב מדדי אג""ח עם מניות (עד 25% מניות)",קרנות השתלמות,עוקבי מדדים,"עוקב מדדי אג""ח",נמוך-בינוני,map,20.5,,19
1321,"מיטב וויזר השתלמות אג""ח",קרנות השתלמות,"אג""ח","אג""ח",נמוך-בינוני,equity,12.7,,15
1149,"מנורה מבטחים השתלמות אג""ח עד 10% מניות",קרנות השתלמות,"אג""ח","אג""ח",נמוך-בינוני,map,9.2,3.98,164
13357,"מנורה מבטחים השתלמות מסלול אשראי ואג""ח",קרנות השתלמות,מתמחים בניהול אקטיבי,"אשראי ואג""ח",נמוך-בינוני,equity,23.9,,60
9662,"מנורה מבטחים השתלמות מסלול אשראי ואג""ח עם מניות (עד 25% מניות)",קרנות השתלמות,מתמחים בניהול אקטיבי,"אשראי ואג""ח",נמוך-בינוני,map,17.7,5.51,123
11409,"מנורה מבטחים השתלמות עוקב מדדים - אג""ח עם מניות (עד 25% מניות)",קרנות השתלמות,עוקבי מדדים,"עוקב מדדי אג""ח",נמוך-בינוני,map,13.0,4.79,110
1111,"מנורה מסד השתלמות - מסלול מט""חי",קרנות השתלמות,"מט""ח","מט""ח",נמוך-בינוני,map,,,1
1424,פסגות שיא השתלמות אגח עד 10% מניות,קרנות השתלמות,"אג""ח",משולב מניות,נמוך-בינוני,map,9.4,2.55,142
1102,"אופיר מסלול חו""ל",תגמולים ואישית לפיצויים,ללא סיווג,"חו""ל",,,,,1
2087,"אקסלנס גמל זהב חו""ל",תגמולים ואישית לפיצויים,ללא סיווג,"חו""ל",,,,,15
2090,"אקסלנס גמל חו""ל",תגמולים ואישית לפיצויים,ללא סיווג,"חו""ל",,,,,43
1126,"כלל גמל חו""ל",תגמולים ואישית לפיצויים,ללא סיווג,"חו""ל",,,,,4
1049,"אדמונד דה רוטשילד דיסקונט חו""ל",תגמולים ואישית לפיצויים,ללא סיווג,"חו""ל",בינוני,equity,35.8,8.98,24
1200,אי.בי.אי לתגמולים ופיצויים מסלול כללי,תגמולים ואישית לפיצויים,כללי,כללי,בינוני,map,28.3,6.4,73
348,אי.בי.אי עתודה תגמולים ופיצויים,תגמולים ואישית לפיצויים,כללי,כללי,בינוני,track,22.6,5.86,23
114,אי.בי.אי שחר תגמולים ופיצויים,תגמולים ואישית לפיצויים,כללי,כללי,בינוני,track,22.1,6.43,23
770,אי.בי.אי תגמולים - כללי,תגמולים ואישית לפיצויים,כללי,כללי,בינוני,map,39.2,6.83,73
9809,אי.בי.אי. לתגמולים ופיצויים מסלול לבני 50 ומטה,תגמולים ואישית לפיצויים,מדרגות,עד 50,בינוני,map,42.3,,38
9808,אי.בי.אי. לתגמולים ופיצויים מסלול לבני 50 עד 60,תגמולים ואישית לפיצויים,מדרגות,50-60,בינוני,map,32.3,,38
1067,איילון גמל מסלול כללי ב',תגמולים ואישית לפיצויים,כללי,כללי,בינוני,track,24.5,6.62,2
953,איילון גמל מצוק מסלול כללי,תגמולים ואישית לפיצויים,כללי,כללי,בינוני,map,40.1,7.36,3
511,איילון מקפת תגמולים - כללי,תגמולים ואישית לפיצויים,כללי,כללי,בינוני,track,36.7,7.12,2
1138,איילון מקפת תגמולים - ללא מניות,תגמולים ואישית לפיצויים,כללי,כללי,בינוני,track,0.0,0.42,2
9431,"איילון תגמולים ואישית לפיצויים מסלול חו""ל",תגמולים ואישית לפיצויים,ללא סיווג,"חו""ל",בינוני,equity,34.5,,18
2238,איילון תגמולים ואישית לפיצויים מסלול כהלכה,תגמולים ואישית לפיצויים,הלכתי,הלכה יהודית,בינוני,equity,35.2,,42
258,איילון תגמולים ואישית לפיצויים מסלול כללי,תגמולים ואישית לפיצויים,כללי,כללי,בינוני,track,38.3,5.17,29
9855,איילון תגמולים ואישית לפיצויים מסלולית 50 עד 60,תגמולים ואישית לפיצויים,מדרגות,50-60,בינוני,map,34.8,,15
9550,איילון תגמולים ואישית לפיצויים מסלולית עד 50,תגמולים ואישית לפיצויים,מדרגות,עד 50,בינוני,map,37.7,,15
275,איניפיניטי גמל דינמי,תגמולים ואישית לפיצויים,כללי,כללי,בינוני,track,34.8,6.22,69
8392,אינפיניטי גמל לפחות 40% מניות,תגמולים ואישית לפיצויים,כללי,כללי,בינוני,map,41.5,,23
7231,אינפיניטי גמל מסלול לבני 50 ומטה,תגמולים ואישית לפיצויים,מדרגות,עד 50,בינוני,map,50.9,9.02,121
7232,אינפיניטי גמל מסלול לבני 50 עד 60,תגמולים ואישית לפיצויים,מדרגות,50-60,בינוני,map,42.4,7.78,121
14331,אינפיניטי גמל משולב סחיר,תגמולים ואישית לפיצויים,מתמחים באפיקי השקעה סחירים,משולב סחיר,בינוני,map,94.4,,36
14332,אינפיניטי גמל עוקב מדדים גמיש,תגמולים ואישית לפיצויים,עוקבי מדדים,עוקב מדדים - גמיש,בינוני,map,53.3,,36
1077,אינפיניטי תגמולים ופיצויים (ל) מסלול כללי,תגמולים ואישית לפיצויים,כללי,כללי,בינוני,track,25.8,,9
1273,איפקס עוז תגמולים,תגמולים ואישית לפיצויים,כללי,כללי,בינוני,track,40.8,7.93,54
747,איפקס תגמולים כללי,תגמולים ואישית לפיצויים,כללי,כללי,בינוני,track,30.4,8.33,54
1263,אלומות תגמולים ופיצויים מסלול כללי,תגמולים ואישית לפיצויים,כללי,כללי,בינוני,track,30.0,,3
2017,אלטשולר שחם גמל הלכה,תגמולים ואישית לפיצויים,הלכתי,הלכה יהודית,בינוני,equity,35.7,5.94,169
9950,אלטשולר שחם גמל לבני 50 ומטה,תגמולים ואישית לפיצויים,מדרגות,עד 50,בינוני,map,52.5,8.7,121
9951,אלטשולר שחם גמל לבני 50 עד 60,תגמולים ואישית לפיצויים,מדרגות,50-60,בינוני,map,40.7,7.15,121
1288,אלטשולר שחם גמל מסלול גולד,תגמולים ואישית לפיצויים,כללי,כללי,בינוני,track,38.9,5.64,43
1092,אלטשולר שחם גמל מסלול כללי,תגמולים ואישית לפיצויים,כללי,כללי,בינוני,track,32.0,5.3,43
1287,אלטשולר שחם גמל מסלול קלאסי,תגמולים ואישית לפיצויים,כללי,כללי,בינוני,track,7.1,3.85,16
14353,אלטשולר שחם גמל משולב סחיר,תגמולים ואישית לפיצויים,מתמחים באפיקי השקעה סחירים,משולב סחיר,בינוני,map,47.6,,37
14354,אלטשולר שחם גמל עוקב מדדים- גמיש,תגמולים ואישית לפיצויים,עוקבי מדדים,עוקב מדדים - גמיש,בינוני,map,49.1,,37
756,אלטשולר שחם יהלום מסלול כללי,תגמולים ואישית לפיצויים,כללי,כללי,בינוני,track,31.4,9.48,4
1219,אלטשולר שחם קמה,תגמולים ואישית לפיצויים,כללי,כללי,בינוני,map,0.0,2.42,151
12532,"אלפא מור קופת גמל לחיסכון, קופת גמל לתגמולים וקופת גמל אישית לפיצויים - לבני 50 ומטה",תגמולים ואישית לפיצויים,מדרגות,עד 50,בינוני,track,56.6,8.14,85
12533,"אלפא מור קופת גמל לחיסכון, קופת גמל לתגמולים וקופת גמל אישית לפיצויים - לבני 50 עד 60",תגמולים ואישית לפיצויים,מדרגות,50-60,בינוני,track,45.0,6.1,85
14342,"אלפא מור קופת גמל לחיסכון, קופת גמל לתגמולים וקופת גמל אישית לפיצויים - משולב סחיר",תגמולים ואישית לפיצויים,מתמחים באפיקי השקעה סחירים,משולב סחיר,בינוני,track,38.3,,36
14394,"אלפא מור קופת גמל לחיסכון, קופת גמל לתגמולים וקופת גמל אישית לפיצויים - עוקב מדדים גמיש",תגמולים ואישית לפיצויים,עוקבי מדדים,עוקב מדדים - גמיש,בינוני,track,42.4,,36
9677,אלפא מור קופת גמל לתגמולים ואישית לפיצויים וקופת גמל לא משלמת לקצבה מעורב מחקה מדדים,תגמולים ואישית לפיצויים,כללי,כללי,בינוני,map,38.8,7.3,105
812,אנליסט גמל כללי,תגמולים ואישית לפיצויים,כללי,כללי,בינוני,track,29.9,11.89,72
818,אנליסט גמל משולב סחיר,תגמולים ואישית לפיצויים,מתמחים באפיקי השקעה סחירים,משולב סחיר,בינוני,track,32.8,5.75,192
9730,אנליסט מסלולית קופת גמל - מסלול לבני 50 ומטה,תגמולים ואישית לפיצויים,מדרגות,עד 50,בינוני,map,53.9,8.67,122
9731,אנליסט מסלולית קופת גמל - מסלול לבני 50-60,תגמולים ואישית לפיצויים,מדרגות,50-60,בינוני,map,43.4,7.07,122
14280,אנליסט מסלולית קופת גמל - משולב סחיר,תגמולים ואישית לפיצויים,"מודל חכ""מ אחר",משולב סחיר,בינוני,map,44.8,,18
811,אנליסט מסלולית קופת גמל ישראל,תגמולים ואישית לפיצויים,ישראל,ישראל,בינוני,equity,45.5,8.34,174
14279,אנליסט מסלולית קופת גמל עוקב מדדים - גמיש,תגמולים ואישית לפיצויים,עוקבי מדדים,עוקב מדדים - גמיש,בינוני,map,98.4,,36
730,אנליסט קתדרה כללי,תגמולים ואישית לפיצויים,כללי,כללי,בינוני,track,19.5,6.93,72
374,"אפסילון תגמולים מעיין (לשעבר קופת תה""ל)",תגמולים ואישית לפיצויים,כללי,כללי,בינוני,map,27.1,6.63,26
788,אקסלנס אופיר - מסלול כללי,תגמולים ואישית לפיצויים,כללי,כללי,בינוני,track,30.6,7.63,13
436,אקסלנס אורית,תגמולים ואישית לפיצויים,כללי,כללי,בינוני,track,44.0,9.29,13
421,אקסלנס אמנה,תגמולים ואישית לפיצויים,כללי,כללי,בינוני,track,12.3,6.79,13
123,אקסלנס גמולה,תגמולים ואישית לפיצויים,כללי,כללי,בינוני,track,22.4,7.72,13
685,אקסלנס גמל,תגמולים ואישית לפיצויים,כללי,כללי,בינוני,map,32.5,8.46,62
808,אקסלנס גמל ללא מניות,תגמולים ואישית לפיצויים,כללי,כללי,בינוני,track,0.0,3.35,37
1189,אקסלנס גמל עד 50% מניות,תגמולים ואישית לפיצויים,כללי,כללי,בינוני,track,41.8,8.98,37
102,אקסלנס גמל פלטינום,תגמולים ואישית לפיצויים,כללי,כללי,בינוני,track,31.2,7.75,37
265,אקסלנס גמל פלטינום עד 15% מניות,תגמולים ואישית לפיצויים,כללי,כללי,בינוני,track,13.5,7.33,37
266,אקסלנס טפחות גמל,תגמולים ואישית לפיצויים,כללי,כללי,בינוני,track,31.5,7.56,13
422,אקסלנס שומרון,תגמולים ואישית לפיצויים,כללי,כללי,בינוני,track,37.7,9.15,13
125,אשכולות קופת תגמולים כללי,תגמולים ואישית לפיצויים,כללי,כללי,בינוני,track,33.0,7.99,24
946,אתגרים - מסלול כללי,תגמולים ואישית לפיצויים,כללי,כללי,בינוני,map,26.5,9.21,7
263,"בר קרן גמולים קופת גמל לתגמולים ופיצויים בניהול כלל גמל בע""מ",תגמולים ואישית לפיצויים,כללי,כללי,בינוני,track,37.6,6.51,192
415,גמל זהב (1981) קופת תגמולים לשעבר מקבוצת מזרחי טפחות,תגמולים ואישית לפיצויים,כללי,כללי,בינוני,track,30.6,7.44,13
264,גפן,תגמולים ואישית לפיצויים,כללי,כללי,בינוני,map,33.0,8.16,25
824,דש אקונומיסט - קופת תגמולים ופיצויים,תגמולים ואישית לפיצויים,כללי,כללי,בינוני,map,,,1
552,דש גמל,תגמולים ואישית לפיצויים,כללי,כללי,בינוני,track,35.2,6.29,9
355,דש שבעת הכוכבים,תגמולים ואישית לפיצויים,כללי,כללי,בינוני,track,31.4,4.7,12
2053,"דש תגמולים חו""ל",תגמולים ואישית לפיצויים,ללא סיווג,"חו""ל",בינוני,equity,31.8,,12
956,הדס ארזים אפסילון תגמולים מסלול כללי,תגמולים ואישית לפיצויים,כללי,כללי,בינוני,track,29.6,11.34,45
725,הדס ארזים גמל,תגמולים ואישית לפיצויים,כללי,כללי,בינוני,track,27.5,8.35,45
1323,הדס ארזים לפרישה 2020,תגמולים ואישית לפיצויים,כללי,כללי,בינוני,track,8.8,3.3,45
1324,הדס ארזים לפרישה 2025,תגמולים ואישית לפיצויים,כללי,כללי,בינוני,track,13.3,3.59,45
1325,הדס ארזים לפרישה 2030,תגמולים ואישית לפיצויים,כללי,כללי,בינוני,track,21.6,,45
1326,הדס ארזים לפרישה 2035,תגמולים ואישית לפיצויים,כללי,כללי,בינוני,track,32.1,5.62,45
1327,הדס ארזים לפרישה 2040,תגמולים ואישית לפיצויים,כללי,כללי,בינוני,map,40.0,,26
9880,"הלמן-אלדובי בר-יציב חו""ל",תגמולים ואישית לפיצויים,ללא סיווג,"חו""ל",בינוני,equity,37.7,,37
257,הלמן-אלדובי גמל ישראל,תגמולים ואישית לפיצויים,ישראל,ישראל,בינוני,equity,33.8,4.51,142
259,הלמן-אלדובי גמל כללי (לשעבר קופת פקידי מרכנתיל דיסקונט),תגמולים ואישית לפיצויים,כללי,כללי,בינוני,map,23.6,3.65,142
9877,הלמן-אלדובי גמל מסלול לבני 50 ומטה,תגמולים ואישית לפיצויים,מדרגות,עד 50,בינוני,map,44.0,7.31,71
9878,הלמן-אלדובי גמל מסלול לבני 50 עד 60,תגמולים ואישית לפיצויים,מדרגות,50-60,בינוני,map,34.9,6.33,71
12088,"הפניקס גמל חו""ל",תגמולים ואישית לפיצויים,"חו""ל","חו""ל",בינוני,equity,37.7,,79
9916,הפניקס גמל לבני 50 ומטה,תגמולים ואישית לפיצויים,מדרגות,עד 50,בינוני,map,46.5,7.87,121
9529,הפניקס גמל מסלול לבני 50 עד 60,תגמולים ואישית לפיצויים,מדרגות,50-60,בינוני,track,40.4,7.31,120
14281,הפניקס גמל מסלול משולב סחיר,תגמולים ואישית לפיצויים,"מודל חכ""מ אחר",משולב סחיר,בינוני,map,46.3,,36
14282,הפניקס גמל מסלול עוקב מדדים גמיש,תגמולים ואישית לפיצויים,מדד,עוקב מדדים גמיש,בינוני,map,43.8,,19
15234,הפניקס גמל עוקב מדדים - גמיש,תגמולים ואישית לפיצויים,עוקבי מדדים,עוקב מדדים - גמיש,בינוני,map,46.3,,19
9905,הפניקס גמל פאסיבי לבני 50 ומטה,תגמולים ואישית לפיצויים,מדרגות,עד 50,בינוני,map,49.2,9.05,104
9917,הפניקס גמל פאסיבי לבני 50 עד 60,תגמולים ואישית לפיצויים,מדרגות,50-60,בינוני,map,36.2,7.38,104
957,הפניקס תגמולים ופיצויים - מסלול כללי,תגמולים ואישית לפיצויים,כללי,כללי,בינוני,track,35.3,9.7,61
9884,הפניקס תגמולים ופיצויים - מסלול לבני 50 ומטה,תגמולים ואישית לפיצויים,מדרגות,עד 50,בינוני,map,33.4,,25
14201,הראל גמל - עוקב מדדים גמיש,תגמולים ואישית לפיצויים,עוקבי מדדים,עוקב מדדים - גמיש,בינוני,track,49.9,,36
567,הראל גמל לגילאי 50 ומטה,תגמולים ואישית לפיצויים,מדרגות,עד 50,בינוני,map,35.1,5.43,13
153,הראל גמל לגילאי 50 עד 60,תגמולים ואישית לפיצויים,מדרגות,50-60,בינוני,map,40.6,5.24,13
1524,הראל גמל מסלול הלכה,תגמולים ואישית לפיצויים,הלכתי,הלכה יהודית,בינוני,equity,38.4,5.78,132
9744,הראל גמל מסלול לגילאי 50 ומטה,תגמולים ואישית לפיצויים,מדרגות,עד 50,בינוני,map,49.8,7.91,121
9742,הראל גמל מסלול לגילאי 50 עד 60,תגמולים ואישית לפיצויים,מדרגות,50-60,בינוני,map,41.3,6.88,121
8057,"הראל גמל מסלול- חו""ל",תגמולים ואישית לפיצויים,"חו""ל","חו""ל",בינוני,equity,34.7,4.39,78
14202,הראל גמל- משולב סחיר,תגמולים ואישית לפיצויים,מתמחים באפיקי השקעה סחירים,משולב סחיר,בינוני,track,46.2,,36
410,יהבית,תגמולים ואישית לפיצויים,כללי,כללי,בינוני,map,29.3,5.52,16
508,יובלים - קופת גמל לתגמולים ופיצויים,תגמולים ואישית לפיצויים,כללי,כללי,בינוני,map,,,1
1163,ילין לפידות קופת גמל מסלול כללי ב',תגמולים ואישית לפיצויים,כללי,כללי,בינוני,track,35.1,5.09,63
9939,ילין לפידות קופת גמל מסלול לבני 50 ומטה,תגמולים ואישית לפיצויים,מדרגות,עד 50,בינוני,map,52.5,8.34,121
9940,ילין לפידות קופת גמל מסלול לבני 50 עד 60,תגמולים ואישית לפיצויים,מדרגות,50-60,בינוני,map,43.2,7.03,121
14292,ילין לפידות קופת גמל מסלול משולב סחיר,תגמולים ואישית לפיצויים,מתמחים באפיקי השקעה סחירים,משולב סחיר,בינוני,track,54.3,,36
14293,ילין לפידות קופת גמל מסלול עוקב מדדים גמיש,תגמולים ואישית לפיצויים,עוקבי מדדים,עוקב מדדים - גמיש,בינוני,track,47.9,,36
105,ישיר המלאכה קופת תגמולים ופיצויים מקבוצת ביטוח ישיר,תגמולים ואישית לפיצויים,כללי,כללי,בינוני,track,25.8,7.8,12
254,ישיר לתגמולים מקבוצת ביטוח ישיר,תגמולים ואישית לפיצויים,כללי,כללי,בינוני,track,22.9,7.0,12
121,ישיר תוחלת קופה לתגמולים ופיצויים מקבוצת ביטוח ישיר,תגמולים ואישית לפיצויים,כללי,כללי,בינוני,track,39.1,8.37,12
527,ישיר תעוזה קופת גמל לתגמולים ולפיצויים מקבוצת ביטוח ישיר,תגמולים ואישית לפיצויים,כללי,כללי,בינוני,track,39.4,9.86,12
444,כלל איתן כללי,תגמולים ואישית לפיצויים,כללי,כללי,בינוני,track,31.7,8.25,48
460,כלל איתן כללי דגש חזק,תגמולים ואישית לפיצויים,כללי,כללי,בינוני,track,69.5,15.77,48
1129,כלל גמל איתן,תגמולים ואישית לפיצויים,כללי,כללי,בינוני,map,,,22
1128,כלל גמל כללי,תגמולים ואישית לפיצויים,כללי,כללי,בינוני,track,32.5,7.95,48
690,כלל דליה,תגמולים ואישית לפיצויים,כללי,כללי,בינוני,map,,,4
691,כלל ורד,תגמולים ואישית לפיצויים,כללי,כללי,בינוני,map,,,21
689,כלל מושלם תגמולים,תגמולים ואישית לפיצויים,כללי,כללי,בינוני,track,34.5,8.37,48
9652,כלל תמר 50-60,תגמולים ואישית לפיצויים,מדרגות,50-60,בינוני,map,38.6,7.38,122
1533,כלל תמר מסלול הלכתי (הוד),תגמולים ואישית לפיצויים,הלכתי,הלכה יהודית,בינוני,equity,36.9,6.16,179
14236,כלל תמר משולב סחיר,תגמולים ואישית לפיצויים,מתמחים באפיקי השקעה סחירים,משולב סחיר,בינוני,track,51.6,,36
9651,כלל תמר עד 50,תגמולים ואישית לפיצויים,מדרגות,עד 50,בינוני,map,48.1,8.64,122
14237,כלל תמר עוקב מדדים גמיש,תגמולים ואישית לפיצויים,מדד,עוקב מדדים גמיש,בינוני,equity,49.9,,36
448,להיט קופה לתגמולים ופיצויים כללי,תגמולים ואישית לפיצויים,כללי,כללי,בינוני,track,31.9,8.98,16
15452,מגדל לתגמולים ולפיצויים הלכה,תגמולים ואישית לפיצויים,הלכתי,הלכה יהודית,בינוני,equity,46.7,,13
1156,מגדל לתגמולים ולפיצויים מסלול ביג כללי לפחות 30% מניות,תגמולים ואישית לפיצויים,כללי,כללי,בינוני,map,40.1,4.63,91
862,"מגדל לתגמולים ולפיצויים מסלול חו""ל",תגמולים ואישית לפיצויים,ללא סיווג,"חו""ל",בינוני,equity,33.6,5.63,153
744,מגדל לתגמולים ולפיצויים מסלול כללי,תגמולים ואישית לפיצויים,כללי,כללי,בינוני,map,34.3,4.74,109
9779,מגדל לתגמולים ולפיצויים מסלול לבני 50 ומטה,תגמולים ואישית לפיצויים,מדרגות,עד 50,בינוני,map,50.1,7.94,122
9780,מגדל לתגמולים ולפיצויים מסלול לבני 50 עד 60,תגמולים ואישית לפיצויים,מדרגות,50-60,בינוני,map,39.8,6.74,122
14229,מגדל לתגמולים ולפיצויים מסלול משולב סחיר,תגמולים ואישית לפיצויים,מתמחים באפיקי השקעה סחירים,משולב סחיר,בינוני,track,49.1,,36
14228,מגדל לתגמולים ולפיצויים מסלול עוקב מדדים - גמיש,תגמולים ואישית לפיצויים,עוקבי מדדים,עוקב מדדים - גמיש,בינוני,track,47.6,,36
861,מגדל פלטינום לתגמולים ברומטר,תגמולים ואישית לפיצויים,כללי,כללי,בינוני,track,12.5,7.86,12
974,מגדל פלטינום לתגמולים כללי,תגמולים ואישית לפיצויים,כללי,כללי,בינוני,track,30.0,9.03,27
1165,מגדלור לתגמולים ולפיצויים אפיקים,תגמולים ואישית לפיצויים,כללי,כללי,בינוני,map,,,3
1164,מגדלור לתגמולים ולפיצויים נאות,תגמולים ואישית לפיצויים,כללי,כללי,בינוני,map,,,3
515,"מגן קרן פנסיה מרכזית בע""מ - קופת תגמולים",תגמולים ואישית לפיצויים,כללי,כללי,בינוני,map,19.4,6.82,46
923,מיטב בטחון,תגמולים ואישית לפיצויים,כללי,כללי,בינוני,track,34.2,5.75,192
486,מיטב גאון גמל-מסלול כללי,תגמולים ואישית לפיצויים,כללי,כללי,בינוני,track,25.9,10.54,6
767,מיטב גמל הלכה,תגמולים ואישית לפיצויים,הלכתי,הלכה יהודית,בינוני,equity,35.6,6.09,192
1246,מיטב גמל חכם מסלול בין 40 ל-50,תגמולים ואישית לפיצויים,כללי,כללי,בינוני,track,35.0,6.6,54
873,מיטב גמל כללי,תגמולים ואישית לפיצויים,כללי,כללי,בינוני,track,35.0,9.84,45
7215,מיטב גמל לבני 50 ומטה,תגמולים ואישית לפיצויים,מדרגות,עד 50,בינוני,map,46.5,8.03,121
103,מיטב גמל לבני 50 עד 60,תגמולים ואישית לפיצויים,מדרגות,50-60,בינוני,track,36.7,5.44,150
14264,מיטב גמל משולב סחיר,תגמולים ואישית לפיצויים,מתמחים באפיקי השקעה סחירים,משולב סחיר,בינוני,map,92.7,,36
14265,מיטב גמל עוקב מדדים גמיש,תגמולים ואישית לפיצויים,עוקבי מדדים,עוקב מדדים - גמיש,בינוני,track,60.7,,36
1116,מיטב גמל פלוס,תגמולים ואישית לפיצויים,כללי,כללי,בינוני,track,24.2,8.79,27
1120,מיטב דינאמית גמל מסלול כללי,תגמולים ואישית לפיצויים,כללי,כללי,בינוני,track,34.4,10.21,27
2051,"מיטב דש גמל חו""ל",תגמולים ואישית לפיצויים,ללא סיווג,"חו""ל",בינוני,equity,35.1,5.29,85
1245,מיטב דש גמל חכם עד 40,תגמולים ואישית לפיצויים,מניות,מניות,בינוני,map,90.2,11.75,73
1195,מיטב וויזר גמל כללית,תגמולים ואישית לפיצויים,כללי,כללי,בינוני,track,30.0,,15
111,מיטב מירון,תגמולים ואישית לפיצויים,כללי,כללי,בינוני,track,33.7,8.49,54
251,מיטב מרתון גמל,תגמולים ואישית לפיצויים,כללי,כללי,בינוני,map,26.9,7.83,37
256,מיטב קרן השפע,תגמולים ואישית לפיצויים,כללי,כללי,בינוני,map,30.4,8.14,37
830,מיטבית קופת גמל לתגמולים ולפיצויים,תגמולים ואישית לפיצויים,כללי,כללי,בינוני,track,34.4,8.04,24
1187,מילניום קופה לתגמולים ופיצויים מסלולית - מסלול כללי,תגמולים ואישית לפיצויים,כללי,כללי,בינוני,track,28.3,,15
1146,מנורה גמל כללי,תגמולים ואישית לפיצויים,כללי,כללי,בינוני,track,27.5,11.06,39
1345,מנורה גמל לפרישה 2020,תגמולים ואישית לפיצויים,כללי,כללי,בינוני,track,31.2,,29
1346,מנורה גמל לפרישה 2030,תגמולים ואישית לפיצויים,כללי,כללי,בינוני,track,37.1,,29
1347,מנורה גמל לפרישה 2040,תגמולים ואישית לפיצויים,כללי,כללי,בינוני,map,,,1
981,מנורה גמל מיתר,תגמולים ואישית לפיצויים,כללי,כללי,בינוני,track,27.5,9.78,23
260,מנורה מבטחים אמיר כללי,תגמולים ואישית לפיצויים,כללי,כללי,בינוני,track,34.4,7.08,192
119,מנורה מבטחים יותר מסלול ד',תגמולים ואישית לפיצויים,כללי,כללי,בינוני,track,24.4,5.36,192
309,מנורה מבטחים תגמולים ופיצויים - קופת עובדים חקלאיים,תגמולים ואישית לפיצויים,כללי,כללי,בינוני,map,28.3,6.69,56
856,מנורה מבטחים תגמולים ופיצויים - קרן פועלי הבניין ועבודות ציבוריות,תגמולים ואישית לפיצויים,כללי,כללי,בינוני,map,28.2,7.75,56
503,מנורה מבטחים תגמולים ופיצויים - קרן פועלים חקלאים,תגמולים ואישית לפיצויים,כללי,כללי,בינוני,map,28.1,7.09,56
9795,מנורה מבטחים תגמולים ופיצויים מסלול הלכה,תגמולים ואישית לפיצויים,הלכתי,הלכה יהודית,בינוני,equity,38.2,7.35,123
826,מנורה מבטחים תגמולים ופיצויים מסלול כללי,תגמולים ואישית לפיצויים,כללי,כללי,בינוני,map,25.7,6.64,73
9793,מנורה מבטחים תגמולים ופיצויים מסלול לבני 50 ומטה,תגמולים ואישית לפיצויים,מדרגות,עד 50,בינוני,map,48.6,8.99,123
9792,מנורה מבטחים תגמולים ופיצויים מסלול לבני 50 עד 60,תגמולים ואישית לפיצויים,מדרגות,50-60,בינוני,map,39.2,7.26,123
14271,מנורה מבטחים תגמולים ופיצויים מסלול משולב סחיר,תגמולים ואישית לפיצויים,מתמחים באפיקי השקעה סחירים,משולב סחיר,בינוני,map,49.5,,36
14272,מנורה מבטחים תגמולים ופיצויים מסלול עוקב מדדים גמיש,תגמולים ואישית לפיצויים,עוקבי מדדים,עוקב מדדים - גמיש,בינוני,track,48.1,,36
14351,מנורה מבטחים תגמולים ופיצויים מסלול קיימות,תגמולים ואישית לפיצויים,קיימות,קיימות,בינוני,equity,70.8,,36
417,מנורה מבטחים תעוש - מסלול כללי,תגמולים ואישית לפיצויים,כללי,כללי,בינוני,track,23.2,7.41,42
924,מקפת החדשה קופת גמל לתגמולים ולפיצויים,תגמולים ואישית לפיצויים,כללי,כללי,בינוני,track,35.5,6.69,12
11950,"סלייס גמל קופת גמל לחסכון אג""ח צמוד מדד בינוני",תגמולים ואישית לפיצויים,"אג""ח","אג""ח צמוד מדד בינוני",בינוני,map,,,86
11944,"סלייס גמל קופת גמל לחסכון חו""ל חו""ל",תגמולים ואישית לפיצויים,"חו""ל","חו""ל",בינוני,equity,60.1,,93
11946,סלייס גמל קופת גמל לחסכון מדד מניות,תגמולים ואישית לפיצויים,מדד,מניות,בינוני,map,,,86
11980,סלייס גמל קופת גמל לחסכון מדרגות 50-60,תגמולים ואישית לפיצויים,מדרגות,50-60,בינוני,map,40.4,,93
11979,סלייס גמל קופת גמל לחסכון מדרגות עד 50,תגמולים ואישית לפיצויים,מדרגות,עד 50,בינוני,map,62.2,6.68,93
14416,סלייס גמל קופת גמל לחסכון משולב סחיר,תגמולים ואישית לפיצויים,"מודל חכ""מ אחר",משולב סחיר,בינוני,map,,,19
14417,סלייס גמל קופת גמל לחסכון עוקב מדדים גמיש,תגמולים ואישית לפיצויים,מדד,עוקב מדדים גמיש,בינוני,map,,,19
1277,ספרינט גמל לתגמולים ופיצויים,תגמולים ואישית לפיצויים,כללי,כללי,בינוני,map,20.4,,4
377,ענבר - קופת תגמולים ליד כלל (ישראל),תגמולים ואישית לפיצויים,כללי,כללי,בינוני,track,33.8,8.82,24
450,פסגות גדיש בטא,תגמולים ואישית לפיצויים,כללי,כללי,בינוני,track,42.3,12.22,72
205,"פסגות גדיש חו""ל",תגמולים ואישית לפיצויים,ללא סיווג,"חו""ל",בינוני,equity,33.1,6.2,142
106,פסגות גדיש כללי,תגמולים ואישית לפיצויים,כללי,כללי,בינוני,track,29.7,7.51,72
9889,פסגות גדיש לבני 50 ומטה,תגמולים ואישית לפיצויים,מדרגות,עד 50,בינוני,map,45.2,7.58,72
9890,פסגות גדיש לבני 50-60,תגמולים ואישית לפיצויים,מדרגות,50-60,בינוני,map,35.6,6.2,72
1261,פסגות גוונים כללי,תגמולים ואישית לפיצויים,כללי,כללי,בינוני,map,,,3
1259,פסגות גוונים מסלול קידום כללי,תגמולים ואישית לפיצויים,כללי,כללי,בינוני,map,,,3
775,פסגות גמל בטא סגנון,תגמולים ואישית לפיצויים,כללי,כללי,בינוני,track,45.5,10.54,48
708,פסגות גמל כללי,תגמולים ואישית לפיצויים,כללי,כללי,בינוני,track,32.3,7.81,48
113,פסגות קרן אור,תגמולים ואישית לפיצויים,כללי,כללי,בינוני,map,30.3,9.95,25
1216,פסגות שיא גמל כללי,תגמולים ואישית לפיצויים,כללי,כללי,בינוני,map,28.3,,25
1269,קואטרו מנורה תגמולים א',תגמולים ואישית לפיצויים,כללי,כללי,בינוני,map,24.0,,9
1297,קואטרו מנורה תגמולים ב',תגמולים ואישית לפיצויים,כללי,כללי,בינוני,track,25.0,,7
506,קופת הגמל לתגמולים ולפיצויים של קרן הגימלאות המרכזית של עובדי ההסתדרות,תגמולים ואישית לפיצויים,כללי,כללי,בינוני,map,,,1
435,שקמה,תגמולים ואישית לפיצויים,כללי,כללי,בינוני,track,32.5,8.13,24
143,תגמולים,תגמולים ואישית לפיצויים,כללי,כללי,בינוני,track,34.2,9.71,6
2123,"תגמולים שיטת הפניקס סל עוקב ליבור דולר ארה""ב לחודש",תגמולים ואישית לפיצויים,כללי,כללי,בינוני,map,0.0,,48
2120,תגמולים שיטת הפניקס סל עוקב מדד Barclays capital,תגמולים ואישית לפיצויים,כללי,כללי,בינוני,map,0.0,,48
2122,תגמולים שיטת הפניקס סל עוקב מדד IBoxx $ Liquid,תגמולים ואישית לפיצויים,כללי,כללי,בינוני,map,0.0,,48
2121,תגמולים שיטת הפניקס סל עוקב מדד J.P.Morgan,תגמולים ואישית לפיצויים,כללי,כללי,בינוני,map,0.0,,48
642,תואר,תגמולים ואישית לפיצויים,כללי,כללי,בינוני,map,31.3,7.79,25
517,תלם-חריש,תגמולים ואישית לפיצויים,כללי,כללי,בינוני,map,0.0,1.96,34
1013,תמיר פישמן גמל כללי,תגמולים ואישית לפיצויים,כללי,כללי,בינוני,track,31.0,8.99,38
1516,אי.בי.אי לתגמולים ופיצויים מניות בארץ,תגמולים ואישית לפיצויים,מניות,מניות,גבוה,map,91.5,,57
8722,אי.בי.אי לתגמולים ופיצויים מסלול מחקה מדד STOXX EUROPE 600,תגמולים ואישית לפיצויים,מדד,מדד,גבוה,map,,,11
1201,אי.בי.אי לתגמולים ופיצויים מסלול מניות,תגמולים ואישית לפיצויים,מניות,מניות,גבוה,track,91.3,10.65,108
1062,איילון תגמולים ואישית לפיצויים מסלול מניות,תגמולים ואישית לפיצויים,מניות,מניות,גבוה,map,93.8,10.66,42
15396,אינפיניטי גמל הלכה,תגמולים ואישית לפיצויים,הלכתי,הלכה יהודית,גבוה,equity,97.2,,14
1536,אינפיניטי גמל מניות,תגמולים ואישית לפיצויים,מתמחים בניהול אקטיבי,מניות,גבוה,map,95.3,11.3,177
1079,אינפיניטי גמל מניות בישראל,תגמולים ואישית לפיצויים,מניות,מניות ישראל,גבוה,map,99.0,14.71,172
14919,אינפיניטי גמל עוקב מדד s&p 500,תגמולים ואישית לפיצויים,עוקבי מדדים,עוקב מדד s&p 500,גבוה,map,97.0,,24
15423,אינפיניטי גמל עוקב מדדי מניות,תגמולים ואישית לפיצויים,עוקבי מדדים,עוקב מדדי מניות,גבוה,track,93.3,,14
1075,אינפיניטי תגמולים ופיצויים (ב) מסלול סל מנייתי,תגמולים ואישית לפיצויים,מניות,מניות,גבוה,track,98.7,21.0,9
2020,איפקס תגמולים מניות,תגמולים ואישית לפיצויים,מניות,מניות,גבוה,map,81.7,,30
1266,אלומות תגמולים ופיצויים מסלול מנייתי,תגמולים ואישית לפיצויים,מניות,מניות,גבוה,track,96.2,,3
1375,אלטשולר שחם גמל מניות,תגמולים ואישית לפיצויים,מתמחים בניהול אקטיבי,מניות,גבוה,equity,93.4,11.82,163
15540,אלטשולר שחם גמל מניות סחיר,תגמולים ואישית לפיצויים,מתמחים באפיקי השקעה סחירים,מניות סחיר,גבוה,track,92.7,,10
14858,אלטשולר שחם גמל עוקב מדד S&P 500,תגמולים ואישית לפיצויים,עוקבי מדדים,עוקב מדד s&p 500,גבוה,map,98.4,,27
989,אלטשולר שחם עוקב מדדי מניות,תגמולים ואישית לפיצויים,עוקבי מדדים,עוקב מדדי מניות,גבוה,track,91.9,7.89,192
12531,"אלפא מור קופת גמל לחיסכון, קופת גמל לתגמולים וקופת גמל אישית לפיצויים - מניות",תגמולים ואישית לפיצויים,מתמחים בניהול אקטיבי,מניות,גבוה,equity,97.1,13.77,85
9452,"אלפא מור קופת גמל לחיסכון, קופת גמל לתגמולים וקופת גמל אישית לפיצויים - עוקב מדד S&P 500",תגמולים ואישית לפיצויים,עוקבי מדדים,עוקב מדד s&p 500,גבוה,map,99.6,12.53,126
15247,"אלפא מור קופת גמל לחיסכון, קופת גמל לתגמולים וקופת גמל אישית לפיצויים מתמחים באפיקי השקעה סחירים מניות סחיר",תגמולים ואישית לפיצויים,מתמחים באפיקי השקעה סחירים,מניות סחיר,גבוה,map,91.6,,19
15246,"אלפא מור קופת גמל לחיסכון, קופת גמל לתגמולים וקופת גמל אישית לפיצויים מתמחים בניהול אקטיבי מניות",תגמולים ואישית לפיצויים,מתמחים בניהול אקטיבי,מניות,גבוה,map,,,2
15249,"אלפא מור קופת גמל לחיסכון, קופת גמל לתגמולים וקופת גמל אישית לפיצויים עוקבי מדדים עוקב מדדי מניות",תגמולים ואישית לפיצויים,עוקבי מדדים,עוקב מדדי מניות,גבוה,map,98.7,,19
8695,"אלפא מור תגמולים - מסלול עוקב מדד ""מניות תל אביב 35""",תגמולים ואישית לפיצויים,מניות,מניות ישראל,גבוה,track,100.0,14.16,115
814,אנליסט גמל מניות,תגמולים ואישית לפיצויים,מתמחים בניהול אקטיבי,מניות,גבוה,equity,96.3,13.41,192
817,אנליסט גמל מניות סחיר,תגמולים ואישית לפיצויים,מתמחים באפיקי השקעה סחירים,מניות סחיר,גבוה,track,95.7,12.08,192
13855,אנליסט מסלולית קופת גמל - עוקב מדד S&P500,תגמולים ואישית לפיצויים,עוקבי מדדים,עוקב מדד s&p 500,גבוה,map,99.6,,45
15310,אנליסט מסלולית קופת גמל עוקב מדדי מניות,תגמולים ואישית לפיצויים,עוקבי מדדים,עוקב מדדי מניות,גבוה,map,99.2,,19
734,אנליסט קתדרה קופת גמל - מסלול מניות,תגמולים ואישית לפיצויים,מניות,מניות,גבוה,map,80.5,18.46,43
1103,אקסלנס גמל מניות,תגמולים ואישית לפיצויים,מניות,מניות,גבוה,map,93.6,15.66,62
8626,אקסלנס גמל פאסיבי- מדדי מניות,תגמולים ואישית לפיצויים,מניות,פאסיבי,גבוה,map,96.1,11.46,74
790,אקסלנס גמל פלטינום מניות,תגמולים ואישית לפיצויים,מניות,מניות,גבוה,track,93.7,17.57,37
8625,אקסלנס קסם גמל מחקה מדדים,תגמולים ואישית לפיצויים,כללי,פאסיבי,גבוה,map,29.1,,17
2031,דש גמל מניות,תגמולים ואישית לפיצויים,מניות,מניות,גבוה,track,88.1,,9
2027,דש תגמולים מניות,תגמולים ואישית לפיצויים,מניות,מניות,גבוה,track,87.8,,12
1230,הדס ארזים אפסילון תגמולים מסלול מנייתי,תגמולים ואישית לפיצויים,מניות,מניות,גבוה,track,95.7,19.25,45
2256,הלמן-אלדובי גמל מחקה מדד S&P500,תגמולים ואישית לפיצויים,מניות,"חו""ל - פאסיבי",גבוה,map,99.1,11.87,101
2255,"הלמן-אלדובי גמל מחקה מדד ת""א 35",תגמולים ואישית לפיצויים,מניות,פאסיבי,גבוה,map,99.5,11.69,92
724,הלמן-אלדובי גמל מניות,תגמולים ואישית לפיצויים,מניות,מניות,גבוה,map,96.6,12.25,142
1543,"הלמן-אלדובי גמל מסלול מדדי מניות חו""ל (פאסיבי)",תגמולים ואישית לפיצויים,מניות,"חו""ל - פאסיבי",גבוה,map,97.3,9.93,120
15209,הפניקס גמל מניות סחיר,תגמולים ואישית לפיצויים,מתמחים באפיקי השקעה סחירים,מניות סחיר,גבוה,map,93.2,,19
961,הפניקס גמל מסלול מניות,תגמולים ואישית לפיצויים,מניות,מניות,גבוה,track,95.1,14.0,181
13263,הפניקס גמל עוקב מדד s&p500,תגמולים ואישית לפיצויים,מניות,"חו""ל - פאסיבי",גבוה,map,97.9,9.83,65
15210,הפניקס גמל עוקב מדדי מניות,תגמולים ואישית לפיצויים,עוקבי מדדים,עוקב מדדי מניות,גבוה,map,94.5,,19
13501,הראל גמל - עוקב מדד s&p 500,תגמולים ואישית לפיצויים,עוקבי מדדים,עוקב מדד s&p 500,גבוה,map,98.8,,59
761,הראל גמל מסלול מניות,תגמולים ואישית לפיצויים,מתמחים בניהול אקטיבי,מניות,גבוה,equity,96.9,11.65,132
15291,הראל גמל קיימות,תגמולים ואישית לפיצויים,קיימות,קיימות,גבוה,equity,89.0,,18
15295,הראל גמל- מניות סחיר,תגמולים ואישית לפיצויים,מתמחים באפיקי השקעה סחירים,מניות סחיר,גבוה,track,99.2,,18
15293,הראל גמל- עוקב מדדי מניות,תגמולים ואישית לפיצויים,עוקבי מדדים,עוקב מדדי מניות,גבוה,track,97.4,,18
544,חיננית - מסלול מניות,תגמולים ואישית לפיצויים,מניות,מניות,גבוה,track,91.0,16.83,13
1036,ילין לפידות קופת גמל מסלול מניות,תגמולים ואישית לפיצויים,מתמחים בניהול אקטיבי,מניות,גבוה,equity,82.9,11.97,183
15419,ילין לפידות קופת גמל מסלול עוקב מדד s&p 500,תגמולים ואישית לפיצויים,עוקבי מדדים,עוקב מדד s&p 500,גבוה,track,99.6,,16
1122,כלל גמל מניות,תגמולים ואישית לפיצויים,מניות,מניות,גבוה,track,96.5,,48
127,כלל תמר מניות,תגמולים ואישית לפיצויים,מתמחים בניהול אקטיבי,מניות,גבוה,equity,99.0,14.11,192
15430,כלל תמר מניות סחיר,תגמולים ואישית לפיצויים,מתמחים באפיקי השקעה סחירים,מניות סחיר,גבוה,track,98.7,,11
13343,כלל תמר עוקב מדד s&p 500,תגמולים ואישית לפיצויים,עוקבי מדדים,עוקב מדד s&p 500,גבוה,track,98.4,9.79,61
15093,כלל תמר עוקב מדדי מניות,תגמולים ואישית לפיצויים,עוקבי מדדים,עוקב מדדי מניות,גבוה,map,96.2,,22
109,להיט - מניות,תגמולים ואישית לפיצויים,מניות,מניות,גבוה,track,92.6,18.34,16
15453,מגדל לתגמולים ולפיצויים מניות סחיר,תגמולים ואישית לפיצויים,מתמחים באפיקי השקעה סחירים,מניות סחיר,גבוה,track,96.3,,13
863,מגדל לתגמולים ולפיצויים מסלול מניות,תגמולים ואישית לפיצויים,מתמחים בניהול אקטיבי,מניות,גבוה,equity,96.8,12.23,171
13565,מגדל לתגמולים ולפיצויים עוקב מדד s&p500,תגמולים ואישית לפיצויים,עוקבי מדדים,עוקב מדד s&p 500,גבוה,map,99.4,,59
15055,מגדל לתגמולים ולפיצויים עוקב מדדי מניות,תגמולים ואישית לפיצויים,עוקבי מדדים,עוקב מדדי מניות,גבוה,track,98.5,,21
877,מיטב גמל מניות,תגמולים ואישית לפיצויים,מתמחים בניהול אקטיבי,מניות,גבוה,equity,96.4,13.54,192
1239,מיטב גמל מניות,תגמולים ואישית לפיצויים,מניות,מניות,גבוה,track,89.8,22.64,45
15345,מיטב גמל מניות סחיר,תגמולים ואישית לפיצויים,מתמחים באפיקי השקעה סחירים,מניות סחיר,גבוה,map,97.4,,19
13246,מיטב גמל עוקב מדד S&P500,תגמולים ואישית לפיצויים,עוקבי מדדים,עוקב מדד s&p 500,גבוה,map,99.0,10.29,67
1689,מיטב גמל עוקב מדדי מניות,תגמולים ואישית לפיצויים,עוקבי מדדים,עוקב מדדי מניות,גבוה,track,97.0,15.25,121
15346,מיטב גמל קיימות,תגמולים ואישית לפיצויים,קיימות,קיימות,גבוה,equity,96.9,,19
782,מיטב דינאמית גמל מסלול מניות,תגמולים ואישית לפיצויים,מניות,מניות,גבוה,track,91.1,20.44,27
600,מיטב דש גמל חכם לבני 40-50,תגמולים ואישית לפיצויים,כללי,כללי,גבוה,map,47.6,6.59,31
1207,מיטב וויזר גמל מניות,תגמולים ואישית לפיצויים,מניות,מניות,גבוה,track,88.2,,15
1221,מילניום קופה לתגמולים ופיצויים מסלולית - מסלול מניות,תגמולים ואישית לפיצויים,מניות,מניות,גבוה,track,90.7,,15
1255,מנורה גמל מנייתי,תגמולים ואישית לפיצויים,מניות,מניות,גבוה,track,96.3,17.25,39
15725,מנורה מבטחים תגמולים ופיצויים מניות סחיר,תגמולים ואישית לפיצויים,מתמחים באפיקי השקעה סחירים,מניות סחיר,גבוה,track,83.3,,1
1364,מנורה מבטחים תגמולים ופיצויים מסלול מניות,תגמולים ואישית לפיצויים,מתמחים בניהול אקטיבי,מניות,גבוה,equity,96.8,12.14,192
13356,מנורה מבטחים תגמולים ופיצויים מסלול עוקב מדדי מניות,תגמולים ואישית לפיצויים,עוקבי מדדים,עוקב מדדי מניות,גבוה,track,97.3,,60
13946,מנורה מבטחים תגמולים ופיצויים עוקב מדד S&P500,תגמולים ואישית לפיצויים,עוקבי מדדים,עוקב מדד s&p 500,גבוה,map,98.3,,46
11949,"סלייס גמל קופת גמל לחסכון מדד חו""ל",תגמולים ואישית לפיצויים,מדד,"חו""ל",גבוה,equity,95.4,13.26,93
11947,סלייס גמל קופת גמל לחסכון מדד מניות ישראל,תגמולים ואישית לפיצויים,מדד,מניות ישראל,גבוה,map,,,86
11943,סלייס גמל קופת גמל לחסכון מניות מניות,תגמולים ואישית לפיצויים,מניות,מניות,גבוה,map,90.4,,93
1330,פסגות גדיש מניות,תגמולים ואישית לפיצויים,מניות,מניות,גבוה,map,93.2,10.51,142
709,פסגות גמל מניות,תגמולים ואישית לפיצויים,מניות,מניות,גבוה,track,96.5,18.61,48
547,פסגות סגנון גמל מניות,תגמולים ואישית לפיצויים,מניות,מניות,גבוה,track,95.9,17.41,24
1215,פסגות שיא גמל מניות,תגמולים ואישית לפיצויים,מניות,מניות,גבוה,map,91.4,,25
595,תגב - מנייתי,תגמולים ואישית לפיצויים,מניות,מניות,גבוה,track,92.7,16.46,9
1502,תגמולים שיטת הפניקס סל עוקב מדד msci שווקים מתעורר,תגמולים ואישית לפיצויים,מניות,"מניות חו""ל",גבוה,map,100.0,,48
1501,תגמולים שיטת הפניקס סל עוקב מדד s&p 500,תגמולים ואישית לפיצויים,מניות,"מניות חו""ל",גבוה,map,99.2,,48
1500,תגמולים שיטת הפניקס סל עוקב מדד דאו ג'ונס יורוסטוקס 50,תגמולים ואישית לפיצויים,מניות,"מניות חו""ל",גבוה,map,100.0,,48
1492,"תגמולים שיטת הפניקס סל עוקב מדד ת""א 100",תגמולים ואישית לפיצויים,מניות,מניות,גבוה,map,99.3,,48
2117,"תגמולים שיטת הפניקס סל עוקב מדד ת""א 25",תגמולים ואישית לפיצויים,כללי,כללי,גבוה,map,98.6,,48
1011,"תמיר פישמן גמל מניות בישראל ובחו""ל",תגמולים ואישית לפיצויים,מניות,מניות,גבוה,track,94.1,19.35,38
1517,"תמיר פישמן גמל מניות חו""ל",תגמולים ואישית לפיצויים,מניות,"מניות חו""ל",גבוה,track,92.7,,28
7818,"אי.בי.אי קופה לתגמולים ופיצויים מסלול פאסיבי - מדדי אג""ח",תגמולים ואישית לפיצויים,"אג""ח",פאסיבי,נמוך,map,,,29
2237,"איילון מקפת תגמולים - אג""ח",תגמולים ואישית לפיצויים,"אג""ח","אג""ח",נמוך,equity,0.0,,2
1068,איילון תגמולים ואישית לפיצויים מסלול שקלי,תגמולים ואישית לפיצויים,שיקלי,שקלי,נמוך,map,0.0,0.76,42
1209,"אינפיניטי גמל אג""ח ממשלות",תגמולים ואישית לפיצויים,מתמחים בניהול אקטיבי,"אג""ח ממשלות",נמוך,equity,0.0,2.03,189
1490,"אינפיניטי גמל אג""ח קונצרני",תגמולים ואישית לפיצויים,"אג""ח","אג""ח קונצרניות",נמוך,map,0.0,4.24,129
1078,"אינפיניטי גמל אשראי ואג""ח",תגמולים ואישית לפיצויים,מתמחים בניהול אקטיבי,"אשראי ואג""ח",נמוך,equity,0.0,2.94,189
1074,"אינפיניטי תגמולים ופיצויים (ב)מסלול סל אג""ח",תגמולים ואישית לפיצויים,"אג""ח","אג""ח",נמוך,equity,0.0,3.47,9
1076,"אינפיניטי תגמולים ופיצויים (ל) מסלול סל אג""ח",תגמולים ואישית לפיצויים,"אג""ח","אג""ח",נמוך,equity,0.0,3.46,9
1264,"אלומות תגמולים ופיצויים מסלול אג""ח א",תגמולים ואישית לפיצויים,"אג""ח","אג""ח",נמוך,equity,0.0,,3
1395,"אלטשולר שחם גמל אג""ח ממשלות",תגמולים ואישית לפיצויים,מתמחים בניהול אקטיבי,"אג""ח ממשלות",נמוך,equity,0.0,2.38,163
1376,"אלטשולר שחם גמל אשראי ואג""ח",תגמולים ואישית לפיצויים,מתמחים בניהול אקטיבי,"אשראי ואג""ח",נמוך,equity,0.0,3.31,163
2006,"אלטשולר שחם גמל מסלול אג""ח צמוד מדד",תגמולים ואישית לפיצויים,"אג""ח","אג""ח צמוד מדד",נמוך,track,0.0,,16
14481,"אלפא מור קופת גמל לחיסכון, קופת גמל לתגמולים וקופת גמל אישית לפיצויים - אשראי ואג""ח",תגמולים ואישית לפיצויים,מתמחים בניהול אקטיבי,"אשראי ואג""ח",נמוך,map,2.3,,31
15248,"אלפא מור קופת גמל לחיסכון, קופת גמל לתגמולים וקופת גמל אישית לפיצויים מתמחים באפיקי השקעה סחירים אג""ח סחיר",תגמולים ואישית לפיצויים,מתמחים באפיקי השקעה סחירים,"אג""ח סחיר",נמוך,map,3.3,,19
15245,"אלפא מור קופת גמל לחיסכון, קופת גמל לתגמולים וקופת גמל אישית לפיצויים מתמחים בניהול אקטיבי אשראי ואג""ח",תגמולים ואישית לפיצויים,מתמחים בניהול אקטיבי,"אשראי ואג""ח",נמוך,map,,,2
15250,"אלפא מור קופת גמל לחיסכון, קופת גמל לתגמולים וקופת גמל אישית לפיצויים עוקבי מדדים עוקב מדדי אג""ח",תגמולים ואישית לפיצויים,עוקבי מדדים,"עוקב מדדי אג""ח",נמוך,map,0.0,,19
8698,"אלפא מור תגמולים - מסלול עוקב מדד ""תל בונד 20""",תגמולים ואישית לפיצויים,"אג""ח","אג""ח קונצרניות",נמוך,map,0.0,4.74,115
1412,"אנליסט גמל אג""ח ממשלות",תגמולים ואישית לפיצויים,מתמחים בניהול אקטיבי,"אג""ח ממשלות",נמוך,equity,0.0,2.15,192
813,"אנליסט גמל אשראי ואג""ח",תגמולים ואישית לפיצויים,מתמחים בניהול אקטיבי,"אשראי ואג""ח",נמוך,equity,0.0,4.33,192
7704,"אנליסט מסלולית קופת גמל - מסלול פאסיבי מדדי אג""ח",תגמולים ואישית לפיצויים,מדד,"אג""ח",נמוך,map,25.0,,13
732,"אנליסט קתדרה קופת גמל - מסלול אג""ח",תגמולים ואישית לפיצויים,"אג""ח","אג""ח",נמוך,equity,3.9,4.17,72
793,"אקסלנס אופיר - מסלול מט""ח טווח קצר",תגמולים ואישית לפיצויים,"מט""ח","מט""ח טווח קצר",נמוך,equity,0.0,8.86,13
792,"אקסלנס גמל אג""ח צמוד מדד",תגמולים ואישית לפיצויים,"אג""ח","אג""ח צמוד מדד",נמוך,map,0.0,3.03,86
2240,"אקסלנס גמל זהב אג""ח צמוד מדד",תגמולים ואישית לפיצויים,"אג""ח","אג""ח צמוד מדד",נמוך,map,,,14
8627,"אקסלנס גמל פאסיבי-מדדי אג""ח",תגמולים ואישית לפיצויים,"אג""ח",פאסיבי,נמוך,map,0.0,,41
787,אקסלנס גמל פלטינום שקלי,תגמולים ואישית לפיצויים,שיקלי,שקלי,נמוך,track,0.0,2.95,37
1042,אקסלנס גמל שקלי,תגמולים ואישית לפיצויים,שיקלי,שקלי,נמוך,map,0.0,4.05,62
1044,אקסלנס שחקים מסלול שקלי ב',תגמולים ואישית לפיצויים,שיקלי,שקלי,נמוך,map,0.0,4.07,13
944,אתגרים - מסלול צמוד מדד,תגמולים ואישית לפיצויים,מדד,מדד,נמוך,map,2.6,6.67,7
945,אתגרים - מסלול שיקלי,תגמולים ואישית לפיצויים,שיקלי,שקלי,נמוך,map,,,4
2030,"דש גמל אג""ח כללי",תגמולים ואישית לפיצויים,"אג""ח","אג""ח",נמוך,equity,0.0,,9
2026,"דש תגמולים אג""ח כללי",תגמולים ואישית לפיצויים,"אג""ח","אג""ח",נמוך,equity,0.0,,12
2025,"הדס ארזים אג""ח",תגמולים ואישית לפיצויים,"אג""ח","אג""ח",נמוך,equity,0.0,,20
1229,"הדס ארזים אפסילון תגמולים מסלול אג""ח",תגמולים ואישית לפיצויים,"אג""ח","אג""ח",נמוך,equity,0.0,3.42,45
722,"הלמן-אלדובי בר-יציב אג""ח צמוד מדד",תגמולים ואישית לפיצויים,"אג""ח","אג""ח צמוד מדד",נמוך,track,0.0,2.73,108
723,הלמן-אלדובי בר-יציב שקלי,תגמולים ואישית לפיצויים,שיקלי,שקלי,נמוך,track,0.0,1.95,108
1198,"הלמן-אלדובי גמל מסלול אג""ח ללא מניות",תגמולים ואישית לפיצויים,"אג""ח","אג""ח ללא מניות",נמוך,map,0.0,2.31,142
1442,"הלמן-אלדובי גמל מסלול פאסיבי - מדדי אג""ח ממשלת ישראל",תגמולים ואישית לפיצויים,"אג""ח",פאסיבי,נמוך,map,0.0,1.62,142
528,הפניקס גמולה מבטיחת תשואה,תגמולים ואישית לפיצויים,מבטיח תשואה,מבטיח תשואה,נמוך,equity,1.3,,181
15208,"הפניקס גמל אג""ח סחיר",תגמולים ואישית לפיצויים,מתמחים באפיקי השקעה סחירים,"אג""ח סחיר",נמוך,map,19.4,,19
385,"הפניקס גמל אשראי ואג""ח",תגמולים ואישית לפיצויים,מתמחים בניהול אקטיבי,"אשראי ואג""ח",נמוך,equity,0.0,3.19,181
2049,הפניקס גמל שריעה,תגמולים ואישית לפיצויים,הלכתי,הלכה איסלאמית,נמוך,equity,0.0,1.65,163
8595,"הפניקס מסלול אג""ח",תגמולים ואישית לפיצויים,"אג""ח","אג""ח",נמוך,map,,,22
1355,"הפניקס תגמולים ופיצויים - מסלול אג""ח",תגמולים ואישית לפיצויים,"אג""ח","אג""ח",נמוך,map,0.0,1.58,86
1484,"הראל גמל מסלול אג""ח קונצרני",תגמולים ואישית לפיצויים,"אג""ח","אג""ח קונצרניות",נמוך,map,0.0,2.53,115
1335,"הראל גמל מסלול אשראי ואג""ח",תגמולים ואישית לפיצויים,מתמחים בניהול אקטיבי,"אשראי ואג""ח",נמוך,equity,3.1,2.23,132
1368,הראל גמל מסלול שקלי,תגמולים ואישית לפיצויים,שיקלי,שקלי,נמוך,map,0.0,2.48,115
15294,"הראל גמל- אג""ח סחיר",תגמולים ואישית לפיצויים,מתמחים באפיקי השקעה סחירים,"אג""ח סחיר",נמוך,equity,0.0,,18
15292,"הראל גמל- עוקב מדדי אג""ח",תגמולים ואישית לפיצויים,עוקבי מדדים,"עוקב מדדי אג""ח",נמוך,equity,0.0,,18
542,חיננית - מסלול טווח ארוך,תגמולים ואישית לפיצויים,"אג""ח",טווח ארוך,נמוך,equity,0.0,4.55,13
545,חיננית - מסלול שקלי,תגמולים ואישית לפיצויים,שיקלי,שקלי,נמוך,track,0.0,2.84,13
541,חיננית קופת תגמולים - טווח בינוני - לשעבר מקבוצת מזרחי טפחות,תגמולים ואישית לפיצויים,"אג""ח",טווח בינוני,נמוך,equity,0.0,4.53,13
1360,"ילין לפידות קופת גמל מסלול אג""ח ממשלות",תגמולים ואישית לפיצויים,מתמחים בניהול אקטיבי,"אג""ח ממשלות",נמוך,equity,0.0,1.53,183
1037,"ילין לפידות קופת גמל מסלול אשראי ואג""ח",תגמולים ואישית לפיצויים,מתמחים בניהול אקטיבי,"אשראי ואג""ח",נמוך,equity,0.7,3.02,183
563,ישיר מתן 2001 קופת גמל לתגמולים ולפיצויים מקבוצת ביטוח ישיר,תגמולים ואישית לפיצויים,כללי,ללא מניות,נמוך,track,0.0,4.92,12
1124,כלל גמל מדד,תגמולים ואישית לפיצויים,מדד,מדד,נמוך,equity,0.0,,48
1125,כלל גמל שקלי,תגמולים ואישית לפיצויים,שיקלי,שקלי,נמוך,map,,,4
2034,"כלל תמר אג""ח",תגמולים ואישית לפיצויים,"אג""ח","אג""ח",נמוך,equity,0.0,,24
15431,"כלל תמר אג""ח סחיר",תגמולים ואישית לפיצויים,מתמחים באפיקי השקעה סחירים,"אג""ח סחיר",נמוך,equity,0.0,,11
117,"כלל תמר אשראי ואג""ח",תגמולים ואישית לפיצויים,מתמחים בניהול אקטיבי,"אשראי ואג""ח",נמוך,equity,0.0,3.08,192
124,כלל תמר מדד,תגמולים ואישית לפיצויים,מדד,מדד,נמוך,equity,0.0,3.31,174
592,כלל תמר שקלים,תגמולים ואישית לפיצויים,שיקלי,שקלי,נמוך,map,0.0,2.51,174
1402,להיט קופה לתגמולים ופיצויים מסלול שקלי,תגמולים ואישית לפיצויים,שיקלי,שקלי,נמוך,map,,,12
859,"מגדל לתגמולים ולפיצויים מסלול אג""ח ממשלות",תגמולים ואישית לפיצויים,מתמחים בניהול אקטיבי,"אג""ח ממשלות",נמוך,equity,0.0,2.89,171
8012,"מגדל לתגמולים ולפיצויים מסלול אשראי ואג""ח",תגמולים ואישית לפיצויים,מתמחים בניהול אקטיבי,"אשראי ואג""ח",נמוך,map,8.4,4.03,150
860,מגדל לתגמולים ולפיצויים מסלול צמוד מדד,תגמולים ואישית לפיצויים,מדד,מדד,נמוך,map,0.0,2.95,79
15454,"מגדל לתגמולים ולפיצויים עוקב מדדי אג""ח",תגמולים ואישית לפיצויים,עוקבי מדדים,"עוקב מדדי אג""ח",נמוך,equity,0.0,,13
120,מיטב ביטחון מבטיח תשואה 4.5%,תגמולים ואישית לפיצויים,מבטיח תשואה,מבטיח תשואה,נמוך,equity,0.0,,192
529,מיטב ביטחון מבטיח תשואה 5.5%,תגמולים ואישית לפיצויים,מבטיח תשואה,מבטיח תשואה,נמוך,equity,0.0,,192
1386,"מיטב גמל אג""ח ממשלות",תגמולים ואישית לפיצויים,מתמחים בניהול אקטיבי,"אג""ח ממשלות",נמוך,equity,0.0,2.03,150
15344,"מיטב גמל אג""ח סחיר",תגמולים ואישית לפיצויים,מתמחים באפיקי השקעה סחירים,"אג""ח סחיר",נמוך,map,0.0,,19
223,"מיטב גמל אשראי ואג""ח",תגמולים ואישית לפיצויים,מתמחים בניהול אקטיבי,"אשראי ואג""ח",נמוך,equity,0.0,2.65,192
1249,"מיטב גמל חכם מסלול אג""ח ב",תגמולים ואישית לפיצויים,"אג""ח","אג""ח ללא מניות",נמוך,track,0.0,2.46,54
876,מיטב גמל כספי (שקלי),תגמולים ואישית לפיצויים,מתמחים בניהול אקטיבי,כספי (שקלי),נמוך,equity,0.0,2.66,192
948,מיטב גמל שקלי טווח קצר,תגמולים ואישית לפיצויים,שיקלי,טווח קצר,נמוך,map,0.0,0.37,175
1371,מיטב דינאמית גמל כספית ללא מניות,תגמולים ואישית לפיצויים,כללי,ללא מניות,נמוך,track,0.0,,27
784,מיטב דינאמית גמל מסלול צמוד מדד,תגמולים ואישית לפיצויים,מדד,מדד,נמוך,equity,0.0,4.43,27
785,מיטב דינאמית גמל מסלול שקלי,תגמולים ואישית לפיצויים,שיקלי,שקלי,נמוך,track,0.0,3.77,27
1235,"מיטב דש גמל אג""ח (ללא מניות)",תגמולים ואישית לפיצויים,"אג""ח","אג""ח ללא מניות",נמוך,track,0.0,3.83,54
875,"מיטב דש גמל אג""ח צמוד מדד",תגמולים ואישית לפיצויים,"אג""ח","אג""ח צמוד מדד",נמוך,map,1.8,2.9,133
1448,"מיטב וויזר גמל אג""ח ממשלתי",תגמולים ואישית לפיצויים,"אג""ח","אג""ח ממשלתי",נמוך,equity,0.0,,15
1119,"מיטב תגמולים מסלול אג""ח",תגמולים ואישית לפיצויים,"אג""ח","אג""ח",נמוך,equity,4.0,6.45,45
1312,"מילניום קופה לתגמולים ופיצויים - מסלול אג""ח ללא מניות",תגמולים ואישית לפיצויים,"אג""ח","אג""ח ללא מניות",נמוך,track,0.0,,15
536,מנורה מבטחים אמיר מדד בגין,תגמולים ואישית לפיצויים,מבטיח תשואה,מבטיח תשואה,נמוך,equity,0.0,,192
533,מנורה מבטחים אמיר מדד ידוע,תגמולים ואישית לפיצויים,מבטיח תשואה,מבטיח תשואה,נמוך,equity,0.0,,192
530,מנורה מבטחים יותר מסלול א',תגמולים ואישית לפיצויים,מבטיח תשואה,מבטיח תשואה,נמוך,equity,0.0,,192
531,מנורה מבטחים יותר מסלול ב',תגמולים ואישית לפיצויים,מבטיח תשואה,מבטיח תשואה,נמוך,equity,0.0,,192
532,מנורה מבטחים יותר מסלול ג',תגמולים ואישית לפיצויים,מבטיח תשואה,מבטיח תשואה,נמוך,equity,0.0,,192
1344,"מנורה מבטחים תגמולים ופיצויים אג""ח ממשלת ישראל",תגמולים ואישית לפיצויים,"אג""ח","אג""ח ממשלתי",נמוך,map,0.0,2.42,168
14679,"מנורה מבטחים תגמולים ופיצויים מסלול עוקב מדדי אג""ח",תגמולים ואישית לפיצויים,עוקבי מדדים,"עוקב מדדי אג""ח",נמוך,map,0.0,,32
11942,"סלייס גמל קופת גמל לחסכון אג""ח אג""ח",תגמולים ואישית לפיצויים,"אג""ח","אג""ח",נמוך,map,0.0,2.06,93
11945,"סלייס גמל קופת גמל לחסכון מדד אג""ח",תגמולים ואישית לפיצויים,מדד,"אג""ח",נמוך,map,,,85
11948,"סלייס גמל קופת גמל לחסכון מדד אג""ח ישראל",תגמולים ואישית לפיצויים,מדד,"אג""ח ישראל",נמוך,map,,,86
1332,"פסגות גדיש אג""ח",תגמולים ואישית לפיצויים,"אג""ח","אג""ח",נמוך,map,0.0,2.47,142
548,"פסגות גדיש אג""ח חו""ל",תגמולים ואישית לפיצויים,ללא סיווג,"חו""ל",נמוך,map,0.2,8.38,73
1431,"פסגות גדיש אג""ח ממשלת ישראל",תגמולים ואישית לפיצויים,"אג""ח","אג""ח ממשלתי",נמוך,map,0.0,2.22,142
208,"פסגות גדיש אג""ח קונצרני",תגמולים ואישית לפיצויים,"אג""ח","אג""ח קונצרניות",נמוך,map,0.1,6.47,73
835,פסגות גדיש אגח צמוד מדד,תגמולים ואישית לפיצויים,"אג""ח","אג""ח צמוד מדד",נמוך,map,0.0,3.39,142
550,פסגות גדיש שקלית,תגמולים ואישית לפיצויים,שיקלי,שקלי,נמוך,track,0.0,2.83,72
831,"פסגות גמל אג""ח",תגמולים ואישית לפיצויים,"אג""ח","אג""ח ללא מניות",נמוך,track,0.0,4.13,48
1423,"פסגות גמל אג""ח מדינה",תגמולים ואישית לפיצויים,"אג""ח","אג""ח ממשלתי",נמוך,equity,0.0,3.35,48
549,פסגות גמל מדדית,תגמולים ואישית לפיצויים,מדד,מדד,נמוך,equity,0.0,6.27,48
774,"פסגות סגנון גמל אג""ח",תגמולים ואישית לפיצויים,"אג""ח","אג""ח",נמוך,equity,0.0,5.02,24
1363,"קואטרו מנורה תגמולים אג""ח ללא מניות",תגמולים ואישית לפיצויים,"אג""ח","אג""ח ללא מניות",נמוך,track,0.0,,7
594,תגב - מדדי טווח בינוני,תגמולים ואישית לפיצויים,מדד,מדד,נמוך,equity,0.0,3.51,9
710,תגב - שקלי קצר,תגמולים ואישית לפיצויים,שיקלי,שקלי,נמוך,track,0.0,0.48,9
1499,"תגמולים שיטת הפניקס סל עוקב מדד אג""ח לא צמוד ריבית קבועה",תגמולים ואישית לפיצויים,"אג""ח","אג""ח",נמוך,map,0.0,,48
1493,תגמולים שיטת הפניקס סל עוקב מדד תל בונד 20,תגמולים ואישית לפיצויים,"אג""ח","אג""ח קונצרניות",נמוך,map,0.0,,48
2119,תגמולים שיטת הפניקס סל עוקב תל בונד שקלי,תגמולים ואישית לפיצויים,כללי,כללי,נמוך,map,0.0,,48
1012,"תמיר פישמן גמל אג""ח",תגמולים ואישית לפיצויים,"אג""ח","אג""ח",נמוך,equity,0.0,4.83,38
1172,"תמיר פישמן גמל אג""ח מדינה",תגמולים ואישית לפיצויים,"אג""ח","אג""ח ממשלתי",נמוך,equity,0.0,,38
2257,אי.בי.אי לתגמולים ופיצויים מחקה מדד תל בונד 20,תגמולים ואישית לפיצויים,"אג""ח","אג""ח",נמוך מאוד,map,0.0,,27
1199,"אי.בי.אי לתגמולים ופיצויים מסלול אג""ח ועוד",תגמולים ואישית לפיצויים,"אג""ח","אג""ח",נמוך מאוד,map,8.4,3.71,73
1010,אי.בי.אי לתגמולים ופיצויים שקלי לטווח קצר,תגמולים ואישית לפיצויים,שיקלי,שקלי טווח קצר,נמוך מאוד,map,0.0,0.4,68
2258,אי.בי.אי מחקה מדד שקליות ריבית קבועה ממשלתיות 2-5,תגמולים ואישית לפיצויים,"אג""ח","אג""ח",נמוך מאוד,map,0.0,,27
2259,אי.בי.אי מחקה מדד שקליות ריבית קבועה ממשלתיות 5+,תגמולים ואישית לפיצויים,"אג""ח","אג""ח",נמוך מאוד,map,0.0,,27
2261,אי.בי.אי תג' מחקה מדד מדדיות ממשלתיות 5-10 שנים,תגמולים ואישית לפיצויים,"אג""ח","אג""ח",נמוך מאוד,map,0.0,,27
2260,אי.בי.אי תגמולים מחקה מדד מדדיות ממשלתיות 2-5 שנים,תגמולים ואישית לפיצויים,"אג""ח","אג""ח",נמוך מאוד,map,0.0,,27
1064,"איילון תגמולים ואישית לפיצויים מסלול אג""ח",תגמולים ואישית לפיצויים,"אג""ח","אג""ח",נמוך מאוד,map,0.0,2.89,42
2019,"איפקס תגמולים אג""ח ממשלתי",תגמולים ואישית לפיצויים,"אג""ח","אג""ח ממשלתי",נמוך מאוד,map,0.0,,30
1394,אלטשולר שחם גמל כספי (שקלי),תגמולים ואישית לפיצויים,מתמחים בניהול אקטיבי,כספי (שקלי),נמוך מאוד,equity,0.0,0.26,163
546,אלטשולר שחם גמל להיט קלאסי,תגמולים ואישית לפיצויים,"אג""ח","אג""ח",נמוך מאוד,map,8.7,3.81,44
8699,"אלפא מור קופת גמל לחיסכון, קופת גמל לתגמולים וקופת גמל אישית לפיצויים - כספי (שקלי)",תגמולים ואישית לפיצויים,מתמחים בניהול אקטיבי,כספי (שקלי),נמוך מאוד,map,0.0,0.42,133
8696,"אלפא מור תגמולים - מסלול עוקב מדד ""מדדיות ממשלתיות לטווח של 5-10 שנים""",תגמולים ואישית לפיצויים,"אג""ח","אג""ח ממשלתי",נמוך מאוד,map,0.0,4.4,115
8697,"אלפא מור תגמולים - מסלול עוקב מדד ""שקליות ריבית קבועה ממשלתיות""",תגמולים ואישית לפיצויים,"אג""ח","אג""ח ממשלתי",נמוך מאוד,map,0.0,3.03,115
815,אנליסט גמל כספי (שקלי),תגמולים ואישית לפיצויים,מתמחים בניהול אקטיבי,כספי (שקלי),נמוך מאוד,equity,0.0,0.6,192
733,"אנליסט קתדרה קופת גמל - מסלול אג""ח ממשלתי",תגמולים ואישית לפיצויים,כללי,ממשלתי,נמוך מאוד,map,0.0,0.78,43
791,אקסלנס אופיר - מסלול שקלי טווח קצר,תגמולים ואישית לפיצויים,שיקלי,שקלי טווח קצר,נמוך מאוד,track,0.0,0.66,13
539,בר קרן גמולים א' - מבטיח תשואה בשיעור 5.5 אחוז לשנה,תגמולים ואישית לפיצויים,מבטיח תשואה,מבטיח תשואה,נמוך מאוד,map,0.0,,192
2050,דש גמל שקלי קצר,תגמולים ואישית לפיצויים,שיקלי,שקלי טווח קצר,נמוך מאוד,track,0.0,,9
2052,דש תגמולים שקלי קצר,תגמולים ואישית לפיצויים,שיקלי,שקלי טווח קצר,נמוך מאוד,track,0.0,,12
1358,הדס ארזים אפסילון תגמולים מסלול שקלי טווח קצר,תגמולים ואישית לפיצויים,שיקלי,שקלי טווח קצר,נמוך מאוד,track,0.0,,45
1415,הדס ארזים לפרישה כספית,תגמולים ואישית לפיצויים,שיקלי,כספית,נמוך מאוד,track,0.0,,45
9906,הפניקס גמל כספי (שיקלי),תגמולים ואישית לפיצויים,מתמחים בניהול אקטיבי,כספי (שקלי),נמוך מאוד,map,0.0,0.42,121
1334,הראל גמל כספי (שקלי),תגמולים ואישית לפיצויים,מתמחים בניהול אקטיבי,כספי (שקלי),נמוך מאוד,equity,0.0,0.34,132
1127,כלל גמל שקלי טווח קצר,תגמולים ואישית לפיצויים,שיקלי,שקלי טווח קצר,נמוך מאוד,track,0.0,,48
128,כלל תמר כספי(שקלי),תגמולים ואישית לפיצויים,מתמחים בניהול אקטיבי,כספי (שקלי),נמוך מאוד,map,0.0,0.34,192
1403,"להיט קופה לתגמולים ופיצויים מסלול אג""ח ממשלתי",תגמולים ואישית לפיצויים,"אג""ח","אג""ח ממשלתי",נמוך מאוד,map,,,12
858,מגדל לתגמולים ולפיצויים מסלול כספי (שקלי),תגמולים ואישית לפיצויים,מתמחים בניהול אקטיבי,כספי (שקלי),נמוך מאוד,equity,0.0,0.52,171
15343,"מנורה מבטחים תגמולים ופיצויים מסלול אג""ח ממשלות",תגמולים ואישית לפיצויים,מתמחים בניהול אקטיבי,"אג""ח ממשלות",נמוך מאוד,map,0.7,,13
1343,מנורה מבטחים תגמולים ופיצויים מסלול כספי (שקלי),תגמולים ואישית לפיצויים,מתמחים בניהול אקטיבי,כספי (שקלי),נמוך מאוד,map,0.0,0.5,192
1333,פסגות גדיש כספי,תגמולים ואישית לפיצויים,שיקלי,כספית,נמוך מאוד,map,0.0,0.2,142
1422,פסגות גמל כספית,תגמולים ואישית לפיצויים,שיקלי,כספית,נמוך מאוד,track,0.0,0.23,48
776,פסגות סגנון גמל כספית,תגמולים ואישית לפיצויים,שיקלי,שקלי טווח קצר,נמוך מאוד,track,0.0,0.6,24
216,פסגות שיא גמל כספית,תגמולים ואישית לפיצויים,שיקלי,טווח קצר,נמוך מאוד,map,0.0,0.65,25
2246,"תגמולים שיטת הפניקס אג""ח ממשלתי בריבית קבועה 2-5 ש",תגמולים ואישית לפיצויים,,,נמוך מאוד,map,0.0,,42
2118,תגמולים שיטת הפניקס אגח ממשלתי שקלי ריבית קבועה +5,תגמולים ואישית לפיצויים,כללי,כללי,נמוך מאוד,map,0.0,,48
1494,תגמולים שיטת הפניקס סל עוקב מדד ממשלתי צמוד 0-2,תגמולים ואישית לפיצויים,"אג""ח","אג""ח ממשלתי",נמוך מאוד,map,0.0,,48
1495,תגמולים שיטת הפניקס סל עוקב מדד ממשלתי צמוד 2-5,תגמולים ואישית לפיצויים,"אג""ח","אג""ח ממשלתי",נמוך מאוד,map,0.0,,48
2116,תגמולים שיטת הפניקס סל עוקב מדד ממשלתי צמוד 5-10,תגמולים ואישית לפיצויים,כללי,כללי,נמוך מאוד,map,0.0,,48
1498,"תגמולים שיטת הפניקס סל עוקב מדד מק""מ",תגמולים ואישית לפיצויים,"אג""ח","אג""ח",נמוך מאוד,map,0.0,,48
2262,אי.בי.אי לתגמולים ופיצויים פאסיבי משולב עד 10% מניות,תגמולים ואישית לפיצויים,"אג""ח",משולב במניות - פאסיבי,נמוך-בינוני,map,9.9,2.47,67
9810,אי.בי.אי. לתגמולים ופיצויים מסלול לבני 60 ומעלה,תגמולים ואישית לפיצויים,מדרגות,60 ומעלה,נמוך-בינוני,map,8.7,,38
1063,"איילון תגמולים ואישית לפיצויים מסלול מט""ח",תגמולים ואישית לפיצויים,"מט""ח","מט""ח",נמוך-בינוני,map,0.0,6.26,41
9551,איילון תגמולים ואישית לפיצויים מסלולית 60 ומעלה,תגמולים ואישית לפיצויים,מדרגות,60 ומעלה,נמוך-בינוני,map,14.2,,15
7233,אינפיניטי גמל מסלול לבני 60 ומעלה,תגמולים ואישית לפיצויים,מדרגות,60 ומעלה,נמוך-בינוני,map,20.6,5.61,121
8391,אינפיניטי גמל עד 15% מניות,תגמולים ואישית לפיצויים,כללי,כללי,נמוך-בינוני,map,14.2,,23
1272,איפקס סלע תגמולים,תגמולים ואישית לפיצויים,כללי,עד 10% מניות,נמוך-בינוני,equity,6.6,3.49,54
1265,"אלומות תגמולים ופיצויים מסלול אג""ח ב",תגמולים ואישית לפיצויים,"אג""ח","אג""ח",נמוך-בינוני,equity,9.6,,3
472,"אלטשולר שחם גמל אג""ח עד 15% במניות",תגמולים ואישית לפיצויים,"אג""ח",משולב מניות,נמוך-בינוני,map,11.8,4.29,103
9952,אלטשולר שחם גמל לבני 60 ומעלה,תגמולים ואישית לפיצויים,מדרגות,60 ומעלה,נמוך-בינוני,map,21.0,5.33,121
12534,"אלפא מור קופת גמל לחיסכון, קופת גמל לתגמולים וקופת גמל אישית לפיצויים - לבני 60 ומעלה",תגמולים ואישית לפיצויים,מדרגות,60 ומעלה,נמוך-בינוני,track,24.1,3.9,85
12957,"אלפא מור קופת גמל לתגמולים ואישית לפיצויים וקופת גמל לא משלמת לקצבה אג""ח עד 25% במניות",תגמולים ואישית לפיצויים,"אג""ח",משולב מניות,נמוך-בינוני,map,23.4,,51
816,"אנליסט גמל מט""ח",תגמולים ואישית לפיצויים,"מט""ח","מט""ח",נמוך-בינוני,track,0.0,7.16,72
8128,"אנליסט מסלולית קופת גמל - אג""ח עד 10% מניות",תגמולים ואישית לפיצויים,"אג""ח",משולב מניות,נמוך-בינוני,map,9.5,3.61,129
9732,אנליסט מסלולית קופת גמל - מסלול לבני 60 ומעלה,תגמולים ואישית לפיצויים,מדרגות,60 ומעלה,נמוך-בינוני,map,23.9,5.27,122
2089,"אקסלנס גמל אג""ח עד 20% מניות",תגמולים ואישית לפיצויים,"אג""ח",משולב מניות,נמוך-בינוני,map,17.4,2.9,113
1040,"אקסלנס גמל אג""ח קונצרני עד 20% מניות",תגמולים ואישית לפיצויים,"אג""ח","אג""ח קונצרניות",נמוך-בינוני,map,14.6,6.03,62
9918,אקסלנס גמל לבני 60 ומעלה,תגמולים ואישית לפיצויים,מדרגות,60 ומעלה,נמוך-בינוני,map,17.8,,26
789,"אקסלנס גמל מט""ח",תגמולים ואישית לפיצויים,"מט""ח","מט""ח",נמוך-בינוני,map,92.4,9.04,62
681,"הלמן-אלדובי בר-יציב אג""ח עד 20% במניות",תגמולים ואישית לפיצויים,"אג""ח",משולב מניות,נמוך-בינוני,track,13.1,2.23,69
107,"הלמן-אלדובי גמל אג""ח עד 25% במניות",תגמולים ואישית לפיצויים,"אג""ח",משולב מניות,נמוך-בינוני,map,24.0,3.73,103
9879,הלמן-אלדובי גמל מסלול לבני 60 ומעלה,תגמולים ואישית לפיצויים,מדרגות,60 ומעלה,נמוך-בינוני,map,19.8,4.91,71
2263,הלמן-אלדובי גמל פאסיבי משולב עד 25% מניות,תגמולים ואישית לפיצויים,"אג""ח",משולב במניות - פאסיבי,נמוך-בינוני,map,24.8,5.14,101
211,"הפניקס גמל אג""ח עד 15% מניות",תגמולים ואישית לפיצויים,"אג""ח",משולב מניות,נמוך-בינוני,map,13.4,4.03,164
401,הפניקס גמל לבני 60 ומעלה,תגמולים ואישית לפיצויים,מדרגות,60 ומעלה,נמוך-בינוני,track,24.6,5.55,181
8624,הפניקס גמל פאסיבי לבני 60 ומעלה,תגמולים ואישית לפיצויים,מדרגות,60 ומעלה,נמוך-בינוני,map,26.9,5.9,119
521,"הפניקס תגמולים ופיצויים - מסלול אג""ח עד 25% מניות",תגמולים ואישית לפיצויים,"אג""ח",משולב מניות,נמוך-בינוני,map,14.7,2.94,86
9530,הפניקס תגמולים ופיצויים - מסלול לבני 60 ומעלה,תגמולים ואישית לפיצויים,מדרגות,60 ומעלה,נמוך-בינוני,map,20.0,,25
1482,הפניקס תגמולים ופיצויים- מסלול שיטת הפניקס,תגמולים ואישית לפיצויים,קוהורטות,קוהורטות,נמוך-בינוני,equity,19.9,,65
101,"הראל אג""ח עד 25% מניות",תגמולים ואישית לפיצויים,"אג""ח",משולב מניות,נמוך-בינוני,map,25.0,4.63,115
871,הראל גמל לגילאי 60 ומעלה,תגמולים ואישית לפיצויים,מדרגות,60 ומעלה,נמוך-בינוני,track,11.5,4.39,12
762,"הראל גמל מסלול אג""ח עד 10% מניות",תגמולים ואישית לפיצויים,"אג""ח",משולב מניות,נמוך-בינוני,map,10.5,2.99,115
502,"הראל גמל מסלול אג""ח עד 20% מניות",תגמולים ואישית לפיצויים,"אג""ח",משולב מניות,נמוך-בינוני,map,20.4,3.96,115
9745,הראל גמל מסלול לגילאי 60 ומעלה,תגמולים ואישית לפיצויים,מדרגות,60 ומעלה,נמוך-בינוני,map,22.7,4.78,121
543,"חיננית - מסלול מט""ח",תגמולים ואישית לפיצויים,"מט""ח","מט""ח",נמוך-בינוני,track,0.0,8.15,13
1035,"ילין לפידות קופת גמל מסלול אג""ח עד 25% מניות",תגמולים ואישית לפיצויים,"אג""ח",משולב מניות,נמוך-בינוני,track,24.5,4.85,165
9941,ילין לפידות קופת גמל מסלול לבני 60 ומעלה,תגמולים ואישית לפיצויים,מדרגות,60 ומעלה,נמוך-בינוני,map,23.3,5.09,121
1123,"כלל גמל מט""ח",תגמולים ואישית לפיצויים,"מט""ח","מט""ח",נמוך-בינוני,map,,,4
9653,כלל תמר 60 ומעלה,תגמולים ואישית לפיצויים,מדרגות,60 ומעלה,נמוך-בינוני,map,23.3,5.54,122
12541,"כלל תמר אג""ח עד 15% מניות",תגמולים ואישית לפיצויים,"אג""ח",משולב מניות,נמוך-בינוני,map,12.9,4.95,64
253,"כלל תמר אג""ח עד 25% מניות",תגמולים ואישית לפיצויים,"אג""ח",משולב מניות,נמוך-בינוני,track,30.0,5.3,174
126,"כלל תמר מט""ח",תגמולים ואישית לפיצויים,"מט""ח","מט""ח",נמוך-בינוני,map,0.9,8.07,74
9781,מגדל לתגמולים ולפיצויים מסלול לבני 60 ומעלה,תגמולים ואישית לפיצויים,מדרגות,60 ומעלה,נמוך-בינוני,map,23.6,5.42,122
783,"מיטב גאון גמל-מסלול מט""ח",תגמולים ואישית לפיצויים,"מט""ח","מט""ח",נמוך-בינוני,track,8.1,7.84,6
1236,"מיטב גמל אג""ח 85",תגמולים ואישית לפיצויים,"אג""ח","אג""ח",נמוך-בינוני,equity,12.8,5.22,51
874,"מיטב גמל אג""ח עד 25% מניות",תגמולים ואישית לפיצויים,"אג""ח",משולב מניות,נמוך-בינוני,map,29.4,5.12,175
1248,מיטב גמל חכם מסלול 60 פלוס,תגמולים ואישית לפיצויים,"אג""ח","אג""ח",נמוך-בינוני,equity,13.5,4.48,54
1247,מיטב גמל חכם מסלול בין 50 ל-60,תגמולים ואישית לפיצויים,"אג""ח","אג""ח",נמוך-בינוני,equity,24.4,5.15,54
551,מיטב גמל לבני 60 ומעלה,תגמולים ואישית לפיצויים,מדרגות,60 ומעלה,נמוך-בינוני,track,20.2,3.05,150
1692,"מיטב גמל עוקב מדדי אג""ח",תגמולים ואישית לפיצויים,עוקבי מדדים,"עוקב מדדי אג""ח",נמוך-בינוני,equity,22.3,5.77,121
12166,"מיטב דש גמל אג""ח עד 25% במניות",תגמולים ואישית לפיצויים,"אג""ח",משולב מניות,נמוך-בינוני,map,,,9
1320,"מיטב וויזר גמל אג""ח",תגמולים ואישית לפיצויים,"אג""ח","אג""ח",נמוך-בינוני,equity,12.8,,15
1147,"מנורה מבטחים תגמולים ופיצויים אג""ח עד 10% מניות",תגמולים ואישית לפיצויים,"אג""ח","אג""ח",נמוך-בינוני,map,9.0,4.04,175
13355,"מנורה מבטחים תגמולים ופיצויים מסלול אשראי ואג""ח",תגמולים ואישית לפיצויים,מתמחים בניהול אקטיבי,"אשראי ואג""ח",נמוך-בינוני,equity,23.4,,60
9794,מנורה מבטחים תגמולים ופיצויים מסלול לבני 60 ומעלה,תגמולים ואישית לפיצויים,מדרגות,60 ומעלה,נמוך-בינוני,map,22.6,5.67,123
11981,סלייס גמל קופת גמל לחסכון מדרגות 60 ומעלה,תגמולים ואישית לפיצויים,מדרגות,60 ומעלה,נמוך-בינוני,map,21.2,,93
1331,פסגות גדיש אגח עד 10% מניות,תגמולים ואישית לפיצויים,"אג""ח",משולב מניות,נמוך-בינוני,map,9.4,2.63,142
270,פסגות גדיש אגח עד 20% מניות,תגמולים ואישית לפיצויים,"אג""ח",משולב מניות,נמוך-בינוני,map,18.8,3.3,142
9891,פסגות גדיש לבני 60 ומעלה,תגמולים ואישית לפיצויים,מדרגות,60 ומעלה,נמוך-בינוני,map,16.9,4.96,72
707,פסגות גמל עד 10% מניות,תגמולים ואישית לפיצויים,כללי,עד 10% מניות,נמוך-בינוני,equity,9.4,4.93,48
598,"תגב - מט""ח דולרי",תגמולים ואישית לפיצויים,"מט""ח","מט""ח דולרי",נמוך-בינוני,map,,,9
